"날짜","상품 ID","바코드","SKU ID","SKU명","벤더아이템 ID","벤더아이템명","로켓프레시","상품카테고리","하위카테고리","세부카테고리","브랜드","매출액(GMV)","판매 수량 (SKU ID)","반품 수량","매입원가(COGS)","AMV","쿠폰 할인가(쿠팡 추가 할인가 제외)","쿠팡 추가 할인가","즉시 할인가","프로모션 발생 매출액","프로모션 발생 판매 수량","평균 판매 금액","주문건수","주문 고객 수","객단가","구매전환율 (%)","조회수","판매 수량 (벤더아이템 ID)","상품평 수","평균 상품 평점"
"2026-10-01","8302244","8804645100208","45570","맥널티_헤이즐넛원두분쇄커피_226G","3011733530","맥널티커피 리치 헤이즐넛향 분쇄 원두 핸드드립,226g,226g,1개,1개","NO","Food","Coffee & Tea","원두","맥널티커피","852600","87","2","434304","819000","0","32760","0","813400","83","9800.0","84","82","10397.560975609756","20.28985507246377","414","87","9","5.0"
"2026-10-01","8302239","8804645100215","45571","맥널티_ 자메이카 블루마운틴 블렌드_226G","3011733533","맥널티커피 자메이카 블루마운틴 블렌드 분쇄 원두커피 핸드드립,226g,226g,1개,1개","NO","Food","Coffee & Tea","커피믹스","맥널티커피","362600","37","2","184852","355200","0","7000","0","362600","37","9800.0","37","37","9800.0","9.273182957393484","399","37","3","4.3"
"2026-10-01","8302244","8804645100468","45572","맥널티_헤이즐넛원두분쇄커피_500G","3011733535","맥널티커피 리치 헤이즐넛향 분쇄 원두 핸드드립,500g,500g,1개,1개","NO","Food","Coffee & Tea","원두","맥널티커피","370260","22","2","175120","368774","1486","0","0","16830","1","16830.0","23","22","16830.0","29.87012987012987","77","22","3","4.7"
"2026-10-01","8243431303","8804645100451","45573","맥널티_블루마운틴스타일원두분쇄커피_500G","3011733538","맥널티커피 시그니처 블루마운틴 블렌드 분쇄 원두 핸드드립,500g,500g,1개,1개","NO","Food","Coffee & Tea","원두","맥널티커피","336780","18","1","199638","326030","0","10140","0","336780","18","18710.0","19","18","18710.0","15.32258064516129","124","18","3","5.0"
"2026-10-01","6709735713","8804645000515","2341900","맥널티 iBrew 미니 헤이즐넛향 200개입(200g)","3063818056","아이브루 헤이즐넛향 원두커피믹스,1g,1g,200개입,200개입,1개,1개","NO","Food","Coffee & Tea","커피믹스","아이브루","1084380","51","1","505767","1035280","44000","4950","0","791800","37","21262.352941176472","52","52","20853.46153846154","19.548872180451127","266","51","3","5.0"
"2026-10-01","19272798","8804645000683","3067425","아이브루 예가체프 블렌드 70개입","3130455618","아이브루 예가체프 블렌드 원두커피믹스,70개입,70개입,1개,1개,1g,1g","NO","Food","Coffee & Tea","커피믹스","아이브루","34140","2","0","12410","34140","0","0","0","0","0","17070.0","2","2","17070.0","6.666666666666667","30","2","0","0.0"
"2026-10-01","1731799474","9311931901160","3067426","인스턴트 병커피 아이리쉬크림 50g","3130455621","프라이빗클럽 맥널티 아이리쉬크림향 원두커피믹스 병커피,1개입,1개입,1개,1개,50g,50g","NO","Food","Coffee & Tea","커피믹스","프라이빗클럽","88500","15","0","49830","86820","0","1680","0","88500","15","5900.0","14","14","6321.428571428572","10.44776119402985","134","15","0","0.0"
"2026-10-01","8243738574","8804645000690","3067424","아이브루 케냐AA 블렌드 70개입","3130455622","맥널티 아이브루 케냐AA 블렌드 다크로스트 커피믹스,1g,1g,70개입,70개입,1개,1개","NO","Food","Coffee & Tea","커피믹스","아이브루","56000","5","0","31025","54211","1789","0","0","11200","1","11200.0","5","5","11200.0","11.11111111111111","45","5","0","0.0"
"2026-10-01","6709735713","8804645000706","3067423","아이브루 헤이즐넛향 70개입","3130455623","아이브루 헤이즐넛향 원두커피믹스,1g,1g,70개입,70개입,1개,1개","NO","Food","Coffee & Tea","커피믹스","아이브루","199260","18","1","72450","191500","1980","5440","0","188190","17","11070.0","19","19","10487.368421052632","20.43010752688172","93","18","0","0.0"
"2026-10-01","19272802","8804645000300","3067429","산지별 브라질 세라도 NY2 핸드드립커피 7개입","3130455624","맥널티커피 브라질 세라도 NY2 핸드드립 원두커피,8g,8g,7개입,7개입,1개,1개","NO","Food","Coffee & Tea","드립백/티백","맥널티커피","5980","1","0","2887","5980","0","0","0","0","0","5980.0","1","1","5980.0","5.555555555555555","18","1","0","0.0"
"2026-10-01","181940092","8804645000355","3067430","산지별 케냐 AA 핸드드립커피 7개입","3130455625","맥널티커피 케냐 AA 핸드드립 원두커피,8g,8g,7개입,7개입,1개,1개","NO","Food","Coffee & Tea","드립백/티백","맥널티커피","5980","1","0","3062","5980","0","0","0","0","0","5980.0","1","1","5980.0","3.125","32","1","0","0.0"
"2026-10-01","19272806","8804645000348","3067433","산지별 에티오피아 코케 허니 핸드드립커피 7개입","3130455628","맥널티커피 에티오피아 코케 허니 핸드드립 원두,8g,8g,7개입,7개입,1개,1개","NO","Food","Coffee & Tea","드립백/티백","맥널티커피","5870","1","0","2910","5870","0","0","0","0","0","5870.0","1","1","5870.0","4.761904761904762","21","1","0","0.0"
"2026-10-01","19272807","8804645000331","3067434","산지별 에티오피아 예가체프 핸드드립커피 7개입","3130455630","맥널티커피 에티오피아 예가체프 G2 핸드드립 원두,8g,8g,7개입,7개입,1개,1개","NO","Food","Coffee & Tea","드립백/티백","맥널티커피","29500","5","0","15920","29500","0","0","0","0","0","5900.0","5","5","5900.0","33.33333333333333","15","5","0","0.0"
"2026-10-01","324195553","9311931105162","3067428","인스턴트 병커피 헤이즐넛향 50g","3564581311","프라이빗클럽 맥널티 병커피 헤이즐넛향,50g,50g,1개입,1개입,2개,2개","NO","Food","Coffee & Tea","커피믹스","프라이빗클럽","568400","116","8","266800","542509","1351","22860","0","568400","116","4900.0","60","60","9473.333333333334","12.422360248447205","483","58","2","5.0"
"2026-10-01","181940082","8804645000713","10003517","콜롬비아 핸드드립 블렌드 24개입","4347426285","맥널티커피 콜롬비아 핸드드립 블렌드 드립백커피,8g,8g,24개입,24개입,1개,1개","NO","Food","Coffee & Tea","드립백/티백","맥널티커피","129000","10","0","75680","126714","2286","0","0","12900","1","12900.0","8","8","16125.0","20.0","40","10","1","3.0"
"2026-10-01","181940092","8804645000720","10003518","케냐 AA 핸드드립 블렌드 24개입","4347426562","맥널티커피 케냐 AA 핸드드립 원두커피,8g,8g,24개입,24개입,1개,1개","NO","Food","Coffee & Tea","드립백/티백","맥널티","42930","3","0","20391","42930","0","0","0","0","0","14310.0","3","3","14310.0","12.5","24","3","1","5.0"
"2026-10-01","8096962372","8804645100185","10147180","맥널티 행복을 주는 커피 헤이즐넛향 1kg 홀빈","4529030201","맥널티커피 행복을 주는 커피 헤이즐넛향 원두,1kg,1kg,1개,1개,홀빈(분쇄안함),홀빈(분쇄안함)","NO","Food","Coffee & Tea","원두","맥널티커피","476800","16","0","243904","457300","0","19500","0","476800","16","29800.0","16","16","29800.0","22.535211267605636","71","16","0","0.0"
"2026-10-01","7757594782","8804645006302","10147177","맥널티 홀빈 블루마운틴 1000g","4529030899","맥널티 홀빈 블루마운틴,홀빈(분쇄안함),홀빈(분쇄안함),1kg,1kg,1개,1개","NO","Food","Coffee & Tea","원두","맥널티커피","188300","7","2","110005","178130","0","8500","0","188300","7","26900.0","9","8","23537.5","11.538461538461538","78","7","1","5.0"
"2026-10-01","319883678","8804645003066","10812901","맥널티 베트남 로부스타 원두커피 1kg","5464513909","맥널티커피 베트남 로부스타 G1 원두,1kg,1kg,1개,1개","NO","Food","Coffee & Tea","원두","맥널티커피","398000","20","5","234360","386760","0","8360","0","398000","20","19900.0","16","12","33166.666666666664","43.24324324324324","37","20","1","5.0"
"2026-10-01","1096433002","8804645003219","11019882","맥널티 아이브루 다크 블렌드 200T","70053514142","아이브루 다크 블렌드 원두커피믹스,1g,1g,200개입,200개입,1개,1개,1g,1g","NO","Food","Coffee & Tea","원두커피믹스","맥널티","125340","6","0","78576","120120","0","5220","0","125340","6","20890.0","6","6","20890.0","14.285714285714285","42","6","0","0.0"
"2026-10-01","1096433032","8804645003226","11019883","맥널티 아이브루 모카 블랙 200T","70053514191","맥널티커피 아이브루 모카 블랙 원두커피믹스,1g,1g,200개입,200개입,1개,1개","NO","Food","Coffee & Tea","원두커피믹스","맥널티커피","267240","13","0","151931","267240","0","0","0","0","0","20556.923076923078","13","13","20556.923076923078","22.807017543859647","57","13","0","0.0"
"2026-10-01","7740688995","8804645003486","11849981","행복을 주는 커피 블루마운틴 블렌드 분쇄 원두 커피 1kg","70738743548","맥널티커피 행복을 주는 커피 블루마운틴 원두,핸드드립,핸드드립,1kg,1kg,1개,1개","NO","Food","Coffee & Tea","원두","맥널티커피","327800","11","2","179960","313400","0","12540","0","327800","11","29800.0","13","13","25215.384615384617","16.666666666666664","78","11","0","0.0"
"2026-10-01","1942501818","8804645300950","12491225","맥널티 핸드드립 커피필터 30개입","71284745163","맥널티커피  핸드드립 커피필터,30개입,30개입,1개,1개","NO","Kitchen","Tools & Gadgets","커피필터/여과지","맥널티","253700","59","1","161483","253700","0","0","0","0","0","4300.0","58","58","4374.137931034483","17.10914454277286","339","59","2","5.0"
"2026-10-01","7387568872","8804645003493","12521866","맥널티 행복을 주는 커피 시그니처 헤이즐넛향 원두 커피 1Kg","71309336924","맥널티커피 시그니처 헤이즐넛향 원두,핸드드립(중간),핸드드립(중간),1kg,1kg,1개,1개","NO","Food","Coffee & Tea","원두","맥널티커피","767000","26","1","425152","735410","0","30350","0","767000","26","29500.0","26","25","30680.0","18.181818181818183","143","26","1","5.0"
"2026-10-01","1998370657","8804645100451","45573","맥널티_블루마운틴스타일원두분쇄커피_500G","71387821010","맥널티커피 시그니처 블루마운틴 블렌드 분쇄 원두 핸드드립,핸드드립,핸드드립,500g,500g,1개,1개","YES","Food","Coffee & Tea","원두","맥널티커피","37420","2","0","22182","36200","0","1220","0","37420","2","18710.0","2","2","18710.0","28.57142857142857","7","2","0","0.0"
"2026-10-01","1998416575","8804645000515","2341900","맥널티 iBrew 미니 헤이즐넛향 200개입(200g)","71387902591","아이브루 헤이즐넛향 원두커피믹스,200개입,200개입,1개,1개,1g,1g","YES","Food","Coffee & Tea","커피믹스","아이브루","20620","1","0","9917","20620","0","0","0","0","0","20620.0","1","1","20620.0","7.142857142857142","14","1","0","0.0"
"2026-10-01","2297380516","8804645003936","13277718","맥널티 행복을 주는 커피 브라질 산토스 1kg","71942049439","맥널티커피 행복을 주는 커피 원두 브라질 산토스,1kg,1kg,1개,1개,핸드드립,핸드드립","NO","Food","Coffee & Tea","원두","맥널티커피","199200","8","0","112728","191350","0","7850","0","199200","8","24900.0","8","8","24900.0","10.0","80","8","1","5.0"
"2026-10-01","2297380544","8804645003929","13277719","맥널티 행복을 주는 커피 콜롬비아 블렌드 1kg","71942049472","맥널티커피 행복을 주는 커피 콜롬비아 블렌드 분쇄 원두,1kg,1kg,1개,1개","NO","Food","Coffee & Tea","원두","맥널티커피","813460","29","0","452371","804760","0","8700","0","673360","24","28050.344827586207","26","26","31286.923076923078","20.634920634920633","126","29","1","4.0"
"2026-10-01","2305333987","8804645003486","11849981","행복을 주는 커피 블루마운틴 블렌드 분쇄 원두 커피 1kg","71957835141","맥널티커피 행복을 주는 커피 블루마운틴 분쇄 원두,1kg,1kg,1개,1개,핸드드립,핸드드립","YES","Food","Coffee & Tea","원두","맥널티커피","29800","1","0","16360","28540","0","1260","0","29800","1","29800.0","1","1","29800.0","16.666666666666664","6","1","0","0.0"
"2026-10-01","4549544648","8804645000706","3067423","아이브루 헤이즐넛향 70개입","72819339327","아이브루 헤이즐넛향 원두커피믹스,70개입,70개입,1개,1개,1g,1g","YES","Food","Coffee & Tea","커피믹스","아이브루","11070","1","0","4025","10730","0","340","0","11070","1","11070.0","1","1","11070.0","11.11111111111111","9","1","0","0.0"
"2026-10-01","4562408679","8804645003066","10812901","맥널티 베트남 로부스타 원두커피 1kg","72859190627","맥널티커피 베트남 로부스타 G1 원두,홀빈(분쇄안함),홀빈(분쇄안함),1kg,1kg,1개,1개","YES","Food","Coffee & Tea","원두","맥널티커피","19900","1","0","11718","19060","0","840","0","19900","1","19900.0","1","1","19900.0","9.090909090909092","11","1","0","0.0"
"2026-10-01","5238676003","8804645100215","45571","맥널티_ 자메이카 블루마운틴 블렌드_226G","74684501509","맥널티커피 자메이카 블루마운틴 블렌드 분쇄 원두커피 핸드드립,226g,226g,1개,1개,핸드드립,핸드드립","YES","Food","Coffee & Tea","커피믹스","맥널티커피","68600","7","0","34972","67200","0","1400","0","68600","7","9800.0","7","7","9800.0","18.91891891891892","37","7","1","5.0"
"2026-10-01","5455241807","8804645002861","15720531","콜롬비아 블랙 100개입","75624373157","맥널티커피 콜롬비아 블랙 원두커피믹스,1g,1g,100개입,100개입,1박스,1박스","NO","Food","Coffee & Tea","원두커피믹스","맥널티커피","534100","49","2","310905","512547","653","19980","0","534100","49","10900.0","47","46","11610.869565217392","14.329268292682926","328","49","4","5.0"
"2026-10-01","6398707733","8804645100468","45572","맥널티_헤이즐넛원두분쇄커피_500G","80925867759","맥널티커피 리치 헤이즐넛향 분쇄 원두 핸드드립,500g,500g,1개,1개,핸드드립/커피메이커,핸드드립/커피메이커","YES","Food","Coffee & Tea","원두","맥널티커피","67320","4","0","31840","67320","0","0","0","0","0","16830.0","4","4","16830.0","44.44444444444444","9","4","0","0.0"
"2026-10-01","6417111096","8804645005732","23400108","맥널티 디카페인100% 핸드드립 원두커피 24개입","81038762608","맥널티커피 디카페인100% 핸드드립 원두,8g,8g,24개입,24개입,1개,1개","NO","Food","Coffee & Tea","드립백/티백","맥널티커피","206570","13","1","122135","206570","0","0","0","0","0","15890.0","12","12","17214.166666666668","15.18987341772152","79","13","0","0.0"
"2026-10-01","7615212597","8804645005879","24695530","아이스 헤이즐넛향 커피 190mL 10팩","81536870780","맥널티커피 아이스 헤이즐넛향 커피,190ml,190ml,10개,10개","NO","Food","Drinks","커피음료","맥널티커피","48960","8","0","27888","48960","0","0","0","0","0","6120.0","7","7","6994.285714285715","14.285714285714285","49","8","0","0.0"
"2026-10-01","8401715066","8804645005855","24695532","아이스 아메리카노 블랙 190mL 10팩","81536870788","맥널티커피 아이스 아메리카노 블랙,190ml,190ml,10개,10개","NO","Food","Drinks","커피음료","맥널티커피","53900","11","1","38346","53900","0","0","0","0","0","4900.0","12","12","4491.666666666667","17.391304347826086","69","11","5","5.0"
"2026-10-01","6501088702","8804645005893","24752132","청포도 에이드 190mL 10팩","81557354751","맥널티커피 청포도 에이드,190ml,190ml,10개,10개","NO","Food","Drinks","과일음료","맥널티커피","49000","10","0","34860","49000","0","0","0","0","0","4900.0","8","8","6125.0","22.857142857142858","35","10","1","3.0"
"2026-10-01","6501093720","8804645005886","24752251","복숭아 아이스티 190mL 10팩","81557378598","맥널티커피 복숭아 아이스 티,190ml,190ml,10개,10개","NO","Food","Drinks","차음료","맥널티커피","42000","7","0","24402","42000","0","0","0","0","0","6000.0","7","7","6000.0","43.75","16","7","0","0.0"
"2026-10-01","6501093721","8804645005909","24752250","블루레몬 에이드 190mL 10팩","81557378606","맥널티커피 블루레몬에이드,190ml,190ml,10개,10개","NO","Food","Drinks","과일음료","맥널티커피","42000","7","0","24402","42000","0","0","0","0","0","6000.0","7","7","6000.0","53.84615384615385","13","7","0","0.0"
"2026-10-01","6501093720","18804645005944","24944268","맥널티 복숭아 아이스티 대용량 파우치 1Lx6입","81671633070","맥널티커피 복숭아 아이스티,1L,1L,6개,6개","NO","Food","Drinks","차음료","맥널티커피","15750","1","0","10252","15750","0","0","0","0","0","15750.0","1","1","15750.0","20.0","5","1","0","0.0"
"2026-10-01","6517973078","18804645005951","24944267","맥널티 허니자몽 블랙티 대용량 파우치 1Lx6입","81671633098","맥널티커피 허니 자몽 블랙티 대용량 파우치,1L,1L,6개,6개","NO","Food","Drinks","차음료","맥널티커피","15900","1","0","10252","15900","0","0","0","0","0","15900.0","1","1","15900.0","12.5","8","1","0","0.0"
"2026-10-01","7863543179","8804645006067","25240400","맥널티 스테비아 커피믹스 100개입","81794562129","맥널티커피 스테비아 커피믹스,9.5g,9.5g,100개입,100개입,1개,1개","NO","Food","Coffee & Tea","커피믹스","맥널티커피","1730100","79","1","1023840","1646140","10000","73040","0","1730100","79","21900.0","78","78","22180.76923076923","20.74468085106383","376","79","7","5.0"
"2026-10-01","7863543179","8804645006074","25240402","맥널티 스테비아 커피믹스 30개입","81794562138","맥널티커피 스테비아 커피믹스,9.5g,9.5g,30개입,30개입,1개,1개","NO","Food","Coffee & Tea","커피믹스","맥널티커피","295260","38","2","183426","278260","4000","12350","0","155400","20","7770.0","39","38","7770.0","9.11214953271028","428","38","1","3.0"
"2026-10-01","9654738237","18804645005920","25484251","맥널티커피 아메리카노 스위트 1Lx6입","81905632687","맥널티커피 아메리카노 스위트,1L,1L,6개,6개","NO","Food","Drinks","커피음료","맥널티커피","31900","2","0","20504","31900","0","0","0","0","0","15950.0","2","2","15950.0","18.181818181818183","11","2","2","3.0"
"2026-10-01","6636420565","8804645006029","26477367","맥널티 리얼 에스프레소샷 블랙 액상스틱커피 15mlx30개입","82374359581","맥널티커피 리얼 에스프레소 샷 블랙 액상 스틱 커피,15ml,15ml,30개입,30개입,1개,1개","NO","Food","Coffee & Tea","원두커피믹스","맥널티커피","236800","16","0","118208","236800","0","0","0","0","0","14800.0","16","16","14800.0","6.837606837606838","234","16","0","0.0"
"2026-10-01","6671175150","8804645006258","26870612","맥널티 핸드드립 버라이어티세트 30개입","82569913991","맥널티커피 핸드드립 버라이어티 원두커피 세트 30개입,커피 5종,커피 5종,1세트,1세트","NO","Food","Coffee & Tea","커피세트","맥널티커피","75600","4","1","37580","74340","0","1050","-2840","75600","4","18900.0","4","4","18900.0","3.10077519379845","129","4","0","0.0"
"2026-10-01","8157289284","18804645006101","26889711","맥널티 제로칼로리 복숭아 아이스티 500ml 24입","82573306348","맥널티커피 복숭아 아이스티 제로,500ml,500ml,24개,24개","NO","Food","Drinks","차음료","맥널티커피","179000","10","1","122050","170640","0","7600","0","179000","10","17900.0","11","10","17900.0","4.471544715447155","246","10","0","0.0"
"2026-10-01","6867933138","8804645006081","29461862","맥널티 아메리카노 아이스 블랙 100개입","83611282700","맥널티커피 아메리카노 아이스 블랙 커피믹스,1g,1g,100개입,100개입,1개,1개","NO","Food","Coffee & Tea","커피믹스","맥널티커피","490500","45","1","263250","471440","0","18600","0","457800","42","10900.0","44","43","11406.976744186046","13.37386018237082","329","45","3","5.0"
"2026-10-01","7032596367","8804645006296","31602405","맥널티 2in1 핫앤콜드 진공추출 커피메이커 MCM-065B MCM-065B","84530845438","맥널티커피 2in1 핫앤콜드 진공추출 커피메이커,MCM-065B,MCM-065B","NO","CE","Kitchen Appliance","커피머신","맥널티커피","74320","2","0","61762","73950","0","370","0","37160","1","37160.0","2","2","37160.0","2.272727272727273","88","2","0","0.0"
"2026-10-01","8302239","8804645100215","45571","맥널티_ 자메이카 블루마운틴 블렌드_226G","84639604567","맥널티커피 자메이카 블루마운틴 블렌드 분쇄 원두커피 핸드드립,226g,226g,2개,2개","NO","Food","Coffee & Tea","커피믹스","맥널티커피","58800","6","0","29976","57520","0","1280","0","58800","6","9800.0","2","2","29400.0","12.5","16","3","0","0.0"
"2026-10-01","6867933138","8804645006081","29461862","맥널티 아메리카노 아이스 블랙 100개입","84639606756","맥널티커피 아메리카노 아이스 블랙 커피믹스,1g,1g,100개입,100개입,2개,2개","NO","Food","Coffee & Tea","커피믹스","맥널티커피","87200","8","2","46800","83560","0","2720","0","87200","8","10900.0","5","4","21800.0","500.0","1","4","0","0.0"
"2026-10-01","7387568872","8804645003493","12521866","맥널티 행복을 주는 커피 시그니처 헤이즐넛향 원두 커피 1Kg","84639607101","맥널티커피 시그니처 헤이즐넛향 원두,핸드드립,핸드드립,1kg,1kg,2개,2개","NO","Food","Coffee & Tea","원두","맥널티커피","228000","8","0","130816","226560","0","1440","0","171000","6","28500.0","4","4","57000.0","30.76923076923077","13","4","0","0.0"
"2026-10-01","8302244","8804645100468","45572","맥널티_헤이즐넛원두분쇄커피_500G","84639607653","맥널티커피 리치 헤이즐넛향 분쇄 원두 핸드드립,500g,500g,2개,2개","NO","Food","Coffee & Tea","원두","맥널티커피","298000","20","0","159200","294053","3947","0","0","29800","2","14900.0","10","10","29800.0","29.411764705882355","34","10","0","0.0"
"2026-10-01","8302244","8804645100208","45570","맥널티_헤이즐넛원두분쇄커피_226G","84639607771","맥널티커피 리치 헤이즐넛향 분쇄 원두 핸드드립,226g,226g,2개,2개","NO","Food","Coffee & Tea","원두","맥널티커피","187200","20","0","99840","187200","0","0","0","0","0","9360.0","10","10","18720.0","29.411764705882355","34","10","2","4.5"
"2026-10-01","7387568872","8804645003493","12521866","맥널티 행복을 주는 커피 시그니처 헤이즐넛향 원두 커피 1Kg","85072869141","맥널티커피 시그니처 헤이즐넛향 원두,생두,생두,1kg,1kg,3개,3개","NO","Food","Coffee & Tea","원두","맥널티커피","85500","3","0","49056","84780","0","720","0","85500","3","28500.0","1","1","85500.0","25.0","4","1","0","0.0"
"2026-10-01","7740688995","8804645003486","11849981","행복을 주는 커피 블루마운틴 블렌드 분쇄 원두 커피 1kg","85101496783","맥널티커피 행복을 주는 커피 블루마운틴 원두,핸드드립,핸드드립,1kg,1kg,2개,2개","NO","Food","Coffee & Tea","원두","맥널티커피","119200","4","2","65440","111670","0","5020","0","119200","4","29800.0","3","2","59600.0","100.0","3","2","0","0.0"
"2026-10-01","1096433032","8804645003226","11019883","맥널티 아이브루 모카 블랙 200T","85101498569","맥널티커피 아이브루 모카 블랙 원두커피믹스,1g,1g,200개입,200개입,2개,2개","NO","Food","Coffee & Tea","원두커피믹스","맥널티커피","39330","2","0","23374","39330","0","0","0","0","0","19665.0","1","1","39330.0","25.0","4","1","0","0.0"
"2026-10-01","7863543179","8804645006074","25240402","맥널티 스테비아 커피믹스 30개입","85166941524","맥널티커피 스테비아 커피믹스,9.5g,9.5g,30개입,30개입,2개,2개","NO","Food","Coffee & Tea","커피믹스","맥널티커피","77700","10","0","48270","72540","0","5160","0","62160","8","7770.0","5","5","15540.0","250.0","2","5","0","0.0"
"2026-10-01","8302244","8804645100468","45572","맥널티_헤이즐넛원두분쇄커피_500G","85166950446","맥널티커피 리치 헤이즐넛향 분쇄 원두 핸드드립,500g,500g,3개,3개","NO","Food","Coffee & Tea","원두","맥널티커피","44700","3","0","23880","44700","0","0","0","0","0","14900.0","1","1","44700.0","20.0","5","1","0","0.0"
"2026-10-01","8243431303","8804645100451","45573","맥널티_블루마운틴스타일원두분쇄커피_500G","85172310672","맥널티커피 시그니처 블루마운틴 블렌드 분쇄 원두 핸드드립,500g,500g,2개,2개","NO","Food","Coffee & Tea","원두","맥널티커피","37300","2","2","22182","35950","0","260","0","37300","2","18650.0","2","2","18650.0","22.22222222222222","9","1","0","0.0"
"2026-10-01","8243431303","8804645100451","45573","맥널티_블루마운틴스타일원두분쇄커피_500G","85172311151","맥널티커피 시그니처 블루마운틴 블렌드 분쇄 원두 핸드드립,500g,500g,3개,3개","NO","Food","Coffee & Tea","원두","맥널티커피","52600","3","0","33273","50440","0","2160","0","52600","3","17533.333333333332","1","1","52600.0","100.0","1","1","0","0.0"
"2026-10-01","8302244","8804645100208","45570","맥널티_헤이즐넛원두분쇄커피_226G","85191203401","맥널티커피 리치 헤이즐넛향 분쇄 원두 핸드드립,226g,226g,3개,3개","NO","Food","Coffee & Tea","원두","맥널티커피","54660","6","0","29952","54660","0","0","0","0","0","9110.0","2","2","27330.0","22.22222222222222","9","2","0","0.0"
"2026-10-01","8302239","8804645100215","45571","맥널티_ 자메이카 블루마운틴 블렌드_226G","85191203479","맥널티커피 자메이카 블루마운틴 블렌드 분쇄 원두커피 핸드드립,226g,226g,3개,3개","NO","Food","Coffee & Tea","커피믹스","맥널티커피","29400","3","0","14988","25700","0","3700","0","29400","3","9800.0","1","1","29400.0","25.0","4","1","0","0.0"
"2026-10-01","6636420565","8804645006029","26477367","맥널티 리얼 에스프레소샷 블랙 액상스틱커피 15mlx30개입","85193850360","맥널티커피 리얼 에스프레소 샷 블랙 액상 스틱 커피,15ml,15ml,30개입,30개입,2개,2개","NO","Food","Coffee & Tea","원두커피믹스","맥널티커피","88800","6","0","44328","88800","0","0","0","0","0","14800.0","3","3","29600.0","25.0","12","3","0","0.0"
"2026-10-01","6636420565","8804645006029","26477367","맥널티 리얼 에스프레소샷 블랙 액상스틱커피 15mlx30개입","85193859856","맥널티커피 리얼 에스프레소 샷 블랙 액상 스틱 커피,15ml,15ml,30개입,30개입,3개,3개","NO","Food","Coffee & Tea","원두커피믹스","맥널티커피","44400","3","0","22164","44400","0","0","0","0","0","14800.0","1","1","44400.0","0.0","0","1","0","0.0"
"2026-10-01","7615212597","8804645005879","24695530","아이스 헤이즐넛향 커피 190mL 10팩","85194178209","맥널티커피 아이스 헤이즐넛향 커피,190ml,190ml,30개,30개","NO","Food","Drinks","커피음료","맥널티커피","32940","6","0","20916","32380","0","560","0","32940","6","5490.0","2","2","16470.0","100.0","2","2","0","0.0"
"2026-10-01","7615212597","8804645005879","24695530","아이스 헤이즐넛향 커피 190mL 10팩","85194179186","맥널티커피 아이스 헤이즐넛향,190ml,190ml,20개,20개","NO","Food","Drinks","커피음료","맥널티커피","99060","16","0","55776","97980","0","1080","0","37860","6","6191.25","6","5","19812.0","50.0","12","8","0","0.0"
"2026-10-01","7615212597","8804645005879","24695530","아이스 헤이즐넛향 커피 190mL 10팩","85194180272","맥널티커피 아이스 헤이즐넛향 커피,190ml,190ml,50개,50개","NO","Food","Drinks","커피음료","맥널티커피","83150","15","0","52290","80910","0","2240","0","83150","15","5543.333333333333","3","2","41575.0","300.0","1","3","0","0.0"
"2026-10-01","8401715066","8804645005855","24695532","아이스 아메리카노 블랙 190mL 10팩","85194731506","맥널티커피 아이스 아메리카노 블랙,190ml,190ml,20개,20개","NO","Food","Drinks","커피음료","맥널티커피","58800","12","0","41832","58800","0","0","0","0","0","4900.0","6","6","9800.0","50.0","12","6","0","0.0"
"2026-10-01","8401715066","8804645005855","24695532","아이스 아메리카노 블랙 190mL 10팩","85194752431","맥널티커피 아이스 아메리카노 블랙,190ml,190ml,60개,60개","NO","Food","Drinks","커피음료","맥널티커피","29400","6","0","20916","29400","0","0","0","0","0","4900.0","1","1","29400.0","50.0","2","1","0","0.0"
"2026-10-01","6557407422","8804645005862","24695531","아이스 아메리카노 스위트 190mL 10팩","85194758257","맥널티커피 아이스 아메리카노 스위트,190ml,190ml,20개,20개","NO","Food","Drinks","커피음료","맥널티커피","18000","4","0","13944","18000","0","0","0","0","0","4500.0","2","2","9000.0","18.181818181818183","11","2","0","0.0"
"2026-10-01","6557407422","8804645005862","24695531","아이스 아메리카노 스위트 190mL 10팩","85194776273","맥널티커피 아이스 아메리카노 스위트,190ml,190ml,40개,40개","NO","Food","Drinks","커피음료","맥널티커피","36000","8","0","27888","36000","0","0","0","0","0","4500.0","2","2","18000.0","33.33333333333333","6","2","0","0.0"
"2026-10-01","6557407422","8804645005862","24695531","아이스 아메리카노 스위트 190mL 10팩","85194782627","맥널티커피 아이스 아메리카노 스위트,190ml,190ml,60개,60개","NO","Food","Drinks","커피음료","맥널티커피","54000","12","0","41832","54000","0","0","0","0","0","4500.0","2","2","27000.0","40.0","5","2","0","0.0"
"2026-10-01","6557407422","8804645005862","24695531","아이스 아메리카노 스위트 190mL 10팩","85194783479","맥널티커피 아이스 아메리카노 스위트,190ml,190ml,30개,30개","NO","Food","Drinks","커피음료","맥널티커피","67500","15","3","52290","67500","0","0","0","0","0","4500.0","6","5","13500.0","42.857142857142854","14","5","0","0.0"
"2026-10-01","6501093720","8804645005886","24752251","복숭아 아이스티 190mL 10팩","85194919180","맥널티커피 복숭아 아이스 티,190ml,190ml,20개,20개","NO","Food","Drinks","차음료","맥널티커피","24000","4","0","13944","24000","0","0","0","0","0","6000.0","2","2","12000.0","0.0","0","2","0","0.0"
"2026-10-01","6501093720","8804645005886","24752251","복숭아 아이스티 190mL 10팩","85194922161","맥널티커피 복숭아 아이스 티,190ml,190ml,30개,30개","NO","Food","Drinks","차음료","맥널티커피","47700","9","0","31374","44700","0","3000","0","47700","9","5300.0","3","3","15900.0","30.0","10","3","0","0.0"
"2026-10-01","5455241807","8804645002861","15720531","콜롬비아 블랙 100개입","85194922362","맥널티커피 콜롬비아 블랙 원두커피믹스,1g,1g,100개입,100개입,3개,3개","NO","Food","Coffee & Tea","원두커피믹스","맥널티커피","103360","12","0","76140","97100","5000","1260","0","52620","6","8613.333333333334","4","4","25840.0","19.047619047619047","21","4","0","0.0"
"2026-10-01","5455241807","8804645002861","15720531","콜롬비아 블랙 100개입","85194922939","맥널티커피 콜롬비아 블랙 원두커피믹스,1g,1g,100개입,100개입,4개,4개","NO","Food","Coffee & Tea","원두커피믹스","맥널티커피","33820","4","0","25380","33820","0","0","0","0","0","8455.0","1","1","33820.0","9.090909090909092","11","1","0","0.0"
"2026-10-01","6501093720","8804645005886","24752251","복숭아 아이스티 190mL 10팩","85194926808","맥널티커피 복숭아 아이스 티,190ml,190ml,60개,60개","NO","Food","Drinks","차음료","맥널티커피","63600","12","0","41832","61600","0","2000","0","63600","12","5300.0","1","1","63600.0","100.0","1","2","0","0.0"
"2026-10-01","6501093721","8804645005909","24752250","블루레몬 에이드 190mL 10팩","85194940256","맥널티커피 블루레몬에이드,190ml,190ml,30개,30개","NO","Food","Drinks","과일음료","맥널티커피","20","0","3","0","20","0","0","0","0","0","0.0","1","1","20.0","16.666666666666664","6","0","0","0.0"
"2026-10-01","5455241807","8804645002861","15720531","콜롬비아 블랙 100개입","85194953537","맥널티커피 콜롬비아 블랙 원두커피믹스,1g,1g,100개입,100개입,2개,2개","NO","Food","Coffee & Tea","원두커피믹스","맥널티커피","175500","18","0","114210","171290","4210","0","0","19500","2","9750.0","9","9","19500.0","18.0","50","9","1","5.0"
"2026-10-01","6501088702","8804645005893","24752132","청포도 에이드 190mL 10팩","85195155541","맥널티커피 청포도 에이드,190ml,190ml,20개,20개","NO","Food","Drinks","과일음료","맥널티커피","29400","6","0","20916","29400","0","0","0","0","0","4900.0","2","2","14700.0","28.57142857142857","7","3","1","4.0"
"2026-10-01","6501088702","8804645005893","24752132","청포도 에이드 190mL 10팩","85195155689","맥널티커피 청포도 에이드,190ml,190ml,50개,50개","NO","Food","Drinks","과일음료","맥널티커피","49000","10","0","34860","49000","0","0","0","0","0","4900.0","1","1","49000.0","100.0","1","2","0","0.0"
"2026-10-01","6501088702","8804645005893","24752132","청포도 에이드 190mL 10팩","85195160238","맥널티커피 청포도 에이드,190ml,190ml,30개,30개","NO","Food","Drinks","과일음료","맥널티커피","29400","6","0","20916","29400","0","0","0","0","0","4900.0","2","2","14700.0","14.285714285714285","14","2","0","0.0"
"2026-10-01","19272806","8804645000348","3067433","산지별 에티오피아 코케 허니 핸드드립커피 7개입","85322260969","맥널티커피 에티오피아 코케 허니 핸드드립 원두,8g,8g,7개입,7개입,4개,4개","NO","Food","Coffee & Tea","드립백/티백","맥널티커피","22340","4","0","11640","22340","0","0","0","0","0","5585.0","1","1","22340.0","14.285714285714285","7","1","0","0.0"
"2026-10-01","19272806","8804645000348","3067433","산지별 에티오피아 코케 허니 핸드드립커피 7개입","85322264920","맥널티커피 에티오피아 코케 허니 핸드드립 원두,8g,8g,7개입,7개입,2개,2개","NO","Food","Coffee & Tea","드립백/티백","맥널티커피","11740","2","0","5820","11740","0","0","0","0","0","5870.0","1","1","11740.0","33.33333333333333","3","1","0","0.0"
"2026-10-01","319883678","8804645003066","10812901","맥널티 베트남 로부스타 원두커피 1kg","85322265025","맥널티커피 베트남 로부스타 G1 원두,1kg,1kg,4개,4개","NO","Food","Coffee & Tea","원두","맥널티커피","79600","4","0","46872","74531","1719","3350","0","79600","4","19900.0","1","1","79600.0","100.0","1","1","0","0.0"
"2026-10-01","319883678","8804645003066","10812901","맥널티 베트남 로부스타 원두커피 1kg","85322265154","맥널티커피 베트남 로부스타 G1 원두,1kg,1kg,2개,2개","NO","Food","Coffee & Tea","원두","맥널티커피","39800","2","0","23436","38120","0","1680","0","39800","2","19900.0","1","1","39800.0","33.33333333333333","3","1","0","0.0"
"2026-10-01","319883678","8804645003066","10812901","맥널티 베트남 로부스타 원두커피 1kg","85322265195","맥널티커피 베트남 로부스타 G1 원두,1kg,1kg,3개,3개","NO","Food","Coffee & Tea","원두","맥널티커피","298500","15","0","175770","288570","0","9930","0","298500","15","19900.0","5","4","74625.0","125.0","4","5","0","0.0"
"2026-10-01","6417111096","8804645005732","23400108","맥널티 디카페인100% 핸드드립 원두커피 24개입","85322265546","맥널티커피 디카페인100% 핸드드립 원두,8g,8g,24개입,24개입,3개,3개","NO","Food","Coffee & Tea","드립백/티백","맥널티커피","47670","3","0","28185","47670","0","0","0","0","0","15890.0","1","1","47670.0","100.0","1","1","0","0.0"
"2026-10-01","8243738574","8804645000690","3067424","아이브루 케냐AA 블렌드 70개입","85322267056","맥널티 아이브루 케냐AA 블렌드 다크로스트 커피믹스,1g,1g,70개입,70개입,2개,2개","NO","Food","Coffee & Tea","커피믹스","아이브루","22400","2","0","12410","22400","0","0","0","0","0","11200.0","1","1","22400.0","25.0","4","1","0","0.0"
"2026-10-01","8302244","8804645100208","45570","맥널티_헤이즐넛원두분쇄커피_226G","85322267630","맥널티커피 리치 헤이즐넛향 분쇄 원두커피,226g,226g,4개,4개","NO","Food","Coffee & Tea","원두","맥널티커피","35940","4","0","19968","35940","0","0","0","0","0","8985.0","1","1","35940.0","100.0","1","1","0","0.0"
"2026-10-01","6709735713","8804645000515","2341900","맥널티 iBrew 미니 헤이즐넛향 200개입(200g)","85480600718","아이브루 헤이즐넛향 원두커피믹스,1g,1g,200개입,200개입,2개,2개","NO","Food","Coffee & Tea","커피믹스","아이브루","368080","18","0","178506","356080","12000","0","0","39490","2","20448.88888888889","9","9","40897.77777777778","23.076923076923077","39","9","2","5.0"
"2026-10-01","7268864468","8804645006340","34834818","맥널티 스테비아 제로슈가 핫초코 라떼 30개입 15g","85671431196","맥널티커피 스테비아 제로슈가 핫초코 라떼,15g,15g,30개입,30개입,1개,1개","NO","Food","Coffee & Tea","라떼분말","맥널티커피","345330","27","1","202500","345330","0","0","0","0","0","12790.0","28","28","12333.214285714286","11.29032258064516","248","27","2","5.0"
"2026-10-01","7268864468","8804645006340","34834818","맥널티 스테비아 제로슈가 핫초코 라떼 30개입 15g","85916848410","맥널티커피 스테비아 제로슈가 핫초코 라떼,15g,15g,30개입,30개입,2개,2개","NO","Food","Coffee & Tea","라떼분말","맥널티커피","100960","8","0","60000","100960","0","0","0","0","0","12620.0","4","4","25240.0","26.666666666666668","15","4","0","0.0"
"2026-10-01","7268864468","8804645006340","34834818","맥널티 스테비아 제로슈가 핫초코 라떼 30개입 15g","85916848834","맥널티커피 스테비아 제로슈가 핫초코 라떼,15g,15g,30개입,30개입,3개,3개","NO","Food","Coffee & Tea","라떼분말","맥널티커피","37800","3","0","22500","36370","0","1430","0","37800","3","12600.0","1","1","37800.0","20.0","5","1","0","0.0"
"2026-10-01","7757594782","8804645006302","10147177","맥널티 홀빈 블루마운틴 1000g","85995313246","맥널티 홀빈 블루마운틴,홀빈(분쇄안함),홀빈(분쇄안함),1kg,1kg,2개,2개","NO","Food","Coffee & Tea","원두","맥널티커피","161400","6","0","94290","155800","0","5600","0","161400","6","26900.0","3","3","53800.0","75.0","4","3","0","0.0"
"2026-10-01","7387320683","8804645006791","36669698","제로 아이스티 복숭아, 30개입, 13g","86349682924","맥널티커피 복숭아 아이스티 제로,13g,13g,30개,30개","NO","Food","Drinks","차음료","맥널티커피","18380","2","0","11700","18380","0","0","0","0","0","9190.0","2","2","9190.0","15.384615384615385","13","2","0","0.0"
"2026-10-01","7010199440","18804645006538","36829225","맥널티 제로칼로리 청포도 아이스티 500mlx24입,","86417557917","맥널티커피 청포도 아이스티 제로,500ml,500ml,24개,24개","NO","Food","Drinks","차음료","맥널티커피","53700","3","0","36615","51420","0","2280","0","53700","3","17900.0","3","3","17900.0","5.555555555555555","54","3","0","0.0"
"2026-10-01","7387323458","8804645006807","36829226","제로 아이스티 청포도, 30개입, 13g 1개","86417557932","맥널티커피 청포도 아이스티 제로,390g,390g,30개입,30개입,1개,1개","NO","Food","Drinks","차음료","맥널티커피","7500","1","0","5850","7500","0","0","0","0","0","7500.0","1","1","7500.0","4.545454545454546","22","1","0","0.0"
"2026-10-01","8288508361","8804645006395","36903434","맥널티 아이브루 플러스 헤이즐넛 블랙커피 100개입","86458081778","아이브루 플러스 공정무역 헤이즐넛 블랙커피,1g,1g,100개입,100개입,1개,1개","NO","Food","Coffee & Tea","원두커피믹스","아이브루","1736280","182","5","1387386","1665180","0","68730","0","858600","90","9540.0","182","177","9809.49152542373","12.647671994440584","1439","182","11","4.7"
"2026-10-01","181940082","8804645000713","10003517","콜롬비아 핸드드립 블렌드 24개입","86556283131","맥널티커피 콜롬비아 핸드드립 블렌드 드립백커피,8g,8g,24개입,24개입,2개,2개","NO","Food","Coffee & Tea","드립백/티백","맥널티커피","103200","8","0","60544","103200","0","0","0","0","0","12900.0","4","4","25800.0","25.0","16","4","0","0.0"
"2026-10-01","181940082","8804645000713","10003517","콜롬비아 핸드드립 블렌드 24개입","86556283740","맥널티커피 콜롬비아 핸드드립 블렌드 드립백커피,8g,8g,24개입,24개입,3개,3개","NO","Food","Coffee & Tea","드립백/티백","맥널티커피","38700","3","0","22704","38700","0","0","0","0","0","12900.0","1","1","38700.0","25.0","4","1","0","0.0"
"2026-10-01","181940092","8804645000720","10003518","케냐 AA 핸드드립 블렌드 24개입","86569242066","맥널티커피 케냐AA 핸드드립 블렌드커피,8g,8g,24개입,24개입,3개,3개","NO","Food","Coffee & Tea","드립백/티백","맥널티","198630","21","0","142737","198630","0","0","0","0","0","9458.57142857143","5","5","39726.0","38.46153846153847","13","7","0","0.0"
"2026-10-01","5238676003","8804645100215","45571","맥널티_ 자메이카 블루마운틴 블렌드_226G","86681535403","맥널티커피 자메이카 블루마운틴 블렌드 분쇄 원두,226g,226g,2개,2개,핸드드립,핸드드립","YES","Food","Coffee & Tea","커피믹스","맥널티커피","19600","2","0","9992","18960","0","640","0","19600","2","9800.0","1","1","19600.0","20.0","5","1","0","0.0"
"2026-10-01","8288508361","8804645006395","36903434","맥널티 아이브루 플러스 헤이즐넛 블랙커피 100개입","86717971315","아이브루 플러스 공정무역 헤이즐넛 블랙커피,1g,1g,100개입,100개입,2개,2개","NO","Food","Coffee & Tea","원두커피믹스","아이브루","114480","12","0","91476","114480","0","0","0","0","0","9540.0","6","5","22896.0","50.0","12","6","0","0.0"
"2026-10-01","181940092","8804645006616","37713094","맥널티 핸드드립커피 케냐AA(더블에이) 36개입, 8g, 1개","86776604817","맥널티커피 케냐 AA 핸드드립 원두커피,8g,8g,36개입,36개입,1개,1개","NO","Food","Coffee & Tea","드립백/티백","맥널티커피","159200","8","0","94072","155200","0","4000","0","79600","4","19900.0","8","8","19900.0","23.52941176470588","34","8","0","0.0"
"2026-10-01","8288498794","8804645006623","37713095","맥널티 핸드드립커피 에티오피아 예가체프 36개입, 8g, 1개","86776605106","맥널티커피 핸드드립커피 에티오피아 예가체프,8g,8g,36개입,36개입,1개,1개","NO","Food","Coffee & Tea","드립백/티백","맥널티커피","21510","1","0","10577","21510","0","0","0","0","0","21510.0","1","1","21510.0","7.6923076923076925","13","1","0","0.0"
"2026-10-01","7510928153","8804645006074","25240402","맥널티 스테비아 커피믹스 30개입","86785226509","맥널티커피 스테비아 커피믹스,9.5g,9.5g,30개입,30개입,1개,1개","YES","Food","Coffee & Tea","커피믹스","맥널티커피","7770","1","0","4827","7770","0","0","0","0","0","7770.0","1","1","7770.0","16.666666666666664","6","1","0","0.0"
"2026-10-01","8150927749","18804645006873","38262417","복숭아 아이스티 제로, 6개, 1L","86973929516","맥널티커피 복숭아 아이스티 제로,1L,1L,1개입,1개입,6개,6개","NO","Food","Drinks","차음료","맥널티커피","0","0","1","0","0","0","0","0","0","0","0.0","1","1","0.0","11.11111111111111","9","0","0","0.0"
"2026-10-01","8175429189","8804645000324","3067432","산지별 콜롬비아 슈프리모 핸드드립커피 7개입","87044037112","맥널티 콜롬비아 슈프리모 핸드 드립백커피,8g,8g,7개입,7개입,2개,2개,8g,8g","NO","Food","Coffee & Tea","드립백/티백","맥널티","10300","2","0","6086","10300","0","0","0","0","0","5150.0","1","1","10300.0","0.0","0","1","0","0.0"
"2026-10-01","8175429189","8804645000324","3067432","산지별 콜롬비아 슈프리모 핸드드립커피 7개입","87044037130","맥널티 콜롬비아 슈프리모 핸드 드립백커피,8g,8g,7개입,7개입,3개,3개,8g,8g","NO","Food","Coffee & Tea","드립백/티백","맥널티","13130","3","0","9129","13130","0","0","0","0","0","4376.666666666667","1","1","13130.0","5.263157894736842","19","1","0","0.0"
"2026-10-01","8179322743","8804645005343","38710870","맥널티 홀빈 커피원두, 콜롬비아 안데스 오리진 1kg, 1개","87098723601","맥널티 홀빈 커피원두 콜롬비아 안데스 오리진,홀빈(분쇄안함),홀빈(분쇄안함),1kg,1kg,1개,1개","NO","Food","Coffee & Tea","원두","맥널티커피","158500","6","0","98184","157870","0","630","0","27350","1","26416.666666666668","5","5","31700.0","25.0","20","6","0","0.0"
"2026-10-01","6974143978","8804645005312","38710872","맥널티 홀빈 커피원두, 시그니처 블렌드 1kg, 1개","87098723620","맥널티 홀빈 커피원두 시그니처 블렌드,1kg,1kg,1개,1개,홀빈(분쇄안함),홀빈(분쇄안함)","NO","Food","Coffee & Tea","원두","맥널티커피","183610","7","0","114548","183610","0","0","0","0","0","26230.0","3","3","61203.333333333336","11.11111111111111","27","7","0","0.0"
"2026-10-01","6703340843","8804645005350","38813491","맥널티 홀빈 원두 1KG, 브라질 산토스 내추럴, 1개","87125220336","맥널티커피 브라질 산토스 내추럴 원두,1kg,1kg,1개,1개","NO","Food","Coffee & Tea","원두","맥널티커피","334080","12","0","136368","333080","0","1000","0","334080","12","27840.0","2","2","167040.0","20.0","10","12","2","5.0"
"2026-10-01","7560423269","8804645006852","38919334","맥널티 에티오피아 예가체프 홀빈 원두, 1kg, 1개","87160473940","맥널티커피 에티오피아 예가체프 원두,홀빈(분쇄안함),홀빈(분쇄안함),1kg,1kg,1개,1개","NO","Food","Coffee & Tea","원두","맥널티커피","108680","4","0","65456","106880","0","1800","0","108680","4","27170.0","4","4","27170.0","11.76470588235294","34","4","0","0.0"
"2026-10-01","7747172789","8804645006890","38933766","맥널티커피 스테비아 디카페인 커피믹스, 1개, 100개입 9.5g","87163172745","맥널티커피 스테비아 디카페인 커피믹스,9.5g,9.5g,100개입,100개입,1개,1개","NO","Food","Coffee & Tea","커피믹스","맥널티커피","1784230","71","8","1283964","1750230","34000","0","0","75390","3","25130.0","77","76","23476.71052631579","14.722753346080305","523","71","5","4.6"
"2026-10-01","7583747209","8804645006906","39149735","맥널티 스테비아 제로슈가 호두 아몬드 율무차, 1개, 30개입, 450g","87227285583","맥널티커피 스테비아 제로슈가 호두 아몬드 율무차,1개,1개,30개입,30개입,15g,15g","NO","Food","Coffee & Tea","율무/견과차","맥널티커피","59500","5","1","34075","57760","0","1240","0","59500","5","11900.0","4","4","14875.0","18.181818181818183","22","5","0","0.0"
"2026-10-01","7612947477","8804645006708","39616646","맥널티 게이샤 블렌드 커피 원두, 홀빈(분쇄안함), 500g, 1개","87417692671","맥널티커피 게이샤 블렌드 커피 원두,홀빈(분쇄안함),홀빈(분쇄안함),500g,500g,1개,1개","NO","Food","Coffee & Tea","원두","맥널티커피","39180","2","0","22800","39180","0","0","0","0","0","19590.0","2","2","19590.0","18.181818181818183","11","2","0","0.0"
"2026-10-01","7679449609","8804645006937","39616645","맥널티 시그니처 디카페인 커피 원두, 홀빈(분쇄안함), 500g, 1개","87417692694","맥널티커피 시그니처 디카페인 커피 원두,홀빈(분쇄안함),홀빈(분쇄안함),500g,500g,1개,1개","NO","Food","Coffee & Tea","원두","맥널티커피","64590","3","0","37635","62940","0","1650","0","64590","3","21530.0","3","3","21530.0","11.11111111111111","27","3","2","4.0"
"2026-10-01","7612947135","8804645006685","39616647","맥널티 하와이안 코나 블렌드 커피 원두, 홀빈(분쇄안함), 500g, 1개","87417692737","맥널티커피 하와이안 코나 블렌드 커피 원두,홀빈(분쇄안함),홀빈(분쇄안함),500g,500g,1개,1개","NO","Food","Coffee & Tea","원두","맥널티커피","19590","1","0","11400","19590","0","0","0","0","0","19590.0","1","1","19590.0","50.0","2","1","0","0.0"
"2026-10-01","7612947477","8804645006708","39616646","맥널티 게이샤 블렌드 커피 원두, 홀빈(분쇄안함), 500g, 1개","87479322633","맥널티커피 게이샤 블렌드 커피 원두,홀빈(분쇄안함),홀빈(분쇄안함),500g,500g,2개,2개","NO","Food","Coffee & Tea","원두","맥널티커피","28900","2","0","22800","27260","0","1640","0","28900","2","14450.0","1","1","28900.0","10.0","10","1","0","0.0"
"2026-10-01","7612947135","8804645006685","39616647","맥널티 하와이안 코나 블렌드 커피 원두, 홀빈(분쇄안함), 500g, 1개","87479323095","맥널티커피 하와이안 코나 블렌드 커피 원두,홀빈(분쇄안함),홀빈(분쇄안함),500g,500g,2개,2개","NO","Food","Coffee & Tea","원두","맥널티커피","86700","6","0","68400","85700","0","1000","0","86700","6","14450.0","1","1","86700.0","10.0","10","3","0","0.0"
"2026-10-01","7424862697","18804645006835","40520042","맥널티커피 복숭아 아이스티 제로 RTD, 30개, 240ml","87796328234","맥널티커피 복숭아 아이스티 제로 RTD,240ml,240ml,30개,30개","NO","Food","Drinks","차음료","맥널티커피","55830","3","0","26385","55830","0","0","0","0","0","18610.0","3","3","18610.0","12.0","25","3","0","0.0"
"2026-10-01","7735491631","8804645006029","26477367","맥널티 리얼 에스프레소샷 블랙 액상스틱커피 15mlx30개입","87867002435","맥널티커피 리얼 에스프레소 샷 블랙 액상 스틱 커피,15ml,15ml,30개입,30개입,1개,1개","YES","Food","Coffee & Tea","원두커피믹스","맥널티커피","29600","2","0","14776","29600","0","0","0","0","0","14800.0","2","2","14800.0","11.76470588235294","17","2","0","0.0"
"2026-10-01","7424862697","18804645006835","40520042","맥널티커피 복숭아 아이스티 제로 RTD, 30개, 240ml","87875612097","맥널티커피 복숭아 아이스티 제로 RTD,240ml,240ml,60개,60개","NO","Food","Drinks","차음료","맥널티커피","148880","8","2","70360","148880","0","0","0","0","0","18610.0","5","4","37220.0","166.66666666666669","3","4","0","0.0"
"2026-10-01","7747172789","8804645006777","40806729","맥널티 스테비아 디카페인 커피믹스, 1개, 30개입, 285g","87921375710","맥널티커피 스테비아 디카페인 커피믹스,9.5g,9.5g,30개입,30개입,1개,1개","NO","Food","Coffee & Tea","커피믹스","맥널티커피","293480","29","2","183715","278360","0","15120","0","182160","18","10120.0","31","31","9467.09677419355","12.863070539419086","241","29","1","5.0"
"2026-10-01","7747172789","8804645006777","40806729","맥널티 스테비아 디카페인 커피믹스, 1개, 30개입, 285g","87980929557","맥널티커피 스테비아 디카페인 커피믹스,9.5g,9.5g,30개입,30개입,2개,2개","NO","Food","Coffee & Tea","커피믹스","맥널티커피","71600","8","2","50680","67800","0","3040","0","71600","8","8950.0","5","4","17900.0","27.77777777777778","18","4","0","0.0"
"2026-10-01","7743812297","8804645006951","41175263","맥널티커피 스테비아 꿀 유자차, 1개, 30개입, 450g","88083709912","맥널티커피 스테비아 꿀 유자차,15g,15g,30개입,30개입,1개,1개","NO","Food","Coffee & Tea","기타전통차","맥널티커피","107100","9","1","66492","102100","0","4500","0","107100","9","11900.0","10","10","10710.0","14.492753623188406","69","9","0","0.0"
"2026-10-01","7592895409","8804645003653","41391235","맥널티 행복을주는커피 시그니처 블렌드 핸드드립 커피 20개입, 1개, 8g","88182430243","맥널티커피 행복을 주는 시그니처 블렌드 핸드드립 커피,8g,8g,20개입,20개입,1개,1개","NO","Food","Coffee & Tea","드립백/티백","맥널티커피","71400","6","0","40770","71400","0","0","0","0","0","11900.0","6","6","11900.0","10.0","60","6","0","0.0"
"2026-10-01","7851778797","8804645100208","45570","맥널티_헤이즐넛원두분쇄커피_226G","88459776890","맥널티커피 리치 헤이즐넛향 분쇄 원두 핸드드립,226g,226g,1개,1개,핸드드립,핸드드립","YES","Food","Coffee & Tea","원두","맥널티커피","58800","6","0","29952","56280","0","2520","0","58800","6","9800.0","6","6","9800.0","31.57894736842105","19","6","0","0.0"
"2026-10-01","7852071135","8804645006340","34834818","맥널티 스테비아 제로슈가 핫초코 라떼 30개입 15g","88460879867","맥널티커피 스테비아 제로슈가 핫초코 라떼,15g,15g,30개입,30개입,1개,1개","YES","Food","Coffee & Tea","라떼분말","맥널티커피","51160","4","0","30000","51160","0","0","0","0","0","12790.0","4","4","12790.0","26.666666666666668","15","4","0","0.0"
"2026-10-01","7852071135","8804645006340","34834818","맥널티 스테비아 제로슈가 핫초코 라떼 30개입 15g","88460879876","맥널티커피 스테비아 제로슈가 핫초코 라떼,15g,15g,30개입,30개입,2개,2개","YES","Food","Coffee & Tea","라떼분말","맥널티커피","25240","2","0","15000","25240","0","0","0","0","0","12620.0","1","1","25240.0","25.0","4","1","0","0.0"
"2026-10-01","7863543179","8804645006067","25240400","맥널티 스테비아 커피믹스 100개입","88808534284","맥널티커피 스테비아 커피믹스,9.5g,9.5g,100개입,100개입,2개,2개","NO","Food","Coffee & Tea","커피믹스","맥널티커피","131400","6","0","77760","125180","0","6220","0","131400","6","21900.0","3","3","43800.0","7.5","40","3","1","5.0"
"2026-10-01","7973231891","8804645006890","38933766","맥널티커피 스테비아 디카페인 커피믹스, 1개, 100개입 9.5g","89137626129","맥널티커피 스테비아 디카페인 커피믹스,9.5g,9.5g,100개입,100개입,1개,1개","YES","Food","Coffee & Tea","커피믹스","맥널티커피","25130","1","0","18084","25130","0","0","0","0","0","25130.0","1","1","25130.0","14.285714285714285","7","1","0","0.0"
"2026-10-01","7973231936","8804645006777","40806729","맥널티 스테비아 디카페인 커피믹스, 1개, 30개입, 285g","89137626209","맥널티커피 스테비아 디카페인 커피믹스,9.5g,9.5g,30개입,30개입,1개,1개","YES","Food","Coffee & Tea","커피믹스","맥널티커피","10120","1","0","6335","10120","0","0","0","0","0","10120.0","1","1","10120.0","33.33333333333333","3","1","0","0.0"
"2026-10-01","8267608006","8804645007071","45580036","맥널티 청매실 에이드 190ml*10개입","89717767133","맥널티커피 청매실 에이드,190ml,190ml,10개,10개","NO","Food","Drinks","과일음료","맥널티커피","12000","2","0","6972","12000","0","0","0","0","0","6000.0","2","2","6000.0","18.181818181818183","11","2","1","5.0"
"2026-10-01","8267608006","8804645007071","45580036","맥널티 청매실 에이드 190ml*10개입","89717826434","맥널티커피 청매실 에이드,190ml,190ml,20개,20개","NO","Food","Drinks","과일음료","맥널티커피","12000","2","0","6972","12000","0","0","0","0","0","6000.0","1","1","12000.0","12.5","8","1","0","0.0"
"2026-10-01","8267608006","8804645007071","45580036","맥널티 청매실 에이드 190ml*10개입","89717826438","맥널티커피 청매실 에이드,190ml,190ml,30개,30개","NO","Food","Drinks","과일음료","맥널티커피","14400","3","0","10458","14400","0","0","0","0","0","4800.0","1","1","14400.0","0.0","0","1","0","0.0"
"2026-10-01","8087407248","8804645007118","46534985","아이브루 플러스 디카페인 아메리카노 블랙커피, 1개, 80개입, 80g","90042179336","아이브루 플러스 디카페인 블랙커피,1g,1g,80개입,80개입,1개,1개","NO","Food","Coffee & Tea","원두커피믹스","아이브루","375900","35","2","278740","375900","0","0","0","0","0","10740.0","37","37","10159.45945945946","7.889125799573561","469","35","2","5.0"
"2026-10-01","8103370411","8804645007194","46730880","산양유 단백질 프로틴 스테비아 커피믹스, 1개, 30개입, 300g","90088142681","맥널티커피 산양유 단백질 스테비아 커피믹스,10g,10g,30개입,30개입,1개,1개","NO","Food","Coffee & Tea","커피믹스","맥널티커피","11600","1","0","6245","11600","0","0","0","0","0","11600.0","1","1","11600.0","7.6923076923076925","13","1","0","0.0"
"2026-10-01","8135360870","8804645006067","25240400","맥널티 스테비아 커피믹스 100개입","90141923560","맥널티커피 스테비아 커피믹스,9.5g,9.5g,100개입,100개입,1개,1개","YES","Food","Coffee & Tea","커피믹스","맥널티커피","262800","12","0","155520","250320","0","12480","0","262800","12","21900.0","12","11","23890.909090909092","18.461538461538463","65","12","1","5.0"
"2026-10-01","8103370411","8804645007187","47303765","산양유 단백질 프로틴 스테비아 커피믹스, 1개, 100개입, 1000g","90271918990","맥널티커피 산양유 단백질 스테비아 커피믹스,10g,10g,100개입,100개입,1개,1개","NO","Food","Coffee & Tea","커피믹스","맥널티커피","120280","4","0","79952","118340","0","1940","0","62580","2","30070.0","4","4","30070.0","15.384615384615385","26","4","2","4.5"
"2026-10-01","8191680703","8804645007262","48074657","맥널티 브라질 세라도 분쇄 원두 커피, 1개, 500g","90530021242","맥널티커피 브라질 세라도 싱글 오리진 분쇄 원두 커피,에스프레소,에스프레소,500g,500g,1개,1개","NO","Food","Coffee & Tea","원두","맥널티커피","127200","8","0","75160","122540","0","4660","0","127200","8","15900.0","8","8","15900.0","19.51219512195122","41","8","1","5.0"
"2026-10-01","8179322743","8804645007255","48074658","맥널티 콜롬비아 안데스 분쇄 원두 커피, 1개, 500g","90530021252","맥널티커피 콜롬비아 안데스 싱글 오리진 분쇄 원두 커피,에스프레소,에스프레소,500g,500g,1개,1개","NO","Food","Coffee & Tea","원두","맥널티커피","63600","4","0","39944","60920","0","2680","0","63600","4","15900.0","4","4","15900.0","25.0","16","4","0","0.0"
"2026-10-01","8179325783","8804645007231","48074659","맥널티 에티오피아 예가체프 분쇄 원두 커피, 1개, 500g","90530021267","맥널티커피 에티오피아 예가체프 싱글 오리진 분쇄 원두 커피,에스프레소,에스프레소,500g,500g,1개,1개","NO","Food","Coffee & Tea","원두","맥널티커피","206700","13","0","129818","190340","8000","8360","0","206700","13","15900.0","13","13","15900.0","22.807017543859647","57","13","2","4.5"
"2026-10-01","8191680703","8804645007262","48074657","맥널티 브라질 세라도 분쇄 원두 커피, 1개, 500g","90530031249","맥널티커피 브라질 세라도 싱글 오리진 분쇄 원두 커피,에스프레소,에스프레소,500g,500g,2개,2개","NO","Food","Coffee & Tea","원두","맥널티커피","29800","2","0","18790","28540","0","1260","0","29800","2","14900.0","1","1","29800.0","50.0","2","1","0","0.0"
"2026-10-01","8179325783","8804645007231","48074659","맥널티 에티오피아 예가체프 분쇄 원두 커피, 1개, 500g","90530031257","맥널티커피 에티오피아 예가체프 싱글 오리진 분쇄 원두 커피,에스프레소,에스프레소,500g,500g,2개,2개","NO","Food","Coffee & Tea","원두","맥널티커피","63600","4","0","39944","60920","0","2680","0","63600","4","15900.0","2","2","31800.0","200.0","1","2","0","0.0"
"2026-10-01","8200404313","18804645007290","48466205","맥널티 대용량 제로슈가 스테비아 믹스커피 음료, 12개, 1L","90674710122","맥널티커피 스테비아 커피믹스,1L,1L,12개,12개","NO","Food","Drinks","커피음료","맥널티커피","369000","15","0","256005","362000","0","7000","0","172200","7","24600.0","15","15","24600.0","33.33333333333333","45","15","1","5.0"
"2026-10-01","8172166591","8804645007217","48914233","맥널티 유자 에이드 190ml 10개","90791380054","맥널티커피 유자 에이드,10개,10개,190ml,190ml","NO","Food","Drinks","야채음료","맥널티커피","12000","2","0","6972","12000","0","0","0","0","0","6000.0","2","2","6000.0","12.5","16","2","0","0.0"
"2026-10-01","8172166591","8804645007217","48914233","맥널티 유자 에이드 190ml 10개","90791412959","맥널티커피 유자 에이드,20개,20개,190ml,190ml","NO","Food","Drinks","야채음료","맥널티커피","12000","2","0","6972","12000","0","0","0","0","0","6000.0","1","1","12000.0","50.0","2","1","0","0.0"
"2026-10-01","8172166591","8804645007217","48914233","맥널티 유자 에이드 190ml 10개","90791412960","맥널티커피 유자 에이드,30개,30개,190ml,190ml","NO","Food","Drinks","야채음료","맥널티커피","28200","6","0","20916","28200","0","0","0","0","0","4700.0","2","2","14100.0","50.0","4","2","0","0.0"
"2026-10-01","8172166591","8804645007217","48914233","맥널티 유자 에이드 190ml 10개","90791413044","맥널티커피 유자 에이드,50개,50개,190ml,190ml","NO","Food","Drinks","야채음료","맥널티커피","47000","10","0","34860","47000","0","0","0","0","0","4700.0","2","2","23500.0","0.0","0","2","0","0.0"
"2026-10-01","8316137975","8804645005862","24695531","아이스 아메리카노 스위트 190mL 10팩","91021028383","맥널티커피 아이스 아메리카노 스위트,190ml,190ml,10개,10개","YES","Food","Drinks","커피음료","맥널티커피","36000","8","0","27888","36000","0","0","0","0","0","4500.0","8","8","4500.0","17.02127659574468","47","8","0","0.0"
"2026-10-01","8316137975","8804645005862","24695531","아이스 아메리카노 스위트 190mL 10팩","91021028406","맥널티커피 아이스 아메리카노 스위트,190ml,190ml,20개,20개","YES","Food","Drinks","커피음료","맥널티커피","9000","2","0","6972","9000","0","0","0","0","0","4500.0","1","1","9000.0","100.0","1","1","0","0.0"
"2026-10-01","8316138028","8804645005879","24695530","아이스 헤이즐넛향 커피 190mL 10팩","91021028482","맥널티커피 아이스 헤이즐넛향 커피,190ml,190ml,10개,10개","YES","Food","Drinks","커피음료","맥널티커피","6120","1","0","3486","6120","0","0","0","0","0","6120.0","1","1","6120.0","10.0","10","1","0","0.0"
"2026-10-01","8316138479","8804645005893","24752132","청포도 에이드 190mL 10팩","91021029561","맥널티커피 청포도 에이드,190ml,190ml,10개,10개","YES","Food","Drinks","과일음료","맥널티커피","4900","1","0","3486","4900","0","0","0","0","0","4900.0","1","1","4900.0","33.33333333333333","3","1","0","0.0"
"2026-10-01","8333669580","8804645007347","51164938","스테비아 단백질 고구마 크림 라떼, 1개, 20개입, 18g","91191267906","맥널티커피 스테비아 단백질 고구마 크림 라떼,1개,1개,20개입,20개입,18g,18g","NO","Food","Coffee & Tea","라떼분말","맥널티커피","21000","2","0","11700","21000","0","0","0","0","0","10500.0","2","2","10500.0","10.526315789473683","19","2","0","0.0"
"2026-10-01","8421622441","8804645006395","36903434","맥널티 아이브루 플러스 헤이즐넛 블랙커피 100개입","91374597513","아이브루 플러스 공정무역 헤이즐넛 블랙커피,100개입,100개입,1개,1개,1g,1g","YES","Food","Coffee & Tea","원두커피믹스","아이브루","57240","6","1","45738","53290","0","3160","0","38160","4","9540.0","7","7","8177.142857142857","14.000000000000002","50","6","1","5.0"
"2026-10-01","8421622441","8804645006395","36903434","맥널티 아이브루 플러스 헤이즐넛 블랙커피 100개입","91374597628","아이브루 플러스 공정무역 헤이즐넛 블랙커피,100개입,100개입,2개,2개,1g,1g","YES","Food","Coffee & Tea","원두커피믹스","아이브루","38160","4","0","30492","38160","0","0","0","0","0","9540.0","2","2","19080.0","33.33333333333333","6","2","0","0.0"
"2026-10-01","8421635713","8804645005350","38813491","맥널티 홀빈 원두 1KG, 브라질 산토스 내추럴, 1개","91374643183","맥널티커피 브라질 산토스 내추럴 원두,홀빈(분쇄안함),홀빈(분쇄안함),1kg,1kg,1개,1개","YES","Food","Coffee & Tea","원두","맥널티커피","27840","1","0","11364","26720","0","1120","0","27840","1","27840.0","1","1","27840.0","20.0","5","1","0","0.0"
"2026-10-01","8421636778","8804645007118","46534985","아이브루 플러스 디카페인 아메리카노 블랙커피, 1개, 80개입, 80g","91374645033","아이브루 플러스 디카페인 블랙커피,1g,1g,80개입,80개입,1개,1개","YES","Food","Coffee & Tea","원두커피믹스","아이브루","10740","1","0","7964","10740","0","0","0","0","0","10740.0","1","1","10740.0","33.33333333333333","3","1","0","0.0"
"2026-10-01","8421637095","8804645007262","48074657","맥널티 브라질 세라도 분쇄 원두 커피, 1개, 500g","91374645740","맥널티커피 브라질 세라도 분쇄 원두 커피,2개,2개,500g,500g","YES","Food","Coffee & Tea","원두","맥널티커피","29800","2","0","18790","28540","0","1260","0","29800","2","14900.0","1","1","29800.0","0.0","0","1","0","0.0"
"2026-10-01","8421648824","8804645007330","51063548","스테비아 단백질 옥수수 크림 라떼, 1개, 20개입, 18g","91374688181","맥널티커피 스테비아 단백질 옥수수 크림 라떼,1개,1개,20개입,20개입,18g,18g","YES","Food","Coffee & Tea","라떼분말","맥널티커피","10500","1","0","5850","10500","0","0","0","0","0","10500.0","1","1","10500.0","50.0","2","1","0","0.0"
"2026-10-01","8414447766","9311931902167","52625820","맥널티 인스턴트 원두 병커피 에스프레소 블랙 50g 1개","91388389549","프라이빗클럽 맥널티 인스턴트 원두 병커피 에스프레소 블랙,50g,50g,3개,3개,1개입,1개입","NO","Food","Coffee & Tea","원두커피믹스","프라이빗클럽","54240","12","0","41832","54240","0","0","0","0","0","4520.0","4","4","13560.0","80.0","5","4","1","5.0"
"2026-10-01","8414447766","9311931902167","52625820","맥널티 인스턴트 원두 병커피 에스프레소 블랙 50g 1개","91388389555","프라이빗클럽 맥널티 인스턴트 원두 병커피 에스프레소 블랙,50g,50g,2개,2개,1개입,1개입","NO","Food","Coffee & Tea","원두커피믹스","프라이빗클럽","200340","42","0","146412","186340","14000","0","0","19080","4","4770.0","20","20","10017.0","2.9585798816568047","676","21","2","4.5"
"2026-10-01","8414447766","9311931902167","52625820","맥널티 인스턴트 원두 병커피 에스프레소 블랙 50g 1개","91388389644","프라이빗클럽 맥널티 인스턴트 원두 병커피 에스프레소 블랙,50g,50g,6개,6개,1개입,1개입","NO","Food","Coffee & Tea","원두커피믹스","프라이빗클럽","26360","6","0","20916","26360","0","0","0","0","0","4393.333333333333","1","1","26360.0","50.0","2","1","0","0.0"
"2026-10-01","8391725195","8804645007361","51983601","물 한방울 섞이지 않은 김토끼 유기농 레몬즙, 10개, 20g","91417413435","맥널티커피 김토끼 유기농 레몬즙 10p,200g,200g,6개,6개","NO","Food","Drinks","농축액(음료베이스)","맥널티","23400","6","0","24462","22410","0","990","0","23400","6","3900.0","1","1","23400.0","100.0","1","1","0","0.0"
"2026-10-01","8421603607","8804645000324","3067432","산지별 콜롬비아 슈프리모 핸드드립커피 7개입","91434660076","맥널티 콜롬비아 슈프리모 핸드 드립백커피,7개입,7개입,2개,2개,8g,8g","YES","Food","Coffee & Tea","드립백/티백","맥널티","10300","2","0","6086","10300","0","0","0","0","0","5150.0","1","1","10300.0","100.0","1","1","0","0.0"
"2026-10-01","8200404313","8804645007323","54922706","맥널티 대용량 제로슈가 스테비아 믹스커피 음료, 1L, 6개","91673775388","맥널티커피 스테비아 커피믹스,1L,1L,6개,6개","NO","Food","Drinks","커피음료","맥널티커피","1328700","103","1","906915","1267450","9000","51700","0","1277100","99","12900.0","100","99","13421.212121212122","4.06669377795852","2459","103","7","5.0"
"2026-10-01","8556802120","8804645007484","56214467","맥널티커피 아이브루 카라멜 마끼아또, 12g x 100개입(스틱), 1200g , 1개","91881316191","맥널티커피 아이브루 카라멜 마끼아또 커피믹스,1개,1개,100개입,100개입,12g,12g","NO","Food","Coffee & Tea","커피믹스","맥널티커피","354900","21","0","263403","344900","10000","0","0","16900","1","16900.0","21","21","16900.0","16.535433070866144","127","21","1","1.0"
"2026-10-01","8556799790","8804645007460","56214466","맥널티커피 아이브루 바닐라 라떼,12g x 100개입(스틱), 1200g , 1개","91881316202","맥널티커피 아이브루 바닐라 라떼 커피믹스,1개,1개,100개입,100개입,12g,12g","NO","Food","Coffee & Tea","커피믹스","맥널티커피","241700","13","0","163059","232900","0","8800","0","207900","11","18592.30769230769","13","13","18592.30769230769","17.80821917808219","73","13","3","5.0"
"2026-10-01","8664736540","8804645007453","56760693","아이브루 플러스 디카페인 블랙커피 헤이즐넛향 (1g x 80개입), 1개","91973223860","아이브루 플러스 디카페인 헤이즐넛향 블랙커피 원두커피믹스,1g,1g,80개입,80개입,1개,1개","NO","Food","Coffee & Tea","원두커피믹스","아이브루","799350","73","6","581153","792947","6403","0","0","10950","1","10950.0","78","76","10517.763157894737","10.714285714285714","728","73","6","4.2"
"2026-10-01","8664736540","8804645007453","56760693","아이브루 플러스 디카페인 블랙커피 헤이즐넛향 (1g x 80개입), 1개","91979411137","아이브루 플러스 디카페인 헤이즐넛향 블랙커피 원두커피믹스,1g,1g,80개입,80개입,2개,2개","NO","Food","Coffee & Tea","원두커피믹스","아이브루","109500","10","0","79610","109500","0","0","0","0","0","10950.0","5","5","21900.0","26.31578947368421","19","5","1","1.0"
"2026-10-01","8784725489","8804645007590","58338694","티브루 보리차 원액 간편 액상스틱 진액, 30개, 10ml","92219561450","맥널티커피 티브루 보리차 진액,10ml,10ml,30개,30개","NO","Food","Drinks","농축액(음료베이스)","맥널티","455280","56","5","296016","455280","0","0","0","0","0","8130.0","55","54","8431.111111111111","17.51592356687898","314","56","3","4.3"
"2026-10-01","8678251986","8804645007613","58338696","티브루 헛개수 원액 간편 액상스틱 진액, 30개, 10ml","92219561465","맥널티 티브루 헛개차 진액,30개,30개,10ml,10ml","NO","Food","Drinks","농축액(음료베이스)","맥널티","133650","15","0","79005","133650","0","0","0","0","0","8910.0","15","15","8910.0","18.29268292682927","82","15","2","5.0"
"2026-10-01","8796750875","8804645007606","58338695","티브루 옥수수수염차 원액 간편 액상스틱 진액, 30개, 10ml","92219561488","맥널티 티브루 옥수수수염차 진액 액상스틱,10ml,10ml,30개,30개","NO","Food","Drinks","농축액(음료베이스)","맥널티","97560","12","1","63360","97560","0","0","0","0","0","8130.0","13","12","8130.0","23.214285714285715","56","12","1","5.0"
"2026-10-01","8784725489","8804645007590","58338694","티브루 보리차 원액 간편 액상스틱 진액, 30개, 10ml","92228103769","맥널티커피 티브루 보리차 진액,10ml,10ml,120개,120개","NO","Food","Drinks","농축액(음료베이스)","맥널티","28670","4","0","21144","28670","0","0","0","0","0","7167.5","1","1","28670.0","50.0","2","1","0","0.0"
"2026-10-01","8784725489","8804645007590","58338694","티브루 보리차 원액 간편 액상스틱 진액, 30개, 10ml","92228103770","맥널티커피 티브루 보리차 진액,10ml,10ml,90개,90개","NO","Food","Drinks","농축액(음료베이스)","맥널티","65070","9","0","47574","65070","0","0","0","0","0","7230.0","3","3","21690.0","300.0","1","3","0","0.0"
"2026-10-01","8796750875","8804645007606","58338695","티브루 옥수수수염차 원액 간편 액상스틱 진액, 30개, 10ml","92228103775","맥널티 티브루 옥수수수염차 진액 액상스틱,10ml,10ml,60개,60개","NO","Food","Drinks","농축액(음료베이스)","맥널티","73500","10","0","52800","73500","0","0","0","0","0","7350.0","5","5","14700.0","25.0","20","5","1","5.0"
"2026-10-01","8678251986","8804645007613","58338696","티브루 헛개수 원액 간편 액상스틱 진액, 30개, 10ml","92228103836","맥널티 티브루 헛개차 진액,120개,120개,10ml,10ml","NO","Food","Drinks","농축액(음료베이스)","맥널티","64480","8","0","42136","64480","0","0","0","0","0","8060.0","1","1","64480.0","100.0","1","2","0","0.0"
"2026-10-01","8678251986","8804645007613","58338696","티브루 헛개수 원액 간편 액상스틱 진액, 30개, 10ml","92228103844","맥널티 티브루 헛개차 진액,90개,90개,10ml,10ml","NO","Food","Drinks","농축액(음료베이스)","맥널티","52810","6","0","31602","52810","0","0","0","0","0","8801.666666666666","2","2","26405.0","14.285714285714285","14","2","0","0.0"
"2026-10-01","8678251986","8804645007613","58338696","티브루 헛개수 원액 간편 액상스틱 진액, 30개, 10ml","92228103864","맥널티 티브루 헛개차 진액,60개,60개,10ml,10ml","NO","Food","Drinks","농축액(음료베이스)","맥널티","122590","14","0","73738","122590","0","0","0","0","0","8756.42857142857","7","7","17512.85714285714","63.63636363636363","11","7","0","0.0"
"2026-10-01","8784725489","8804645007590","58338694","티브루 보리차 원액 간편 액상스틱 진액, 30개, 10ml","92228103875","맥널티커피 티브루 보리차 진액,10ml,10ml,60개,60개","NO","Food","Drinks","농축액(음료베이스)","맥널티","211540","28","2","148008","211540","0","0","0","0","0","7555.0","14","14","15110.0","18.666666666666668","75","14","1","2.0"
"2026-10-01","8179322743","8804645007552","58681130","콜롬비아 안데스 오리진 분쇄 커피 원두 1개 226g 핸드드립","92277741986","맥널티커피 콜롬비아 안데스 오리진 분쇄 커피 원두,핸드드립(중간),핸드드립(중간),226g,226g,1개,1개","NO","Food","Coffee & Tea","원두","맥널티커피","62500","5","0","35795","50000","12500","0","0","12500","1","12500.0","5","5","12500.0","3.3557046979865772","149","5","0","0.0"
"2026-10-01","8700740916","8804645007545","58681131","브라질 산토스 오리진 분쇄 커피 원두, 226g, 1개, 핸드드립","92277741990","맥널티커피 브라질 산토스 오리진 분쇄 커피 원두,226g,226g,1개,1개,핸드드립(중간),핸드드립(중간)","NO","Food","Coffee & Tea","원두","맥널티커피","37500","3","0","21477","35910","0","1590","0","37500","3","12500.0","3","3","12500.0","4.166666666666666","72","3","0","0.0"
"2026-10-01","8700683809","8804645007538","58765770","디카페인 헤이즐넛향 분쇄 커피 원두, 1개, 226g, 핸드드립","92290392544","맥널티커피 디카페인 헤이즐넛향 분쇄 원두 커피,1개,1개,226g,226g,핸드드립(중간),핸드드립(중간)","NO","Food","Coffee & Tea","원두","맥널티커피","121500","9","0","72162","121500","0","0","0","0","0","13500.0","8","8","15187.5","15.09433962264151","53","9","0","0.0"
"2026-10-01","7612947477","8804645007514","58765769","게이샤 블렌드 분쇄 커피 원두, 1개, 226g, 핸드드립","92290392600","맥널티커피 게이샤 블렌드 분쇄 원두 커피,핸드드립(중간),핸드드립(중간),226g,226g,1개,1개","NO","Food","Coffee & Tea","원두","맥널티커피","65000","5","0","38660","64450","0","550","0","13000","1","13000.0","5","5","13000.0","2.6595744680851063","188","5","0","0.0"
"2026-10-01","8700683809","8804645007538","58765770","디카페인 헤이즐넛향 분쇄 커피 원두, 1개, 226g, 핸드드립","92296505933","맥널티커피 디카페인 헤이즐넛향 분쇄 원두 커피,2개,2개,226g,226g,핸드드립(중간),핸드드립(중간)","NO","Food","Coffee & Tea","원두","맥널티커피","54000","4","0","32072","52320","0","1680","0","54000","4","13500.0","2","2","27000.0","200.0","1","2","0","0.0"
"2026-10-01","7612947135","8804645007521","58850533","하와이안 코나 블렌드 분쇄 커피 원두, 1개, 226g, 핸드드립","92306876899","맥널티커피 하와이안 코나 블렌드 분쇄 커피 원두,핸드드립(중간),핸드드립(중간),226g,226g,1개,1개","NO","Food","Coffee & Tea","원두","맥널티커피","39000","3","0","23196","37350","0","1650","0","39000","3","13000.0","3","3","13000.0","1.875","160","3","1","5.0"
"2026-10-01","7612947135","8804645007521","58850533","하와이안 코나 블렌드 분쇄 커피 원두, 1개, 226g, 핸드드립","92314420187","맥널티커피 하와이안 코나 블렌드 분쇄 커피 원두,핸드드립(중간),핸드드립(중간),226g,226g,2개,2개","NO","Food","Coffee & Tea","원두","맥널티커피","26000","2","0","15464","24900","0","1100","0","26000","2","13000.0","1","1","26000.0","100.0","1","1","0","0.0"
"2026-10-01","8200404313","18804645007290","48466205","맥널티 대용량 제로슈가 스테비아 믹스커피 음료, 12개, 1L","92418183676","맥널티커피 스테비아 커피믹스,1L,1L,24개,24개","NO","Food","Drinks","커피음료","맥널티커피","49200","2","0","34134","46710","0","2490","0","49200","2","24600.0","1","1","49200.0","25.0","4","1","0","0.0"
"2026-10-01","2297380544","8804645003929","13277719","맥널티 행복을 주는 커피 콜롬비아 블렌드 1kg","92556293183","맥널티커피 행복을 주는 커피 콜롬비아 블렌드 분쇄 원두,1kg,1kg,3개,3개","NO","Food","Coffee & Tea","원두","맥널티커피","84060","3","0","46797","83050","0","1010","0","84060","3","28020.0","1","1","84060.0","100.0","1","1","0","0.0"
"2026-10-01","8288508361","8804645006395","36903434","맥널티 아이브루 플러스 헤이즐넛 블랙커피 100개입","92556294543","아이브루 플러스 공정무역 헤이즐넛 블랙커피,1g,1g,100개입,100개입,3개,3개","NO","Food","Coffee & Tea","원두커피믹스","아이브루","28620","3","0","22869","28620","0","0","0","0","0","9540.0","1","1","28620.0","20.0","5","1","0","0.0"
"2026-10-01","8096962372","8804645100185","10147180","맥널티 행복을 주는 커피 헤이즐넛향 1kg 홀빈","92556296222","맥널티커피 행복을 주는 커피 헤이즐넛향 원두,1kg,1kg,3개,3개,홀빈(분쇄안함),홀빈(분쇄안함)","NO","Food","Coffee & Tea","원두","맥널티커피","89400","3","0","45732","85640","0","3760","0","89400","3","29800.0","1","1","89400.0","100.0","1","1","0","0.0"
"2026-10-01","8814767699","8804645007453","56760693","아이브루 플러스 디카페인 블랙커피 헤이즐넛향 (1g x 80개입), 1개","92672212799","아이브루 플러스 디카페인 헤이즐넛향 블랙커피 원두커피믹스,1g,1g,80개입,80개입,1개,1개","YES","Food","Coffee & Tea","원두커피믹스","아이브루","21900","2","0","15922","17050","4850","0","0","10950","1","10950.0","2","2","10950.0","15.384615384615385","13","2","0","0.0"
"2026-10-01","8157289284","8804645006739","61673272","맥널티커피 복숭아 아이스티 제로, 1.5L, 1개","92867142451","맥널티커피 복숭아 아이스티 제로,1.5L,1.5L,4개,4개","NO","Food","Drinks","차음료","맥널티커피","35200","16","0","21824","34480","0","720","0","35200","16","2200.0","4","4","8800.0","50.0","8","4","0","0.0"
"2026-10-01","8157289284","8804645006739","61673272","맥널티커피 복숭아 아이스티 제로, 1.5L, 1개","92867142466","맥널티커피 복숭아 아이스티 제로,1.5L,1.5L,3개,3개","NO","Food","Drinks","차음료","맥널티커피","138600","63","0","85932","135660","0","2940","0","138600","63","2200.0","21","21","6600.0","33.87096774193548","62","21","1","5.0"
"2026-10-01","8157289284","8804645006739","61673272","맥널티커피 복숭아 아이스티 제로, 1.5L, 1개","92867142467","맥널티커피 복숭아 아이스티 제로,1.5L,1.5L,5개,5개","NO","Food","Drinks","차음료","맥널티커피","11000","5","0","6820","10780","0","220","0","11000","5","2200.0","1","1","11000.0","11.11111111111111","9","1","0","0.0"
"2026-10-01","8157289284","8804645006739","61673272","맥널티커피 복숭아 아이스티 제로, 1.5L, 1개","92867142468","맥널티커피 복숭아 아이스티 제로,1.5L,1.5L,6개,6개","NO","Food","Drinks","차음료","맥널티커피","145200","66","0","90024","139600","0","5600","0","145200","66","2200.0","10","10","14520.0","25.64102564102564","39","11","0","0.0"
"2026-10-01","8939057954","8804645007620","62672352","맥널티 아이브루 플러스 스위트 블랙 원두커피믹스 80개입 2.8g","93118697467","맥널티커피 아이브루 플러스 스위트 블랙 원두커피믹스,2.8g,2.8g,80개입,80개입,1개,1개","NO","Food","Coffee & Tea","원두커피믹스","맥널티커피","52840","4","0","31844","52520","0","320","0","13630","1","13210.0","4","4","13210.0","3.149606299212598","127","4","0","0.0"
"2026-10-01","8288498794","8804645006920","62821923","맥널티 핸드드립 커피 에티오피아 예가체프 8g 24개입 1개","93160224250","맥널티커피 에티오피아 예가체프 핸드드립 커피,8g,8g,24개입,24개입,1개,1개","NO","Food","Coffee & Tea","드립백/티백","맥널티커피","44700","3","0","29037","44700","0","0","0","0","0","14900.0","3","3","14900.0","15.789473684210526","19","3","3","5.0"
"2026-10-01","8943722025","8804645007651","62882483","티브루 보리차 진액, 1개, 400g","93176192108","맥널티 티브루 보리차 진액,1개,1개,400g,400g","NO","Food","Drinks","농축액(음료베이스)","맥널티커피","103200","8","0","61528","98800","0","4400","0","103200","8","12900.0","8","8","12900.0","20.0","40","8","1","5.0"
"2026-10-01","8989222891","8804645007590","58338694","티브루 보리차 원액 간편 액상스틱 진액, 30개, 10ml","93307311391","맥널티커피 티브루 보리차 진액,30개,30개,10ml,10ml","YES","Food","Drinks","농축액(음료베이스)","맥널티","8130","1","0","5286","8130","0","0","0","0","0","8130.0","1","1","8130.0","25.0","4","1","0","0.0"
"2026-10-01","8992141532","8804645007637","63447822","스테비아 커피믹스 헤이즐넛향 9.5g 30개입 1개","93318568356","맥널티커피 스테비아 커피믹스 헤이즐넛향,9.5g,9.5g,30개입,30개입,1개,1개","NO","Food","Coffee & Tea","커피믹스","맥널티커피","194250","25","0","120675","194250","0","0","0","0","0","7770.0","24","24","8093.75","12.972972972972974","185","25","3","4.0"
"2026-10-01","8992141532","8804645007637","63447822","스테비아 커피믹스 헤이즐넛향 9.5g 30개입 1개","93325956037","맥널티커피 스테비아 커피믹스 헤이즐넛향,9.5g,9.5g,30개입,30개입,2개,2개","NO","Food","Coffee & Tea","커피믹스","맥널티커피","15540","2","0","9654","15540","0","0","0","0","0","7770.0","1","1","15540.0","33.33333333333333","3","1","0","0.0"
"2026-10-01","8989222891","8804645007590","58338694","티브루 보리차 원액 간편 액상스틱 진액, 30개, 10ml","93354909114","맥널티커피 티브루 보리차 진액,60개,60개,10ml,10ml","YES","Food","Drinks","농축액(음료베이스)","맥널티","15110","2","0","10572","15110","0","0","0","0","0","7555.0","1","1","15110.0","100.0","1","1","0","0.0"
"2026-10-01","9072225100","8804645007675","64842417","티브루 호박팥차 진액 10ml 30개입 1개","93616956467","맥널티 티브루 호박팥차 진액,1개,1개,30개입,30개입,10ml,10ml","NO","Food","Coffee & Tea","율무/견과차","맥널티","623700","63","4","331506","597500","0","24520","0","623700","63","9900.0","65","65","9595.384615384615","14.976958525345621","434","63","2","4.5"
"2026-10-01","9074685478","8804645007668","64859139","맥널티 스테비아 솔티드 카라멜 커피믹스 10g 1개 30개입","93626471781","맥널티커피 스테비아 솔티드 카라멜 커피믹스,10g,10g,30개입,30개입,1개,1개","NO","Food","Coffee & Tea","커피믹스","맥널티커피","65170","7","0","39690","65170","0","0","0","0","0","9310.0","7","7","9310.0","7.07070707070707","99","7","0","0.0"
"2026-10-01","9072225100","8804645007675","64842417","티브루 호박팥차 진액 10ml 30개입 1개","93627357485","맥널티 티브루 호박팥차 진액,2개,2개,30개입,30개입,10ml,10ml","NO","Food","Coffee & Tea","율무/견과차","맥널티","18900","2","0","10524","18900","0","0","0","0","0","9450.0","1","1","18900.0","0.0","0","1","0","0.0"
"2026-10-01","9074685478","8804645007668","64859139","맥널티 스테비아 솔티드 카라멜 커피믹스 10g 1개 30개입","93634956499","맥널티커피 스테비아 솔티드 카라멜 커피믹스,10g,10g,30개입,30개입,4개,4개","NO","Food","Coffee & Tea","커피믹스","맥널티커피","0","0","4","0","-3800","0","0","0","0","0","0.0","1","1","0.0","0.0","0","0","0","0.0"
"2026-10-01","9074685478","8804645007668","64859139","맥널티 스테비아 솔티드 카라멜 커피믹스 10g 1개 30개입","93634956501","맥널티커피 스테비아 솔티드 카라멜 커피믹스,10g,10g,30개입,30개입,3개,3개","NO","Food","Coffee & Tea","커피믹스","맥널티커피","44400","6","0","34020","38700","0","5700","0","44400","6","7400.0","2","2","22200.0","100.0","2","2","0","0.0"
"2026-10-01","9223273138","8804645007323","54922706","맥널티 대용량 제로슈가 스테비아 믹스커피 음료, 1L, 6개","94224202463","맥널티커피 스테비아 커피믹스,1L,1L,6개,6개","YES","Food","Drinks","커피음료","맥널티커피","12900","1","0","8805","12350","0","550","0","12900","1","12900.0","1","1","12900.0","9.090909090909092","11","1","0","0.0"
"2026-10-01","9223310411","8804645006739","61673272","맥널티커피 복숭아 아이스티 제로, 1.5L, 1개","94224367818","맥널티커피 복숭아 아이스티 제로,1.5L,1.5L,3개,3개","YES","Food","Drinks","차음료","맥널티커피","33000","15","0","20460","32300","0","700","0","33000","15","2200.0","5","5","6600.0","83.33333333333334","6","5","0","0.0"
"2026-10-01","9223310411","8804645006739","61673272","맥널티커피 복숭아 아이스티 제로, 1.5L, 1개","94224368263","맥널티커피 복숭아 아이스티 제로,1.5L,1.5L,6개,6개","YES","Food","Drinks","차음료","맥널티커피","66000","30","0","40920","63200","0","2240","0","66000","30","2200.0","4","4","16500.0","50.0","8","5","0","0.0"
"2026-10-01","9223310411","8804645006739","61673272","맥널티커피 복숭아 아이스티 제로, 1.5L, 1개","94224368427","맥널티커피 복숭아 아이스티 제로,1.5L,1.5L,5개,5개","YES","Food","Drinks","차음료","맥널티커피","11000","5","0","6820","10780","0","220","0","11000","5","2200.0","1","1","11000.0","0.0","0","1","0","0.0"
"2026-10-01","9223310411","8804645006739","61673272","맥널티커피 복숭아 아이스티 제로, 1.5L, 1개","94224368460","맥널티커피 복숭아 아이스티 제로,1.5L,1.5L,2개,2개","YES","Food","Drinks","차음료","맥널티커피","13200","6","0","8184","13200","0","0","0","0","0","2200.0","3","3","4400.0","12.5","24","3","0","0.0"
"2026-10-01","9239306730","8804645007781","67975031","호랭이 커피 오곡향 블랙, 1개, 20개입, 1g","94320932954","맥널티커피 호랭이 커피스틱 오곡향 블랙,4개,4개,20개입,20개입,1g,1g","NO","Food","Coffee & Tea","원두커피믹스","맥널티커피","26200","8","0","22448","26200","0","0","0","0","0","3275.0","2","2","13100.0","100.0","2","2","0","0.0"
"2026-10-01","9239306730","8804645007781","67975031","호랭이 커피 오곡향 블랙, 1개, 20개입, 1g","94320932959","맥널티커피 호랭이 커피스틱 오곡향 블랙,2개,2개,20개입,20개입,1g,1g","NO","Food","Coffee & Tea","원두커피믹스","맥널티커피","36500","10","0","28060","36500","0","0","0","0","0","3650.0","4","4","9125.0","23.52941176470588","17","5","0","0.0"
"2026-10-01","9239306730","8804645007781","67975031","호랭이 커피 오곡향 블랙, 1개, 20개입, 1g","94320932978","맥널티커피 호랭이 커피스틱 오곡향 블랙,3개,3개,20개입,20개입,1g,1g","NO","Food","Coffee & Tea","원두커피믹스","맥널티커피","61200","18","0","50508","61200","0","0","0","0","0","3400.0","6","6","10200.0","22.22222222222222","27","6","1","5.0"
"2026-10-01","8421635837","8804645006937","39616645","맥널티 시그니처 디카페인 커피 원두, 홀빈(분쇄안함), 500g, 1개","94341371310","맥널티커피 시그니처 디카페인 커피 원두,홀빈(분쇄안함),홀빈(분쇄안함),500g,500g,3개,3개","YES","Food","Coffee & Tea","원두","맥널티커피","56280","3","0","37635","47480","0","8800","0","56280","3","18760.0","1","1","56280.0","10.0","10","1","0","0.0"
"2026-10-01","9237125577","8804645007729","68147034","베니스브루 스페셜티 핸드드립 가향 커피 쇼콜라 모카, 1개, 7개입, 12g","94363280975","맥널티커피 베니스브루 스페셜티 가향 드립백 커피 쇼콜라 모카,1개,1개,7개입,7개입,12g,12g","NO","Food","Coffee & Tea","드립백/티백","맥널티커피","24840","3","0","15492","24840","0","0","0","0","0","8280.0","3","3","8280.0","5.88235294117647","51","3","2","5.0"
"2026-10-01","8833324061","8804645007491","68778942","아이브루 아메리카노 블랙커피 무라벨 400ML 20개","94529638880","맥널티커피 아이브루 아메리카노 블랙커피 무라벨,400ml,400ml,20개,20개","NO","Food","Drinks","커피음료","맥널티커피","2513630","147","2","1768998","2335134","8096","167630","0","2513630","147","17099.52380952381","144","143","17577.832167832166","13.714285714285715","1050","147","4","5.0"
"2026-10-01","8746655772","18804645007504","68778941","맥널티 아이브루 헤이즐넛향 블랙커피 12개 1L","94529638884","맥널티커피 아이브루 헤이즐넛향 블랙커피,12개,12개,1L,1L","NO","Food","Drinks","커피음료","맥널티커피","1016350","56","0","668808","937350","16900","62100","0","1016350","56","18149.10714285714","51","51","19928.43137254902","16.887417218543046","302","56","5","5.0"
"2026-10-01","8214108205","18804645007306","68778940","맥널티 아이브루 아메리카노 블랙커피 12개 1L","94529638892","맥널티커피 아이브루 아메리카노 블랙커피,1L,1L,12개,12개","NO","Food","Drinks","커피음료","맥널티커피","3005120","166","3","1990340","2741958","47422","194820","0","3005120","166","18103.13253012048","167","165","18212.848484848484","16.150870406189554","1034","166","19","4.7"
"2026-10-01","8746655772","18804645007504","68778941","맥널티 아이브루 헤이즐넛향 블랙커피 12개 1L","94538485437","맥널티커피 아이브루 헤이즐넛향 블랙커피,24개,24개,1L,1L","NO","Food","Drinks","커피음료","맥널티커피","72400","4","0","47772","67600","0","4800","0","72400","4","18100.0","2","2","36200.0","28.57142857142857","7","2","0","0.0"
"2026-10-01","8833324061","8804645007491","68778942","아이브루 아메리카노 블랙커피 무라벨 400ML 20개","94538485465","맥널티커피 아이브루 아메리카노 블랙커피 무라벨,400ml,400ml,60개,60개","NO","Food","Drinks","커피음료","맥널티커피","256500","15","0","180510","238500","0","18000","0","256500","15","17100.0","5","5","51300.0","55.55555555555556","9","5","0","0.0"
"2026-10-01","8746655772","18804645007504","68778941","맥널티 아이브루 헤이즐넛향 블랙커피 12개 1L","94538485500","맥널티커피 아이브루 헤이즐넛향 블랙커피,36개,36개,1L,1L","NO","Food","Drinks","커피음료","맥널티커피","54300","3","0","35829","50700","0","3600","0","54300","3","18100.0","1","1","54300.0","0.0","0","1","0","0.0"
"2026-10-01","8214108205","18804645007306","68778940","맥널티 아이브루 아메리카노 블랙커피 12개 1L","94538485615","맥널티커피 아이브루 아메리카노 블랙커피,1L,1L,24개,24개","NO","Food","Drinks","커피음료","맥널티커피","438870","26","0","311740","438870","0","0","0","0","0","16879.615384615383","12","12","36572.5","35.294117647058826","34","13","3","5.0"
"2026-10-01","8214108205","18804645007306","68778940","맥널티 아이브루 아메리카노 블랙커피 12개 1L","94538485701","맥널티커피 아이브루 아메리카노 블랙커피,1L,1L,36개,36개","NO","Food","Drinks","커피음료","맥널티커피","101290","6","6","71940","101290","0","0","0","0","0","16881.666666666668","4","2","50645.0","0.0","0","2","0","0.0"
"2026-10-01","8214108205","18804645007306","68778940","맥널티 아이브루 아메리카노 블랙커피 12개 1L","94538485705","맥널티커피 아이브루 아메리카노 블랙커피,1L,1L,48개,48개","NO","Food","Drinks","커피음료","맥널티커피","67560","4","0","47960","62560","5000","0","0","67560","4","16890.0","1","1","67560.0","100.0","1","1","0","0.0"
"2026-10-01","8833324061","8804645007491","68778942","아이브루 아메리카노 블랙커피 무라벨 400ML 20개","94538485746","맥널티커피 아이브루 아메리카노 블랙커피 무라벨,400ml,400ml,80개,80개","NO","Food","Drinks","커피음료","맥널티커피","205800","12","0","144408","191400","0","14400","0","205800","12","17150.0","3","3","68600.0","100.0","3","3","0","0.0"
"2026-10-01","8833324061","8804645007491","68778942","아이브루 아메리카노 블랙커피 무라벨 400ML 20개","94538485833","맥널티커피 아이브루 아메리카노 블랙커피 무라벨,400ml,400ml,40개,40개","NO","Food","Drinks","커피음료","맥널티커피","684000","40","0","481360","608400","30000","45600","0","684000","40","17100.0","20","20","34200.0","111.11111111111111","18","20","0","0.0"
"2026-10-01","8214108205","18804645007306","68778940","맥널티 아이브루 아메리카노 블랙커피 12개 1L","94538485847","맥널티커피 아이브루 아메리카노 블랙커피,1L,1L,60개,60개","NO","Food","Drinks","커피음료","맥널티커피","253150","15","0","179850","253150","0","0","0","0","0","16876.666666666668","3","2","126575.0","300.0","1","3","0","0.0"
"2026-10-01","9334231304","8804645007842","69526598","맥널티 갓성비 제로슈가 커피믹스, 1개, 80개입, 9g","94707153018","맥널티커피 갓성비 제로슈가 커피믹스,1개,1개,80개입,80개입,9g,9g","NO","Food","Coffee & Tea","커피믹스","맥널티커피","514300","37","0","327598","514300","0","0","0","0","0","13900.0","37","37","13900.0","7.724425887265135","479","37","4","4.3"
"2026-10-01","9334231304","8804645007842","69526598","맥널티 갓성비 제로슈가 커피믹스, 1개, 80개입, 9g","94716499923","맥널티커피 갓성비 제로슈가 커피믹스,2개,2개,80개입,80개입,9g,9g","NO","Food","Coffee & Tea","커피믹스","맥널티커피","55600","4","0","35416","55600","0","0","0","0","0","13900.0","2","2","27800.0","66.66666666666666","3","2","0","0.0"
"2026-10-01","8992141532","8804645007811","69634259","맥널티커피 스테비아 커피믹스 헤이즐넛향, 9.5g, 100개입, 1개","94732664312","맥널티커피 스테비아 커피믹스 헤이즐넛향,9.5g,9.5g,100개입,100개입,1개,1개","NO","Food","Coffee & Tea","커피믹스","맥널티커피","339940","17","0","242437","339940","0","0","0","0","0","19996.470588235294","16","16","21246.25","23.88059701492537","67","17","0","0.0"
"2026-10-01","9334231304","8804645007842","69526598","맥널티 갓성비 제로슈가 커피믹스, 1개, 80개입, 9g","94789880334","맥널티커피 갓성비 제로슈가 커피믹스,3개,3개,80개입,80개입,9g,9g","NO","Food","Coffee & Tea","커피믹스","맥널티커피","41700","3","0","26562","41700","0","0","0","0","0","13900.0","1","1","41700.0","25.0","4","1","0","0.0"
"2026-10-01","9393910904","8804645007675","64842417","티브루 호박팥차 진액 10ml 30개입 1개","94856748699","맥널티 티브루 호박팥차 진액,3개,3개,30개입,30개입,10ml,10ml","YES","Food","Coffee & Tea","율무/견과차","맥널티","55800","6","0","31572","55800","0","0","0","0","0","9300.0","2","2","27900.0","66.66666666666666","3","2","0","0.0"
"2026-10-01","9393910904","8804645007675","64842417","티브루 호박팥차 진액 10ml 30개입 1개","94856748700","맥널티 티브루 호박팥차 진액,1개,1개,30개입,30개입,10ml,10ml","YES","Food","Coffee & Tea","율무/견과차","맥널티","49500","5","0","26310","47400","0","2100","0","49500","5","9900.0","5","5","9900.0","16.666666666666664","30","5","0","0.0"
"2026-10-01","9393911932","8804645007637","63447822","스테비아 커피믹스 헤이즐넛향 9.5g 30개입 1개","94856750921","맥널티커피 스테비아 커피믹스 헤이즐넛향,9.5g,9.5g,30개입,30개입,1개,1개","YES","Food","Coffee & Tea","커피믹스","맥널티커피","7770","1","0","4827","7770","0","0","0","0","0","7770.0","1","1","7770.0","0.0","0","1","0","0.0"
"2026-10-01","9398358978","8804645007903","70253954","아이브루 디카페인 아메리카노 블랙커피 무라벨, 20개, 400ml","94890161558","아이브루 디카페인 아메리카노 블랙커피 무라벨,20개,20개,400ml,400ml","NO","Food","Drinks","커피음료","아이브루","1009800","51","0","688500","971640","0","38160","0","990000","50","19800.0","48","48","21037.5","9.63855421686747","498","51","5","4.2"
"2026-10-01","9398358978","8804645007903","70253954","아이브루 디카페인 아메리카노 블랙커피 무라벨, 20개, 400ml","94897060778","아이브루 디카페인 아메리카노 블랙커피 무라벨,40개,40개,400ml,400ml","NO","Food","Drinks","커피음료","아이브루","39600","2","0","27000","37930","0","1670","0","39600","2","19800.0","1","1","39600.0","25.0","4","1","0","0.0"
"2026-10-01","9442108303","8804645007897","71115722","호랭이 커피믹스 고소한 오곡향, 1개, 20개입, 9.5g","95077614086","맥널티커피 호랭이 커피믹스 고소한 오곡향,1개,1개,20개입,20개입,9.5g,9.5g","NO","Food","Coffee & Tea","커피믹스","맥널티커피","49500","9","0","25254","49500","0","0","0","0","0","5500.0","8","8","6187.5","10.126582278481013","79","9","1","5.0"
"2026-10-01","9442108303","8804645007880","71115721","호랭이 커피믹스 고소한 오곡향, 1개, 160개입, 9.5g","95077614088","맥널티커피 호랭이 커피믹스 고소한 오곡향,1개,1개,160개입,160개입,9.5g,9.5g","NO","Food","Coffee & Tea","커피믹스","맥널티커피","262900","11","1","156871","251790","0","10100","0","262900","11","23900.0","11","10","26290.0","3.459119496855346","318","11","0","0.0"
"2026-10-01","9454845088","8804645007873","71629331","맥널티 갓성비 아메리카노 블랙커피, 1개, 100개입, 2g","95157094446","맥널티커피 갓성비 아메리카노 블랙커피,1개,1개,100개입,100개입,2g,2g","NO","Food","Coffee & Tea","원두커피믹스","맥널티커피","1266500","85","5","725390","1237790","0","27060","0","1236700","83","14900.0","90","87","14557.471264367816","9.32642487046632","965","85","9","3.8"
"2026-10-01","9470391723","8804645007934","71636537","맥널티 티브루 호박팥차 무라벨, 20개, 500ml","95157268909","맥널티커피 티브루 호박팥차 무라벨,20개,20개,500ml,500ml","NO","Food","Drinks","농축액(음료베이스)","맥널티커피","193500","15","0","131985","189150","0","4350","0","193500","15","12900.0","15","15","12900.0","5.172413793103448","290","15","0","0.0"
"2026-10-01","9454845088","8804645007873","71629331","맥널티 갓성비 아메리카노 블랙커피, 1개, 100개입, 2g","95163444213","맥널티커피 갓성비 아메리카노 블랙커피,2개,2개,100개입,100개입,2g,2g","NO","Food","Coffee & Tea","원두커피믹스","맥널티커피","59400","4","0","34136","58840","0","560","0","29700","2","14850.0","2","2","29700.0","40.0","5","2","0","0.0"
"2026-10-01","9470391723","8804645007934","71636537","맥널티 티브루 호박팥차 무라벨, 20개, 500ml","95163527425","맥널티커피 티브루 호박팥차 무라벨,40개,40개,500ml,500ml","NO","Food","Drinks","농축액(음료베이스)","맥널티커피","0","0","2","0","0","0","0","0","0","0","0.0","1","1","0.0","8.333333333333332","12","0","0","0.0"
"2026-10-01","9244376556","8804645007989","71777603","투비 다크 블랙 블렌드 홀빈 원두 커피, 1kg, 홀빈(분쇄안함), 1개","95182652820","맥널티커피 다크 블랙 원두 블렌드 원두 홀빈,1kg,1kg,1개,1개","NO","Food","Coffee & Tea","원두","맥널티커피","153800","7","0","91805","151460","0","2340","0","153800","7","21971.428571428572","6","6","25633.333333333332","12.244897959183673","49","7","0","0.0"
"2026-10-01","9244376556","8804645007989","71777603","투비 다크 블랙 블렌드 홀빈 원두 커피, 1kg, 홀빈(분쇄안함), 1개","95190563412","맥널티커피 다크 블랙 원두 블렌드 원두 홀빈,1kg,1kg,2개,2개","NO","Food","Coffee & Tea","원두","맥널티커피","125400","6","0","78690","122140","0","3260","0","125400","6","20900.0","2","2","62700.0","50.0","4","3","0","0.0"
"2026-10-01","9244376556","8804645007989","71777603","투비 다크 블랙 블렌드 홀빈 원두 커피, 1kg, 홀빈(분쇄안함), 1개","95190563414","맥널티커피 다크 블랙 원두 블렌드 원두 홀빈,1kg,1kg,3개,3개","NO","Food","Coffee & Tea","원두","맥널티커피","61200","3","0","39345","58750","0","2450","0","61200","3","20400.0","1","1","61200.0","100.0","1","1","0","0.0"
"2026-10-01","1942501818","8804645300950","12491225","맥널티 핸드드립 커피필터 30개입","95240550975","맥널티커피  핸드드립 커피필터,30개입,30개입,2개,2개","NO","Kitchen","Tools & Gadgets","커피필터/여과지","맥널티","24990","6","0","16422","24990","0","0","0","0","0","4165.0","3","3","8330.0","20.0","15","3","0","0.0"
"2026-10-01","1942501818","8804645300950","12491225","맥널티 핸드드립 커피필터 30개입","95240551043","맥널티 핸드드립 커피필터 여과지,30개입,30개입,3개,3개","NO","Kitchen","Tools & Gadgets","커피필터/여과지","맥널티","12490","3","0","8211","12490","0","0","0","0","0","4163.333333333333","1","1","12490.0","50.0","2","1","0","0.0"
"2026-10-01","324195553","9311931105162","3067428","인스턴트 병커피 헤이즐넛향 50g","95298805338","프라이빗클럽 헤이즐넛향 병커피 원두커피믹스,50g,50g,1개입,1개입,6개,6개","NO","Food","Coffee & Tea","커피믹스","프라이빗클럽","367520","78","0","179400","351850","0","15670","0","367520","78","4711.794871794872","13","13","28270.76923076923","30.952380952380953","42","13","0","0.0"
"2026-10-01","324195553","9311931105162","3067428","인스턴트 병커피 헤이즐넛향 50g","95298805339","프라이빗클럽 맥널티 헤이즐넛향 병커피,50g,50g,1개입,1개입,4개,4개","NO","Food","Coffee & Tea","커피믹스","프라이빗클럽","94330","20","0","46000","91950","0","2380","0","94330","20","4716.5","5","5","18866.0","27.77777777777778","18","5","0","0.0"
"2026-10-01","324195553","9311931105162","3067428","인스턴트 병커피 헤이즐넛향 50g","95298805355","프라이빗클럽 맥널티 헤이즐넛향 병커피,50g,50g,1개입,1개입,3개,3개","NO","Food","Coffee & Tea","커피믹스","프라이빗클럽","29200","6","0","13800","27960","0","1240","0","29200","6","4866.666666666667","2","2","14600.0","11.11111111111111","18","2","1","4.0"
"2026-10-01","324195553","9311931105162","3067428","인스턴트 병커피 헤이즐넛향 50g","95298805390","프라이빗클럽 맥널티 헤이즐넛향 병커피,50g,50g,1개입,1개입,5개,5개","NO","Food","Coffee & Tea","커피믹스","프라이빗클럽","70650","15","0","34500","68920","0","1730","0","70650","15","4710.0","3","3","23550.0","21.428571428571427","14","3","0","0.0"
"2026-10-01","6501093720","8804645007965","73944650","맥널티 복숭아 아이스티 대용량 파우치, 1개, 2.1L","95467325453","맥널티커피 대용량 복숭아 아이스티 파우치,2.1L,2.1L,1개,1개","NO","Food","Drinks","차음료","맥널티커피","10000","2","0","4826","10000","0","0","0","0","0","5000.0","2","2","5000.0","33.33333333333333","6","2","0","0.0"
"2026-10-01","6501093720","8804645007965","73944650","맥널티 복숭아 아이스티 대용량 파우치, 1개, 2.1L","95474357016","맥널티커피 대용량 복숭아 아이스티 파우치,2.1L,2.1L,3개,3개","NO","Food","Drinks","차음료","맥널티커피","22740","6","0","14478","22740","0","0","0","0","0","3790.0","2","2","11370.0","18.181818181818183","11","2","2","5.0"
"2026-10-01","6501093720","8804645007965","73944650","맥널티 복숭아 아이스티 대용량 파우치, 1개, 2.1L","95474357017","맥널티커피 대용량 복숭아 아이스티 파우치,2.1L,2.1L,2개,2개","NO","Food","Drinks","차음료","맥널티커피","90960","24","0","57912","90960","0","0","0","0","0","3790.0","12","12","7580.0","16.216216216216218","74","12","0","0.0"
"2026-10-01","6501093720","8804645007965","73944650","맥널티 복숭아 아이스티 대용량 파우치, 1개, 2.1L","95474357018","맥널티커피 대용량 복숭아 아이스티 파우치,2.1L,2.1L,5개,5개","NO","Food","Drinks","차음료","맥널티커피","18950","5","0","12065","18530","0","420","0","18950","5","3790.0","1","1","18950.0","33.33333333333333","3","1","0","0.0"
"2026-10-01","6501093720","8804645007965","73944650","맥널티 복숭아 아이스티 대용량 파우치, 1개, 2.1L","95474357062","맥널티커피 대용량 복숭아 아이스티 파우치,2.1L,2.1L,6개,6개","NO","Food","Drinks","차음료","맥널티커피","204660","54","0","130302","203660","0","1000","0","204660","54","3790.0","2","2","102330.0","20.0","10","9","0","0.0"
"2026-10-01","6501093720","8804645007965","73944650","맥널티 복숭아 아이스티 대용량 파우치, 1개, 2.1L","95474357066","맥널티커피 대용량 복숭아 아이스티 파우치,2.1L,2.1L,4개,4개","NO","Food","Drinks","차음료","맥널티커피","121280","32","0","77216","118560","0","2720","0","121280","32","3790.0","8","8","15160.0","61.53846153846154","13","8","0","0.0"
"2026-10-01","8401715066","8804645007958","73951791","맥널티 아이스 아메리카노 블랙 커피 대용량 파우치, 1개, 2.1L","95474484555","맥널티커피 아이스 아메리카노 블랙 대용량 파우치,2.1L,2.1L,3개,3개","NO","Food","Drinks","커피음료","맥널티커피","125070","33","3","79629","113700","11370","0","0","11370","3","3790.0","12","11","11370.0","46.15384615384615","26","11","2","5.0"
"2026-10-01","8401715066","8804645007958","73951791","맥널티 아이스 아메리카노 블랙 커피 대용량 파우치, 1개, 2.1L","95474484557","맥널티커피 아이스 아메리카노 블랙 대용량 파우치,2.1L,2.1L,5개,5개","NO","Food","Drinks","커피음료","맥널티커피","37900","10","0","24130","37060","0","840","0","37900","10","3790.0","2","2","18950.0","100.0","2","2","0","0.0"
"2026-10-01","8401715066","8804645007958","73951791","맥널티 아이스 아메리카노 블랙 커피 대용량 파우치, 1개, 2.1L","95474484558","맥널티커피 아이스 아메리카노 블랙 대용량 파우치,2.1L,2.1L,6개,6개","NO","Food","Drinks","커피음료","맥널티커피","90960","24","0","57912","89960","0","1000","0","45480","12","3790.0","3","3","30320.0","23.076923076923077","13","4","3","5.0"
"2026-10-01","8401715066","8804645007958","73951791","맥널티 아이스 아메리카노 블랙 커피 대용량 파우치, 1개, 2.1L","95474484589","맥널티커피 아이스 아메리카노 블랙 대용량 파우치,2.1L,2.1L,2개,2개","NO","Food","Drinks","커피음료","맥널티커피","477540","126","4","304038","477540","0","0","0","0","0","3790.0","65","64","7461.5625","22.413793103448278","290","63","7","5.0"
"2026-10-01","8401715066","8804645007958","73951791","맥널티 아이스 아메리카노 블랙 커피 대용량 파우치, 1개, 2.1L","95474484591","맥널티커피 아이스 아메리카노 블랙 대용량 파우치,2.1L,2.1L,4개,4개","NO","Food","Drinks","커피음료","맥널티커피","242560","64","0","154432","236946","514","5100","0","227400","60","3790.0","16","16","15160.0","51.61290322580645","31","16","0","0.0"
"2026-10-01","8401715066","8804645007958","73951791","맥널티 아이스 아메리카노 블랙 커피 대용량 파우치, 1개, 2.1L","95475891925","맥널티커피 아이스 아메리카노 블랙 대용량 파우치,2.1L,2.1L,2개,2개","NO","Food","Drinks","커피음료","맥널티커피","568500","150","4","361950","568500","0","0","0","0","0","3790.0","76","76","7480.263157894737","12.121212121212121","627","74","1","5.0"
"2026-10-01","6501093720","8804645007965","73944650","맥널티 복숭아 아이스티 대용량 파우치, 1개, 2.1L","95475892070","맥널티커피 대용량 복숭아 아이스티 파우치,2.1L,2.1L,2개,2개","NO","Food","Drinks","차음료","맥널티커피","257720","68","2","164084","257720","0","0","0","0","0","3790.0","35","35","7363.428571428572","15.086206896551724","232","34","2","5.0"
"2026-10-01","8556802120","8804645007484","56214467","맥널티커피 아이브루 카라멜 마끼아또, 12g x 100개입(스틱), 1200g , 1개","95476375514","맥널티커피 아이브루 카라멜 마끼아또 커피믹스,3개,3개,100개입,100개입,12g,12g","NO","Food","Coffee & Tea","커피믹스","맥널티커피","50700","3","0","37629","50700","0","0","0","0","0","16900.0","1","1","50700.0","50.0","2","1","0","0.0"
"2026-10-01","8288508361","8804645006395","36903434","맥널티 아이브루 플러스 헤이즐넛 블랙커피 100개입","95637546450","아이브루 플러스 공정무역 헤이즐넛 블랙커피,1g,1g,100개입,100개입,4개,4개","NO","Food","Coffee & Tea","원두커피믹스","아이브루","38160","4","8","30492","28740","0","3140","0","38160","4","9540.0","3","1","38160.0","100.0","3","1","1","5.0"
"2026-10-01","8401715066","8804645005916","75683093","맥널티 아이스 아메리카노 블랙 1리터, 1L, 1개","95668824742","맥널티커피 아이스 아메리카노 블랙,1L,1L,2개,2개","NO","Food","Drinks","커피음료","맥널티커피","58000","20","0","34280","58000","0","0","0","0","0","2900.0","10","10","5800.0","58.82352941176471","17","10","0","0.0"
"2026-10-01","9618053831","8804645005930","75694561","맥널티커피 아이스 아메리카노 헤이즐넛, 1개, 1L","95669972217","맥널티커피 아이스 아메리카노 헤이즐넛,2개,2개,1L,1L","NO","Food","Drinks","커피음료","맥널티커피","9430","2","0","3428","9430","0","0","0","0","0","4715.0","1","1","9430.0","33.33333333333333","3","1","0","0.0"
"2026-10-01","6557407422","8804645005923","75765043","맥널티 아이스아메리카노 스위트, 1개, 1L","95687240424","맥널티커피 아이스 아메리카노 스위트,1L,1L,4개,4개","NO","Food","Drinks","커피음료","맥널티커피","11600","4","0","6856","11600","0","0","0","0","0","2900.0","1","1","11600.0","100.0","1","1","0","0.0"
"2026-10-01","6557407422","8804645005923","75765043","맥널티 아이스아메리카노 스위트, 1개, 1L","95687240433","맥널티커피 아이스 아메리카노 스위트,1L,1L,5개,5개","NO","Food","Drinks","커피음료","맥널티커피","14500","5","0","8570","14500","0","0","0","0","0","2900.0","1","1","14500.0","0.0","0","1","0","0.0"
"2026-10-01","6557407422","8804645005923","75765043","맥널티 아이스아메리카노 스위트, 1개, 1L","95687240434","맥널티커피 아이스 아메리카노 스위트,1L,1L,2개,2개","NO","Food","Drinks","커피음료","맥널티커피","94400","32","2","54848","86810","5900","1560","0","82600","28","2950.0","16","16","5900.0","18.39080459770115","87","16","1","5.0"
"2026-10-01","6557407422","8804645005923","75765043","맥널티 아이스아메리카노 스위트, 1개, 1L","95687240435","맥널티커피 아이스 아메리카노 스위트,1L,1L,3개,3개","NO","Food","Drinks","커피음료","맥널티커피","113100","39","6","66846","110700","0","2000","0","95700","33","2900.0","14","12","9425.0","100.0","14","13","0","0.0"
"2026-10-01","6557407422","8804645005923","75765043","맥널티 아이스아메리카노 스위트, 1개, 1L","95687240437","맥널티커피 아이스 아메리카노 스위트,1L,1L,6개,6개","NO","Food","Drinks","커피음료","맥널티커피","16160","6","0","10284","16160","0","0","0","0","0","2693.3333333333335","1","1","16160.0","7.6923076923076925","13","1","0","0.0"
"2026-10-01","6517973078","8804645005954","75850021","맥널티 허니자몽 블랙티, 1L, 1개","95700394916","맥널티커피 허니자몽 블랙티,1L,1L,2개,2개","NO","Food","Drinks","차음료","맥널티커피","46400","16","0","27424","46400","0","0","0","0","0","2900.0","8","8","5800.0","14.035087719298245","57","8","0","0.0"
"2026-10-01","8943722025","8804645007996","76230458","맥널티 진 보리차 1개 1kg","95739490220","맥널티커피 진 보리차,1개,1개,1kg,1kg","NO","Food","Coffee & Tea","둥글레/옥수수/보리/결명자차","맥널티커피","71600","4","1","60836","69600","0","1600","0","71600","4","17900.0","5","3","23866.666666666668","13.88888888888889","36","4","0","0.0"
"2026-10-01","7052326812","8804645006425","76443755","맥널티 브라질 세라도 NY.2 원두 1kg, 1개","95767959676","맥널티커피 브라질 세라도 NY.2 원두,1kg,1kg,1개,1개","NO","Food","Coffee & Tea","원두","브랜드없음","48700","2","0","35218","48700","0","0","0","0","0","24350.0","2","2","24350.0","6.451612903225806","31","2","0","0.0"
"2026-10-01","9629201786","18804645008013","76540319","맥널티 호랭이 마일드 라떼 캔커피, 30개, 175ml","95780789743","맥널티 호랭이 마일드 라떼 캔커피,30개,30개,175ml,175ml","NO","Food","Drinks","커피음료","맥널티커피","1433600","112","1","954576","1326600","0","0","106000","1356800","106","12800.0","112","112","12800.0","11.76470588235294","952","112","3","3.7"
"2026-10-01","9629201786","18804645008013","76540319","맥널티 호랭이 마일드 라떼 캔커피, 30개, 175ml","95786605265","맥널티 호랭이 마일드 라떼 캔커피,180개,180개,175ml,175ml","NO","Food","Drinks","커피음료","맥널티커피","153600","12","0","102276","141600","0","0","12000","153600","12","12800.0","1","1","153600.0","33.33333333333333","3","2","0","0.0"
"2026-10-01","9629201786","18804645008013","76540319","맥널티 호랭이 마일드 라떼 캔커피, 30개, 175ml","95786605266","맥널티 호랭이 마일드 라떼 캔커피,60개,60개,175ml,175ml","NO","Food","Drinks","커피음료","맥널티커피","230400","18","2","153414","210400","0","0","20000","230400","18","12800.0","8","8","28800.0","61.53846153846154","13","9","3","3.7"
"2026-10-01","9629201786","18804645008013","76540319","맥널티 호랭이 마일드 라떼 캔커피, 30개, 175ml","95786605273","맥널티 호랭이 마일드 라떼 캔커피,90개,90개,175ml,175ml","NO","Food","Drinks","커피음료","맥널티커피","115200","9","0","76707","77200","35000","0","3000","76800","6","12800.0","3","3","38400.0","33.33333333333333","9","3","0","0.0"
"2026-10-01","9629201786","18804645008013","76540319","맥널티 호랭이 마일드 라떼 캔커피, 30개, 175ml","95786605279","맥널티 호랭이 마일드 라떼 캔커피,120개,120개,175ml,175ml","NO","Food","Drinks","커피음료","맥널티커피","102400","8","0","68184","94400","0","0","8000","102400","8","12800.0","2","2","51200.0","16.666666666666664","12","2","0","0.0"
"2026-10-01","9618053831","8804645008030","77572705","맥널티 아이스 아메리카노 헤이즐넛, 1개, 2.1L","95883431972","맥널티커피 아이스 아메리카노 헤이즐넛,1개,1개,2.1L,2.1L","NO","Food","Drinks","커피음료","맥널티커피","55000","10","0","24130","53700","0","1300","0","55000","10","5500.0","10","10","5500.0","33.33333333333333","30","10","0","0.0"
"2026-10-01","9618053831","8804645008030","77572705","맥널티 아이스 아메리카노 헤이즐넛, 1개, 2.1L","95888645025","맥널티커피 아이스 아메리카노 헤이즐넛,2개,2개,2.1L,2.1L","NO","Food","Drinks","커피음료","맥널티커피","659460","174","2","419862","637395","9315","12580","0","598820","158","3790.0","85","84","7850.714285714285","11.348464619492656","749","87","2","3.5"
"2026-10-01","9618053831","8804645008030","77572705","맥널티 아이스 아메리카노 헤이즐넛, 1개, 2.1L","95888645028","맥널티커피 아이스 아메리카노 헤이즐넛,4개,4개,2.1L,2.1L","NO","Food","Drinks","커피음료","맥널티커피","197080","52","0","125476","193680","0","3400","0","151600","40","3790.0","11","11","17916.363636363636","73.33333333333333","15","13","0","0.0"
"2026-10-01","9618053831","8804645008030","77572705","맥널티 아이스 아메리카노 헤이즐넛, 1개, 2.1L","95888645057","맥널티커피 아이스 아메리카노 헤이즐넛,5개,5개,2.1L,2.1L","NO","Food","Drinks","커피음료","맥널티커피","113700","30","5","72390","92230","18950","2100","0","113700","30","3790.0","7","7","16242.857142857143","77.77777777777779","9","6","0","0.0"
"2026-10-01","9709158118","8804645007958","73951791","맥널티 아이스 아메리카노 블랙 커피 대용량 파우치, 1개, 2.1L","95975560291","맥널티커피 아이스 아메리카노 블랙 대용량 파우치,2.1L,2.1L,1개,1개","YES","Food","Drinks","커피음료","맥널티커피","171600","44","2","106172","171600","0","0","0","0","0","3900.0","46","44","3900.0","21.49532710280374","214","43","1","5.0"
"2026-10-01","9709158118","8804645007958","73951791","맥널티 아이스 아메리카노 블랙 커피 대용량 파우치, 1개, 2.1L","95975560324","맥널티커피 아이스 아메리카노 블랙 대용량 파우치,2.1L,2.1L,2개,2개","YES","Food","Drinks","커피음료","맥널티커피","159180","42","4","101346","159180","0","0","0","0","0","3790.0","20","20","7959.0","33.89830508474576","59","21","2","5.0"
"2026-10-01","9730607617","8804645005930","75694561","맥널티커피 아이스 아메리카노 헤이즐넛, 1개, 1L","96042897453","맥널티커피 아이스 아메리카노 헤이즐넛,1개,1개,1L,1L","YES","Food","Drinks","커피음료","맥널티커피","18880","4","0","6856","18880","0","0","0","0","0","4720.0","4","4","4720.0","26.666666666666668","15","4","0","0.0"
"2026-10-01","9730607656","8804645005930","75694561","맥널티커피 아이스 아메리카노 헤이즐넛, 1개, 1L","96042897470","맥널티커피 아이스 아메리카노 헤이즐넛,2개,2개,1L,1L","YES","Food","Drinks","커피음료","맥널티커피","9430","2","0","3428","9430","0","0","0","0","0","4715.0","1","1","9430.0","11.11111111111111","9","1","0","0.0"
"2026-10-01","7554533915","8804645006869","80661387","베트남 로부스타 G1 싱글오리진 커피 원두, 1개, 1kg","96076191457","맥널티커피 베트남 G1 싱글오리진 커피 원두,1개,1개,1kg,1kg","NO","Food","Coffee & Tea","원두","맥널티커피","13900","1","0","10741","13900","0","0","0","0","0","13900.0","1","1","13900.0","3.125","32","1","0","0.0"
"2026-10-01","5066205124","8804645006449","80855137","맥널티 에티오피아 예가체프 G2 원두 1kg, 1개, 홀빈(분쇄안함)","96089417533","맥널티커피 에티오피아 예가체프 G2 홀빈 커피 원두,1kg,1kg,1개,1개,홀빈(분쇄안함),홀빈(분쇄안함)","NO","Food","Coffee & Tea","원두","맥널티커피","29700","1","0","22332","28540","0","1160","0","29700","1","29700.0","1","1","29700.0","5.0","20","1","0","0.0"
"2026-10-01","7863543179","8804645006067","25240400","맥널티 스테비아 커피믹스 100개입","96113514064","맥널티커피 스테비아 커피믹스,9.5g,9.5g,100개입,100개입,3개,3개","NO","Food","Coffee & Tea","커피믹스","맥널티커피","52540","3","0","38880","52540","0","0","0","0","0","17513.333333333332","1","1","52540.0","50.0","2","1","0","0.0"
"2026-10-01","8784725489","8804645007590","58338694","티브루 보리차 원액 간편 액상스틱 진액, 30개, 10ml","96117130762","맥널티커피 티브루 보리차 진액,10ml,10ml,300개,300개","NO","Food","Drinks","농축액(음료베이스)","맥널티","68730","10","0","52860","68730","0","0","0","0","0","6873.0","1","1","68730.0","0.0","0","1","0","0.0"
"2026-10-01","8096962372","8804645100185","10147180","맥널티 행복을 주는 커피 헤이즐넛향 1kg 홀빈","96117988963","맥널티커피 행복을 주는 커피 헤이즐넛향 원두,1kg,1kg,5개,5개,홀빈(분쇄안함),홀빈(분쇄안함)","NO","Food","Coffee & Tea","원두","맥널티커피","149000","5","0","76220","142740","0","6260","0","149000","5","29800.0","1","1","149000.0","0.0","0","1","0","0.0"
"2026-10-01","7757594782","8804645006302","10147177","맥널티 홀빈 블루마운틴 1000g","96118155354","맥널티 홀빈 블루마운틴,홀빈(분쇄안함),홀빈(분쇄안함),1kg,1kg,5개,5개","NO","Food","Coffee & Tea","원두","맥널티커피","134500","5","0","78575","128850","0","5650","0","134500","5","26900.0","1","1","134500.0","0.0","0","1","0","0.0"
"2026-10-01","1942501818","8804645300950","12491225","맥널티 핸드드립 커피필터 30개입","96118286975","맥널티커피  핸드드립 커피필터,30개입,30개입,6개,6개","NO","Kitchen","Tools & Gadgets","커피필터/여과지","맥널티","23600","6","0","16422","23600","0","0","0","0","0","3933.3333333333335","1","1","23600.0","25.0","4","1","0","0.0"
"2026-10-02","8302244","8804645100208","45570","맥널티_헤이즐넛원두분쇄커피_226G","3011733530","맥널티커피 리치 헤이즐넛향 분쇄 원두 핸드드립,226g,226g,1개,1개","NO","Food","Coffee & Tea","원두","맥널티커피","509600","52","6","259584","495660","0","13140","0","490000","50","9800.0","55","50","10192.0","11.802575107296137","466","52","4","5.0"
"2026-10-02","8302239","8804645100215","45571","맥널티_ 자메이카 블루마운틴 블렌드_226G","3011733533","맥널티커피 자메이카 블루마운틴 블렌드 분쇄 원두커피 핸드드립,226g,226g,1개,1개","NO","Food","Coffee & Tea","커피믹스","맥널티커피","470400","48","2","239808","460600","0","9400","0","460600","47","9800.0","50","50","9408.0","12.31527093596059","406","48","2","3.5"
"2026-10-02","8302244","8804645100468","45572","맥널티_헤이즐넛원두분쇄커피_500G","3011733535","맥널티커피 리치 헤이즐넛향 분쇄 원두 핸드드립,500g,500g,1개,1개","NO","Food","Coffee & Tea","원두","맥널티커피","488070","29","0","230840","488070","0","0","0","0","0","16830.0","29","29","16830.0","33.33333333333333","87","29","1","5.0"
"2026-10-02","8243431303","8804645100451","45573","맥널티_블루마운틴스타일원두분쇄커피_500G","3011733538","맥널티커피 시그니처 블루마운틴 블렌드 분쇄 원두 핸드드립,500g,500g,1개,1개","NO","Food","Coffee & Tea","원두","맥널티커피","224520","12","0","133092","210780","9000","4740","0","224520","12","18710.0","12","12","18710.0","12.903225806451612","93","12","0","0.0"
"2026-10-02","6709735713","8804645000515","2341900","맥널티 iBrew 미니 헤이즐넛향 200개입(200g)","3063818056","아이브루 헤이즐넛향 원두커피믹스,1g,1g,200개입,200개입,1개,1개","NO","Food","Coffee & Tea","커피믹스","아이브루","770400","36","1","357012","765900","0","4350","0","663400","31","21400.0","34","34","22658.823529411766","15.11111111111111","225","36","4","5.0"
"2026-10-02","19272798","8804645000683","3067425","아이브루 예가체프 블렌드 70개입","3130455618","아이브루 예가체프 블렌드 원두커피믹스,70개입,70개입,1개,1개,1g,1g","NO","Food","Coffee & Tea","커피믹스","아이브루","34140","2","0","12410","34140","0","0","0","0","0","17070.0","2","2","17070.0","6.896551724137931","29","2","0","0.0"
"2026-10-02","1731799474","9311931901160","3067426","인스턴트 병커피 아이리쉬크림 50g","3130455621","프라이빗클럽 맥널티 아이리쉬크림향 원두커피믹스 병커피,1개입,1개입,1개,1개,50g,50g","NO","Food","Coffee & Tea","커피믹스","프라이빗클럽","76700","13","0","43186","75740","0","960","0","76700","13","5900.0","8","8","9587.5","6.015037593984962","133","13","0","0.0"
"2026-10-02","6709735713","8804645000706","3067423","아이브루 헤이즐넛향 70개입","3130455623","아이브루 헤이즐넛향 원두커피믹스,1g,1g,70개입,70개입,1개,1개","NO","Food","Coffee & Tea","커피믹스","아이브루","121770","11","1","44275","118530","0","3020","0","121770","11","11070.0","12","11","11070.0","18.461538461538463","65","11","1","5.0"
"2026-10-02","181940092","8804645000355","3067430","산지별 케냐 AA 핸드드립커피 7개입","3130455625","맥널티커피 케냐 AA 핸드드립 원두커피,8g,8g,7개입,7개입,1개,1개","NO","Food","Coffee & Tea","드립백/티백","맥널티커피","5980","1","0","3062","5980","0","0","0","0","0","5980.0","1","1","5980.0","5.88235294117647","17","1","1","5.0"
"2026-10-02","19272806","8804645000348","3067433","산지별 에티오피아 코케 허니 핸드드립커피 7개입","3130455628","맥널티커피 에티오피아 코케 허니 핸드드립 원두,8g,8g,7개입,7개입,1개,1개","NO","Food","Coffee & Tea","드립백/티백","맥널티커피","5870","1","1","2910","5870","0","0","0","0","0","5870.0","2","1","5870.0","11.76470588235294","17","1","0","0.0"
"2026-10-02","19272807","8804645000331","3067434","산지별 에티오피아 예가체프 핸드드립커피 7개입","3130455630","맥널티커피 에티오피아 예가체프 G2 핸드드립 원두,8g,8g,7개입,7개입,1개,1개","NO","Food","Coffee & Tea","드립백/티백","맥널티커피","17700","3","0","9552","17700","0","0","0","0","0","5900.0","3","3","5900.0","16.666666666666664","18","3","1","5.0"
"2026-10-02","324195553","9311931105162","3067428","인스턴트 병커피 헤이즐넛향 50g","3564581311","프라이빗클럽 맥널티 병커피 헤이즐넛향,50g,50g,1개입,1개입,2개,2개","NO","Food","Coffee & Tea","커피믹스","프라이빗클럽","470400","96","8","220800","458640","0","10740","0","470400","96","4900.0","50","48","9800.0","10.266940451745379","487","48","8","5.0"
"2026-10-02","181940082","8804645000713","10003517","콜롬비아 핸드드립 블렌드 24개입","4347426285","맥널티커피 콜롬비아 핸드드립 블렌드 드립백커피,8g,8g,24개입,24개입,1개,1개","NO","Food","Coffee & Tea","드립백/티백","맥널티커피","141900","11","0","83248","141228","672","0","0","12900","1","12900.0","10","10","14190.0","18.51851851851852","54","11","1","5.0"
"2026-10-02","181940092","8804645000720","10003518","케냐 AA 핸드드립 블렌드 24개입","4347426562","맥널티커피 케냐 AA 핸드드립 원두커피,8g,8g,24개입,24개입,1개,1개","NO","Food","Coffee & Tea","드립백/티백","맥널티","28620","2","0","13594","28620","0","0","0","0","0","14310.0","2","2","14310.0","5.88235294117647","34","2","0","0.0"
"2026-10-02","8096962372","8804645100185","10147180","맥널티 행복을 주는 커피 헤이즐넛향 1kg 홀빈","4529030201","맥널티커피 행복을 주는 커피 헤이즐넛향 원두,1kg,1kg,1개,1개,홀빈(분쇄안함),홀빈(분쇄안함)","NO","Food","Coffee & Tea","원두","맥널티커피","357600","12","0","182928","348960","0","8640","0","357600","12","29800.0","10","10","35760.0","27.027027027027028","37","12","0","0.0"
"2026-10-02","7757594782","8804645006302","10147177","맥널티 홀빈 블루마운틴 1000g","4529030899","맥널티 홀빈 블루마운틴,홀빈(분쇄안함),홀빈(분쇄안함),1kg,1kg,1개,1개","NO","Food","Coffee & Tea","원두","맥널티커피","215200","8","0","125720","210240","0","4960","0","215200","8","26900.0","7","7","30742.85714285714","15.909090909090908","44","8","0","0.0"
"2026-10-02","319883678","8804645003066","10812901","맥널티 베트남 로부스타 원두커피 1kg","5464513909","맥널티커피 베트남 로부스타 G1 원두,1kg,1kg,1개,1개","NO","Food","Coffee & Tea","원두","맥널티커피","218900","11","0","128898","213620","0","5280","0","218900","11","19900.0","11","11","19900.0","32.35294117647059","34","11","0","0.0"
"2026-10-02","324195553","19311931309161","10837643","맥널티 병커피 헤이즐넛향 50gx10개","5493232668","프라이빗클럽 맥널티 헤이즐넛향 병커피,50g,50g,1개입,1개입,10개,10개","NO","Food","Coffee & Tea","원두커피믹스","프라이빗클럽","141990","3","0","69000","109140","30000","2850","0","141990","3","47330.0","3","3","47330.0","13.636363636363635","22","3","1","5.0"
"2026-10-02","1096433002","8804645003219","11019882","맥널티 아이브루 다크 블렌드 200T","70053514142","아이브루 다크 블렌드 원두커피믹스,1g,1g,200개입,200개입,1개,1개,1g,1g","NO","Food","Coffee & Tea","원두커피믹스","맥널티","209000","10","0","130960","205140","0","3860","0","209000","10","20900.0","7","7","29857.14285714286","12.280701754385964","57","10","0","0.0"
"2026-10-02","1096433032","8804645003226","11019883","맥널티 아이브루 모카 블랙 200T","70053514191","맥널티커피 아이브루 모카 블랙 원두커피믹스,1g,1g,200개입,200개입,1개,1개","NO","Food","Coffee & Tea","원두커피믹스","맥널티커피","82240","4","0","46748","82240","0","0","0","0","0","20560.0","4","4","20560.0","7.2727272727272725","55","4","0","0.0"
"2026-10-02","7740688995","8804645003486","11849981","행복을 주는 커피 블루마운틴 블렌드 분쇄 원두 커피 1kg","70738743548","맥널티커피 행복을 주는 커피 블루마운틴 원두,핸드드립,핸드드립,1kg,1kg,1개,1개","NO","Food","Coffee & Tea","원두","맥널티커피","178800","6","0","98160","175800","0","3000","0","178800","6","29800.0","5","5","35760.0","11.627906976744185","43","6","0","0.0"
"2026-10-02","1942501818","8804645300950","12491225","맥널티 핸드드립 커피필터 30개입","71284745163","맥널티커피  핸드드립 커피필터,30개입,30개입,1개,1개","NO","Kitchen","Tools & Gadgets","커피필터/여과지","맥널티","219300","51","2","139587","219300","0","0","0","0","0","4300.0","49","48","4568.75","19.67871485943775","249","51","4","4.8"
"2026-10-02","7387568872","8804645003493","12521866","맥널티 행복을 주는 커피 시그니처 헤이즐넛향 원두 커피 1Kg","71309336924","맥널티커피 시그니처 헤이즐넛향 원두,핸드드립(중간),핸드드립(중간),1kg,1kg,1개,1개","NO","Food","Coffee & Tea","원두","맥널티커피","383500","13","0","212576","374530","0","8970","0","383500","13","29500.0","13","13","29500.0","10.92436974789916","119","13","0","0.0"
"2026-10-02","1998370657","8804645100451","45573","맥널티_블루마운틴스타일원두분쇄커피_500G","71387821010","맥널티커피 시그니처 블루마운틴 블렌드 분쇄 원두 핸드드립,핸드드립,핸드드립,500g,500g,1개,1개","YES","Food","Coffee & Tea","원두","맥널티커피","18710","1","0","11091","18340","0","370","0","18710","1","18710.0","1","1","18710.0","10.0","10","1","0","0.0"
"2026-10-02","1998416575","8804645000515","2341900","맥널티 iBrew 미니 헤이즐넛향 200개입(200g)","71387902591","아이브루 헤이즐넛향 원두커피믹스,200개입,200개입,1개,1개,1g,1g","YES","Food","Coffee & Tea","커피믹스","아이브루","42800","2","0","19834","42500","0","300","0","42800","2","21400.0","2","2","21400.0","12.5","16","2","0","0.0"
"2026-10-02","2297380516","8804645003936","13277718","맥널티 행복을 주는 커피 브라질 산토스 1kg","71942049439","맥널티커피 행복을 주는 커피 원두 브라질 산토스,1kg,1kg,1개,1개,핸드드립,핸드드립","NO","Food","Coffee & Tea","원두","맥널티커피","323700","13","0","183183","316550","0","7150","0","323700","13","24900.0","11","11","29427.272727272728","12.941176470588237","85","13","0","0.0"
"2026-10-02","2297380544","8804645003929","13277719","맥널티 행복을 주는 커피 콜롬비아 블렌드 1kg","71942049472","맥널티커피 행복을 주는 커피 콜롬비아 블렌드 분쇄 원두,1kg,1kg,1개,1개","NO","Food","Coffee & Tea","원두","맥널티커피","476340","17","0","265183","471920","0","4420","0","448320","16","28020.0","14","14","34024.28571428572","12.727272727272727","110","17","3","4.3"
"2026-10-02","4562408679","8804645003066","10812901","맥널티 베트남 로부스타 원두커피 1kg","72859190627","맥널티커피 베트남 로부스타 G1 원두,홀빈(분쇄안함),홀빈(분쇄안함),1kg,1kg,1개,1개","YES","Food","Coffee & Tea","원두","맥널티커피","19900","1","0","11718","19060","0","840","0","19900","1","19900.0","1","1","19900.0","9.090909090909092","11","1","1","4.0"
"2026-10-02","5238676003","8804645100215","45571","맥널티_ 자메이카 블루마운틴 블렌드_226G","74684501509","맥널티커피 자메이카 블루마운틴 블렌드 분쇄 원두커피 핸드드립,226g,226g,1개,1개,핸드드립,핸드드립","YES","Food","Coffee & Tea","커피믹스","맥널티커피","78400","8","1","39968","76600","0","1600","0","78400","8","9800.0","9","8","9800.0","16.9811320754717","53","8","0","0.0"
"2026-10-02","5455241807","8804645002861","15720531","콜롬비아 블랙 100개입","75624373157","맥널티커피 콜롬비아 블랙 원두커피믹스,1g,1g,100개입,100개입,1박스,1박스","NO","Food","Coffee & Tea","원두커피믹스","맥널티커피","425100","39","2","247455","403920","9000","11740","0","425100","39","10900.0","40","39","10900.0","13.377926421404682","299","39","3","4.3"
"2026-10-02","6417111096","8804645005732","23400108","맥널티 디카페인100% 핸드드립 원두커피 24개입","81038762608","맥널티커피 디카페인100% 핸드드립 원두,8g,8g,24개입,24개입,1개,1개","NO","Food","Coffee & Tea","드립백/티백","맥널티커피","95340","6","0","56370","95340","0","0","0","0","0","15890.0","6","6","15890.0","11.538461538461538","52","6","0","0.0"
"2026-10-02","7615212597","8804645005879","24695530","아이스 헤이즐넛향 커피 190mL 10팩","81536870780","맥널티커피 아이스 헤이즐넛향 커피,190ml,190ml,10개,10개","NO","Food","Drinks","커피음료","맥널티커피","48960","8","0","27888","48960","0","0","0","0","0","6120.0","7","7","6994.285714285715","10.76923076923077","65","8","0","0.0"
"2026-10-02","8401715066","8804645005855","24695532","아이스 아메리카노 블랙 190mL 10팩","81536870788","맥널티커피 아이스 아메리카노 블랙,190ml,190ml,10개,10개","NO","Food","Drinks","커피음료","맥널티커피","49000","10","0","34860","49000","0","0","0","0","0","4900.0","10","10","4900.0","18.51851851851852","54","10","0","0.0"
"2026-10-02","6501088702","8804645005893","24752132","청포도 에이드 190mL 10팩","81557354751","맥널티커피 청포도 에이드,190ml,190ml,10개,10개","NO","Food","Drinks","과일음료","맥널티커피","19600","4","2","13944","19600","0","0","0","0","0","4900.0","5","5","3920.0","27.77777777777778","18","4","0","0.0"
"2026-10-02","6501093720","8804645005886","24752251","복숭아 아이스티 190mL 10팩","81557378598","맥널티커피 복숭아 아이스 티,190ml,190ml,10개,10개","NO","Food","Drinks","차음료","맥널티커피","36000","6","0","20916","36000","0","0","0","0","0","6000.0","6","6","6000.0","31.57894736842105","19","6","4","5.0"
"2026-10-02","6501093721","8804645005909","24752250","블루레몬 에이드 190mL 10팩","81557378606","맥널티커피 블루레몬에이드,190ml,190ml,10개,10개","NO","Food","Drinks","과일음료","맥널티커피","6000","1","0","3486","6000","0","0","0","0","0","6000.0","1","1","6000.0","9.090909090909092","11","1","3","5.0"
"2026-10-02","6501093720","18804645005944","24944268","맥널티 복숭아 아이스티 대용량 파우치 1Lx6입","81671633070","맥널티커피 복숭아 아이스티,1L,1L,6개,6개","NO","Food","Drinks","차음료","맥널티커피","15220","1","0","10252","15220","0","0","0","0","0","15220.0","1","1","15220.0","33.33333333333333","3","1","0","0.0"
"2026-10-02","6517973078","18804645005951","24944267","맥널티 허니자몽 블랙티 대용량 파우치 1Lx6입","81671633098","맥널티커피 허니 자몽 블랙티 대용량 파우치,1L,1L,6개,6개","NO","Food","Drinks","차음료","맥널티커피","15900","1","0","10252","15900","0","0","0","0","0","15900.0","1","1","15900.0","20.0","5","1","0","0.0"
"2026-10-02","7863543179","8804645006067","25240400","맥널티 스테비아 커피믹스 100개입","81794562129","맥널티커피 스테비아 커피믹스,9.5g,9.5g,100개입,100개입,1개,1개","NO","Food","Coffee & Tea","커피믹스","맥널티커피","1170000","54","4","699840","1135540","0","31740","0","1170000","54","21666.666666666668","56","54","21666.666666666668","19.51219512195122","287","54","9","4.9"
"2026-10-02","7863543179","8804645006074","25240402","맥널티 스테비아 커피믹스 30개입","81794562138","맥널티커피 스테비아 커피믹스,9.5g,9.5g,30개입,30개입,1개,1개","NO","Food","Coffee & Tea","커피믹스","맥널티커피","194250","25","0","120675","194250","0","0","0","0","0","7770.0","25","25","7770.0","7.598784194528875","329","25","2","5.0"
"2026-10-02","9654738237","18804645005920","25484251","맥널티커피 아메리카노 스위트 1Lx6입","81905632687","맥널티커피 아메리카노 스위트,1L,1L,6개,6개","NO","Food","Drinks","커피음료","맥널티커피","63800","4","1","41008","63800","0","0","0","0","0","15950.0","5","5","12760.0","100.0","5","4","0","0.0"
"2026-10-02","9618053831","18804645005937","25484257","맥널티 아이스 헤이즐넛향 커피 대용량 파우치 1Lx6입","81905633683","맥널티커피 아이스 헤이즐넛향 커피 대용량 파우치,6개,6개,1L,1L","NO","Food","Drinks","커피음료","맥널티커피","45660","3","0","30756","45660","0","0","0","0","0","15220.0","3","3","15220.0","50.0","6","3","1","5.0"
"2026-10-02","6636420565","8804645006029","26477367","맥널티 리얼 에스프레소샷 블랙 액상스틱커피 15mlx30개입","82374359581","맥널티커피 리얼 에스프레소 샷 블랙 액상 스틱 커피,15ml,15ml,30개입,30개입,1개,1개","NO","Food","Coffee & Tea","원두커피믹스","맥널티커피","177600","12","2","88656","177600","0","0","0","0","0","14800.0","12","12","14800.0","8.21917808219178","146","12","2","5.0"
"2026-10-02","6671175150","8804645006258","26870612","맥널티 핸드드립 버라이어티세트 30개입","82569913991","맥널티커피 핸드드립 버라이어티 원두커피 세트 30개입,커피 5종,커피 5종,1세트,1세트","NO","Food","Coffee & Tea","커피세트","맥널티커피","56700","3","1","28185","56700","0","-420","-2840","0","0","18900.0","4","4","14175.0","4.545454545454546","88","3","0","0.0"
"2026-10-02","8157289284","18804645006101","26889711","맥널티 제로칼로리 복숭아 아이스티 500ml 24입","82573306348","맥널티커피 복숭아 아이스티 제로,500ml,500ml,24개,24개","NO","Food","Drinks","차음료","맥널티커피","89500","5","0","61025","86900","0","2600","0","89500","5","17900.0","5","5","17900.0","3.0864197530864197","162","5","2","4.5"
"2026-10-02","6867933138","8804645006081","29461862","맥널티 아메리카노 아이스 블랙 100개입","83611282700","맥널티커피 아메리카노 아이스 블랙 커피믹스,1g,1g,100개입,100개입,1개,1개","NO","Food","Coffee & Tea","커피믹스","맥널티커피","218000","20","0","117000","211920","0","6080","0","218000","20","10900.0","20","20","10900.0","7.4074074074074066","270","20","6","4.7"
"2026-10-02","8302239","8804645100215","45571","맥널티_ 자메이카 블루마운틴 블렌드_226G","84639604567","맥널티커피 자메이카 블루마운틴 블렌드 분쇄 원두커피 핸드드립,226g,226g,2개,2개","NO","Food","Coffee & Tea","커피믹스","맥널티커피","98000","10","0","49960","95280","0","2720","0","98000","10","9800.0","5","5","19600.0","29.411764705882355","17","5","0","0.0"
"2026-10-02","6417111096","8804645005732","23400108","맥널티 디카페인100% 핸드드립 원두커피 24개입","84639606864","맥널티커피 디카페인100% 핸드드립 원두,8g,8g,24개입,24개입,2개,2개","NO","Food","Coffee & Tea","드립백/티백","맥널티커피","63560","4","0","37580","63560","0","0","0","0","0","15890.0","2","2","31780.0","100.0","2","2","0","0.0"
"2026-10-02","7387568872","8804645003493","12521866","맥널티 행복을 주는 커피 시그니처 헤이즐넛향 원두 커피 1Kg","84639607101","맥널티커피 시그니처 헤이즐넛향 원두,핸드드립,핸드드립,1kg,1kg,2개,2개","NO","Food","Coffee & Tea","원두","맥널티커피","57000","2","0","32704","56520","0","480","0","57000","2","28500.0","1","1","57000.0","8.333333333333332","12","1","0","0.0"
"2026-10-02","8302244","8804645100468","45572","맥널티_헤이즐넛원두분쇄커피_500G","84639607653","맥널티커피 리치 헤이즐넛향 분쇄 원두 핸드드립,500g,500g,2개,2개","NO","Food","Coffee & Tea","원두","맥널티커피","178800","12","0","95520","178800","0","0","0","0","0","14900.0","6","6","29800.0","13.636363636363635","44","6","0","0.0"
"2026-10-02","8302244","8804645100208","45570","맥널티_헤이즐넛원두분쇄커피_226G","84639607771","맥널티커피 리치 헤이즐넛향 분쇄 원두 핸드드립,226g,226g,2개,2개","NO","Food","Coffee & Tea","원두","맥널티커피","56160","6","0","29952","56160","0","0","0","0","0","9360.0","3","3","18720.0","42.857142857142854","7","3","0","0.0"
"2026-10-02","7387568872","8804645003493","12521866","맥널티 행복을 주는 커피 시그니처 헤이즐넛향 원두 커피 1Kg","85072869141","맥널티커피 시그니처 헤이즐넛향 원두,생두,생두,1kg,1kg,3개,3개","NO","Food","Coffee & Tea","원두","맥널티커피","85500","3","0","49056","84780","0","720","0","85500","3","28500.0","1","1","85500.0","25.0","4","1","0","0.0"
"2026-10-02","2297380544","8804645003929","13277719","맥널티 행복을 주는 커피 콜롬비아 블렌드 1kg","85101503793","맥널티커피 행복을 주는 커피 콜롬비아 블렌드 분쇄 원두,1kg,1kg,2개,2개","NO","Food","Coffee & Tea","원두","맥널티커피","56040","2","0","31198","55370","0","670","0","56040","2","28020.0","1","1","56040.0","100.0","1","1","0","0.0"
"2026-10-02","6709735713","8804645000706","3067423","아이브루 헤이즐넛향 70개입","85166941579","아이브루 헤이즐넛향 원두커피믹스,1g,1g,70개입,70개입,2개,2개","NO","Food","Coffee & Tea","커피믹스","아이브루","22140","2","0","8050","21460","0","680","0","22140","2","11070.0","1","1","22140.0","11.11111111111111","9","1","0","0.0"
"2026-10-02","19272802","8804645000300","3067429","산지별 브라질 세라도 NY2 핸드드립커피 7개입","85166941770","맥널티커피 브라질 세라도 NY2 핸드드립 원두커피,8g,8g,7개입,7개입,2개,2개","NO","Food","Coffee & Tea","드립백/티백","맥널티커피","10600","2","0","5774","10600","0","0","0","0","0","5300.0","1","1","10600.0","100.0","1","1","0","0.0"
"2026-10-02","8302244","8804645100468","45572","맥널티_헤이즐넛원두분쇄커피_500G","85166950446","맥널티커피 리치 헤이즐넛향 분쇄 원두 핸드드립,500g,500g,3개,3개","NO","Food","Coffee & Tea","원두","맥널티커피","44700","3","0","23880","44700","0","0","0","0","0","14900.0","1","1","44700.0","33.33333333333333","3","1","0","0.0"
"2026-10-02","8243431303","8804645100451","45573","맥널티_블루마운틴스타일원두분쇄커피_500G","85172310672","맥널티커피 시그니처 블루마운틴 블렌드 분쇄 원두 핸드드립,500g,500g,2개,2개","NO","Food","Coffee & Tea","원두","맥널티커피","74600","4","0","44364","73100","0","1500","0","74600","4","18650.0","2","2","37300.0","33.33333333333333","6","2","0","0.0"
"2026-10-02","8243431303","8804645100451","45573","맥널티_블루마운틴스타일원두분쇄커피_500G","85172311151","맥널티커피 시그니처 블루마운틴 블렌드 분쇄 원두 핸드드립,500g,500g,3개,3개","NO","Food","Coffee & Tea","원두","맥널티커피","105200","6","0","66546","103040","0","2160","0","105200","6","17533.333333333332","1","1","105200.0","100.0","1","2","0","0.0"
"2026-10-02","8302244","8804645100208","45570","맥널티_헤이즐넛원두분쇄커피_226G","85191203401","맥널티커피 리치 헤이즐넛향 분쇄 원두 핸드드립,226g,226g,3개,3개","NO","Food","Coffee & Tea","원두","맥널티커피","27330","3","0","14976","27330","0","0","0","0","0","9110.0","1","1","27330.0","20.0","5","1","1","5.0"
"2026-10-02","8302239","8804645100215","45571","맥널티_ 자메이카 블루마운틴 블렌드_226G","85191203479","맥널티커피 자메이카 블루마운틴 블렌드 분쇄 원두커피 핸드드립,226g,226g,3개,3개","NO","Food","Coffee & Tea","커피믹스","맥널티커피","29400","3","0","14988","25700","0","3700","0","29400","3","9800.0","1","1","29400.0","11.11111111111111","9","1","1","5.0"
"2026-10-02","6867933138","8804645006081","29461862","맥널티 아메리카노 아이스 블랙 100개입","85191203528","맥널티커피 아메리카노 아이스 블랙 커피믹스,1g,1g,100개입,100개입,4개,4개","NO","Food","Coffee & Tea","커피믹스","맥널티커피","43600","4","0","23400","42720","0","880","0","43600","4","10900.0","1","1","43600.0","50.0","2","1","0","0.0"
"2026-10-02","6501093720","18804645005944","24944268","맥널티 복숭아 아이스티 대용량 파우치 1Lx6입","85193843988","맥널티커피 복숭아 아이스티,1L,1L,12개,12개","NO","Food","Drinks","차음료","맥널티커피","30440","2","0","20504","30440","0","0","0","0","0","15220.0","1","1","30440.0","33.33333333333333","3","1","0","0.0"
"2026-10-02","7615212597","8804645005879","24695530","아이스 헤이즐넛향 커피 190mL 10팩","85194179186","맥널티커피 아이스 헤이즐넛향,190ml,190ml,20개,20개","NO","Food","Drinks","커피음료","맥널티커피","36720","6","0","20916","36720","0","0","0","0","0","6120.0","3","3","12240.0","30.0","10","3","0","0.0"
"2026-10-02","8401715066","8804645005855","24695532","아이스 아메리카노 블랙 190mL 10팩","85194742596","맥널티커피 아이스 아메리카노 블랙,190ml,190ml,30개,30개","NO","Food","Drinks","커피음료","맥널티커피","14700","3","0","10458","14700","0","0","0","0","0","4900.0","1","1","14700.0","14.285714285714285","7","1","0","0.0"
"2026-10-02","8401715066","8804645005855","24695532","아이스 아메리카노 블랙 190mL 10팩","85194745362","맥널티커피 아이스 아메리카노 블랙,190ml,190ml,50개,50개","NO","Food","Drinks","커피음료","맥널티커피","24500","5","0","17430","24500","0","0","0","0","0","4900.0","1","1","24500.0","100.0","1","1","1","5.0"
"2026-10-02","6557407422","8804645005862","24695531","아이스 아메리카노 스위트 190mL 10팩","85194758257","맥널티커피 아이스 아메리카노 스위트,190ml,190ml,20개,20개","NO","Food","Drinks","커피음료","맥널티커피","27000","6","0","20916","27000","0","0","0","0","0","4500.0","3","3","9000.0","30.0","10","3","0","0.0"
"2026-10-02","6557407422","8804645005862","24695531","아이스 아메리카노 스위트 190mL 10팩","85194776273","맥널티커피 아이스 아메리카노 스위트,190ml,190ml,40개,40개","NO","Food","Drinks","커피음료","맥널티커피","18000","4","0","13944","18000","0","0","0","0","0","4500.0","1","1","18000.0","50.0","2","1","0","0.0"
"2026-10-02","6557407422","8804645005862","24695531","아이스 아메리카노 스위트 190mL 10팩","85194783479","맥널티커피 아이스 아메리카노 스위트,190ml,190ml,30개,30개","NO","Food","Drinks","커피음료","맥널티커피","13500","3","0","10458","13500","0","0","0","0","0","4500.0","1","1","13500.0","8.333333333333332","12","1","1","5.0"
"2026-10-02","6501093720","8804645005886","24752251","복숭아 아이스티 190mL 10팩","85194919180","맥널티커피 복숭아 아이스 티,190ml,190ml,20개,20개","NO","Food","Drinks","차음료","맥널티커피","12000","2","0","6972","12000","0","0","0","0","0","6000.0","1","1","12000.0","25.0","4","1","0","0.0"
"2026-10-02","6501093720","8804645005886","24752251","복숭아 아이스티 190mL 10팩","85194922161","맥널티커피 복숭아 아이스 티,190ml,190ml,30개,30개","NO","Food","Drinks","차음료","맥널티커피","31800","6","0","20916","29800","0","2000","0","31800","6","5300.0","2","2","15900.0","11.76470588235294","17","2","0","0.0"
"2026-10-02","5455241807","8804645002861","15720531","콜롬비아 블랙 100개입","85194922362","맥널티커피 콜롬비아 블랙 원두커피믹스,1g,1g,100개입,100개입,3개,3개","NO","Food","Coffee & Tea","원두커피믹스","맥널티커피","79870","9","0","57105","79870","0","0","0","0","0","8874.444444444445","3","3","26623.333333333332","18.75","16","3","0","0.0"
"2026-10-02","6501093720","8804645005886","24752251","복숭아 아이스티 190mL 10팩","85194924507","맥널티커피 복숭아 아이스 티,190ml,190ml,50개,50개","NO","Food","Drinks","차음료","맥널티커피","26500","5","0","17430","24820","0","1680","0","26500","5","5300.0","1","1","26500.0","100.0","1","1","1","5.0"
"2026-10-02","6501093720","8804645005886","24752251","복숭아 아이스티 190mL 10팩","85194926808","맥널티커피 복숭아 아이스 티,190ml,190ml,60개,60개","NO","Food","Drinks","차음료","맥널티커피","31800","6","0","20916","29800","0","2000","0","31800","6","5300.0","1","1","31800.0","100.0","1","1","0","0.0"
"2026-10-02","6501093721","8804645005909","24752250","블루레몬 에이드 190mL 10팩","85194936286","맥널티커피 블루레몬에이드,190ml,190ml,20개,20개","NO","Food","Drinks","과일음료","맥널티커피","12000","2","0","6972","12000","0","0","0","0","0","6000.0","1","1","12000.0","50.0","2","1","0","0.0"
"2026-10-02","6501093721","8804645005909","24752250","블루레몬 에이드 190mL 10팩","85194940256","맥널티커피 블루레몬에이드,190ml,190ml,30개,30개","NO","Food","Drinks","과일음료","맥널티커피","31440","6","0","20916","31440","0","0","0","0","0","5240.0","2","2","15720.0","40.0","5","2","1","5.0"
"2026-10-02","5455241807","8804645002861","15720531","콜롬비아 블랙 100개입","85194953537","맥널티커피 콜롬비아 블랙 원두커피믹스,1g,1g,100개입,100개입,2개,2개","NO","Food","Coffee & Tea","원두커피믹스","맥널티커피","78000","8","0","50760","56975","21025","0","0","39000","4","9750.0","4","4","19500.0","33.33333333333333","12","4","0","0.0"
"2026-10-02","6501088702","8804645005893","24752132","청포도 에이드 190mL 10팩","85195160238","맥널티커피 청포도 에이드,190ml,190ml,30개,30개","NO","Food","Drinks","과일음료","맥널티커피","29400","6","0","20916","29400","0","0","0","0","0","4900.0","2","2","14700.0","18.181818181818183","11","2","1","5.0"
"2026-10-02","8243431303","8804645100451","45573","맥널티_블루마운틴스타일원두분쇄커피_500G","85322263250","맥널티커피 시그니처 블루마운틴 블렌드 분쇄 원두 핸드드립,500g,500g,4개,4개","NO","Food","Coffee & Tea","원두","맥널티커피","69900","4","0","44364","68900","0","1000","0","69900","4","17475.0","1","1","69900.0","0.0","0","1","0","0.0"
"2026-10-02","19272806","8804645000348","3067433","산지별 에티오피아 코케 허니 핸드드립커피 7개입","85322264920","맥널티커피 에티오피아 코케 허니 핸드드립 원두,8g,8g,7개입,7개입,2개,2개","NO","Food","Coffee & Tea","드립백/티백","맥널티커피","23480","4","0","11640","23480","0","0","0","0","0","5870.0","2","2","11740.0","25.0","8","2","0","0.0"
"2026-10-02","319883678","8804645003066","10812901","맥널티 베트남 로부스타 원두커피 1kg","85322265154","맥널티커피 베트남 로부스타 G1 원두,1kg,1kg,2개,2개","NO","Food","Coffee & Tea","원두","맥널티커피","238800","12","0","140616","234000","0","4800","0","238800","12","19900.0","6","6","39800.0","28.57142857142857","21","6","0","0.0"
"2026-10-02","319883678","8804645003066","10812901","맥널티 베트남 로부스타 원두커피 1kg","85322265195","맥널티커피 베트남 로부스타 G1 원두,1kg,1kg,3개,3개","NO","Food","Coffee & Tea","원두","맥널티커피","59700","3","0","35154","57190","0","2510","0","59700","3","19900.0","1","1","59700.0","20.0","5","1","0","0.0"
"2026-10-02","8243738574","8804645000690","3067424","아이브루 케냐AA 블렌드 70개입","85322267056","맥널티 아이브루 케냐AA 블렌드 다크로스트 커피믹스,1g,1g,70개입,70개입,2개,2개","NO","Food","Coffee & Tea","커피믹스","아이브루","22400","2","0","12410","22400","0","0","0","0","0","11200.0","1","1","22400.0","50.0","2","1","0","0.0"
"2026-10-02","6709735713","8804645000515","2341900","맥널티 iBrew 미니 헤이즐넛향 200개입(200g)","85480600718","아이브루 헤이즐넛향 원두커피믹스,1g,1g,200개입,200개입,2개,2개","NO","Food","Coffee & Tea","커피믹스","아이브루","206440","10","0","99170","206440","0","0","0","0","0","20644.0","5","5","41288.0","33.33333333333333","15","5","2","5.0"
"2026-10-02","7268864468","8804645006340","34834818","맥널티 스테비아 제로슈가 핫초코 라떼 30개입 15g","85671431196","맥널티커피 스테비아 제로슈가 핫초코 라떼,15g,15g,30개입,30개입,1개,1개","NO","Food","Coffee & Tea","라떼분말","맥널티커피","115000","9","1","67500","115000","0","0","0","0","0","12777.777777777777","10","10","11500.0","5.347593582887701","187","9","1","5.0"
"2026-10-02","8096962372","8804645100185","10147180","맥널티 행복을 주는 커피 헤이즐넛향 1kg 홀빈","85895495270","맥널티커피 행복을 주는 커피 헤이즐넛향 원두,1kg,1kg,2개,2개,홀빈(분쇄안함),홀빈(분쇄안함)","NO","Food","Coffee & Tea","원두","맥널티커피","59600","2","0","30488","57090","0","2510","0","59600","2","29800.0","1","1","59600.0","0.0","0","1","0","0.0"
"2026-10-02","7268864468","8804645006340","34834818","맥널티 스테비아 제로슈가 핫초코 라떼 30개입 15g","85916848410","맥널티커피 스테비아 제로슈가 핫초코 라떼,15g,15g,30개입,30개입,2개,2개","NO","Food","Coffee & Tea","라떼분말","맥널티커피","50480","4","0","30000","50480","0","0","0","0","0","12620.0","2","2","25240.0","40.0","5","2","0","0.0"
"2026-10-02","7757594782","8804645006302","10147177","맥널티 홀빈 블루마운틴 1000g","85995313246","맥널티 홀빈 블루마운틴,홀빈(분쇄안함),홀빈(분쇄안함),1kg,1kg,2개,2개","NO","Food","Coffee & Tea","원두","맥널티커피","215200","8","0","125720","209700","0","5500","0","215200","8","26900.0","4","4","53800.0","57.14285714285714","7","4","0","0.0"
"2026-10-02","7387320683","8804645006791","36669698","제로 아이스티 복숭아, 30개입, 13g","86349682924","맥널티커피 복숭아 아이스티 제로,13g,13g,30개,30개","NO","Food","Drinks","차음료","맥널티커피","37560","4","0","23400","37560","0","0","0","0","0","9390.0","4","4","9390.0","30.76923076923077","13","4","1","5.0"
"2026-10-02","7387323458","8804645006807","36829226","제로 아이스티 청포도, 30개입, 13g 1개","86417557932","맥널티커피 청포도 아이스티 제로,390g,390g,30개입,30개입,1개,1개","NO","Food","Drinks","차음료","맥널티커피","7500","1","0","5850","7500","0","0","0","0","0","7500.0","1","1","7500.0","5.88235294117647","17","1","0","0.0"
"2026-10-02","8288508361","8804645006395","36903434","맥널티 아이브루 플러스 헤이즐넛 블랙커피 100개입","86458081778","아이브루 플러스 공정무역 헤이즐넛 블랙커피,1g,1g,100개입,100개입,1개,1개","NO","Food","Coffee & Tea","원두커피믹스","아이브루","1135260","119","5","907137","1135260","0","-1580","0","0","0","9540.0","114","113","10046.548672566372","11.25370187561698","1013","119","6","5.0"
"2026-10-02","7387323458","8804645006807","36829226","제로 아이스티 청포도, 30개입, 13g 1개","86469813969","맥널티커피 청포도 아이스티 제로,390g,390g,30개입,30개입,2개,2개","NO","Food","Drinks","차음료","맥널티커피","14500","2","0","11700","14500","0","0","0","0","0","7250.0","1","1","14500.0","100.0","1","1","0","0.0"
"2026-10-02","181940082","8804645000713","10003517","콜롬비아 핸드드립 블렌드 24개입","86556283131","맥널티커피 콜롬비아 핸드드립 블렌드 드립백커피,8g,8g,24개입,24개입,2개,2개","NO","Food","Coffee & Tea","드립백/티백","맥널티커피","77400","6","0","45408","77400","0","0","0","0","0","12900.0","3","3","25800.0","100.0","3","3","1","5.0"
"2026-10-02","181940082","8804645000713","10003517","콜롬비아 핸드드립 블렌드 24개입","86556283740","맥널티커피 콜롬비아 핸드드립 블렌드 드립백커피,8g,8g,24개입,24개입,3개,3개","NO","Food","Coffee & Tea","드립백/티백","맥널티커피","38700","3","3","22704","-153","16700","0","0","38700","3","12900.0","2","1","38700.0","200.0","1","1","0","0.0"
"2026-10-02","181940092","8804645000720","10003518","케냐 AA 핸드드립 블렌드 24개입","86569241933","맥널티커피 케냐AA 핸드드립 블렌드커피,8g,8g,24개입,24개입,2개,2개","NO","Food","Coffee & Tea","드립백/티백","맥널티","57240","4","0","27188","57240","0","0","0","0","0","14310.0","2","2","28620.0","66.66666666666666","3","2","0","0.0"
"2026-10-02","5238676003","8804645100215","45571","맥널티_ 자메이카 블루마운틴 블렌드_226G","86681535433","맥널티커피 자메이카 블루마운틴 블렌드 분쇄 원두,226g,226g,3개,3개,핸드드립,핸드드립","YES","Food","Coffee & Tea","커피믹스","맥널티커피","29400","3","0","14988","25700","0","3700","0","29400","3","9800.0","1","1","29400.0","12.5","8","1","0","0.0"
"2026-10-02","7387320683","8804645006791","36669698","제로 아이스티 복숭아, 30개입, 13g","86717876713","맥널티커피 복숭아 아이스티 제로,13g,13g,60개,60개","NO","Food","Drinks","차음료","맥널티커피","18780","2","0","11700","18780","0","0","0","0","0","9390.0","1","1","18780.0","100.0","1","1","0","0.0"
"2026-10-02","8288508361","8804645006395","36903434","맥널티 아이브루 플러스 헤이즐넛 블랙커피 100개입","86717971315","아이브루 플러스 공정무역 헤이즐넛 블랙커피,1g,1g,100개입,100개입,2개,2개","NO","Food","Coffee & Tea","원두커피믹스","아이브루","133560","14","0","106722","133560","0","0","0","0","0","9540.0","7","7","19080.0","50.0","14","7","0","0.0"
"2026-10-02","181940092","8804645006616","37713094","맥널티 핸드드립커피 케냐AA(더블에이) 36개입, 8g, 1개","86776604817","맥널티커피 케냐 AA 핸드드립 원두커피,8g,8g,36개입,36개입,1개,1개","NO","Food","Coffee & Tea","드립백/티백","맥널티커피","19900","1","0","11759","19900","0","0","0","0","0","19900.0","1","1","19900.0","3.0303030303030303","33","1","1","5.0"
"2026-10-02","8288498794","8804645006623","37713095","맥널티 핸드드립커피 에티오피아 예가체프 36개입, 8g, 1개","86776605106","맥널티커피 핸드드립커피 에티오피아 예가체프,8g,8g,36개입,36개입,1개,1개","NO","Food","Coffee & Tea","드립백/티백","맥널티커피","21510","1","0","10577","21510","0","0","0","0","0","21510.0","1","1","21510.0","9.090909090909092","11","1","0","0.0"
"2026-10-02","7510928153","8804645006074","25240402","맥널티 스테비아 커피믹스 30개입","86785226509","맥널티커피 스테비아 커피믹스,9.5g,9.5g,30개입,30개입,1개,1개","YES","Food","Coffee & Tea","커피믹스","맥널티커피","7770","1","0","4827","7770","0","0","0","0","0","7770.0","1","1","7770.0","14.285714285714285","7","1","0","0.0"
"2026-10-02","181940092","8804645006616","37713094","맥널티 핸드드립커피 케냐AA(더블에이) 36개입, 8g, 1개","86818597819","맥널티커피 케냐 더블에이 핸드드립 원두커피,8g,8g,36개입,36개입,2개,2개","NO","Food","Coffee & Tea","드립백/티백","맥널티커피","39800","2","0","23518","39800","0","0","0","0","0","19900.0","1","1","39800.0","0.0","0","1","0","0.0"
"2026-10-02","8175429189","8804645000324","3067432","산지별 콜롬비아 슈프리모 핸드드립커피 7개입","87044037112","맥널티 콜롬비아 슈프리모 핸드 드립백커피,8g,8g,7개입,7개입,2개,2개,8g,8g","NO","Food","Coffee & Tea","드립백/티백","맥널티","10300","2","0","6086","10300","0","0","0","0","0","5150.0","1","1","10300.0","33.33333333333333","3","1","0","0.0"
"2026-10-02","8175429189","8804645000324","3067432","산지별 콜롬비아 슈프리모 핸드드립커피 7개입","87044037130","맥널티 콜롬비아 슈프리모 핸드 드립백커피,8g,8g,7개입,7개입,3개,3개,8g,8g","NO","Food","Coffee & Tea","드립백/티백","맥널티","13130","3","0","9129","13130","0","0","0","0","0","4376.666666666667","1","1","13130.0","5.263157894736842","19","1","0","0.0"
"2026-10-02","8179322743","8804645005343","38710870","맥널티 홀빈 커피원두, 콜롬비아 안데스 오리진 1kg, 1개","87098723601","맥널티 홀빈 커피원두 콜롬비아 안데스 오리진,홀빈(분쇄안함),홀빈(분쇄안함),1kg,1kg,1개,1개","NO","Food","Coffee & Tea","원두","맥널티커피","52460","2","0","32728","52460","0","0","0","0","0","26230.0","2","2","26230.0","15.384615384615385","13","2","0","0.0"
"2026-10-02","6974143978","8804645005312","38710872","맥널티 홀빈 커피원두, 시그니처 블렌드 1kg, 1개","87098723620","맥널티 홀빈 커피원두 시그니처 블렌드,1kg,1kg,1개,1개,홀빈(분쇄안함),홀빈(분쇄안함)","NO","Food","Coffee & Tea","원두","맥널티커피","26230","1","0","16364","26230","0","0","0","0","0","26230.0","1","1","26230.0","3.3333333333333335","30","1","0","0.0"
"2026-10-02","6703340843","8804645005350","38813491","맥널티 홀빈 원두 1KG, 브라질 산토스 내추럴, 1개","87125220336","맥널티커피 브라질 산토스 내추럴 원두,1kg,1kg,1개,1개","NO","Food","Coffee & Tea","원두","맥널티커피","27840","1","0","11364","26720","0","1120","0","27840","1","27840.0","1","1","27840.0","16.666666666666664","6","1","1","5.0"
"2026-10-02","7560423269","8804645006852","38919334","맥널티 에티오피아 예가체프 홀빈 원두, 1kg, 1개","87160473940","맥널티커피 에티오피아 예가체프 원두,홀빈(분쇄안함),홀빈(분쇄안함),1kg,1kg,1개,1개","NO","Food","Coffee & Tea","원두","맥널티커피","135850","5","0","81820","135400","0","450","0","27170","1","27170.0","4","4","33962.5","16.666666666666664","24","5","0","0.0"
"2026-10-02","7747172789","8804645006890","38933766","맥널티커피 스테비아 디카페인 커피믹스, 1개, 100개입 9.5g","87163172745","맥널티커피 스테비아 디카페인 커피믹스,9.5g,9.5g,100개입,100개입,1개,1개","NO","Food","Coffee & Tea","커피믹스","맥널티커피","1357020","54","3","976536","1332503","24517","0","0","25130","1","25130.0","53","51","26608.235294117647","10.392156862745098","510","54","8","5.0"
"2026-10-02","7583747209","8804645006906","39149735","맥널티 스테비아 제로슈가 호두 아몬드 율무차, 1개, 30개입, 450g","87227285583","맥널티커피 스테비아 제로슈가 호두 아몬드 율무차,1개,1개,30개입,30개입,15g,15g","NO","Food","Coffee & Tea","율무/견과차","맥널티커피","35700","3","0","20445","34720","0","980","0","35700","3","11900.0","3","3","11900.0","9.67741935483871","31","3","0","0.0"
"2026-10-02","7612946886","8804645006692","39616644","맥널티 예맨 모카 블렌드 커피 원두, 홀빈(분쇄안함), 500g, 1개","87417692648","맥널티커피 예맨 모카 블렌드 커피 원두,홀빈(분쇄안함),홀빈(분쇄안함),500g,500g,1개,1개","NO","Food","Coffee & Tea","원두","맥널티커피","21530","1","0","11400","21530","0","0","0","0","0","21530.0","1","1","21530.0","50.0","2","1","0","0.0"
"2026-10-02","7679449609","8804645006937","39616645","맥널티 시그니처 디카페인 커피 원두, 홀빈(분쇄안함), 500g, 1개","87417692694","맥널티커피 시그니처 디카페인 커피 원두,홀빈(분쇄안함),홀빈(분쇄안함),500g,500g,1개,1개","NO","Food","Coffee & Tea","원두","맥널티커피","64590","3","0","37635","63180","0","1410","0","64590","3","21530.0","3","3","21530.0","25.0","12","3","3","5.0"
"2026-10-02","7612947135","8804645006685","39616647","맥널티 하와이안 코나 블렌드 커피 원두, 홀빈(분쇄안함), 500g, 1개","87417692737","맥널티커피 하와이안 코나 블렌드 커피 원두,홀빈(분쇄안함),홀빈(분쇄안함),500g,500g,1개,1개","NO","Food","Coffee & Tea","원두","맥널티커피","19590","1","0","11400","19590","0","0","0","0","0","19590.0","1","1","19590.0","20.0","5","1","0","0.0"
"2026-10-02","7679449609","8804645006937","39616645","맥널티 시그니처 디카페인 커피 원두, 홀빈(분쇄안함), 500g, 1개","87479322476","맥널티커피 시그니처 디카페인 커피 원두,홀빈(분쇄안함),홀빈(분쇄안함),500g,500g,2개,2개","NO","Food","Coffee & Tea","원두","맥널티커피","40420","2","0","25090","40420","0","0","0","0","0","20210.0","1","1","40420.0","0.0","0","1","0","0.0"
"2026-10-02","7612947477","8804645006708","39616646","맥널티 게이샤 블렌드 커피 원두, 홀빈(분쇄안함), 500g, 1개","87479322633","맥널티커피 게이샤 블렌드 커피 원두,홀빈(분쇄안함),홀빈(분쇄안함),500g,500g,2개,2개","NO","Food","Coffee & Tea","원두","맥널티커피","86700","6","0","68400","82420","0","4280","0","86700","6","14450.0","3","3","28900.0","21.428571428571427","14","3","0","0.0"
"2026-10-02","7424862697","18804645006835","40520042","맥널티커피 복숭아 아이스티 제로 RTD, 30개, 240ml","87796328234","맥널티커피 복숭아 아이스티 제로 RTD,240ml,240ml,30개,30개","NO","Food","Drinks","차음료","맥널티커피","74440","4","0","35180","74440","0","0","0","0","0","18610.0","4","4","18610.0","30.76923076923077","13","4","0","0.0"
"2026-10-02","7735491631","8804645006029","26477367","맥널티 리얼 에스프레소샷 블랙 액상스틱커피 15mlx30개입","87867002435","맥널티커피 리얼 에스프레소 샷 블랙 액상 스틱 커피,15ml,15ml,30개입,30개입,1개,1개","YES","Food","Coffee & Tea","원두커피믹스","맥널티커피","14800","1","0","7388","14800","0","0","0","0","0","14800.0","1","1","14800.0","3.571428571428571","28","1","0","0.0"
"2026-10-02","7424862697","18804645006835","40520042","맥널티커피 복숭아 아이스티 제로 RTD, 30개, 240ml","87875612097","맥널티커피 복숭아 아이스티 제로 RTD,240ml,240ml,60개,60개","NO","Food","Drinks","차음료","맥널티커피","37220","2","0","17590","37220","0","0","0","0","0","18610.0","1","1","37220.0","100.0","1","1","0","0.0"
"2026-10-02","7747172789","8804645006777","40806729","맥널티 스테비아 디카페인 커피믹스, 1개, 30개입, 285g","87921375710","맥널티커피 스테비아 디카페인 커피믹스,9.5g,9.5g,30개입,30개입,1개,1개","NO","Food","Coffee & Tea","커피믹스","맥널티커피","212520","21","1","133035","202400","10120","-840","0","10120","1","10120.0","22","22","9660.0","10.731707317073171","205","21","1","5.0"
"2026-10-02","7747172789","8804645006777","40806729","맥널티 스테비아 디카페인 커피믹스, 1개, 30개입, 285g","87980929557","맥널티커피 스테비아 디카페인 커피믹스,9.5g,9.5g,30개입,30개입,2개,2개","NO","Food","Coffee & Tea","커피믹스","맥널티커피","71600","8","0","50680","70160","0","1440","0","71600","8","8950.0","4","4","17900.0","20.0","20","4","0","0.0"
"2026-10-02","7743812297","8804645006951","41175263","맥널티커피 스테비아 꿀 유자차, 1개, 30개입, 450g","88083709912","맥널티커피 스테비아 꿀 유자차,15g,15g,30개입,30개입,1개,1개","NO","Food","Coffee & Tea","기타전통차","맥널티커피","23800","2","1","14776","22820","0","480","0","23800","2","11900.0","3","3","7933.333333333333","10.344827586206897","29","2","1","1.0"
"2026-10-02","7592895409","8804645003653","41391235","맥널티 행복을주는커피 시그니처 블렌드 핸드드립 커피 20개입, 1개, 8g","88182430243","맥널티커피 행복을 주는 시그니처 블렌드 핸드드립 커피,8g,8g,20개입,20개입,1개,1개","NO","Food","Coffee & Tea","드립백/티백","맥널티커피","130900","11","0","74745","126100","0","4800","0","95200","8","11900.0","10","10","13090.0","11.11111111111111","90","11","0","0.0"
"2026-10-02","7851778797","8804645100208","45570","맥널티_헤이즐넛원두분쇄커피_226G","88459776890","맥널티커피 리치 헤이즐넛향 분쇄 원두 핸드드립,226g,226g,1개,1개,핸드드립,핸드드립","YES","Food","Coffee & Tea","원두","맥널티커피","49000","5","0","24960","48000","0","1000","0","49000","5","9800.0","5","5","9800.0","18.51851851851852","27","5","0","0.0"
"2026-10-02","7851778797","8804645100208","45570","맥널티_헤이즐넛원두분쇄커피_226G","88459776946","맥널티커피 리치 헤이즐넛향 분쇄 원두커피,226g,226g,2개,2개,핸드드립,핸드드립","YES","Food","Coffee & Tea","원두","맥널티커피","18720","2","0","9984","18720","0","0","0","0","0","9360.0","1","1","18720.0","12.5","8","1","0","0.0"
"2026-10-02","7852071135","8804645006340","34834818","맥널티 스테비아 제로슈가 핫초코 라떼 30개입 15g","88460879867","맥널티커피 스테비아 제로슈가 핫초코 라떼,15g,15g,30개입,30개입,1개,1개","YES","Food","Coffee & Tea","라떼분말","맥널티커피","25580","2","0","15000","25580","0","0","0","0","0","12790.0","2","2","12790.0","50.0","4","2","0","0.0"
"2026-10-02","7592895409","8804645003653","41391235","맥널티 행복을주는커피 시그니처 블렌드 핸드드립 커피 20개입, 1개, 8g","88808530960","맥널티커피 행복을 주는 시그니처 블렌드 핸드드립 커피,8g,8g,20개입,20개입,2개,2개","NO","Food","Coffee & Tea","드립백/티백","맥널티커피","23800","2","0","13590","21360","0","2440","0","23800","2","11900.0","1","1","23800.0","16.666666666666664","6","1","0","0.0"
"2026-10-02","7863543179","8804645006067","25240400","맥널티 스테비아 커피믹스 100개입","88808534284","맥널티커피 스테비아 커피믹스,9.5g,9.5g,100개입,100개입,2개,2개","NO","Food","Coffee & Tea","커피믹스","맥널티커피","173400","8","4","103680","167280","0","4440","0","173400","8","21675.0","6","4","43350.0","37.5","16","4","0","0.0"
"2026-10-02","7973231936","8804645006777","40806729","맥널티 스테비아 디카페인 커피믹스, 1개, 30개입, 285g","89137626209","맥널티커피 스테비아 디카페인 커피믹스,9.5g,9.5g,30개입,30개입,1개,1개","YES","Food","Coffee & Tea","커피믹스","맥널티커피","20240","2","0","12670","20240","0","0","0","0","0","10120.0","2","2","10120.0","25.0","8","2","0","0.0"
"2026-10-02","7973231982","8804645006258","26870612","맥널티 핸드드립 버라이어티세트 30개입","89137626303","맥널티커피 핸드드립 버라이어티 원두커피 세트 30개입,커피 5종,커피 5종,1세트,1세트","YES","Food","Coffee & Tea","커피세트","맥널티커피","18900","1","0","9395","18480","0","420","0","18900","1","18900.0","1","1","18900.0","33.33333333333333","3","1","0","0.0"
"2026-10-02","8267608006","8804645007071","45580036","맥널티 청매실 에이드 190ml*10개입","89717767133","맥널티커피 청매실 에이드,190ml,190ml,10개,10개","NO","Food","Drinks","과일음료","맥널티커피","48000","8","0","27888","48000","0","0","0","0","0","6000.0","3","3","16000.0","50.0","6","8","0","0.0"
"2026-10-02","8267608006","8804645007071","45580036","맥널티 청매실 에이드 190ml*10개입","89717826438","맥널티커피 청매실 에이드,190ml,190ml,30개,30개","NO","Food","Drinks","과일음료","맥널티커피","14400","3","0","10458","14400","0","0","0","0","0","4800.0","1","1","14400.0","20.0","5","1","1","5.0"
"2026-10-02","8267608006","8804645007071","45580036","맥널티 청매실 에이드 190ml*10개입","89717826614","맥널티커피 청매실 에이드,190ml,190ml,50개,50개","NO","Food","Drinks","과일음료","맥널티커피","23980","5","0","17430","23980","0","0","0","0","0","4796.0","1","1","23980.0","100.0","1","1","0","0.0"
"2026-10-02","8087407248","8804645007118","46534985","아이브루 플러스 디카페인 아메리카노 블랙커피, 1개, 80개입, 80g","90042179336","아이브루 플러스 디카페인 블랙커피,1g,1g,80개입,80개입,1개,1개","NO","Food","Coffee & Tea","원두커피믹스","아이브루","268500","25","2","199100","268500","0","0","0","0","0","10740.0","27","27","9944.444444444445","7.317073170731707","369","25","2","5.0"
"2026-10-02","8087407248","8804645007118","46534985","아이브루 플러스 디카페인 아메리카노 블랙커피, 1개, 80개입, 80g","90042303714","아이브루 플러스 디카페인 블랙커피,1g,1g,80개입,80개입,2개,2개","NO","Food","Coffee & Tea","원두커피믹스","아이브루","42960","4","0","31856","42960","0","0","0","0","0","10740.0","2","2","21480.0","100.0","2","2","0","0.0"
"2026-10-02","8135360870","8804645006067","25240400","맥널티 스테비아 커피믹스 100개입","90141923560","맥널티커피 스테비아 커피믹스,9.5g,9.5g,100개입,100개입,1개,1개","YES","Food","Coffee & Tea","커피믹스","맥널티커피","214500","10","2","129600","206920","0","5740","0","214500","10","21450.0","12","12","17875.0","18.461538461538463","65","10","0","0.0"
"2026-10-02","8103370411","8804645007187","47303765","산양유 단백질 프로틴 스테비아 커피믹스, 1개, 100개입, 1000g","90271918990","맥널티커피 산양유 단백질 스테비아 커피믹스,10g,10g,100개입,100개입,1개,1개","NO","Food","Coffee & Tea","커피믹스","맥널티커피","62580","2","0","39976","62580","0","0","0","0","0","31290.0","2","2","31290.0","13.333333333333334","15","2","1","5.0"
"2026-10-02","8191680703","8804645007262","48074657","맥널티 브라질 세라도 분쇄 원두 커피, 1개, 500g","90530021242","맥널티커피 브라질 세라도 싱글 오리진 분쇄 원두 커피,에스프레소,에스프레소,500g,500g,1개,1개","NO","Food","Coffee & Tea","원두","맥널티커피","143100","9","0","84555","139170","0","3930","0","143100","9","15900.0","9","9","15900.0","25.71428571428571","35","9","0","0.0"
"2026-10-02","8179322743","8804645007255","48074658","맥널티 콜롬비아 안데스 분쇄 원두 커피, 1개, 500g","90530021252","맥널티커피 콜롬비아 안데스 싱글 오리진 분쇄 원두 커피,에스프레소,에스프레소,500g,500g,1개,1개","NO","Food","Coffee & Tea","원두","맥널티커피","79500","5","0","49930","77200","0","2300","0","79500","5","15900.0","5","5","15900.0","41.66666666666667","12","5","0","0.0"
"2026-10-02","8179325783","8804645007231","48074659","맥널티 에티오피아 예가체프 분쇄 원두 커피, 1개, 500g","90530021267","맥널티커피 에티오피아 예가체프 싱글 오리진 분쇄 원두 커피,에스프레소,에스프레소,500g,500g,1개,1개","NO","Food","Coffee & Tea","원두","맥널티커피","111300","7","0","69902","108360","0","2940","0","111300","7","15900.0","7","7","15900.0","16.27906976744186","43","7","0","0.0"
"2026-10-02","8179322743","8804645007255","48074658","맥널티 콜롬비아 안데스 분쇄 원두 커피, 1개, 500g","90530031202","맥널티커피 콜롬비아 안데스 싱글 오리진 분쇄 원두 커피,에스프레소,에스프레소,500g,500g,2개,2개","NO","Food","Coffee & Tea","원두","맥널티커피","31800","2","0","19972","30460","0","1340","0","31800","2","15900.0","1","1","31800.0","0.0","0","1","0","0.0"
"2026-10-02","8200404313","18804645007290","48466205","맥널티 대용량 제로슈가 스테비아 믹스커피 음료, 12개, 1L","90674710122","맥널티커피 스테비아 커피믹스,1L,1L,12개,12개","NO","Food","Drinks","커피음료","맥널티커피","565800","23","1","392541","547800","0","17000","0","418200","17","24600.0","24","23","24600.0","40.67796610169492","59","23","3","5.0"
"2026-10-02","8172166591","8804645007217","48914233","맥널티 유자 에이드 190ml 10개","90791380054","맥널티커피 유자 에이드,10개,10개,190ml,190ml","NO","Food","Drinks","야채음료","맥널티커피","30000","5","0","17430","30000","0","0","0","0","0","6000.0","1","1","30000.0","10.0","10","5","0","0.0"
"2026-10-02","8172166591","8804645007217","48914233","맥널티 유자 에이드 190ml 10개","90791412960","맥널티커피 유자 에이드,30개,30개,190ml,190ml","NO","Food","Drinks","야채음료","맥널티커피","14100","3","0","10458","14100","0","0","0","0","0","4700.0","1","1","14100.0","33.33333333333333","3","1","0","0.0"
"2026-10-02","8316110782","8804645003936","13277718","맥널티 행복을 주는 커피 브라질 산토스 1kg","91020920070","맥널티커피 행복을 주는 커피 원두 브라질 산토스,핸드드립,핸드드립,1kg,1kg,1개,1개","YES","Food","Coffee & Tea","원두","맥널티커피","24900","1","0","14091","23850","0","1050","0","24900","1","24900.0","1","1","24900.0","50.0","2","1","0","0.0"
"2026-10-02","8316137975","8804645005862","24695531","아이스 아메리카노 스위트 190mL 10팩","91021028383","맥널티커피 아이스 아메리카노 스위트,190ml,190ml,10개,10개","YES","Food","Drinks","커피음료","맥널티커피","13500","3","0","10458","13500","0","0","0","0","0","4500.0","3","3","4500.0","9.67741935483871","31","3","1","5.0"
"2026-10-02","8316137975","8804645005862","24695531","아이스 아메리카노 스위트 190mL 10팩","91021028406","맥널티커피 아이스 아메리카노 스위트,190ml,190ml,20개,20개","YES","Food","Drinks","커피음료","맥널티커피","9000","2","0","6972","9000","0","0","0","0","0","4500.0","1","1","9000.0","20.0","5","1","0","0.0"
"2026-10-02","8316138028","8804645005879","24695530","아이스 헤이즐넛향 커피 190mL 10팩","91021028482","맥널티커피 아이스 헤이즐넛향 커피,190ml,190ml,10개,10개","YES","Food","Drinks","커피음료","맥널티커피","12240","2","0","6972","12240","0","0","0","0","0","6120.0","2","2","6120.0","20.0","10","2","0","0.0"
"2026-10-02","8316138479","8804645005893","24752132","청포도 에이드 190mL 10팩","91021029561","맥널티커피 청포도 에이드,190ml,190ml,10개,10개","YES","Food","Drinks","과일음료","맥널티커피","4900","1","0","3486","4900","0","0","0","0","0","4900.0","1","1","4900.0","25.0","4","1","0","0.0"
"2026-10-02","8333667505","8804645007330","51063548","스테비아 단백질 옥수수 크림 라떼, 1개, 20개입, 18g","91176870638","맥널티커피 스테비아 단백질 옥수수 크림 라떼,1개,1개,20개입,20개입,18g,18g","NO","Food","Coffee & Tea","라떼분말","맥널티커피","10500","1","0","5850","10500","0","0","0","0","0","10500.0","1","1","10500.0","33.33333333333333","3","1","0","0.0"
"2026-10-02","8333669580","8804645007347","51164938","스테비아 단백질 고구마 크림 라떼, 1개, 20개입, 18g","91191267906","맥널티커피 스테비아 단백질 고구마 크림 라떼,1개,1개,20개입,20개입,18g,18g","NO","Food","Coffee & Tea","라떼분말","맥널티커피","42000","4","0","23400","42000","0","0","0","0","0","10500.0","4","4","10500.0","30.76923076923077","13","4","0","0.0"
"2026-10-02","8421603857","8804645000348","3067433","산지별 에티오피아 코케 허니 핸드드립커피 7개입","91374530029","맥널티커피 에티오피아 코케 허니 핸드드립 원두,8g,8g,7개입,7개입,1개,1개","YES","Food","Coffee & Tea","드립백/티백","맥널티커피","11740","2","0","5820","11740","0","0","0","0","0","5870.0","1","1","11740.0","16.666666666666664","6","2","0","0.0"
"2026-10-02","8421604411","8804645000331","3067434","산지별 에티오피아 예가체프 핸드드립커피 7개입","91374531204","맥널티커피 에티오피아 예가체프 G2 핸드드립 원두,8g,8g,7개입,7개입,1개,1개","YES","Food","Coffee & Tea","드립백/티백","맥널티커피","5900","1","0","3184","5900","0","0","0","0","0","5900.0","1","1","5900.0","25.0","4","1","0","0.0"
"2026-10-02","8421621122","8804645006081","29461862","맥널티 아메리카노 아이스 블랙 100개입","91374594007","맥널티커피 아메리카노 아이스 블랙 커피믹스,1g,1g,100개입,100개입,1개,1개","YES","Food","Coffee & Tea","커피믹스","맥널티커피","10900","1","0","5850","10440","0","460","0","10900","1","10900.0","1","1","10900.0","25.0","4","1","0","0.0"
"2026-10-02","8421622441","8804645006395","36903434","맥널티 아이브루 플러스 헤이즐넛 블랙커피 100개입","91374597513","아이브루 플러스 공정무역 헤이즐넛 블랙커피,100개입,100개입,1개,1개,1g,1g","YES","Food","Coffee & Tea","원두커피믹스","아이브루","66780","7","0","53361","66780","0","0","0","0","0","9540.0","7","7","9540.0","28.000000000000004","25","7","0","0.0"
"2026-10-02","8421635713","8804645005350","38813491","맥널티 홀빈 원두 1KG, 브라질 산토스 내추럴, 1개","91374643183","맥널티커피 브라질 산토스 내추럴 원두,홀빈(분쇄안함),홀빈(분쇄안함),1kg,1kg,1개,1개","YES","Food","Coffee & Tea","원두","맥널티커피","27840","1","0","11364","27290","0","550","0","27840","1","27840.0","1","1","27840.0","16.666666666666664","6","1","0","0.0"
"2026-10-02","8421635713","8804645005350","38813491","맥널티 홀빈 원두 1KG, 브라질 산토스 내추럴, 1개","91374643213","맥널티커피 브라질 산토스 내추럴 원두,홀빈(분쇄안함),홀빈(분쇄안함),1kg,1kg,2개,2개","YES","Food","Coffee & Tea","원두","맥널티커피","55680","2","0","22728","53450","0","2230","0","55680","2","27840.0","1","1","55680.0","33.33333333333333","3","1","0","0.0"
"2026-10-02","8421635796","8804645006852","38919334","맥널티 에티오피아 예가체프 홀빈 원두, 1kg, 1개","91374643351","맥널티커피 에티오피아 예가체프 원두,홀빈(분쇄안함),홀빈(분쇄안함),1kg,1kg,1개,1개","YES","Food","Coffee & Tea","원두","맥널티커피","81510","3","0","49092","80160","0","1350","0","81510","3","27170.0","3","3","27170.0","33.33333333333333","9","3","0","0.0"
"2026-10-02","8421635854","8804645006708","39616646","맥널티 게이샤 블렌드 커피 원두, 홀빈(분쇄안함), 500g, 1개","91374643451","맥널티커피 게이샤 블렌드 커피 원두,홀빈(분쇄안함),홀빈(분쇄안함),500g,500g,1개,1개","YES","Food","Coffee & Tea","원두","맥널티커피","19590","1","0","11400","19590","0","0","0","0","0","19590.0","1","1","19590.0","0.0","0","1","0","0.0"
"2026-10-02","8421636069","8804645006951","41175263","맥널티커피 스테비아 꿀 유자차, 1개, 30개입, 450g","91374643757","맥널티커피 스테비아 꿀 유자차,15g,15g,30개입,30개입,2개,2개","YES","Food","Coffee & Tea","기타전통차","맥널티커피","23800","2","0","14776","22800","0","1000","0","23800","2","11900.0","1","1","23800.0","100.0","1","1","0","0.0"
"2026-10-02","8421637007","8804645007255","48074658","맥널티 콜롬비아 안데스 분쇄 원두 커피, 1개, 500g","91374645669","맥널티커피 콜롬비아 안데스 싱글 오리진 분쇄 원두 커피,1개,1개,500g,500g","YES","Food","Coffee & Tea","원두","맥널티커피","15900","1","0","9986","15580","0","320","0","15900","1","15900.0","1","1","15900.0","20.0","5","1","0","0.0"
"2026-10-02","8414447766","9311931902167","52625820","맥널티 인스턴트 원두 병커피 에스프레소 블랙 50g 1개","91388389549","프라이빗클럽 맥널티 인스턴트 원두 병커피 에스프레소 블랙,50g,50g,3개,3개,1개입,1개입","NO","Food","Coffee & Tea","원두커피믹스","프라이빗클럽","13560","3","0","10458","13560","0","0","0","0","0","4520.0","1","1","13560.0","7.142857142857142","14","1","0","0.0"
"2026-10-02","8414447766","9311931902167","52625820","맥널티 인스턴트 원두 병커피 에스프레소 블랙 50g 1개","91388389555","프라이빗클럽 맥널티 인스턴트 원두 병커피 에스프레소 블랙,50g,50g,2개,2개,1개입,1개입","NO","Food","Coffee & Tea","원두커피믹스","프라이빗클럽","124020","26","2","90636","124020","0","0","0","0","0","4770.0","14","14","8858.57142857143","1.8842530282637955","743","13","0","0.0"
"2026-10-02","8200404313","8804645007323","54922706","맥널티 대용량 제로슈가 스테비아 믹스커피 음료, 1L, 6개","91673775388","맥널티커피 스테비아 커피믹스,1L,1L,6개,6개","NO","Food","Drinks","커피음료","맥널티커피","1238400","96","4","845280","1207460","0","29610","0","1135200","88","12900.0","98","97","12767.01030927835","4.009819967266775","2444","96","5","5.0"
"2026-10-02","8200404313","8804645007323","54922706","맥널티 대용량 제로슈가 스테비아 믹스커피 음료, 1L, 6개","91678989988","맥널티커피 스테비아 커피믹스,1L,1L,18개,18개","NO","Food","Drinks","커피음료","맥널티커피","147600","12","0","105660","145120","0","2480","0","73800","6","12300.0","4","4","36900.0","57.14285714285714","7","4","0","0.0"
"2026-10-02","8556802120","8804645007484","56214467","맥널티커피 아이브루 카라멜 마끼아또, 12g x 100개입(스틱), 1200g , 1개","91881316191","맥널티커피 아이브루 카라멜 마끼아또 커피믹스,1개,1개,100개입,100개입,12g,12g","NO","Food","Coffee & Tea","커피믹스","맥널티커피","101320","6","1","75258","101320","0","0","0","0","0","16886.666666666668","7","7","14474.285714285714","6.140350877192982","114","6","2","5.0"
"2026-10-02","8556799790","8804645007460","56214466","맥널티커피 아이브루 바닐라 라떼,12g x 100개입(스틱), 1200g , 1개","91881316202","맥널티커피 아이브루 바닐라 라떼 커피믹스,1개,1개,100개입,100개입,12g,12g","NO","Food","Coffee & Tea","커피믹스","맥널티커피","75600","4","0","50172","72820","0","2780","0","75600","4","18900.0","4","4","18900.0","7.017543859649122","57","4","2","5.0"
"2026-10-02","8556799790","8804645007460","56214466","맥널티커피 아이브루 바닐라 라떼,12g x 100개입(스틱), 1200g , 1개","91888340334","맥널티커피 아이브루 바닐라 라떼 커피믹스,2개,2개,100개입,100개입,12g,12g","NO","Food","Coffee & Tea","커피믹스","맥널티커피","37800","2","0","25086","37040","0","760","0","37800","2","18900.0","1","1","37800.0","100.0","1","1","0","0.0"
"2026-10-02","8556802120","8804645007484","56214467","맥널티커피 아이브루 카라멜 마끼아또, 12g x 100개입(스틱), 1200g , 1개","91888340352","맥널티커피 아이브루 카라멜 마끼아또 커피믹스,2개,2개,100개입,100개입,12g,12g","NO","Food","Coffee & Tea","커피믹스","맥널티커피","0","0","2","0","0","0","0","0","0","0","0.0","1","1","0.0","33.33333333333333","3","0","0","0.0"
"2026-10-02","8664736540","8804645007453","56760693","아이브루 플러스 디카페인 블랙커피 헤이즐넛향 (1g x 80개입), 1개","91973223860","아이브루 플러스 디카페인 헤이즐넛향 블랙커피 원두커피믹스,1g,1g,80개입,80개입,1개,1개","NO","Food","Coffee & Tea","원두커피믹스","아이브루","711750","65","3","517465","711750","0","0","0","0","0","10950.0","66","66","10784.09090909091","11.68141592920354","565","65","3","4.3"
"2026-10-02","8664736540","8804645007453","56760693","아이브루 플러스 디카페인 블랙커피 헤이즐넛향 (1g x 80개입), 1개","91979411137","아이브루 플러스 디카페인 헤이즐넛향 블랙커피 원두커피믹스,1g,1g,80개입,80개입,2개,2개","NO","Food","Coffee & Tea","원두커피믹스","아이브루","65700","6","0","47766","65700","0","0","0","0","0","10950.0","3","3","21900.0","13.043478260869565","23","3","1","5.0"
"2026-10-02","8664736540","8804645007453","56760693","아이브루 플러스 디카페인 블랙커피 헤이즐넛향 (1g x 80개입), 1개","91979411168","아이브루 플러스 디카페인 헤이즐넛향 블랙커피 원두커피믹스,1g,1g,80개입,80개입,3개,3개","NO","Food","Coffee & Tea","원두커피믹스","아이브루","32850","3","0","23883","32850","0","0","0","0","0","10950.0","1","1","32850.0","33.33333333333333","3","1","0","0.0"
"2026-10-02","8784725489","8804645007590","58338694","티브루 보리차 원액 간편 액상스틱 진액, 30개, 10ml","92219561450","맥널티커피 티브루 보리차 진액,10ml,10ml,30개,30개","NO","Food","Drinks","농축액(음료베이스)","맥널티","406500","50","4","264300","393673","12827","0","0","16260","2","8130.0","48","46","8836.95652173913","16.608996539792386","289","50","5","5.0"
"2026-10-02","8678251986","8804645007613","58338696","티브루 헛개수 원액 간편 액상스틱 진액, 30개, 10ml","92219561465","맥널티 티브루 헛개차 진액,30개,30개,10ml,10ml","NO","Food","Drinks","농축액(음료베이스)","맥널티","151470","17","0","89539","151470","0","0","0","0","0","8910.0","13","13","11651.538461538461","19.11764705882353","68","17","2","5.0"
"2026-10-02","8796750875","8804645007606","58338695","티브루 옥수수수염차 원액 간편 액상스틱 진액, 30개, 10ml","92219561488","맥널티 티브루 옥수수수염차 진액 액상스틱,10ml,10ml,30개,30개","NO","Food","Drinks","농축액(음료베이스)","맥널티","97560","12","0","63360","89931","7629","0","0","16260","2","8130.0","12","12","8130.0","14.634146341463413","82","12","2","5.0"
"2026-10-02","8784725489","8804645007590","58338694","티브루 보리차 원액 간편 액상스틱 진액, 30개, 10ml","92228103770","맥널티커피 티브루 보리차 진액,10ml,10ml,90개,90개","NO","Food","Drinks","농축액(음료베이스)","맥널티","21690","3","0","15858","21690","0","0","0","0","0","7230.0","1","1","21690.0","25.0","4","1","0","0.0"
"2026-10-02","8796750875","8804645007606","58338695","티브루 옥수수수염차 원액 간편 액상스틱 진액, 30개, 10ml","92228103775","맥널티 티브루 옥수수수염차 진액 액상스틱,10ml,10ml,60개,60개","NO","Food","Drinks","농축액(음료베이스)","맥널티","14700","2","0","10560","14700","0","0","0","0","0","7350.0","1","1","14700.0","5.0","20","1","0","0.0"
"2026-10-02","8796750875","8804645007606","58338695","티브루 옥수수수염차 원액 간편 액상스틱 진액, 30개, 10ml","92228103785","맥널티 티브루 옥수수수염차 진액 액상스틱,10ml,10ml,90개,90개","NO","Food","Drinks","농축액(음료베이스)","맥널티","43380","6","0","31680","43380","0","0","0","0","0","7230.0","1","1","43380.0","50.0","2","2","0","0.0"
"2026-10-02","8678251986","8804645007613","58338696","티브루 헛개수 원액 간편 액상스틱 진액, 30개, 10ml","92228103836","맥널티 티브루 헛개차 진액,120개,120개,10ml,10ml","NO","Food","Drinks","농축액(음료베이스)","맥널티","64480","8","0","42136","64480","0","0","0","0","0","8060.0","2","2","32240.0","50.0","4","2","0","0.0"
"2026-10-02","8678251986","8804645007613","58338696","티브루 헛개수 원액 간편 액상스틱 진액, 30개, 10ml","92228103844","맥널티 티브루 헛개차 진액,90개,90개,10ml,10ml","NO","Food","Drinks","농축액(음료베이스)","맥널티","78240","9","0","47403","78240","0","0","0","0","0","8693.333333333334","2","2","39120.0","40.0","5","3","0","0.0"
"2026-10-02","8678251986","8804645007613","58338696","티브루 헛개수 원액 간편 액상스틱 진액, 30개, 10ml","92228103864","맥널티 티브루 헛개차 진액,60개,60개,10ml,10ml","NO","Food","Drinks","농축액(음료베이스)","맥널티","139120","16","0","84272","139120","0","0","0","0","0","8695.0","8","8","17390.0","400.0","2","8","0","0.0"
"2026-10-02","8784725489","8804645007590","58338694","티브루 보리차 원액 간편 액상스틱 진액, 30개, 10ml","92228103875","맥널티커피 티브루 보리차 진액,10ml,10ml,60개,60개","NO","Food","Drinks","농축액(음료베이스)","맥널티","211540","28","0","148008","204729","6811","0","0","30220","4","7555.0","14","14","15110.0","31.818181818181817","44","14","0","0.0"
"2026-10-02","8179322743","8804645007552","58681130","콜롬비아 안데스 오리진 분쇄 커피 원두 1개 226g 핸드드립","92277741986","맥널티커피 콜롬비아 안데스 오리진 분쇄 커피 원두,핸드드립(중간),핸드드립(중간),226g,226g,1개,1개","NO","Food","Coffee & Tea","원두","맥널티커피","62500","5","0","35795","61500","0","1000","0","50000","4","12500.0","5","5","12500.0","5.681818181818182","88","5","0","0.0"
"2026-10-02","8700740916","8804645007545","58681131","브라질 산토스 오리진 분쇄 커피 원두, 226g, 1개, 핸드드립","92277741990","맥널티커피 브라질 산토스 오리진 분쇄 커피 원두,226g,226g,1개,1개,핸드드립(중간),핸드드립(중간)","NO","Food","Coffee & Tea","원두","맥널티커피","25000","2","0","14318","23940","0","1060","0","25000","2","12500.0","2","2","12500.0","3.0303030303030303","66","2","0","0.0"
"2026-10-02","8700683809","8804645007538","58765770","디카페인 헤이즐넛향 분쇄 커피 원두, 1개, 226g, 핸드드립","92290392544","맥널티커피 디카페인 헤이즐넛향 분쇄 원두 커피,1개,1개,226g,226g,핸드드립(중간),핸드드립(중간)","NO","Food","Coffee & Tea","원두","맥널티커피","121500","9","0","72162","121230","0","270","0","13500","1","13500.0","7","7","17357.14285714286","11.11111111111111","63","9","0","0.0"
"2026-10-02","7612947477","8804645007514","58765769","게이샤 블렌드 분쇄 커피 원두, 1개, 226g, 핸드드립","92290392600","맥널티커피 게이샤 블렌드 분쇄 원두 커피,핸드드립(중간),핸드드립(중간),226g,226g,1개,1개","NO","Food","Coffee & Tea","원두","맥널티커피","13000","1","0","7732","12740","0","260","0","13000","1","13000.0","1","1","13000.0","1.694915254237288","59","1","0","0.0"
"2026-10-02","7612947135","8804645007521","58850533","하와이안 코나 블렌드 분쇄 커피 원두, 1개, 226g, 핸드드립","92306876899","맥널티커피 하와이안 코나 블렌드 분쇄 커피 원두,핸드드립(중간),핸드드립(중간),226g,226g,1개,1개","NO","Food","Coffee & Tea","원두","맥널티커피","52000","4","0","30928","50670","0","1330","0","52000","4","13000.0","4","4","13000.0","3.4782608695652173","115","4","0","0.0"
"2026-10-02","7612947135","8804645007521","58850533","하와이안 코나 블렌드 분쇄 커피 원두, 1개, 226g, 핸드드립","92314420187","맥널티커피 하와이안 코나 블렌드 분쇄 커피 원두,핸드드립(중간),핸드드립(중간),226g,226g,2개,2개","NO","Food","Coffee & Tea","원두","맥널티커피","0","0","2","0","-520","0","-60","0","26000","2","0.0","1","1","0.0","0.0","0","0","0","0.0"
"2026-10-02","8200404313","18804645007290","48466205","맥널티 대용량 제로슈가 스테비아 믹스커피 음료, 12개, 1L","92418183676","맥널티커피 스테비아 커피믹스,1L,1L,24개,24개","NO","Food","Drinks","커피음료","맥널티커피","49200","2","0","34134","46710","0","2490","0","49200","2","24600.0","1","1","49200.0","50.0","2","1","0","0.0"
"2026-10-02","8200404313","8804645007323","54922706","맥널티 대용량 제로슈가 스테비아 믹스커피 음료, 1L, 6개","92418267136","맥널티커피 스테비아 커피믹스,1L,1L,30개,30개","NO","Food","Drinks","커피음료","맥널티커피","61500","5","0","44025","58520","0","2980","0","61500","5","12300.0","1","1","61500.0","33.33333333333333","3","1","0","0.0"
"2026-10-02","8179322743","8804645005343","38710870","맥널티 홀빈 커피원두, 콜롬비아 안데스 오리진 1kg, 1개","92556406240","맥널티 홀빈 커피원두 콜롬비아 안데스 오리진,홀빈(분쇄안함),홀빈(분쇄안함),1kg,1kg,4개,4개","NO","Food","Coffee & Tea","원두","맥널티커피","104920","4","0","65456","104920","0","0","0","0","0","26230.0","1","1","104920.0","100.0","1","1","0","0.0"
"2026-10-02","7757594782","8804645006302","10147177","맥널티 홀빈 블루마운틴 1000g","92556407790","맥널티 홀빈 블루마운틴,홀빈(분쇄안함),홀빈(분쇄안함),1kg,1kg,3개,3개","NO","Food","Coffee & Tea","원두","맥널티커피","80700","3","0","47145","77310","0","3390","0","80700","3","26900.0","1","1","80700.0","100.0","1","1","0","0.0"
"2026-10-02","7679449609","8804645006937","39616645","맥널티 시그니처 디카페인 커피 원두, 홀빈(분쇄안함), 500g, 1개","92556540893","맥널티커피 시그니처 디카페인 커피 원두,홀빈(분쇄안함),홀빈(분쇄안함),500g,500g,3개,3개","NO","Food","Coffee & Tea","원두","맥널티커피","59700","3","0","37635","47480","0","12220","0","59700","3","19900.0","1","1","59700.0","50.0","2","1","0","0.0"
"2026-10-02","8799006004","8804645005350","38813491","맥널티 홀빈 원두 1KG, 브라질 산토스 내추럴, 1개","92609181836","맥널티커피 브라질 산토스 내추럴 원두,1kg,1kg,1개,1개","NO","Food","Coffee & Tea","원두","맥널티커피","111360","4","0","45456","109740","0","1620","0","111360","4","27840.0","2","2","55680.0","200.0","1","4","0","0.0"
"2026-10-02","8814767699","8804645007453","56760693","아이브루 플러스 디카페인 블랙커피 헤이즐넛향 (1g x 80개입), 1개","92672212799","아이브루 플러스 디카페인 헤이즐넛향 블랙커피 원두커피믹스,1g,1g,80개입,80개입,1개,1개","YES","Food","Coffee & Tea","원두커피믹스","아이브루","10950","1","0","7961","10950","0","0","0","0","0","10950.0","1","1","10950.0","20.0","5","1","0","0.0"
"2026-10-02","8784725489","8804645007590","58338694","티브루 보리차 원액 간편 액상스틱 진액, 30개, 10ml","92680979394","맥널티커피 티브루 보리차 진액,10ml,10ml,180개,180개","NO","Food","Drinks","농축액(음료베이스)","맥널티","41240","6","0","31716","41240","0","0","0","0","0","6873.333333333333","1","1","41240.0","33.33333333333333","3","1","0","0.0"
"2026-10-02","8157289284","8804645006739","61673272","맥널티커피 복숭아 아이스티 제로, 1.5L, 1개","92867142451","맥널티커피 복숭아 아이스티 제로,1.5L,1.5L,4개,4개","NO","Food","Drinks","차음료","맥널티커피","35200","16","0","21824","34480","0","720","0","35200","16","2200.0","4","4","8800.0","133.33333333333331","3","4","0","0.0"
"2026-10-02","8157289284","8804645006739","61673272","맥널티커피 복숭아 아이스티 제로, 1.5L, 1개","92867142466","맥널티커피 복숭아 아이스티 제로,1.5L,1.5L,3개,3개","NO","Food","Drinks","차음료","맥널티커피","72600","33","0","45012","71060","0","1540","0","72600","33","2200.0","11","11","6600.0","17.46031746031746","63","11","0","0.0"
"2026-10-02","8157289284","8804645006739","61673272","맥널티커피 복숭아 아이스티 제로, 1.5L, 1개","92867142467","맥널티커피 복숭아 아이스티 제로,1.5L,1.5L,5개,5개","NO","Food","Drinks","차음료","맥널티커피","11000","5","5","6820","10560","0","220","0","11000","5","2200.0","2","2","5500.0","16.666666666666664","12","1","0","0.0"
"2026-10-02","8157289284","8804645006739","61673272","맥널티커피 복숭아 아이스티 제로, 1.5L, 1개","92867142468","맥널티커피 복숭아 아이스티 제로,1.5L,1.5L,6개,6개","NO","Food","Drinks","차음료","맥널티커피","158400","72","0","98208","153690","0","4710","0","158400","72","2200.0","11","11","14400.0","29.72972972972973","37","12","3","5.0"
"2026-10-02","8939057954","8804645007620","62672352","맥널티 아이브루 플러스 스위트 블랙 원두커피믹스 80개입 2.8g","93118697467","맥널티커피 아이브루 플러스 스위트 블랙 원두커피믹스,2.8g,2.8g,80개입,80개입,1개,1개","NO","Food","Coffee & Tea","원두커피믹스","맥널티커피","26140","2","0","15922","26140","0","0","0","0","0","13070.0","2","2","13070.0","2.197802197802198","91","2","0","0.0"
"2026-10-02","8288498794","8804645006920","62821923","맥널티 핸드드립 커피 에티오피아 예가체프 8g 24개입 1개","93160224250","맥널티커피 에티오피아 예가체프 핸드드립 커피,8g,8g,24개입,24개입,1개,1개","NO","Food","Coffee & Tea","드립백/티백","맥널티커피","44700","3","0","29037","44700","0","0","0","0","0","14900.0","3","3","14900.0","9.375","32","3","0","0.0"
"2026-10-02","8943722025","8804645007651","62882483","티브루 보리차 진액, 1개, 400g","93176192108","맥널티 티브루 보리차 진액,1개,1개,400g,400g","NO","Food","Drinks","농축액(음료베이스)","맥널티커피","64500","5","0","38455","62620","0","1880","0","64500","5","12900.0","5","5","12900.0","20.833333333333336","24","5","0","0.0"
"2026-10-02","8943722025","8804645007651","62882483","티브루 보리차 진액, 1개, 400g","93185426248","맥널티 티브루 보리차 진액,2개,2개,400g,400g","NO","Food","Drinks","농축액(음료베이스)","맥널티커피","25800","2","0","15382","24000","0","1800","0","25800","2","12900.0","1","1","25800.0","0.0","0","1","0","0.0"
"2026-10-02","8989803786","8804645002861","15720531","콜롬비아 블랙 100개입","93308668047","맥널티커피 콜롬비아 블랙 원두커피믹스,1g,1g,100개입,100개입,1박스,1박스","YES","Food","Coffee & Tea","원두커피믹스","맥널티커피","10900","1","0","6345","10440","0","460","0","10900","1","10900.0","1","1","10900.0","6.25","16","1","0","0.0"
"2026-10-02","8992141532","8804645007637","63447822","스테비아 커피믹스 헤이즐넛향 9.5g 30개입 1개","93318568356","맥널티커피 스테비아 커피믹스 헤이즐넛향,9.5g,9.5g,30개입,30개입,1개,1개","NO","Food","Coffee & Tea","커피믹스","맥널티커피","93240","12","0","57924","93240","0","0","0","0","0","7770.0","12","11","8476.363636363636","5.825242718446602","206","12","1","5.0"
"2026-10-02","8992141532","8804645007637","63447822","스테비아 커피믹스 헤이즐넛향 9.5g 30개입 1개","93325956037","맥널티커피 스테비아 커피믹스 헤이즐넛향,9.5g,9.5g,30개입,30개입,2개,2개","NO","Food","Coffee & Tea","커피믹스","맥널티커피","15540","2","0","9654","15540","0","0","0","0","0","7770.0","1","1","15540.0","33.33333333333333","3","1","0","0.0"
"2026-10-02","9072225100","8804645007675","64842417","티브루 호박팥차 진액 10ml 30개입 1개","93616956467","맥널티 티브루 호박팥차 진액,1개,1개,30개입,30개입,10ml,10ml","NO","Food","Coffee & Tea","율무/견과차","맥널티","504900","51","1","268362","492460","0","12020","0","504900","51","9900.0","49","49","10304.081632653062","12.34256926952141","397","51","7","4.7"
"2026-10-02","9074685478","8804645007668","64859139","맥널티 스테비아 솔티드 카라멜 커피믹스 10g 1개 30개입","93626471781","맥널티커피 스테비아 솔티드 카라멜 커피믹스,10g,10g,30개입,30개입,1개,1개","NO","Food","Coffee & Tea","커피믹스","맥널티커피","8910","1","1","5670","8910","0","0","0","0","0","8910.0","2","2","4455.0","3.1746031746031744","63","1","0","0.0"
"2026-10-02","9072225100","8804645007675","64842417","티브루 호박팥차 진액 10ml 30개입 1개","93627357485","맥널티 티브루 호박팥차 진액,2개,2개,30개입,30개입,10ml,10ml","NO","Food","Coffee & Tea","율무/견과차","맥널티","18900","2","0","10524","18900","0","0","0","0","0","9450.0","1","1","18900.0","33.33333333333333","3","1","0","0.0"
"2026-10-02","9074685478","8804645007668","64859139","맥널티 스테비아 솔티드 카라멜 커피믹스 10g 1개 30개입","93634956501","맥널티커피 스테비아 솔티드 카라멜 커피믹스,10g,10g,30개입,30개입,3개,3개","NO","Food","Coffee & Tea","커피믹스","맥널티커피","22200","3","0","17010","21750","0","450","0","22200","3","7400.0","1","1","22200.0","25.0","4","1","0","0.0"
"2026-10-02","9223273138","8804645007323","54922706","맥널티 대용량 제로슈가 스테비아 믹스커피 음료, 1L, 6개","94224202463","맥널티커피 스테비아 커피믹스,1L,1L,6개,6개","YES","Food","Drinks","커피음료","맥널티커피","25800","2","0","17610","24700","0","1100","0","25800","2","12900.0","2","2","12900.0","22.22222222222222","9","2","0","0.0"
"2026-10-02","9223310411","8804645006739","61673272","맥널티커피 복숭아 아이스티 제로, 1.5L, 1개","94224367818","맥널티커피 복숭아 아이스티 제로,1.5L,1.5L,3개,3개","YES","Food","Drinks","차음료","맥널티커피","6600","3","0","4092","6460","0","140","0","6600","3","2200.0","1","1","6600.0","11.11111111111111","9","1","0","0.0"
"2026-10-02","9223310411","8804645006739","61673272","맥널티커피 복숭아 아이스티 제로, 1.5L, 1개","94224368263","맥널티커피 복숭아 아이스티 제로,1.5L,1.5L,6개,6개","YES","Food","Drinks","차음료","맥널티커피","13200","6","0","8184","12640","0","560","0","13200","6","2200.0","1","1","13200.0","20.0","5","1","0","0.0"
"2026-10-02","9223310411","8804645006739","61673272","맥널티커피 복숭아 아이스티 제로, 1.5L, 1개","94224368460","맥널티커피 복숭아 아이스티 제로,1.5L,1.5L,2개,2개","YES","Food","Drinks","차음료","맥널티커피","17600","8","0","10912","17600","0","0","0","0","0","2200.0","4","4","4400.0","28.57142857142857","14","4","1","5.0"
"2026-10-02","9239306730","8804645007781","67975031","호랭이 커피 오곡향 블랙, 1개, 20개입, 1g","94320932957","맥널티커피 호랭이 커피스틱 오곡향 블랙,6개,6개,20개입,20개입,1g,1g","NO","Food","Coffee & Tea","원두커피믹스","맥널티커피","18900","6","0","16836","18900","0","0","0","0","0","3150.0","1","1","18900.0","4.761904761904762","21","1","0","0.0"
"2026-10-02","9239306730","8804645007781","67975031","호랭이 커피 오곡향 블랙, 1개, 20개입, 1g","94320932959","맥널티커피 호랭이 커피스틱 오곡향 블랙,2개,2개,20개입,20개입,1g,1g","NO","Food","Coffee & Tea","원두커피믹스","맥널티커피","7300","2","0","5612","7300","0","0","0","0","0","3650.0","1","1","7300.0","3.4482758620689653","29","1","0","0.0"
"2026-10-02","9239306730","8804645007781","67975031","호랭이 커피 오곡향 블랙, 1개, 20개입, 1g","94320932978","맥널티커피 호랭이 커피스틱 오곡향 블랙,3개,3개,20개입,20개입,1g,1g","NO","Food","Coffee & Tea","원두커피믹스","맥널티커피","10200","3","0","8418","10200","0","0","0","0","0","3400.0","1","1","10200.0","14.285714285714285","7","1","0","0.0"
"2026-10-02","9223273138","8804645007323","54922706","맥널티 대용량 제로슈가 스테비아 믹스커피 음료, 1L, 6개","94341371323","맥널티커피 스테비아 커피믹스,1L,1L,12개,12개","YES","Food","Drinks","커피음료","맥널티커피","49200","4","0","35220","47200","0","2000","0","49200","4","12300.0","2","2","24600.0","50.0","4","2","0","0.0"
"2026-10-02","9237125577","8804645007729","68147034","베니스브루 스페셜티 핸드드립 가향 커피 쇼콜라 모카, 1개, 7개입, 12g","94363280975","맥널티커피 베니스브루 스페셜티 가향 드립백 커피 쇼콜라 모카,1개,1개,7개입,7개입,12g,12g","NO","Food","Coffee & Tea","드립백/티백","맥널티커피","8280","1","0","5164","8280","0","0","0","0","0","8280.0","1","1","8280.0","4.166666666666666","24","1","0","0.0"
"2026-10-02","8833324061","8804645007491","68778942","아이브루 아메리카노 블랙커피 무라벨 400ML 20개","94529638880","맥널티커피 아이브루 아메리카노 블랙커피 무라벨,400ml,400ml,20개,20개","NO","Food","Drinks","커피음료","맥널티커피","2017650","118","3","1420012","1868450","10000","135600","0","2017650","118","17098.728813559323","116","116","17393.53448275862","12.705366922234393","913","118","17","4.8"
"2026-10-02","8746655772","18804645007504","68778941","맥널티 아이브루 헤이즐넛향 블랙커피 12개 1L","94529638884","맥널티커피 아이브루 헤이즐넛향 블랙커피,12개,12개,1L,1L","NO","Food","Drinks","커피음료","맥널티커피","724000","40","3","477720","672400","0","48000","0","724000","40","18100.0","43","42","17238.095238095237","14.625850340136054","294","40","4","5.0"
"2026-10-02","8214108205","18804645007306","68778940","맥널티 아이브루 아메리카노 블랙커피 12개 1L","94529638892","맥널티커피 아이브루 아메리카노 블랙커피,1L,1L,12개,12개","NO","Food","Drinks","커피음료","맥널티커피","2153900","119","2","1426810","2006300","6000","140400","0","2153900","119","18100.0","119","119","18100.0","13.95076201641266","853","119","14","5.0"
"2026-10-02","8833324061","8804645007491","68778942","아이브루 아메리카노 블랙커피 무라벨 400ML 20개","94538485465","맥널티커피 아이브루 아메리카노 블랙커피 무라벨,400ml,400ml,60개,60개","NO","Food","Drinks","커피음료","맥널티커피","102600","6","0","72204","95400","0","7200","0","102600","6","17100.0","2","2","51300.0","50.0","4","2","0","0.0"
"2026-10-02","8214108205","18804645007306","68778940","맥널티 아이브루 아메리카노 블랙커피 12개 1L","94538485615","맥널티커피 아이브루 아메리카노 블랙커피,1L,1L,24개,24개","NO","Food","Drinks","커피음료","맥널티커피","674160","40","0","479600","646160","28000","0","0","33690","2","16854.0","20","20","33708.0","51.28205128205128","39","20","3","3.7"
"2026-10-02","8214108205","18804645007306","68778940","맥널티 아이브루 아메리카노 블랙커피 12개 1L","94538485701","맥널티커피 아이브루 아메리카노 블랙커피,1L,1L,36개,36개","NO","Food","Drinks","커피음료","맥널티커피","50590","3","0","35970","50590","0","0","0","0","0","16863.333333333332","1","1","50590.0","0.0","0","1","0","0.0"
"2026-10-02","8214108205","18804645007306","68778940","맥널티 아이브루 아메리카노 블랙커피 12개 1L","94538485705","맥널티커피 아이브루 아메리카노 블랙커피,1L,1L,48개,48개","NO","Food","Drinks","커피음료","맥널티커피","134880","8","0","95920","134880","0","0","0","0","0","16860.0","2","2","67440.0","0.0","0","2","0","0.0"
"2026-10-02","8833324061","8804645007491","68778942","아이브루 아메리카노 블랙커피 무라벨 400ML 20개","94538485746","맥널티커피 아이브루 아메리카노 블랙커피 무라벨,400ml,400ml,80개,80개","NO","Food","Drinks","커피음료","맥널티커피","136800","8","0","96272","127200","0","9600","0","136800","8","17100.0","2","2","68400.0","33.33333333333333","6","2","0","0.0"
"2026-10-02","8833324061","8804645007491","68778942","아이브루 아메리카노 블랙커피 무라벨 400ML 20개","94538485833","맥널티커피 아이브루 아메리카노 블랙커피 무라벨,400ml,400ml,40개,40개","NO","Food","Drinks","커피음료","맥널티커피","342000","20","4","240680","313200","0","24000","0","342000","20","17100.0","12","12","28500.0","54.54545454545454","22","10","3","5.0"
"2026-10-02","8214108205","18804645007306","68778940","맥널티 아이브루 아메리카노 블랙커피 12개 1L","94538485847","맥널티커피 아이브루 아메리카노 블랙커피,1L,1L,60개,60개","NO","Food","Drinks","커피음료","맥널티커피","-84400","-5","5","-59950","-84400","0","0","0","0","0","16880.0","0","0","0.0","0.0","0","-1","0","0.0"
"2026-10-02","9334231304","8804645007842","69526598","맥널티 갓성비 제로슈가 커피믹스, 1개, 80개입, 9g","94707153018","맥널티커피 갓성비 제로슈가 커피믹스,1개,1개,80개입,80개입,9g,9g","NO","Food","Coffee & Tea","커피믹스","맥널티커피","319700","23","2","203642","319700","0","0","0","0","0","13900.0","25","23","13900.0","6.459948320413436","387","23","1","5.0"
"2026-10-02","9334231304","8804645007842","69526598","맥널티 갓성비 제로슈가 커피믹스, 1개, 80개입, 9g","94716499923","맥널티커피 갓성비 제로슈가 커피믹스,2개,2개,80개입,80개입,9g,9g","NO","Food","Coffee & Tea","커피믹스","맥널티커피","83400","6","0","53124","83400","0","0","0","0","0","13900.0","3","3","27800.0","60.0","5","3","0","0.0"
"2026-10-02","8992141532","8804645007811","69634259","맥널티커피 스테비아 커피믹스 헤이즐넛향, 9.5g, 100개입, 1개","94732664312","맥널티커피 스테비아 커피믹스 헤이즐넛향,9.5g,9.5g,100개입,100개입,1개,1개","NO","Food","Coffee & Tea","커피믹스","맥널티커피","297450","15","0","213915","297450","0","0","0","0","0","19830.0","15","15","19830.0","17.045454545454543","88","15","0","0.0"
"2026-10-02","8992141532","8804645007811","69634259","맥널티커피 스테비아 커피믹스 헤이즐넛향, 9.5g, 100개입, 1개","94741151400","맥널티커피 스테비아 커피믹스 헤이즐넛향,9.5g,9.5g,100개입,100개입,2개,2개","NO","Food","Coffee & Tea","커피믹스","맥널티커피","39660","2","0","28522","39660","0","0","0","0","0","19830.0","1","1","39660.0","0.0","0","1","0","0.0"
"2026-10-02","9393910904","8804645007675","64842417","티브루 호박팥차 진액 10ml 30개입 1개","94856748700","맥널티 티브루 호박팥차 진액,1개,1개,30개입,30개입,10ml,10ml","YES","Food","Coffee & Tea","율무/견과차","맥널티","49500","5","1","26310","47860","0","1220","0","49500","5","9900.0","6","6","8250.0","11.11111111111111","54","5","0","0.0"
"2026-10-02","9393911932","8804645007637","63447822","스테비아 커피믹스 헤이즐넛향 9.5g 30개입 1개","94856750921","맥널티커피 스테비아 커피믹스 헤이즐넛향,9.5g,9.5g,30개입,30개입,1개,1개","YES","Food","Coffee & Tea","커피믹스","맥널티커피","15540","2","0","9654","15540","0","0","0","0","0","7770.0","2","2","7770.0","33.33333333333333","6","2","0","0.0"
"2026-10-02","9398358978","8804645007903","70253954","아이브루 디카페인 아메리카노 블랙커피 무라벨, 20개, 400ml","94890161558","아이브루 디카페인 아메리카노 블랙커피 무라벨,20개,20개,400ml,400ml","NO","Food","Drinks","커피음료","아이브루","594000","30","1","405000","576760","0","16400","0","594000","30","19800.0","31","31","19161.290322580644","7.259953161592506","427","30","6","4.8"
"2026-10-02","9398358978","8804645007903","70253954","아이브루 디카페인 아메리카노 블랙커피 무라벨, 20개, 400ml","94897060778","아이브루 디카페인 아메리카노 블랙커피 무라벨,40개,40개,400ml,400ml","NO","Food","Drinks","커피음료","아이브루","79200","4","2","54000","76800","0","2400","-2000","79200","4","19800.0","3","3","26400.0","60.0","5","2","0","0.0"
"2026-10-02","9425537152","9311931902167","52625820","맥널티 인스턴트 원두 병커피 에스프레소 블랙 50g 1개","94975150149","프라이빗클럽 맥널티 인스턴트 원두 병커피 에스프레소 블랙,50g,50g,1개,1개,1개입,1개입","YES","Food","Coffee & Tea","원두커피믹스","프라이빗클럽","32200","7","0","24402","32200","0","0","0","0","0","4600.0","7","7","4600.0","7.216494845360824","97","7","0","0.0"
"2026-10-02","9442108303","8804645007897","71115722","호랭이 커피믹스 고소한 오곡향, 1개, 20개입, 9.5g","95077614086","맥널티커피 호랭이 커피믹스 고소한 오곡향,1개,1개,20개입,20개입,9.5g,9.5g","NO","Food","Coffee & Tea","커피믹스","맥널티커피","27500","5","0","14030","27500","0","0","0","0","0","5500.0","5","5","5500.0","13.88888888888889","36","5","2","4.5"
"2026-10-02","9442108303","8804645007880","71115721","호랭이 커피믹스 고소한 오곡향, 1개, 160개입, 9.5g","95077614088","맥널티커피 호랭이 커피믹스 고소한 오곡향,1개,1개,160개입,160개입,9.5g,9.5g","NO","Food","Coffee & Tea","커피믹스","맥널티커피","143400","6","1","85566","134510","5000","3410","0","143400","6","23900.0","7","7","20485.714285714286","2.8000000000000003","250","6","3","5.0"
"2026-10-02","9442108303","8804645007897","71115722","호랭이 커피믹스 고소한 오곡향, 1개, 20개입, 9.5g","95085590532","맥널티커피 호랭이 커피믹스 고소한 오곡향,2개,2개,20개입,20개입,9.5g,9.5g","NO","Food","Coffee & Tea","커피믹스","맥널티커피","19600","4","0","11224","18980","0","620","0","19600","4","4900.0","2","2","9800.0","66.66666666666666","3","2","0","0.0"
"2026-10-02","9454845088","8804645007873","71629331","맥널티 갓성비 아메리카노 블랙커피, 1개, 100개입, 2g","95157094446","맥널티커피 갓성비 아메리카노 블랙커피,1개,1개,100개입,100개입,2g,2g","NO","Food","Coffee & Tea","원두커피믹스","맥널티커피","864200","58","2","494972","857270","0","6270","0","298000","20","14900.0","60","60","14403.333333333334","7.109004739336493","844","58","4","4.5"
"2026-10-02","9470391723","8804645007934","71636537","맥널티 티브루 호박팥차 무라벨, 20개, 500ml","95157268909","맥널티커피 티브루 호박팥차 무라벨,20개,20개,500ml,500ml","NO","Food","Drinks","농축액(음료베이스)","맥널티커피","193500","15","0","131985","192050","0","1450","0","64500","5","12900.0","15","15","12900.0","5.952380952380952","252","15","2","2.5"
"2026-10-02","9454845088","8804645007873","71629331","맥널티 갓성비 아메리카노 블랙커피, 1개, 100개입, 2g","95163444213","맥널티커피 갓성비 아메리카노 블랙커피,2개,2개,100개입,100개입,2g,2g","NO","Food","Coffee & Tea","원두커피믹스","맥널티커피","118800","8","0","68272","117680","0","1120","0","59400","4","14850.0","4","4","29700.0","400.0","1","4","0","0.0"
"2026-10-02","9454845088","8804645007873","71629331","맥널티 갓성비 아메리카노 블랙커피, 1개, 100개입, 2g","95163444238","맥널티커피 갓성비 아메리카노 블랙커피,3개,3개,100개입,100개입,2g,2g","NO","Food","Coffee & Tea","원두커피믹스","맥널티커피","44550","3","0","25602","44550","0","0","0","0","0","14850.0","1","1","44550.0","0.0","0","1","0","0.0"
"2026-10-02","9470391723","8804645007934","71636537","맥널티 티브루 호박팥차 무라벨, 20개, 500ml","95163527425","맥널티커피 티브루 호박팥차 무라벨,40개,40개,500ml,500ml","NO","Food","Drinks","농축액(음료베이스)","맥널티커피","51600","4","0","35196","50460","0","1140","0","51600","4","12900.0","2","2","25800.0","28.57142857142857","7","2","0","0.0"
"2026-10-02","9244376556","8804645007989","71777603","투비 다크 블랙 블렌드 홀빈 원두 커피, 1kg, 홀빈(분쇄안함), 1개","95182652820","맥널티커피 다크 블랙 원두 블렌드 원두 홀빈,1kg,1kg,1개,1개","NO","Food","Coffee & Tea","원두","맥널티커피","22400","1","0","13115","22010","0","390","0","22400","1","22400.0","1","1","22400.0","2.7777777777777777","36","1","1","5.0"
"2026-10-02","1942501818","8804645300950","12491225","맥널티 핸드드립 커피필터 30개입","95240550975","맥널티커피  핸드드립 커피필터,30개입,30개입,2개,2개","NO","Kitchen","Tools & Gadgets","커피필터/여과지","맥널티","8330","2","0","5474","2330","6000","0","0","8330","2","4165.0","1","1","8330.0","20.0","5","1","1","5.0"
"2026-10-02","324195553","9311931105162","3067428","인스턴트 병커피 헤이즐넛향 50g","95298805338","프라이빗클럽 헤이즐넛향 병커피 원두커피믹스,50g,50g,1개입,1개입,6개,6개","NO","Food","Coffee & Tea","커피믹스","프라이빗클럽","198800","42","0","96600","193550","0","5250","0","198800","42","4733.333333333333","7","6","33133.333333333336","25.0","28","7","1","5.0"
"2026-10-02","324195553","9311931105162","3067428","인스턴트 병커피 헤이즐넛향 50g","95298805339","프라이빗클럽 맥널티 헤이즐넛향 병커피,50g,50g,1개입,1개입,4개,4개","NO","Food","Coffee & Tea","커피믹스","프라이빗클럽","56910","12","0","27600","55770","0","1140","0","56910","12","4742.5","3","3","18970.0","10.714285714285714","28","3","0","0.0"
"2026-10-02","324195553","9311931105162","3067428","인스턴트 병커피 헤이즐넛향 50g","95298805355","프라이빗클럽 맥널티 헤이즐넛향 병커피,50g,50g,1개입,1개입,3개,3개","NO","Food","Coffee & Tea","커피믹스","프라이빗클럽","58400","12","0","27600","56560","0","1840","0","58400","12","4866.666666666667","4","4","14600.0","30.76923076923077","13","4","0","0.0"
"2026-10-02","6501093720","8804645007965","73944650","맥널티 복숭아 아이스티 대용량 파우치, 1개, 2.1L","95467325453","맥널티커피 대용량 복숭아 아이스티 파우치,2.1L,2.1L,1개,1개","NO","Food","Drinks","차음료","맥널티커피","20000","4","1","9652","20000","0","0","0","0","0","5000.0","5","5","4000.0","23.809523809523807","21","4","1","5.0"
"2026-10-02","6501093720","8804645007965","73944650","맥널티 복숭아 아이스티 대용량 파우치, 1개, 2.1L","95474357016","맥널티커피 대용량 복숭아 아이스티 파우치,2.1L,2.1L,3개,3개","NO","Food","Drinks","차음료","맥널티커피","34110","9","0","21717","34110","0","0","0","0","0","3790.0","3","3","11370.0","21.428571428571427","14","3","0","0.0"
"2026-10-02","6501093720","8804645007965","73944650","맥널티 복숭아 아이스티 대용량 파우치, 1개, 2.1L","95474357017","맥널티커피 대용량 복숭아 아이스티 파우치,2.1L,2.1L,2개,2개","NO","Food","Drinks","차음료","맥널티커피","60640","16","0","38608","60640","0","0","0","0","0","3790.0","7","7","8662.857142857143","10.144927536231885","69","8","4","3.5"
"2026-10-02","6501093720","8804645007965","73944650","맥널티 복숭아 아이스티 대용량 파우치, 1개, 2.1L","95474357062","맥널티커피 대용량 복숭아 아이스티 파우치,2.1L,2.1L,6개,6개","NO","Food","Drinks","차음료","맥널티커피","-181920","-48","48","-115824","-181920","0","-500","0","0","0","3790.0","0","0","0.0","0.0","3","-8","0","0.0"
"2026-10-02","6501093720","8804645007965","73944650","맥널티 복숭아 아이스티 대용량 파우치, 1개, 2.1L","95474357066","맥널티커피 대용량 복숭아 아이스티 파우치,2.1L,2.1L,4개,4개","NO","Food","Drinks","차음료","맥널티커피","60640","16","0","38608","60300","0","340","0","15160","4","3790.0","4","4","15160.0","66.66666666666666","6","4","0","0.0"
"2026-10-02","8401715066","8804645007958","73951791","맥널티 아이스 아메리카노 블랙 커피 대용량 파우치, 1개, 2.1L","95474484555","맥널티커피 아이스 아메리카노 블랙 대용량 파우치,2.1L,2.1L,3개,3개","NO","Food","Drinks","커피음료","맥널티커피","56850","15","3","36195","56850","0","0","0","0","0","3790.0","6","6","9475.0","46.15384615384615","13","5","2","5.0"
"2026-10-02","8401715066","8804645007958","73951791","맥널티 아이스 아메리카노 블랙 커피 대용량 파우치, 1개, 2.1L","95474484557","맥널티커피 아이스 아메리카노 블랙 대용량 파우치,2.1L,2.1L,5개,5개","NO","Food","Drinks","커피음료","맥널티커피","132650","35","0","84455","131810","0","840","0","37900","10","3790.0","6","6","22108.333333333332","300.0","2","7","0","0.0"
"2026-10-02","8401715066","8804645007958","73951791","맥널티 아이스 아메리카노 블랙 커피 대용량 파우치, 1개, 2.1L","95474484558","맥널티커피 아이스 아메리카노 블랙 대용량 파우치,2.1L,2.1L,6개,6개","NO","Food","Drinks","커피음료","맥널티커피","68220","18","6","43434","67720","0","500","0","22740","6","3790.0","4","4","17055.0","21.052631578947366","19","3","0","0.0"
"2026-10-02","8401715066","8804645007958","73951791","맥널티 아이스 아메리카노 블랙 커피 대용량 파우치, 1개, 2.1L","95474484589","맥널티커피 아이스 아메리카노 블랙 대용량 파우치,2.1L,2.1L,2개,2개","NO","Food","Drinks","커피음료","맥널티커피","394160","104","4","250952","388038","6122","0","0","7580","2","3790.0","54","53","7436.981132075472","27.27272727272727","198","52","6","5.0"
"2026-10-02","8401715066","8804645007958","73951791","맥널티 아이스 아메리카노 블랙 커피 대용량 파우치, 1개, 2.1L","95474484591","맥널티커피 아이스 아메리카노 블랙 대용량 파우치,2.1L,2.1L,4개,4개","NO","Food","Drinks","커피음료","맥널티커피","166760","44","0","106172","164720","0","2040","0","90960","24","3790.0","10","10","16676.0","45.45454545454545","22","11","0","0.0"
"2026-10-02","8401715066","8804645007958","73951791","맥널티 아이스 아메리카노 블랙 커피 대용량 파우치, 1개, 2.1L","95475891925","맥널티커피 아이스 아메리카노 블랙 대용량 파우치,2.1L,2.1L,2개,2개","NO","Food","Drinks","커피음료","맥널티커피","560920","148","4","357124","560920","0","0","0","0","0","3790.0","74","72","7790.555555555556","11.212121212121213","660","74","2","5.0"
"2026-10-02","6501093720","8804645007965","73944650","맥널티 복숭아 아이스티 대용량 파우치, 1개, 2.1L","95475892070","맥널티커피 대용량 복숭아 아이스티 파우치,2.1L,2.1L,2개,2개","NO","Food","Drinks","차음료","맥널티커피","166760","44","0","106172","163138","3622","0","0","22740","6","3790.0","21","21","7940.952380952381","9.375","224","22","3","5.0"
"2026-10-02","8989761224","8804645300950","12491225","맥널티 핸드드립 커피필터 30개입","95537141053","맥널티커피  핸드드립 커피필터,30개입,30개입,2개,2개","YES","Kitchen","Tools & Gadgets","커피필터/여과지","맥널티","8330","2","0","5474","8330","0","0","0","0","0","4165.0","1","1","8330.0","100.0","1","1","0","0.0"
"2026-10-02","8401715066","8804645005916","75683093","맥널티 아이스 아메리카노 블랙 1리터, 1L, 1개","95668824742","맥널티커피 아이스 아메리카노 블랙,1L,1L,2개,2개","NO","Food","Drinks","커피음료","맥널티커피","58000","20","0","34280","58000","0","0","0","0","0","2900.0","10","10","5800.0","29.411764705882355","34","10","1","5.0"
"2026-10-02","9618053831","8804645005930","75694561","맥널티커피 아이스 아메리카노 헤이즐넛, 1개, 1L","95669972217","맥널티커피 아이스 아메리카노 헤이즐넛,2개,2개,1L,1L","NO","Food","Drinks","커피음료","맥널티커피","0","0","2","0","0","0","0","0","0","0","0.0","1","1","0.0","100.0","1","0","4","5.0"
"2026-10-02","6557407422","8804645005923","75765043","맥널티 아이스아메리카노 스위트, 1개, 1L","95687240424","맥널티커피 아이스 아메리카노 스위트,1L,1L,4개,4개","NO","Food","Drinks","커피음료","맥널티커피","11600","4","0","6856","11600","0","0","0","0","0","2900.0","1","1","11600.0","33.33333333333333","3","1","0","0.0"
"2026-10-02","6557407422","8804645005923","75765043","맥널티 아이스아메리카노 스위트, 1개, 1L","95687240434","맥널티커피 아이스 아메리카노 스위트,1L,1L,2개,2개","NO","Food","Drinks","커피음료","맥널티커피","70800","24","2","41136","70540","0","260","0","11800","4","2950.0","13","13","5446.153846153846","19.11764705882353","68","12","0","0.0"
"2026-10-02","6557407422","8804645005923","75765043","맥널티 아이스아메리카노 스위트, 1개, 1L","95687240435","맥널티커피 아이스 아메리카노 스위트,1L,1L,3개,3개","NO","Food","Drinks","커피음료","맥널티커피","17400","6","0","10284","17400","0","0","0","0","0","2900.0","2","2","8700.0","25.0","8","2","0","0.0"
"2026-10-02","6557407422","8804645005923","75765043","맥널티 아이스아메리카노 스위트, 1개, 1L","95687240437","맥널티커피 아이스 아메리카노 스위트,1L,1L,6개,6개","NO","Food","Drinks","커피음료","맥널티커피","32320","12","0","20568","32320","0","0","0","0","0","2693.3333333333335","2","2","16160.0","7.4074074074074066","27","2","0","0.0"
"2026-10-02","6517973078","8804645005954","75850021","맥널티 허니자몽 블랙티, 1L, 1개","95700394916","맥널티커피 허니자몽 블랙티,1L,1L,2개,2개","NO","Food","Drinks","차음료","맥널티커피","34800","12","0","20568","32617","2183","0","0","5800","2","2900.0","5","5","6960.0","17.24137931034483","29","6","0","0.0"
"2026-10-02","8943722025","8804645007996","76230458","맥널티 진 보리차 1개 1kg","95739490220","맥널티커피 진 보리차,1개,1개,1kg,1kg","NO","Food","Coffee & Tea","둥글레/옥수수/보리/결명자차","맥널티커피","17900","1","0","15209","17900","0","0","0","0","0","17900.0","1","1","17900.0","5.88235294117647","17","1","0","0.0"
"2026-10-02","7052326812","8804645006425","76443755","맥널티 브라질 세라도 NY.2 원두 1kg, 1개","95767959676","맥널티커피 브라질 세라도 NY.2 원두,1kg,1kg,1개,1개","NO","Food","Coffee & Tea","원두","브랜드없음","48700","2","0","35218","48700","0","0","0","0","0","24350.0","2","2","24350.0","7.142857142857142","28","2","0","0.0"
"2026-10-02","9629201786","18804645008013","76540319","맥널티 호랭이 마일드 라떼 캔커피, 30개, 175ml","95780789743","맥널티 호랭이 마일드 라떼 캔커피,30개,30개,175ml,175ml","NO","Food","Drinks","커피음료","맥널티커피","934400","73","4","622179","861400","0","0","69000","896000","70","12800.0","75","73","12800.0","8.971291866028707","836","73","8","4.5"
"2026-10-02","9629201786","18804645008013","76540319","맥널티 호랭이 마일드 라떼 캔커피, 30개, 175ml","95786605266","맥널티 호랭이 마일드 라떼 캔커피,60개,60개,175ml,175ml","NO","Food","Drinks","커피음료","맥널티커피","179200","14","0","119322","165200","0","0","14000","179200","14","12800.0","7","7","25600.0","43.75","16","7","0","0.0"
"2026-10-02","9629201786","18804645008013","76540319","맥널티 호랭이 마일드 라떼 캔커피, 30개, 175ml","95786605273","맥널티 호랭이 마일드 라떼 캔커피,90개,90개,175ml,175ml","NO","Food","Drinks","커피음료","맥널티커피","192000","15","0","127845","180000","0","0","12000","153600","12","12800.0","5","5","38400.0","71.42857142857143","7","5","0","0.0"
"2026-10-02","9618053831","8804645008030","77572705","맥널티 아이스 아메리카노 헤이즐넛, 1개, 2.1L","95883431972","맥널티커피 아이스 아메리카노 헤이즐넛,1개,1개,2.1L,2.1L","NO","Food","Drinks","커피음료","맥널티커피","44000","8","0","19304","43610","0","390","0","16500","3","5500.0","8","8","5500.0","38.095238095238095","21","8","0","0.0"
"2026-10-02","9618053831","8804645008030","77572705","맥널티 아이스 아메리카노 헤이즐넛, 1개, 2.1L","95888645025","맥널티커피 아이스 아메리카노 헤이즐넛,2개,2개,2.1L,2.1L","NO","Food","Drinks","커피음료","맥널티커피","613980","162","6","390906","599408","8792","5610","0","272880","72","3790.0","81","80","7674.75","15.111940298507461","536","81","2","5.0"
"2026-10-02","9618053831","8804645008030","77572705","맥널티 아이스 아메리카노 헤이즐넛, 1개, 2.1L","95888645028","맥널티커피 아이스 아메리카노 헤이즐넛,4개,4개,2.1L,2.1L","NO","Food","Drinks","커피음료","맥널티커피","15160","4","0","9652","14820","0","340","0","15160","4","3790.0","1","1","15160.0","16.666666666666664","6","1","0","0.0"
"2026-10-02","9618053831","8804645008030","77572705","맥널티 아이스 아메리카노 헤이즐넛, 1개, 2.1L","95888645050","맥널티커피 아이스 아메리카노 헤이즐넛,3개,3개,2.1L,2.1L","NO","Food","Drinks","커피음료","맥널티커피","68220","18","0","43434","64220","4000","0","0","11370","3","3790.0","6","6","11370.0","300.0","2","6","0","0.0"
"2026-10-02","9618053831","8804645008030","77572705","맥널티 아이스 아메리카노 헤이즐넛, 1개, 2.1L","95888645057","맥널티커피 아이스 아메리카노 헤이즐넛,5개,5개,2.1L,2.1L","NO","Food","Drinks","커피음료","맥널티커피","18950","5","0","12065","18530","0","420","0","18950","5","3790.0","1","1","18950.0","0.0","0","1","1","5.0"
"2026-10-02","9618053831","8804645008030","77572705","맥널티 아이스 아메리카노 헤이즐넛, 1개, 2.1L","95888645116","맥널티커피 아이스 아메리카노 헤이즐넛,6개,6개,2.1L,2.1L","NO","Food","Drinks","커피음료","맥널티커피","22740","6","0","14478","22240","0","500","0","22740","6","3790.0","1","1","22740.0","33.33333333333333","3","1","0","0.0"
"2026-10-02","7747172789","8804645006890","38933766","맥널티커피 스테비아 디카페인 커피믹스, 1개, 100개입 9.5g","95912625882","맥널티커피 스테비아 디카페인 커피믹스,9.5g,9.5g,100개입,100개입,2개,2개","NO","Food","Coffee & Tea","커피믹스","맥널티커피","50260","2","0","36168","50260","0","0","0","0","0","25130.0","1","1","50260.0","3.8461538461538463","26","1","0","0.0"
"2026-10-02","9709158118","8804645007958","73951791","맥널티 아이스 아메리카노 블랙 커피 대용량 파우치, 1개, 2.1L","95975560291","맥널티커피 아이스 아메리카노 블랙 대용량 파우치,2.1L,2.1L,1개,1개","YES","Food","Drinks","커피음료","맥널티커피","140400","36","0","86868","140400","0","0","0","0","0","3900.0","35","35","4011.4285714285716","21.875","160","36","1","1.0"
"2026-10-02","9709158118","8804645007958","73951791","맥널티 아이스 아메리카노 블랙 커피 대용량 파우치, 1개, 2.1L","95975560324","맥널티커피 아이스 아메리카노 블랙 대용량 파우치,2.1L,2.1L,2개,2개","YES","Food","Drinks","커피음료","맥널티커피","90960","24","2","57912","85421","5539","0","0","7580","2","3790.0","13","12","7580.0","35.13513513513514","37","12","0","0.0"
"2026-10-02","9730607617","8804645005930","75694561","맥널티커피 아이스 아메리카노 헤이즐넛, 1개, 1L","96042897453","맥널티커피 아이스 아메리카노 헤이즐넛,1개,1개,1L,1L","YES","Food","Drinks","커피음료","맥널티커피","14160","3","0","5142","14160","0","0","0","0","0","4720.0","3","3","4720.0","21.428571428571427","14","3","0","0.0"
"2026-10-02","5307434260","8804645004490","15333511","맥널티 드립 주전자 350ml","96069537656","맥널티커피 드립 주전자,350ml,350ml,2개,2개,단품,단품","NO","Kitchen","Tools & Gadgets","드립주전자/포트","맥널티커피","9800","2","0","10088","9600","0","200","0","9800","2","4900.0","1","1","9800.0","14.285714285714285","7","1","0","0.0"
"2026-10-02","9720265693","8804645000010","80552849","맥널티 천연펄프 무표백 핸드드립 커피필터 여과지(2~4인용), 1개, 100개입","96070715955","맥널티커피 펄프 무표백 핸드드립 커피필터 여과지 2~4인용,1개,1개,100개입,100개입","NO","Kitchen","Tools & Gadgets","커피필터/여과지","맥널티커피","10500","3","1","7254","10500","0","0","0","0","0","3500.0","4","4","2625.0","28.57142857142857","14","3","0","0.0"
"2026-10-02","5066205124","8804645006449","80855137","맥널티 에티오피아 예가체프 G2 원두 1kg, 1개, 홀빈(분쇄안함)","96089417533","맥널티커피 에티오피아 예가체프 G2 홀빈 커피 원두,1kg,1kg,1개,1개,홀빈(분쇄안함),홀빈(분쇄안함)","NO","Food","Coffee & Tea","원두","맥널티커피","59400","2","0","44664","57080","0","2320","0","59400","2","29700.0","2","2","29700.0","11.76470588235294","17","2","0","0.0"
"2026-10-02","319883678","8804645003066","10812901","맥널티 베트남 로부스타 원두커피 1kg","96117146861","맥널티커피 베트남 로부스타 G1 원두,1kg,1kg,10개,10개","NO","Food","Coffee & Tea","원두","맥널티커피","199000","10","0","117180","195020","0","3980","0","199000","10","19900.0","1","1","199000.0","0.0","0","1","0","0.0"
"2026-10-02","9072225100","8804645007675","64842417","티브루 호박팥차 진액 10ml 30개입 1개","96118099854","맥널티 티브루 호박팥차 진액,10개,10개,30개입,30개입,10ml,10ml","NO","Food","Coffee & Tea","율무/견과차","맥널티","74830","10","0","52620","74830","0","0","0","0","0","7483.0","1","1","74830.0","50.0","2","1","0","0.0"
"2026-10-02","8157289284","8804645006739","61673272","맥널티커피 복숭아 아이스티 제로, 1.5L, 1개","96118178435","맥널티커피 복숭아 아이스티 제로,1.5L,1.5L,10개,10개","NO","Food","Drinks","차음료","맥널티커피","22000","10","0","13640","21560","0","440","0","22000","10","2200.0","1","1","22000.0","33.33333333333333","3","1","0","0.0"
"2026-10-02","1942501818","8804645300950","12491225","맥널티 핸드드립 커피필터 30개입","96118286977","맥널티커피  핸드드립 커피필터,30개입,30개입,10개,10개","NO","Kitchen","Tools & Gadgets","커피필터/여과지","맥널티","38400","10","0","27370","38400","0","0","0","0","0","3840.0","1","1","38400.0","0.0","0","1","0","0.0"
"2026-10-03","8302244","8804645100208","45570","맥널티_헤이즐넛원두분쇄커피_226G","3011733530","맥널티커피 리치 헤이즐넛향 분쇄 원두 핸드드립,226g,226g,1개,1개","NO","Food","Coffee & Tea","원두","맥널티커피","597800","61","1","304512","577731","8669","11200","0","558600","57","9800.0","62","61","9800.0","13.901345291479823","446","61","6","4.7"
"2026-10-03","8302239","8804645100215","45571","맥널티_ 자메이카 블루마운틴 블렌드_226G","3011733533","맥널티커피 자메이카 블루마운틴 블렌드 분쇄 원두커피 핸드드립,226g,226g,1개,1개","NO","Food","Coffee & Tea","커피믹스","맥널티커피","480200","49","3","244804","470000","0","9600","0","480200","49","9800.0","51","49","9800.0","12.028301886792454","424","49","3","4.3"
"2026-10-03","8302244","8804645100468","45572","맥널티_헤이즐넛원두분쇄커피_500G","3011733535","맥널티커피 리치 헤이즐넛향 분쇄 원두 핸드드립,500g,500g,1개,1개","NO","Food","Coffee & Tea","원두","맥널티커피","302940","18","0","143280","302940","0","0","0","0","0","16830.0","18","18","16830.0","22.78481012658228","79","18","3","5.0"
"2026-10-03","8243431303","8804645100451","45573","맥널티_블루마운틴스타일원두분쇄커피_500G","3011733538","맥널티커피 시그니처 블루마운틴 블렌드 분쇄 원두 핸드드립,500g,500g,1개,1개","NO","Food","Coffee & Tea","원두","맥널티커피","299360","16","1","177456","293430","0","5560","0","299360","16","18710.0","17","16","18710.0","17.17171717171717","99","16","1","5.0"
"2026-10-03","6709735713","8804645000515","2341900","맥널티 iBrew 미니 헤이즐넛향 200개입(200g)","3063818056","아이브루 헤이즐넛향 원두커피믹스,1g,1g,200개입,200개입,1개,1개","NO","Food","Coffee & Tea","커피믹스","아이브루","494330","24","2","238008","494180","0","0","0","0","0","20597.083333333332","25","25","19773.2","8.992805755395683","278","24","4","4.8"
"2026-10-03","19272798","8804645000683","3067425","아이브루 예가체프 블렌드 70개입","3130455618","아이브루 예가체프 블렌드 원두커피믹스,70개입,70개입,1개,1개,1g,1g","NO","Food","Coffee & Tea","커피믹스","아이브루","17070","1","0","6205","17070","0","0","0","0","0","17070.0","1","1","17070.0","2.564102564102564","39","1","1","2.0"
"2026-10-03","1731799474","9311931901160","3067426","인스턴트 병커피 아이리쉬크림 50g","3130455621","프라이빗클럽 맥널티 아이리쉬크림향 원두커피믹스 병커피,1개입,1개입,1개,1개,50g,50g","NO","Food","Coffee & Tea","커피믹스","프라이빗클럽","88500","15","1","49830","75020","11800","1560","0","88500","15","5900.0","15","15","5900.0","5.7251908396946565","262","15","0","0.0"
"2026-10-03","8243738574","8804645000690","3067424","아이브루 케냐AA 블렌드 70개입","3130455622","맥널티 아이브루 케냐AA 블렌드 다크로스트 커피믹스,1g,1g,70개입,70개입,1개,1개","NO","Food","Coffee & Tea","커피믹스","아이브루","44800","4","0","24820","44800","0","0","0","0","0","11200.0","3","2","22400.0","13.043478260869565","23","4","0","0.0"
"2026-10-03","6709735713","8804645000706","3067423","아이브루 헤이즐넛향 70개입","3130455623","아이브루 헤이즐넛향 원두커피믹스,1g,1g,70개입,70개입,1개,1개","NO","Food","Coffee & Tea","커피믹스","아이브루","121770","11","0","44275","119350","0","2420","0","121770","11","11070.0","11","11","11070.0","9.734513274336283","113","11","2","5.0"
"2026-10-03","181940092","8804645000355","3067430","산지별 케냐 AA 핸드드립커피 7개입","3130455625","맥널티커피 케냐 AA 핸드드립 원두커피,8g,8g,7개입,7개입,1개,1개","NO","Food","Coffee & Tea","드립백/티백","맥널티커피","0","0","1","0","0","0","0","0","0","0","0.0","1","1","0.0","2.380952380952381","42","0","1","5.0"
"2026-10-03","19272806","8804645000348","3067433","산지별 에티오피아 코케 허니 핸드드립커피 7개입","3130455628","맥널티커피 에티오피아 코케 허니 핸드드립 원두,8g,8g,7개입,7개입,1개,1개","NO","Food","Coffee & Tea","드립백/티백","맥널티커피","11740","2","0","5820","11740","0","0","0","0","0","5870.0","2","2","5870.0","8.695652173913043","23","2","0","0.0"
"2026-10-03","324195553","9311931105162","3067428","인스턴트 병커피 헤이즐넛향 50g","3564581311","프라이빗클럽 맥널티 병커피 헤이즐넛향,50g,50g,1개입,1개입,2개,2개","NO","Food","Coffee & Tea","커피믹스","프라이빗클럽","607600","124","4","285200","595400","0","11800","0","607600","124","4900.0","61","61","9960.655737704918","10.374149659863946","588","62","3","5.0"
"2026-10-03","181940082","8804645000713","10003517","콜롬비아 핸드드립 블렌드 24개입","4347426285","맥널티커피 콜롬비아 핸드드립 블렌드 드립백커피,8g,8g,24개입,24개입,1개,1개","NO","Food","Coffee & Tea","드립백/티백","맥널티커피","90300","7","0","52976","90300","0","0","0","0","0","12900.0","7","7","12900.0","11.864406779661017","59","7","1","5.0"
"2026-10-03","181940092","8804645000720","10003518","케냐 AA 핸드드립 블렌드 24개입","4347426562","맥널티커피 케냐 AA 핸드드립 원두커피,8g,8g,24개입,24개입,1개,1개","NO","Food","Coffee & Tea","드립백/티백","맥널티","127440","9","0","61173","127440","0","0","0","0","0","14160.0","9","9","14160.0","15.789473684210526","57","9","1","5.0"
"2026-10-03","8096962372","8804645100185","10147180","맥널티 행복을 주는 커피 헤이즐넛향 1kg 홀빈","4529030201","맥널티커피 행복을 주는 커피 헤이즐넛향 원두,1kg,1kg,1개,1개,홀빈(분쇄안함),홀빈(분쇄안함)","NO","Food","Coffee & Tea","원두","맥널티커피","268200","9","0","137196","263400","0","4800","0","268200","9","29800.0","8","8","33525.0","15.09433962264151","53","9","0","0.0"
"2026-10-03","7757594782","8804645006302","10147177","맥널티 홀빈 블루마운틴 1000g","4529030899","맥널티 홀빈 블루마운틴,홀빈(분쇄안함),홀빈(분쇄안함),1kg,1kg,1개,1개","NO","Food","Coffee & Tea","원두","맥널티커피","161400","6","0","94290","158160","0","3240","0","161400","6","26900.0","6","6","26900.0","10.714285714285714","56","6","0","0.0"
"2026-10-03","319883678","8804645003066","10812901","맥널티 베트남 로부스타 원두커피 1kg","5464513909","맥널티커피 베트남 로부스타 G1 원두,1kg,1kg,1개,1개","NO","Food","Coffee & Tea","원두","맥널티커피","139300","7","1","82026","136500","0","2400","0","139300","7","19900.0","7","7","19900.0","13.461538461538462","52","7","1","5.0"
"2026-10-03","324195553","19311931309161","10837643","맥널티 병커피 헤이즐넛향 50gx10개","5493232668","프라이빗클럽 맥널티 헤이즐넛향 병커피,50g,50g,1개입,1개입,10개,10개","NO","Food","Coffee & Tea","원두커피믹스","프라이빗클럽","94660","2","0","46000","92760","0","1900","0","94660","2","47330.0","2","2","47330.0","8.695652173913043","23","2","0","0.0"
"2026-10-03","1096433002","8804645003219","11019882","맥널티 아이브루 다크 블렌드 200T","70053514142","아이브루 다크 블렌드 원두커피믹스,1g,1g,200개입,200개입,1개,1개,1g,1g","NO","Food","Coffee & Tea","원두커피믹스","맥널티","41800","2","0","26192","40960","0","840","0","41800","2","20900.0","2","2","20900.0","6.25","32","2","0","0.0"
"2026-10-03","1096433032","8804645003226","11019883","맥널티 아이브루 모카 블랙 200T","70053514191","맥널티커피 아이브루 모카 블랙 원두커피믹스,1g,1g,200개입,200개입,1개,1개","NO","Food","Coffee & Tea","원두커피믹스","맥널티커피","123360","6","0","70122","123360","0","0","0","0","0","20560.0","6","5","24672.0","13.333333333333334","45","6","2","5.0"
"2026-10-03","7740688995","8804645003486","11849981","행복을 주는 커피 블루마운틴 블렌드 분쇄 원두 커피 1kg","70738743548","맥널티커피 행복을 주는 커피 블루마운틴 원두,핸드드립,핸드드립,1kg,1kg,1개,1개","NO","Food","Coffee & Tea","원두","맥널티커피","178800","6","0","98160","175200","0","3600","0","178800","6","29800.0","6","6","29800.0","9.230769230769232","65","6","0","0.0"
"2026-10-03","1731799474","19311931311164","12091997","Box_입소문난 아이리쉬 50G 10병","70936624312","프라이빗클럽 맥널티 아이리쉬 크림향 커피믹스,1개입,1개입,10개,10개,50g,50g","NO","Food","Coffee & Tea","원두커피믹스","프라이빗클럽","0","0","1","0","0","0","0","0","0","0","0.0","1","1","0.0","100.0","1","0","0","0.0"
"2026-10-03","1942501818","8804645300950","12491225","맥널티 핸드드립 커피필터 30개입","71284745163","맥널티커피  핸드드립 커피필터,30개입,30개입,1개,1개","NO","Kitchen","Tools & Gadgets","커피필터/여과지","맥널티","236500","55","0","150535","236500","0","0","0","0","0","4300.0","54","53","4462.264150943396","16.071428571428573","336","55","0","0.0"
"2026-10-03","7387568872","8804645003493","12521866","맥널티 행복을 주는 커피 시그니처 헤이즐넛향 원두 커피 1Kg","71309336924","맥널티커피 시그니처 헤이즐넛향 원두,핸드드립(중간),핸드드립(중간),1kg,1kg,1개,1개","NO","Food","Coffee & Tea","원두","맥널티커피","413000","14","0","228928","402100","5000","5900","0","413000","14","29500.0","10","10","41300.0","9.523809523809524","105","14","1","5.0"
"2026-10-03","1998370657","8804645100451","45573","맥널티_블루마운틴스타일원두분쇄커피_500G","71387821010","맥널티커피 시그니처 블루마운틴 블렌드 분쇄 원두 핸드드립,핸드드립,핸드드립,500g,500g,1개,1개","YES","Food","Coffee & Tea","원두","맥널티커피","18710","1","0","11091","18340","0","370","0","18710","1","18710.0","1","1","18710.0","100.0","1","1","0","0.0"
"2026-10-03","1998416575","8804645000515","2341900","맥널티 iBrew 미니 헤이즐넛향 200개입(200g)","71387902591","아이브루 헤이즐넛향 원두커피믹스,200개입,200개입,1개,1개,1g,1g","YES","Food","Coffee & Tea","커피믹스","아이브루","42210","2","0","19834","42060","0","150","0","21400","1","21105.0","2","2","21105.0","14.285714285714285","14","2","0","0.0"
"2026-10-03","2297380516","8804645003936","13277718","맥널티 행복을 주는 커피 브라질 산토스 1kg","71942049439","맥널티커피 행복을 주는 커피 원두 브라질 산토스,1kg,1kg,1개,1개,핸드드립,핸드드립","NO","Food","Coffee & Tea","원두","맥널티커피","174300","7","0","98637","162300","10000","2000","0","174300","7","24900.0","5","5","34860.0","6.172839506172839","81","7","2","5.0"
"2026-10-03","2297380544","8804645003929","13277719","맥널티 행복을 주는 커피 콜롬비아 블렌드 1kg","71942049472","맥널티커피 행복을 주는 커피 콜롬비아 블렌드 분쇄 원두,1kg,1kg,1개,1개","NO","Food","Coffee & Tea","원두","맥널티커피","420300","15","1","233985","415200","0","4760","0","392280","14","28020.0","16","16","26268.75","11.11111111111111","144","15","1","5.0"
"2026-10-03","4562408679","8804645003066","10812901","맥널티 베트남 로부스타 원두커피 1kg","72859190627","맥널티커피 베트남 로부스타 G1 원두,홀빈(분쇄안함),홀빈(분쇄안함),1kg,1kg,1개,1개","YES","Food","Coffee & Tea","원두","맥널티커피","39800","2","0","23436","39000","0","800","0","39800","2","19900.0","2","2","19900.0","33.33333333333333","6","2","0","0.0"
"2026-10-03","5238676003","8804645100215","45571","맥널티_ 자메이카 블루마운틴 블렌드_226G","74684501509","맥널티커피 자메이카 블루마운틴 블렌드 분쇄 원두커피 핸드드립,226g,226g,1개,1개,핸드드립,핸드드립","YES","Food","Coffee & Tea","커피믹스","맥널티커피","49000","5","0","24980","48000","0","1000","0","49000","5","9800.0","5","5","9800.0","17.857142857142858","28","5","0","0.0"
"2026-10-03","5455241807","8804645002861","15720531","콜롬비아 블랙 100개입","75624373157","맥널티커피 콜롬비아 블랙 원두커피믹스,1g,1g,100개입,100개입,1박스,1박스","NO","Food","Coffee & Tea","원두커피믹스","맥널티커피","316100","29","0","184005","290160","20000","5940","0","316100","29","10900.0","29","29","10900.0","9.897610921501707","293","29","2","5.0"
"2026-10-03","6417111096","8804645005732","23400108","맥널티 디카페인100% 핸드드립 원두커피 24개입","81038762608","맥널티커피 디카페인100% 핸드드립 원두,8g,8g,24개입,24개입,1개,1개","NO","Food","Coffee & Tea","드립백/티백","맥널티커피","174790","11","0","103345","174790","0","0","0","0","0","15890.0","11","11","15890.0","16.666666666666664","66","11","2","5.0"
"2026-10-03","7615212597","8804645005879","24695530","아이스 헤이즐넛향 커피 190mL 10팩","81536870780","맥널티커피 아이스 헤이즐넛향 커피,190ml,190ml,10개,10개","NO","Food","Drinks","커피음료","맥널티커피","48960","8","0","27888","48960","0","0","0","0","0","6120.0","8","8","6120.0","12.698412698412698","63","8","3","5.0"
"2026-10-03","8401715066","8804645005855","24695532","아이스 아메리카노 블랙 190mL 10팩","81536870788","맥널티커피 아이스 아메리카노 블랙,190ml,190ml,10개,10개","NO","Food","Drinks","커피음료","맥널티커피","24500","5","0","17430","24500","0","0","0","0","0","4900.0","5","5","4900.0","11.363636363636363","44","5","0","0.0"
"2026-10-03","6501088702","8804645005893","24752132","청포도 에이드 190mL 10팩","81557354751","맥널티커피 청포도 에이드,190ml,190ml,10개,10개","NO","Food","Drinks","과일음료","맥널티커피","34300","7","0","24402","34300","0","0","0","0","0","4900.0","7","7","4900.0","23.333333333333332","30","7","1","5.0"
"2026-10-03","6501093720","8804645005886","24752251","복숭아 아이스티 190mL 10팩","81557378598","맥널티커피 복숭아 아이스 티,190ml,190ml,10개,10개","NO","Food","Drinks","차음료","맥널티커피","48000","8","0","27888","48000","0","0","0","0","0","6000.0","3","3","16000.0","23.076923076923077","13","8","1","5.0"
"2026-10-03","6501093721","8804645005909","24752250","블루레몬 에이드 190mL 10팩","81557378606","맥널티커피 블루레몬에이드,190ml,190ml,10개,10개","NO","Food","Drinks","과일음료","맥널티커피","18000","3","0","10458","18000","0","0","0","0","0","6000.0","3","3","6000.0","13.636363636363635","22","3","1","5.0"
"2026-10-03","6501093720","18804645005944","24944268","맥널티 복숭아 아이스티 대용량 파우치 1Lx6입","81671633070","맥널티커피 복숭아 아이스티,1L,1L,6개,6개","NO","Food","Drinks","차음료","맥널티커피","15220","1","0","10252","15220","0","0","0","0","0","15220.0","1","1","15220.0","16.666666666666664","6","1","1","5.0"
"2026-10-03","6517973078","18804645005951","24944267","맥널티 허니자몽 블랙티 대용량 파우치 1Lx6입","81671633098","맥널티커피 허니 자몽 블랙티 대용량 파우치,1L,1L,6개,6개","NO","Food","Drinks","차음료","맥널티커피","31800","2","0","20504","31800","0","0","0","0","0","15900.0","2","2","15900.0","22.22222222222222","9","2","0","0.0"
"2026-10-03","7863543179","8804645006067","25240400","맥널티 스테비아 커피믹스 100개입","81794562129","맥널티커피 스테비아 커피믹스,9.5g,9.5g,100개입,100개입,1개,1개","NO","Food","Coffee & Tea","커피믹스","맥널티커피","1470000","70","3","907200","1435600","5000","28560","0","1470000","70","21000.0","71","70","21000.0","22.32704402515723","318","70","4","4.8"
"2026-10-03","7863543179","8804645006074","25240402","맥널티 스테비아 커피믹스 30개입","81794562138","맥널티커피 스테비아 커피믹스,9.5g,9.5g,30개입,30개입,1개,1개","NO","Food","Coffee & Tea","커피믹스","맥널티커피","271950","35","2","168945","271950","0","0","0","0","0","7770.0","37","37","7350.0","8.043478260869565","460","35","11","4.0"
"2026-10-03","9654738237","18804645005920","25484251","맥널티커피 아메리카노 스위트 1Lx6입","81905632687","맥널티커피 아메리카노 스위트,1L,1L,6개,6개","NO","Food","Drinks","커피음료","맥널티커피","16040","1","1","10252","16040","0","0","0","0","0","16040.0","2","1","16040.0","18.181818181818183","11","1","0","0.0"
"2026-10-03","9618053831","18804645005937","25484257","맥널티 아이스 헤이즐넛향 커피 대용량 파우치 1Lx6입","81905633683","맥널티커피 아이스 헤이즐넛향 커피 대용량 파우치,6개,6개,1L,1L","NO","Food","Drinks","커피음료","맥널티커피","15220","1","0","10252","15220","0","0","0","0","0","15220.0","1","1","15220.0","16.666666666666664","6","1","0","0.0"
"2026-10-03","6636420565","8804645006029","26477367","맥널티 리얼 에스프레소샷 블랙 액상스틱커피 15mlx30개입","82374359581","맥널티커피 리얼 에스프레소 샷 블랙 액상 스틱 커피,15ml,15ml,30개입,30개입,1개,1개","NO","Food","Coffee & Tea","원두커피믹스","맥널티커피","222000","15","0","110820","209416","12584","0","0","14800","1","14800.0","15","15","14800.0","5.7915057915057915","259","15","0","0.0"
"2026-10-03","6671175150","8804645006258","26870612","맥널티 핸드드립 버라이어티세트 30개입","82569913991","맥널티커피 핸드드립 버라이어티 원두커피 세트 30개입,커피 5종,커피 5종,1세트,1세트","NO","Food","Coffee & Tea","커피세트","맥널티커피","18900","1","0","9395","18900","0","0","0","0","0","18900.0","1","1","18900.0","1.1494252873563218","87","1","1","5.0"
"2026-10-03","8157289284","18804645006101","26889711","맥널티 제로칼로리 복숭아 아이스티 500ml 24입","82573306348","맥널티커피 복숭아 아이스티 제로,500ml,500ml,24개,24개","NO","Food","Drinks","차음료","맥널티커피","179000","10","0","122050","175400","0","3600","0","179000","10","17900.0","10","10","17900.0","6.802721088435375","147","10","3","5.0"
"2026-10-03","6867933138","8804645006081","29461862","맥널티 아메리카노 아이스 블랙 100개입","83611282700","맥널티커피 아메리카노 아이스 블랙 커피믹스,1g,1g,100개입,100개입,1개,1개","NO","Food","Coffee & Tea","커피믹스","맥널티커피","272500","25","2","146250","256100","10900","3770","0","272500","25","10900.0","26","26","10480.76923076923","8.074534161490684","322","25","3","3.7"
"2026-10-03","8302239","8804645100215","45571","맥널티_ 자메이카 블루마운틴 블렌드_226G","84639604567","맥널티커피 자메이카 블루마운틴 블렌드 분쇄 원두커피 핸드드립,226g,226g,2개,2개","NO","Food","Coffee & Tea","커피믹스","맥널티커피","98000","10","0","49960","96000","0","2000","0","98000","10","9800.0","5","5","19600.0","17.857142857142858","28","5","0","0.0"
"2026-10-03","6867933138","8804645006081","29461862","맥널티 아메리카노 아이스 블랙 100개입","84639606756","맥널티커피 아메리카노 아이스 블랙 커피믹스,1g,1g,100개입,100개입,2개,2개","NO","Food","Coffee & Tea","커피믹스","맥널티커피","21800","2","0","11700","21360","0","440","0","21800","2","10900.0","1","1","21800.0","0.0","0","1","0","0.0"
"2026-10-03","6417111096","8804645005732","23400108","맥널티 디카페인100% 핸드드립 원두커피 24개입","84639606864","맥널티커피 디카페인100% 핸드드립 원두,8g,8g,24개입,24개입,2개,2개","NO","Food","Coffee & Tea","드립백/티백","맥널티커피","31780","2","2","18790","31780","0","0","0","0","0","15890.0","2","2","15890.0","50.0","4","1","0","0.0"
"2026-10-03","7387568872","8804645003493","12521866","맥널티 행복을 주는 커피 시그니처 헤이즐넛향 원두 커피 1Kg","84639607101","맥널티커피 시그니처 헤이즐넛향 원두,핸드드립,핸드드립,1kg,1kg,2개,2개","NO","Food","Coffee & Tea","원두","맥널티커피","171000","6","0","98112","169560","0","1440","0","171000","6","28500.0","3","3","57000.0","18.75","16","3","0","0.0"
"2026-10-03","8302244","8804645100468","45572","맥널티_헤이즐넛원두분쇄커피_500G","84639607653","맥널티커피 리치 헤이즐넛향 분쇄 원두 핸드드립,500g,500g,2개,2개","NO","Food","Coffee & Tea","원두","맥널티커피","268200","18","0","143280","258645","9555","0","0","59600","4","14900.0","9","9","29800.0","20.454545454545457","44","9","1","5.0"
"2026-10-03","8302244","8804645100208","45570","맥널티_헤이즐넛원두분쇄커피_226G","84639607771","맥널티커피 리치 헤이즐넛향 분쇄 원두 핸드드립,226g,226g,2개,2개","NO","Food","Coffee & Tea","원두","맥널티커피","74880","8","2","39936","74880","0","0","0","0","0","9360.0","5","5","14976.0","13.513513513513514","37","4","0","0.0"
"2026-10-03","7387568872","8804645003493","12521866","맥널티 행복을 주는 커피 시그니처 헤이즐넛향 원두 커피 1Kg","85072869141","맥널티커피 시그니처 헤이즐넛향 원두,생두,생두,1kg,1kg,3개,3개","NO","Food","Coffee & Tea","원두","맥널티커피","-85500","-3","3","-49056","-85500","0","-720","0","0","0","28500.0","0","0","0.0","0.0","2","-1","0","0.0"
"2026-10-03","7740688995","8804645003486","11849981","행복을 주는 커피 블루마운틴 블렌드 분쇄 원두 커피 1kg","85101496783","맥널티커피 행복을 주는 커피 블루마운틴 원두,핸드드립,핸드드립,1kg,1kg,2개,2개","NO","Food","Coffee & Tea","원두","맥널티커피","119200","4","0","65440","116800","0","2400","0","119200","4","29800.0","2","2","59600.0","40.0","5","2","0","0.0"
"2026-10-03","1096433032","8804645003226","11019883","맥널티 아이브루 모카 블랙 200T","85101498569","맥널티커피 아이브루 모카 블랙 원두커피믹스,1g,1g,200개입,200개입,2개,2개","NO","Food","Coffee & Tea","원두커피믹스","맥널티커피","39370","2","0","23374","39370","0","0","0","0","0","19685.0","1","1","39370.0","33.33333333333333","3","1","0","0.0"
"2026-10-03","2297380544","8804645003929","13277719","맥널티 행복을 주는 커피 콜롬비아 블렌드 1kg","85101503793","맥널티커피 행복을 주는 커피 콜롬비아 블렌드 분쇄 원두,1kg,1kg,2개,2개","NO","Food","Coffee & Tea","원두","맥널티커피","168120","6","0","93594","166110","0","2010","0","168120","6","28020.0","3","3","56040.0","75.0","4","3","0","0.0"
"2026-10-03","7863543179","8804645006074","25240402","맥널티 스테비아 커피믹스 30개입","85166941524","맥널티커피 스테비아 커피믹스,9.5g,9.5g,30개입,30개입,2개,2개","NO","Food","Coffee & Tea","커피믹스","맥널티커피","46620","6","0","28962","46620","0","0","0","0","0","7770.0","3","3","15540.0","60.0","5","3","0","0.0"
"2026-10-03","6709735713","8804645000706","3067423","아이브루 헤이즐넛향 70개입","85166941579","아이브루 헤이즐넛향 원두커피믹스,1g,1g,70개입,70개입,2개,2개","NO","Food","Coffee & Tea","커피믹스","아이브루","44280","4","0","16100","43400","0","880","0","44280","4","11070.0","2","2","22140.0","25.0","8","2","0","0.0"
"2026-10-03","8302244","8804645100468","45572","맥널티_헤이즐넛원두분쇄커피_500G","85166950446","맥널티커피 리치 헤이즐넛향 분쇄 원두 핸드드립,500g,500g,3개,3개","NO","Food","Coffee & Tea","원두","맥널티커피","89400","6","0","47760","84400","5000","0","0","44700","3","14900.0","2","2","44700.0","0.0","0","2","0","0.0"
"2026-10-03","8243431303","8804645100451","45573","맥널티_블루마운틴스타일원두분쇄커피_500G","85172310672","맥널티커피 시그니처 블루마운틴 블렌드 분쇄 원두 핸드드립,500g,500g,2개,2개","NO","Food","Coffee & Tea","원두","맥널티커피","74600","4","0","44364","73100","0","1500","0","74600","4","18650.0","2","2","37300.0","25.0","8","2","0","0.0"
"2026-10-03","8302239","8804645100215","45571","맥널티_ 자메이카 블루마운틴 블렌드_226G","85191203479","맥널티커피 자메이카 블루마운틴 블렌드 분쇄 원두커피 핸드드립,226g,226g,3개,3개","NO","Food","Coffee & Tea","커피믹스","맥널티커피","58800","6","0","29976","51400","0","7400","0","58800","6","9800.0","2","2","29400.0","33.33333333333333","6","2","0","0.0"
"2026-10-03","6867933138","8804645006081","29461862","맥널티 아메리카노 아이스 블랙 100개입","85191204977","맥널티커피 아메리카노 아이스 블랙 커피믹스,1g,1g,100개입,100개입,3개,3개","NO","Food","Coffee & Tea","커피믹스","맥널티커피","32700","3","0","17550","32040","0","660","0","32700","3","10900.0","1","1","32700.0","0.0","0","1","0","0.0"
"2026-10-03","8157289284","18804645006101","26889711","맥널티 제로칼로리 복숭아 아이스티 500ml 24입","85191838032","맥널티 커피 복숭아 아이스티 제로,500ml,500ml,48개,48개","NO","Food","Drinks","차음료","맥널티커피","35800","2","0","24410","35080","0","720","0","35800","2","17900.0","1","1","35800.0","50.0","2","1","0","0.0"
"2026-10-03","6636420565","8804645006029","26477367","맥널티 리얼 에스프레소샷 블랙 액상스틱커피 15mlx30개입","85193850360","맥널티커피 리얼 에스프레소 샷 블랙 액상 스틱 커피,15ml,15ml,30개입,30개입,2개,2개","NO","Food","Coffee & Tea","원두커피믹스","맥널티커피","29600","2","0","14776","29600","0","0","0","0","0","14800.0","1","1","29600.0","16.666666666666664","6","1","0","0.0"
"2026-10-03","6636420565","8804645006029","26477367","맥널티 리얼 에스프레소샷 블랙 액상스틱커피 15mlx30개입","85193859856","맥널티커피 리얼 에스프레소 샷 블랙 액상 스틱 커피,15ml,15ml,30개입,30개입,3개,3개","NO","Food","Coffee & Tea","원두커피믹스","맥널티커피","44400","3","0","22164","44400","0","0","0","0","0","14800.0","1","1","44400.0","16.666666666666664","6","1","0","0.0"
"2026-10-03","7615212597","8804645005879","24695530","아이스 헤이즐넛향 커피 190mL 10팩","85194178209","맥널티커피 아이스 헤이즐넛향 커피,190ml,190ml,30개,30개","NO","Food","Drinks","커피음료","맥널티커피","32940","6","0","20916","32380","0","560","0","32940","6","5490.0","2","2","16470.0","25.0","8","2","0","0.0"
"2026-10-03","7615212597","8804645005879","24695530","아이스 헤이즐넛향 커피 190mL 10팩","85194179186","맥널티커피 아이스 헤이즐넛향,190ml,190ml,20개,20개","NO","Food","Drinks","커피음료","맥널티커피","12240","2","2","6972","12240","0","0","0","0","0","6120.0","2","2","6120.0","16.666666666666664","12","1","0","0.0"
"2026-10-03","8401715066","8804645005855","24695532","아이스 아메리카노 블랙 190mL 10팩","85194731506","맥널티커피 아이스 아메리카노 블랙,190ml,190ml,20개,20개","NO","Food","Drinks","커피음료","맥널티커피","19600","4","0","13944","19600","0","0","0","0","0","4900.0","2","2","9800.0","100.0","2","2","0","0.0"
"2026-10-03","8401715066","8804645005855","24695532","아이스 아메리카노 블랙 190mL 10팩","85194742596","맥널티커피 아이스 아메리카노 블랙,190ml,190ml,30개,30개","NO","Food","Drinks","커피음료","맥널티커피","14700","3","0","10458","14700","0","0","0","0","0","4900.0","1","1","14700.0","9.090909090909092","11","1","0","0.0"
"2026-10-03","8401715066","8804645005855","24695532","아이스 아메리카노 블랙 190mL 10팩","85194745362","맥널티커피 아이스 아메리카노 블랙,190ml,190ml,50개,50개","NO","Food","Drinks","커피음료","맥널티커피","49000","10","0","34860","49000","0","0","0","0","0","4900.0","1","1","49000.0","25.0","4","2","0","0.0"
"2026-10-03","8401715066","8804645005855","24695532","아이스 아메리카노 블랙 190mL 10팩","85194752431","맥널티커피 아이스 아메리카노 블랙,190ml,190ml,60개,60개","NO","Food","Drinks","커피음료","맥널티커피","29400","6","0","20916","29400","0","0","0","0","0","4900.0","1","1","29400.0","100.0","1","1","0","0.0"
"2026-10-03","6557407422","8804645005862","24695531","아이스 아메리카노 스위트 190mL 10팩","85194758257","맥널티커피 아이스 아메리카노 스위트,190ml,190ml,20개,20개","NO","Food","Drinks","커피음료","맥널티커피","54000","12","0","41832","54000","0","0","0","0","0","4500.0","6","6","9000.0","37.5","16","6","0","0.0"
"2026-10-03","6557407422","8804645005862","24695531","아이스 아메리카노 스위트 190mL 10팩","85194776273","맥널티커피 아이스 아메리카노 스위트,190ml,190ml,40개,40개","NO","Food","Drinks","커피음료","맥널티커피","54000","12","0","41832","54000","0","0","0","0","0","4500.0","3","3","18000.0","100.0","3","3","1","5.0"
"2026-10-03","6557407422","8804645005862","24695531","아이스 아메리카노 스위트 190mL 10팩","85194782627","맥널티커피 아이스 아메리카노 스위트,190ml,190ml,60개,60개","NO","Food","Drinks","커피음료","맥널티커피","27000","6","0","20916","27000","0","0","0","0","0","4500.0","1","1","27000.0","20.0","5","1","0","0.0"
"2026-10-03","6557407422","8804645005862","24695531","아이스 아메리카노 스위트 190mL 10팩","85194783479","맥널티커피 아이스 아메리카노 스위트,190ml,190ml,30개,30개","NO","Food","Drinks","커피음료","맥널티커피","13500","3","0","10458","13500","0","0","0","0","0","4500.0","1","1","13500.0","3.8461538461538463","26","1","0","0.0"
"2026-10-03","6501093720","8804645005886","24752251","복숭아 아이스티 190mL 10팩","85194919180","맥널티커피 복숭아 아이스 티,190ml,190ml,20개,20개","NO","Food","Drinks","차음료","맥널티커피","24000","4","0","13944","24000","0","0","0","0","0","6000.0","2","2","12000.0","25.0","8","2","0","0.0"
"2026-10-03","6501093720","8804645005886","24752251","복숭아 아이스티 190mL 10팩","85194922161","맥널티커피 복숭아 아이스 티,190ml,190ml,30개,30개","NO","Food","Drinks","차음료","맥널티커피","15900","3","0","10458","14900","0","1000","0","15900","3","5300.0","1","1","15900.0","11.11111111111111","9","1","0","0.0"
"2026-10-03","5455241807","8804645002861","15720531","콜롬비아 블랙 100개입","85194922362","맥널티커피 콜롬비아 블랙 원두커피믹스,1g,1g,100개입,100개입,3개,3개","NO","Food","Coffee & Tea","원두커피믹스","맥널티커피","27250","3","0","19035","27250","0","0","0","0","0","9083.333333333334","1","1","27250.0","16.666666666666664","6","1","1","5.0"
"2026-10-03","5455241807","8804645002861","15720531","콜롬비아 블랙 100개입","85194922939","맥널티커피 콜롬비아 블랙 원두커피믹스,1g,1g,100개입,100개입,4개,4개","NO","Food","Coffee & Tea","원두커피믹스","맥널티커피","36330","4","0","25380","36330","0","0","0","0","0","9082.5","1","1","36330.0","100.0","1","1","0","0.0"
"2026-10-03","6501093720","8804645005886","24752251","복숭아 아이스티 190mL 10팩","85194926808","맥널티커피 복숭아 아이스 티,190ml,190ml,60개,60개","NO","Food","Drinks","차음료","맥널티커피","31800","6","0","20916","29800","0","2000","0","31800","6","5300.0","1","1","31800.0","100.0","1","1","0","0.0"
"2026-10-03","5455241807","8804645002861","15720531","콜롬비아 블랙 100개입","85194953537","맥널티커피 콜롬비아 블랙 원두커피믹스,1g,1g,100개입,100개입,2개,2개","NO","Food","Coffee & Tea","원두커피믹스","맥널티커피","117000","12","0","76140","117000","0","0","0","0","0","9750.0","6","6","19500.0","13.953488372093023","43","6","0","0.0"
"2026-10-03","6501088702","8804645005893","24752132","청포도 에이드 190mL 10팩","85195155541","맥널티커피 청포도 에이드,190ml,190ml,20개,20개","NO","Food","Drinks","과일음료","맥널티커피","-9800","-2","2","-6972","-9800","0","0","0","0","0","4900.0","0","0","0.0","0.0","3","-1","0","0.0"
"2026-10-03","6501088702","8804645005893","24752132","청포도 에이드 190mL 10팩","85195155689","맥널티커피 청포도 에이드,190ml,190ml,50개,50개","NO","Food","Drinks","과일음료","맥널티커피","24500","5","0","17430","24500","0","0","0","0","0","4900.0","1","1","24500.0","100.0","1","1","0","0.0"
"2026-10-03","6501088702","8804645005893","24752132","청포도 에이드 190mL 10팩","85195160238","맥널티커피 청포도 에이드,190ml,190ml,30개,30개","NO","Food","Drinks","과일음료","맥널티커피","29400","6","0","20916","29400","0","0","0","0","0","4900.0","2","2","14700.0","66.66666666666666","3","2","0","0.0"
"2026-10-03","6501088702","8804645005893","24752132","청포도 에이드 190mL 10팩","85195167092","맥널티커피 청포도 에이드,190ml,190ml,60개,60개","NO","Food","Drinks","과일음료","맥널티커피","29400","6","0","20916","29400","0","0","0","0","0","4900.0","1","1","29400.0","0.0","0","1","0","0.0"
"2026-10-03","9654738237","18804645005920","25484251","맥널티커피 아메리카노 스위트 1Lx6입","85322264903","맥널티커피 아메리카노 스위트,1L,1L,12개,12개","NO","Food","Drinks","커피음료","맥널티커피","32080","2","0","20504","32080","0","0","0","0","0","16040.0","1","1","32080.0","50.0","2","1","0","0.0"
"2026-10-03","319883678","8804645003066","10812901","맥널티 베트남 로부스타 원두커피 1kg","85322265154","맥널티커피 베트남 로부스타 G1 원두,1kg,1kg,2개,2개","NO","Food","Coffee & Tea","원두","맥널티커피","39800","2","4","23436","37400","0","800","0","39800","2","19900.0","3","3","13266.666666666666","75.0","4","1","0","0.0"
"2026-10-03","319883678","8804645003066","10812901","맥널티 베트남 로부스타 원두커피 1kg","85322265195","맥널티커피 베트남 로부스타 G1 원두,1kg,1kg,3개,3개","NO","Food","Coffee & Tea","원두","맥널티커피","59700","3","0","35154","58500","0","1200","0","59700","3","19900.0","1","1","59700.0","100.0","1","1","0","0.0"
"2026-10-03","8302239","8804645100215","45571","맥널티_ 자메이카 블루마운틴 블렌드_226G","85322265462","맥널티커피 자메이카 블루마운틴 블렌드 분쇄 원두커피 핸드드립,226g,226g,4개,4개","NO","Food","Coffee & Tea","커피믹스","맥널티커피","36080","4","0","19984","34260","0","1820","0","36080","4","9020.0","1","1","36080.0","25.0","4","1","0","0.0"
"2026-10-03","8243738574","8804645000690","3067424","아이브루 케냐AA 블렌드 70개입","85322267056","맥널티 아이브루 케냐AA 블렌드 다크로스트 커피믹스,1g,1g,70개입,70개입,2개,2개","NO","Food","Coffee & Tea","커피믹스","아이브루","22400","2","0","12410","22400","0","0","0","0","0","11200.0","1","1","22400.0","100.0","1","1","0","0.0"
"2026-10-03","6709735713","8804645000515","2341900","맥널티 iBrew 미니 헤이즐넛향 200개입(200g)","85480600718","아이브루 헤이즐넛향 원두커피믹스,1g,1g,200개입,200개입,2개,2개","NO","Food","Coffee & Tea","커피믹스","아이브루","195670","10","0","99170","195670","0","0","0","0","0","19567.0","5","5","39134.0","25.0","20","5","0","0.0"
"2026-10-03","7268864468","8804645006340","34834818","맥널티 스테비아 제로슈가 핫초코 라떼 30개입 15g","85671431196","맥널티커피 스테비아 제로슈가 핫초코 라떼,15g,15g,30개입,30개입,1개,1개","NO","Food","Coffee & Tea","라떼분말","맥널티커피","217320","17","1","127500","217320","0","0","0","0","0","12783.529411764706","18","17","12783.529411764706","9.72972972972973","185","17","1","5.0"
"2026-10-03","7268864468","8804645006340","34834818","맥널티 스테비아 제로슈가 핫초코 라떼 30개입 15g","85916848410","맥널티커피 스테비아 제로슈가 핫초코 라떼,15g,15g,30개입,30개입,2개,2개","NO","Food","Coffee & Tea","라떼분말","맥널티커피","50480","4","0","30000","50480","0","0","0","0","0","12620.0","2","2","25240.0","100.0","2","2","0","0.0"
"2026-10-03","7268864468","8804645006340","34834818","맥널티 스테비아 제로슈가 핫초코 라떼 30개입 15g","85916848834","맥널티커피 스테비아 제로슈가 핫초코 라떼,15g,15g,30개입,30개입,3개,3개","NO","Food","Coffee & Tea","라떼분말","맥널티커피","37800","3","0","22500","36370","0","1430","0","37800","3","12600.0","1","1","37800.0","25.0","4","1","0","0.0"
"2026-10-03","6636420565","8804645006029","26477367","맥널티 리얼 에스프레소샷 블랙 액상스틱커피 15mlx30개입","86203377414","맥널티커피 리얼 에스프레소 샷 블랙 액상 스틱 커피,15ml,15ml,30개입,30개입,5개,5개","NO","Food","Coffee & Tea","원두커피믹스","맥널티커피","74000","5","0","36940","72260","0","1740","0","74000","5","14800.0","1","1","74000.0","0.0","0","1","0","0.0"
"2026-10-03","7387320683","8804645006791","36669698","제로 아이스티 복숭아, 30개입, 13g","86349682924","맥널티커피 복숭아 아이스티 제로,13g,13g,30개,30개","NO","Food","Drinks","차음료","맥널티커피","18780","2","0","11700","18780","0","0","0","0","0","9390.0","2","2","9390.0","28.57142857142857","7","2","0","0.0"
"2026-10-03","7010199440","18804645006538","36829225","맥널티 제로칼로리 청포도 아이스티 500mlx24입,","86417557917","맥널티커피 청포도 아이스티 제로,500ml,500ml,24개,24개","NO","Food","Drinks","차음료","맥널티커피","35800","2","0","24410","35080","0","720","0","35800","2","17900.0","2","2","17900.0","6.896551724137931","29","2","0","0.0"
"2026-10-03","8288508361","8804645006395","36903434","맥널티 아이브루 플러스 헤이즐넛 블랙커피 100개입","86458081778","아이브루 플러스 공정무역 헤이즐넛 블랙커피,1g,1g,100개입,100개입,1개,1개","NO","Food","Coffee & Tea","원두커피믹스","아이브루","1135260","119","6","907137","1102294","23966","-790","0","28620","3","9540.0","122","118","9620.847457627118","9.838709677419356","1240","119","6","4.7"
"2026-10-03","7387323458","8804645006807","36829226","제로 아이스티 청포도, 30개입, 13g 1개","86469813969","맥널티커피 청포도 아이스티 제로,390g,390g,30개입,30개입,2개,2개","NO","Food","Drinks","차음료","맥널티커피","14500","2","0","11700","14500","0","0","0","0","0","7250.0","1","1","14500.0","0.0","0","1","0","0.0"
"2026-10-03","181940082","8804645000713","10003517","콜롬비아 핸드드립 블렌드 24개입","86556283131","맥널티커피 콜롬비아 핸드드립 블렌드 드립백커피,8g,8g,24개입,24개입,2개,2개","NO","Food","Coffee & Tea","드립백/티백","맥널티커피","25800","2","0","15136","25800","0","0","0","0","0","12900.0","1","1","25800.0","2.857142857142857","35","1","0","0.0"
"2026-10-03","181940082","8804645000713","10003517","콜롬비아 핸드드립 블렌드 24개입","86556283740","맥널티커피 콜롬비아 핸드드립 블렌드 드립백커피,8g,8g,24개입,24개입,3개,3개","NO","Food","Coffee & Tea","드립백/티백","맥널티커피","38700","3","0","22704","38700","0","0","0","0","0","12900.0","1","1","38700.0","25.0","4","1","0","0.0"
"2026-10-03","181940092","8804645000720","10003518","케냐 AA 핸드드립 블렌드 24개입","86569241933","맥널티커피 케냐AA 핸드드립 블렌드커피,8g,8g,24개입,24개입,2개,2개","NO","Food","Coffee & Tea","드립백/티백","맥널티","56640","4","0","27188","56640","0","0","0","0","0","14160.0","2","2","28320.0","66.66666666666666","3","2","0","0.0"
"2026-10-03","5238676003","8804645100215","45571","맥널티_ 자메이카 블루마운틴 블렌드_226G","86681535403","맥널티커피 자메이카 블루마운틴 블렌드 분쇄 원두,226g,226g,2개,2개,핸드드립,핸드드립","YES","Food","Coffee & Tea","커피믹스","맥널티커피","19600","2","0","9992","19200","0","400","0","19600","2","9800.0","1","1","19600.0","100.0","1","1","0","0.0"
"2026-10-03","8288508361","8804645006395","36903434","맥널티 아이브루 플러스 헤이즐넛 블랙커피 100개입","86717971315","아이브루 플러스 공정무역 헤이즐넛 블랙커피,1g,1g,100개입,100개입,2개,2개","NO","Food","Coffee & Tea","원두커피믹스","아이브루","57240","6","0","45738","57240","0","0","0","0","0","9540.0","3","3","19080.0","25.0","12","3","1","5.0"
"2026-10-03","181940092","8804645006616","37713094","맥널티 핸드드립커피 케냐AA(더블에이) 36개입, 8g, 1개","86776604817","맥널티커피 케냐 AA 핸드드립 원두커피,8g,8g,36개입,36개입,1개,1개","NO","Food","Coffee & Tea","드립백/티백","맥널티커피","59700","3","0","35277","59700","0","0","0","0","0","19900.0","3","3","19900.0","7.6923076923076925","39","3","1","5.0"
"2026-10-03","8288498794","8804645006623","37713095","맥널티 핸드드립커피 에티오피아 예가체프 36개입, 8g, 1개","86776605106","맥널티커피 핸드드립커피 에티오피아 예가체프,8g,8g,36개입,36개입,1개,1개","NO","Food","Coffee & Tea","드립백/티백","맥널티커피","21510","1","0","10577","21510","0","0","0","0","0","21510.0","1","1","21510.0","33.33333333333333","3","1","0","0.0"
"2026-10-03","7510928153","8804645006074","25240402","맥널티 스테비아 커피믹스 30개입","86785226509","맥널티커피 스테비아 커피믹스,9.5g,9.5g,30개입,30개입,1개,1개","YES","Food","Coffee & Tea","커피믹스","맥널티커피","38850","5","0","24135","38850","0","0","0","0","0","7770.0","5","5","7770.0","38.46153846153847","13","5","0","0.0"
"2026-10-03","7510951642","18804645006101","26889711","맥널티 제로칼로리 복숭아 아이스티 500ml 24입","86785320716","맥널티커피 복숭아 아이스티 제로,24개,24개,500ml,500ml","YES","Food","Drinks","차음료","맥널티커피","17900","1","0","12205","17540","0","360","0","17900","1","17900.0","1","1","17900.0","0.0","0","1","0","0.0"
"2026-10-03","8150927749","18804645006873","38262417","복숭아 아이스티 제로, 6개, 1L","86973929516","맥널티커피 복숭아 아이스티 제로,1L,1L,1개입,1개입,6개,6개","NO","Food","Drinks","차음료","맥널티커피","15900","1","0","10577","15900","0","0","0","0","0","15900.0","1","1","15900.0","33.33333333333333","3","1","0","0.0"
"2026-10-03","8175429189","8804645000324","3067432","산지별 콜롬비아 슈프리모 핸드드립커피 7개입","87044037130","맥널티 콜롬비아 슈프리모 핸드 드립백커피,8g,8g,7개입,7개입,3개,3개,8g,8g","NO","Food","Coffee & Tea","드립백/티백","맥널티","39390","9","0","27387","39390","0","0","0","0","0","4376.666666666667","3","3","13130.0","15.0","20","3","1","5.0"
"2026-10-03","8175429189","8804645000324","3067432","산지별 콜롬비아 슈프리모 핸드드립커피 7개입","87044037225","맥널티 콜롬비아 슈프리모 핸드 드립백커피,8g,8g,7개입,7개입,6개,6개,8g,8g","NO","Food","Coffee & Tea","드립백/티백","맥널티","29400","6","0","18258","29400","0","0","0","0","0","4900.0","1","1","29400.0","33.33333333333333","3","1","0","0.0"
"2026-10-03","6703340857","8804645005329","38710869","맥널티 홀빈 커피원두, 마일드 미디움 블렌드 1kg, 1개","87098723594","맥널티 홀빈 커피원두 마일드 미디움 블렌드,1kg,1kg,1개,1개,홀빈(분쇄안함),홀빈(분쇄안함)","NO","Food","Coffee & Tea","원두","맥널티커피","27900","1","0","16364","27340","0","560","0","27900","1","27900.0","1","1","27900.0","8.333333333333332","12","1","0","0.0"
"2026-10-03","8179322743","8804645005343","38710870","맥널티 홀빈 커피원두, 콜롬비아 안데스 오리진 1kg, 1개","87098723601","맥널티 홀빈 커피원두 콜롬비아 안데스 오리진,홀빈(분쇄안함),홀빈(분쇄안함),1kg,1kg,1개,1개","NO","Food","Coffee & Tea","원두","맥널티커피","78690","3","0","49092","69690","9000","0","0","26230","1","26230.0","3","3","26230.0","14.285714285714285","21","3","1","5.0"
"2026-10-03","6974143978","8804645005312","38710872","맥널티 홀빈 커피원두, 시그니처 블렌드 1kg, 1개","87149809461","맥널티 홀빈 커피원두 시그니처 블렌드,1kg,1kg,2개,2개,홀빈(분쇄안함),홀빈(분쇄안함)","NO","Food","Coffee & Tea","원두","맥널티커피","52460","2","0","32728","17927","34533","0","0","52460","2","26230.0","1","1","52460.0","0.0","0","1","0","0.0"
"2026-10-03","7560423269","8804645006852","38919334","맥널티 에티오피아 예가체프 홀빈 원두, 1kg, 1개","87160473940","맥널티커피 에티오피아 예가체프 원두,홀빈(분쇄안함),홀빈(분쇄안함),1kg,1kg,1개,1개","NO","Food","Coffee & Tea","원두","맥널티커피","108680","4","0","65456","107330","0","1350","0","81510","3","27170.0","4","4","27170.0","15.384615384615385","26","4","1","4.0"
"2026-10-03","7747172789","8804645006890","38933766","맥널티커피 스테비아 디카페인 커피믹스, 1개, 100개입 9.5g","87163172745","맥널티커피 스테비아 디카페인 커피믹스,9.5g,9.5g,100개입,100개입,1개,1개","NO","Food","Coffee & Tea","커피믹스","맥널티커피","904680","36","3","651024","904680","0","0","0","0","0","25130.0","39","39","23196.923076923078","8.863636363636363","440","36","5","4.4"
"2026-10-03","7583747209","8804645006906","39149735","맥널티 스테비아 제로슈가 호두 아몬드 율무차, 1개, 30개입, 450g","87227285583","맥널티커피 스테비아 제로슈가 호두 아몬드 율무차,1개,1개,30개입,30개입,15g,15g","NO","Food","Coffee & Tea","율무/견과차","맥널티커피","23800","2","0","13630","23320","0","480","0","23800","2","11900.0","2","2","11900.0","6.666666666666667","30","2","0","0.0"
"2026-10-03","7612947477","8804645006708","39616646","맥널티 게이샤 블렌드 커피 원두, 홀빈(분쇄안함), 500g, 1개","87417692671","맥널티커피 게이샤 블렌드 커피 원두,홀빈(분쇄안함),홀빈(분쇄안함),500g,500g,1개,1개","NO","Food","Coffee & Tea","원두","맥널티커피","39180","2","0","22800","38400","0","780","0","39180","2","19590.0","2","2","19590.0","11.11111111111111","18","2","0","0.0"
"2026-10-03","7679449609","8804645006937","39616645","맥널티 시그니처 디카페인 커피 원두, 홀빈(분쇄안함), 500g, 1개","87417692694","맥널티커피 시그니처 디카페인 커피 원두,홀빈(분쇄안함),홀빈(분쇄안함),500g,500g,1개,1개","NO","Food","Coffee & Tea","원두","맥널티커피","64590","3","0","37635","63730","0","860","0","43060","2","21530.0","3","3","21530.0","20.0","15","3","0","0.0"
"2026-10-03","7612947477","8804645006708","39616646","맥널티 게이샤 블렌드 커피 원두, 홀빈(분쇄안함), 500g, 1개","87479322633","맥널티커피 게이샤 블렌드 커피 원두,홀빈(분쇄안함),홀빈(분쇄안함),500g,500g,2개,2개","NO","Food","Coffee & Tea","원두","맥널티커피","86700","6","0","68400","83700","0","3000","0","86700","6","14450.0","3","3","28900.0","30.0","10","3","0","0.0"
"2026-10-03","7612947135","8804645006685","39616647","맥널티 하와이안 코나 블렌드 커피 원두, 홀빈(분쇄안함), 500g, 1개","87479323095","맥널티커피 하와이안 코나 블렌드 커피 원두,홀빈(분쇄안함),홀빈(분쇄안함),500g,500g,2개,2개","NO","Food","Coffee & Tea","원두","맥널티커피","28900","2","0","22800","27900","0","1000","0","28900","2","14450.0","1","1","28900.0","11.11111111111111","9","1","0","0.0"
"2026-10-03","7424862697","18804645006835","40520042","맥널티커피 복숭아 아이스티 제로 RTD, 30개, 240ml","87796328234","맥널티커피 복숭아 아이스티 제로 RTD,240ml,240ml,30개,30개","NO","Food","Drinks","차음료","맥널티커피","18610","1","0","8795","18610","0","0","0","0","0","18610.0","1","1","18610.0","33.33333333333333","3","1","0","0.0"
"2026-10-03","7735491631","8804645006029","26477367","맥널티 리얼 에스프레소샷 블랙 액상스틱커피 15mlx30개입","87867002435","맥널티커피 리얼 에스프레소 샷 블랙 액상 스틱 커피,15ml,15ml,30개입,30개입,1개,1개","YES","Food","Coffee & Tea","원두커피믹스","맥널티커피","44400","3","0","22164","44400","0","0","0","0","0","14800.0","3","3","14800.0","9.375","32","3","0","0.0"
"2026-10-03","7735491631","8804645006029","26477367","맥널티 리얼 에스프레소샷 블랙 액상스틱커피 15mlx30개입","87867002694","맥널티커피 리얼 에스프레소 샷 블랙 액상 스틱 커피,15ml,15ml,30개입,30개입,2개,2개","YES","Food","Coffee & Tea","원두커피믹스","맥널티커피","29600","2","0","14776","26593","3007","0","0","29600","2","14800.0","1","1","29600.0","100.0","1","1","0","0.0"
"2026-10-03","7424862697","18804645006835","40520042","맥널티커피 복숭아 아이스티 제로 RTD, 30개, 240ml","87875612097","맥널티커피 복숭아 아이스티 제로 RTD,240ml,240ml,60개,60개","NO","Food","Drinks","차음료","맥널티커피","37220","2","0","17590","37220","0","0","0","0","0","18610.0","1","1","37220.0","50.0","2","1","0","0.0"
"2026-10-03","7747172789","8804645006777","40806729","맥널티 스테비아 디카페인 커피믹스, 1개, 30개입, 285g","87921375710","맥널티커피 스테비아 디카페인 커피믹스,9.5g,9.5g,30개입,30개입,1개,1개","NO","Food","Coffee & Tea","커피믹스","맥널티커피","151800","15","1","95025","151800","0","0","0","0","0","10120.0","16","16","9487.5","7.920792079207921","202","15","1","5.0"
"2026-10-03","7747172789","8804645006777","40806729","맥널티 스테비아 디카페인 커피믹스, 1개, 30개입, 285g","87980929557","맥널티커피 스테비아 디카페인 커피믹스,9.5g,9.5g,30개입,30개입,2개,2개","NO","Food","Coffee & Tea","커피믹스","맥널티커피","17900","2","0","12670","17540","0","360","0","17900","2","8950.0","1","1","17900.0","11.11111111111111","9","1","0","0.0"
"2026-10-03","7743812297","8804645006951","41175263","맥널티커피 스테비아 꿀 유자차, 1개, 30개입, 450g","88083709912","맥널티커피 스테비아 꿀 유자차,15g,15g,30개입,30개입,1개,1개","NO","Food","Coffee & Tea","기타전통차","맥널티커피","83300","7","0","51716","81620","0","1680","0","83300","7","11900.0","7","7","11900.0","11.29032258064516","62","7","0","0.0"
"2026-10-03","7592895409","8804645003653","41391235","맥널티 행복을주는커피 시그니처 블렌드 핸드드립 커피 20개입, 1개, 8g","88182430243","맥널티커피 행복을 주는 시그니처 블렌드 핸드드립 커피,8g,8g,20개입,20개입,1개,1개","NO","Food","Coffee & Tea","드립백/티백","맥널티커피","190400","16","0","108720","183200","0","7200","0","190400","16","11900.0","12","12","15866.666666666666","8.391608391608392","143","16","0","0.0"
"2026-10-03","7851778797","8804645100208","45570","맥널티_헤이즐넛원두분쇄커피_226G","88459776890","맥널티커피 리치 헤이즐넛향 분쇄 원두 핸드드립,226g,226g,1개,1개,핸드드립,핸드드립","YES","Food","Coffee & Tea","원두","맥널티커피","29400","3","0","14976","28800","0","600","0","29400","3","9800.0","3","3","9800.0","10.344827586206897","29","3","1","5.0"
"2026-10-03","7851778797","8804645100208","45570","맥널티_헤이즐넛원두분쇄커피_226G","88459776946","맥널티커피 리치 헤이즐넛향 분쇄 원두커피,226g,226g,2개,2개,핸드드립,핸드드립","YES","Food","Coffee & Tea","원두","맥널티커피","18720","2","0","9984","18720","0","0","0","0","0","9360.0","1","1","18720.0","50.0","2","1","0","0.0"
"2026-10-03","7852071135","8804645006340","34834818","맥널티 스테비아 제로슈가 핫초코 라떼 30개입 15g","88460879867","맥널티커피 스테비아 제로슈가 핫초코 라떼,15g,15g,30개입,30개입,1개,1개","YES","Food","Coffee & Tea","라떼분말","맥널티커피","25580","2","0","15000","25580","0","0","0","0","0","12790.0","2","2","12790.0","14.285714285714285","14","2","0","0.0"
"2026-10-03","7863543179","8804645006067","25240400","맥널티 스테비아 커피믹스 100개입","88808534284","맥널티커피 스테비아 커피믹스,9.5g,9.5g,100개입,100개입,2개,2개","NO","Food","Coffee & Tea","커피믹스","맥널티커피","210000","10","0","129600","205800","0","4200","0","210000","10","21000.0","5","5","42000.0","29.411764705882355","17","5","1","5.0"
"2026-10-03","7973231891","8804645006890","38933766","맥널티커피 스테비아 디카페인 커피믹스, 1개, 100개입 9.5g","89137626129","맥널티커피 스테비아 디카페인 커피믹스,9.5g,9.5g,100개입,100개입,1개,1개","YES","Food","Coffee & Tea","커피믹스","맥널티커피","75390","3","0","54252","75390","0","0","0","0","0","25130.0","3","3","25130.0","42.857142857142854","7","3","0","0.0"
"2026-10-03","7973231936","8804645006777","40806729","맥널티 스테비아 디카페인 커피믹스, 1개, 30개입, 285g","89137626209","맥널티커피 스테비아 디카페인 커피믹스,9.5g,9.5g,30개입,30개입,1개,1개","YES","Food","Coffee & Tea","커피믹스","맥널티커피","20240","2","0","12670","20240","0","0","0","0","0","10120.0","2","2","10120.0","50.0","4","2","0","0.0"
"2026-10-03","7973231982","8804645006258","26870612","맥널티 핸드드립 버라이어티세트 30개입","89137626303","맥널티커피 핸드드립 버라이어티 원두커피 세트 30개입,커피 5종,커피 5종,1세트,1세트","YES","Food","Coffee & Tea","커피세트","맥널티커피","18900","1","0","9395","18900","0","0","0","0","0","18900.0","1","1","18900.0","8.333333333333332","12","1","0","0.0"
"2026-10-03","8267608006","8804645007071","45580036","맥널티 청매실 에이드 190ml*10개입","89717767133","맥널티커피 청매실 에이드,190ml,190ml,10개,10개","NO","Food","Drinks","과일음료","맥널티커피","48000","8","0","27888","48000","0","0","0","0","0","6000.0","6","6","8000.0","60.0","10","8","0","0.0"
"2026-10-03","8267608006","8804645007071","45580036","맥널티 청매실 에이드 190ml*10개입","89717826434","맥널티커피 청매실 에이드,190ml,190ml,20개,20개","NO","Food","Drinks","과일음료","맥널티커피","12000","2","0","6972","12000","0","0","0","0","0","6000.0","1","1","12000.0","25.0","4","1","0","0.0"
"2026-10-03","8267608006","8804645007071","45580036","맥널티 청매실 에이드 190ml*10개입","89717826438","맥널티커피 청매실 에이드,190ml,190ml,30개,30개","NO","Food","Drinks","과일음료","맥널티커피","14400","3","0","10458","14400","0","0","0","0","0","4800.0","1","1","14400.0","25.0","4","1","0","0.0"
"2026-10-03","8087407248","8804645007118","46534985","아이브루 플러스 디카페인 아메리카노 블랙커피, 1개, 80개입, 80g","90042179336","아이브루 플러스 디카페인 블랙커피,1g,1g,80개입,80개입,1개,1개","NO","Food","Coffee & Tea","원두커피믹스","아이브루","322200","30","0","238920","314197","8003","0","0","10740","1","10740.0","30","30","10740.0","7.389162561576355","406","30","4","4.8"
"2026-10-03","8103370411","8804645007194","46730880","산양유 단백질 프로틴 스테비아 커피믹스, 1개, 30개입, 300g","90088142681","맥널티커피 산양유 단백질 스테비아 커피믹스,10g,10g,30개입,30개입,1개,1개","NO","Food","Coffee & Tea","커피믹스","맥널티커피","-11600","-1","1","-6245","-11600","0","0","0","0","0","11600.0","0","0","0.0","0.0","3","-1","0","0.0"
"2026-10-03","8135360870","8804645006067","25240400","맥널티 스테비아 커피믹스 100개입","90141923560","맥널티커피 스테비아 커피믹스,9.5g,9.5g,100개입,100개입,1개,1개","YES","Food","Coffee & Tea","커피믹스","맥널티커피","231000","11","1","142560","225960","0","4620","0","231000","11","21000.0","12","11","21000.0","20.33898305084746","59","11","0","0.0"
"2026-10-03","8191680703","8804645007262","48074657","맥널티 브라질 세라도 분쇄 원두 커피, 1개, 500g","90530021242","맥널티커피 브라질 세라도 싱글 오리진 분쇄 원두 커피,에스프레소,에스프레소,500g,500g,1개,1개","NO","Food","Coffee & Tea","원두","맥널티커피","63600","4","0","37580","46740","15900","960","0","63600","4","15900.0","4","4","15900.0","22.22222222222222","18","4","0","0.0"
"2026-10-03","8179322743","8804645007255","48074658","맥널티 콜롬비아 안데스 분쇄 원두 커피, 1개, 500g","90530021252","맥널티커피 콜롬비아 안데스 싱글 오리진 분쇄 원두 커피,에스프레소,에스프레소,500g,500g,1개,1개","NO","Food","Coffee & Tea","원두","맥널티커피","47700","3","0","29958","46740","0","960","0","47700","3","15900.0","3","3","15900.0","20.0","15","3","0","0.0"
"2026-10-03","8179325783","8804645007231","48074659","맥널티 에티오피아 예가체프 분쇄 원두 커피, 1개, 500g","90530021267","맥널티커피 에티오피아 예가체프 싱글 오리진 분쇄 원두 커피,에스프레소,에스프레소,500g,500g,1개,1개","NO","Food","Coffee & Tea","원두","맥널티커피","79500","5","0","49930","77900","0","1600","0","79500","5","15900.0","5","5","15900.0","10.204081632653061","49","5","1","5.0"
"2026-10-03","8191680703","8804645007262","48074657","맥널티 브라질 세라도 분쇄 원두 커피, 1개, 500g","90530031249","맥널티커피 브라질 세라도 싱글 오리진 분쇄 원두 커피,에스프레소,에스프레소,500g,500g,2개,2개","NO","Food","Coffee & Tea","원두","맥널티커피","29800","2","0","18790","29200","0","600","0","29800","2","14900.0","1","1","29800.0","20.0","5","1","0","0.0"
"2026-10-03","8200404313","18804645007290","48466205","맥널티 대용량 제로슈가 스테비아 믹스커피 음료, 12개, 1L","90674710122","맥널티커피 스테비아 커피믹스,1L,1L,12개,12개","NO","Food","Drinks","커피음료","맥널티커피","344400","14","1","238938","315400","10000","9000","0","270600","11","24600.0","14","13","26492.30769230769","26.923076923076923","52","14","1","5.0"
"2026-10-03","8172166591","8804645007217","48914233","맥널티 유자 에이드 190ml 10개","90791380054","맥널티커피 유자 에이드,10개,10개,190ml,190ml","NO","Food","Drinks","야채음료","맥널티커피","12000","2","0","6972","12000","0","0","0","0","0","6000.0","2","2","6000.0","15.384615384615385","13","2","0","0.0"
"2026-10-03","8316137975","8804645005862","24695531","아이스 아메리카노 스위트 190mL 10팩","91021028383","맥널티커피 아이스 아메리카노 스위트,190ml,190ml,10개,10개","YES","Food","Drinks","커피음료","맥널티커피","27000","6","1","20916","27000","0","0","0","0","0","4500.0","6","6","4500.0","12.244897959183673","49","6","0","0.0"
"2026-10-03","8316137975","8804645005862","24695531","아이스 아메리카노 스위트 190mL 10팩","91021028406","맥널티커피 아이스 아메리카노 스위트,190ml,190ml,20개,20개","YES","Food","Drinks","커피음료","맥널티커피","9000","2","0","6972","9000","0","0","0","0","0","4500.0","1","1","9000.0","25.0","4","1","0","0.0"
"2026-10-03","8316138028","8804645005879","24695530","아이스 헤이즐넛향 커피 190mL 10팩","91021028536","맥널티커피 아이스 헤이즐넛향 커피,190ml,190ml,30개,30개","YES","Food","Drinks","커피음료","맥널티커피","16470","3","0","10458","16190","0","280","0","16470","3","5490.0","1","1","16470.0","100.0","1","1","0","0.0"
"2026-10-03","8316138479","8804645005893","24752132","청포도 에이드 190mL 10팩","91021029561","맥널티커피 청포도 에이드,190ml,190ml,10개,10개","YES","Food","Drinks","과일음료","맥널티커피","4900","1","0","3486","4900","0","0","0","0","0","4900.0","1","1","4900.0","33.33333333333333","3","1","0","0.0"
"2026-10-03","8421604001","8804645000355","3067430","산지별 케냐 AA 핸드드립커피 7개입","91374530339","맥널티커피 케냐 AA 핸드드립 원두커피,8g,8g,7개입,7개입,1개,1개","YES","Food","Coffee & Tea","드립백/티백","맥널티커피","5980","1","0","3062","5980","0","0","0","0","0","5980.0","1","1","5980.0","100.0","1","1","0","0.0"
"2026-10-03","8421604122","8804645000720","10003518","케냐 AA 핸드드립 블렌드 24개입","91374530612","맥널티커피 케냐 AA 핸드드립 원두커피,8g,8g,24개입,24개입,1개,1개","YES","Food","Coffee & Tea","드립백/티백","맥널티","14160","1","0","6797","14160","0","0","0","0","0","14160.0","1","1","14160.0","50.0","2","1","0","0.0"
"2026-10-03","8421622441","8804645006395","36903434","맥널티 아이브루 플러스 헤이즐넛 블랙커피 100개입","91374597513","아이브루 플러스 공정무역 헤이즐넛 블랙커피,100개입,100개입,1개,1개,1g,1g","YES","Food","Coffee & Tea","원두커피믹스","아이브루","38160","4","0","30492","38160","0","0","0","0","0","9540.0","4","4","9540.0","25.0","16","4","0","0.0"
"2026-10-03","8421635713","8804645005350","38813491","맥널티 홀빈 원두 1KG, 브라질 산토스 내추럴, 1개","91374643183","맥널티커피 브라질 산토스 내추럴 원두,홀빈(분쇄안함),홀빈(분쇄안함),1kg,1kg,1개,1개","YES","Food","Coffee & Tea","원두","맥널티커피","27840","1","0","11364","27290","0","550","0","27840","1","27840.0","1","1","27840.0","100.0","1","1","0","0.0"
"2026-10-03","8421635796","8804645006852","38919334","맥널티 에티오피아 예가체프 홀빈 원두, 1kg, 1개","91374643351","맥널티커피 에티오피아 예가체프 원두,홀빈(분쇄안함),홀빈(분쇄안함),1kg,1kg,1개,1개","YES","Food","Coffee & Tea","원두","맥널티커피","27170","1","0","16364","26720","0","450","0","27170","1","27170.0","1","1","27170.0","50.0","2","1","0","0.0"
"2026-10-03","8421635816","8804645006913","39149736","맥널티 스테비아 침향 쌍화차, 1개, 30개입, 450g","91374643391","맥널티커피 스테비아 침향 쌍화차,15g,15g,30개입,30개입,1개,1개","YES","Food","Coffee & Tea","기타전통차","맥널티커피","11900","1","0","8536","11660","0","240","0","11900","1","11900.0","1","1","11900.0","20.0","5","1","0","0.0"
"2026-10-03","8421635837","8804645006937","39616645","맥널티 시그니처 디카페인 커피 원두, 홀빈(분쇄안함), 500g, 1개","91374643427","맥널티커피 시그니처 디카페인 커피 원두,홀빈(분쇄안함),홀빈(분쇄안함),500g,500g,1개,1개","YES","Food","Coffee & Tea","원두","맥널티커피","21530","1","0","12545","21100","0","430","0","21530","1","21530.0","1","1","21530.0","25.0","4","1","0","0.0"
"2026-10-03","8421636893","8804645007187","47303765","산양유 단백질 프로틴 스테비아 커피믹스, 1개, 100개입, 1000g","91374645343","맥널티커피 산양유 단백질 스테비아 커피믹스,10g,10g,100개입,100개입,1개,1개","YES","Food","Coffee & Tea","커피믹스","맥널티커피","31290","1","0","19988","31290","0","0","0","0","0","31290.0","1","1","31290.0","20.0","5","1","0","0.0"
"2026-10-03","8421637095","8804645007262","48074657","맥널티 브라질 세라도 분쇄 원두 커피, 1개, 500g","91374645856","맥널티커피 브라질 세라도 싱글 오리진 분쇄 원두 커피,1개,1개,500g,500g","YES","Food","Coffee & Tea","원두","맥널티커피","31800","2","0","18790","31160","0","640","0","31800","2","15900.0","2","2","15900.0","50.0","4","2","0","0.0"
"2026-10-03","8414447766","9311931902167","52625820","맥널티 인스턴트 원두 병커피 에스프레소 블랙 50g 1개","91388389549","프라이빗클럽 맥널티 인스턴트 원두 병커피 에스프레소 블랙,50g,50g,3개,3개,1개입,1개입","NO","Food","Coffee & Tea","원두커피믹스","프라이빗클럽","13560","3","0","10458","13560","0","0","0","0","0","4520.0","1","1","13560.0","20.0","5","1","0","0.0"
"2026-10-03","8414447766","9311931902167","52625820","맥널티 인스턴트 원두 병커피 에스프레소 블랙 50g 1개","91388389555","프라이빗클럽 맥널티 인스턴트 원두 병커피 에스프레소 블랙,50g,50g,2개,2개,1개입,1개입","NO","Food","Coffee & Tea","원두커피믹스","프라이빗클럽","228960","48","6","167328","224442","4518","0","0","9540","2","4770.0","27","27","8480.0","3.061224489795918","882","24","2","3.0"
"2026-10-03","8200404313","8804645007323","54922706","맥널티 대용량 제로슈가 스테비아 믹스커피 음료, 1L, 6개","91673775388","맥널티커피 스테비아 커피믹스,1L,1L,6개,6개","NO","Food","Drinks","커피음료","맥널티커피","1161000","90","2","792450","1126000","12900","21580","0","1122300","87","12900.0","90","89","13044.943820224718","3.9543057996485063","2276","90","5","3.8"
"2026-10-03","8200404313","8804645007323","54922706","맥널티 대용량 제로슈가 스테비아 믹스커피 음료, 1L, 6개","91678989988","맥널티커피 스테비아 커피믹스,1L,1L,18개,18개","NO","Food","Drinks","커피음료","맥널티커피","36900","3","0","26415","35660","0","1240","0","36900","3","12300.0","1","1","36900.0","50.0","2","1","1","5.0"
"2026-10-03","8556802120","8804645007484","56214467","맥널티커피 아이브루 카라멜 마끼아또, 12g x 100개입(스틱), 1200g , 1개","91881316191","맥널티커피 아이브루 카라멜 마끼아또 커피믹스,1개,1개,100개입,100개입,12g,12g","NO","Food","Coffee & Tea","커피믹스","맥널티커피","185680","11","0","137973","185680","0","0","0","0","0","16880.0","11","11","16880.0","8.333333333333332","132","11","1","5.0"
"2026-10-03","8556799790","8804645007460","56214466","맥널티커피 아이브루 바닐라 라떼,12g x 100개입(스틱), 1200g , 1개","91881316202","맥널티커피 아이브루 바닐라 라떼 커피믹스,1개,1개,100개입,100개입,12g,12g","NO","Food","Coffee & Tea","커피믹스","맥널티커피","132300","7","0","87801","120020","10000","2280","0","132300","7","18900.0","7","7","18900.0","7.865168539325842","89","7","0","0.0"
"2026-10-03","8664736540","8804645007453","56760693","아이브루 플러스 디카페인 블랙커피 헤이즐넛향 (1g x 80개입), 1개","91973223860","아이브루 플러스 디카페인 헤이즐넛향 블랙커피 원두커피믹스,1g,1g,80개입,80개입,1개,1개","NO","Food","Coffee & Tea","원두커피믹스","아이브루","700800","64","2","509504","689850","10950","0","0","10950","1","10950.0","65","63","11123.809523809523","10.466988727858293","621","64","3","4.7"
"2026-10-03","8664736540","8804645007453","56760693","아이브루 플러스 디카페인 블랙커피 헤이즐넛향 (1g x 80개입), 1개","91979411137","아이브루 플러스 디카페인 헤이즐넛향 블랙커피 원두커피믹스,1g,1g,80개입,80개입,2개,2개","NO","Food","Coffee & Tea","원두커피믹스","아이브루","109500","10","0","79610","99500","10000","0","0","21900","2","10950.0","5","5","21900.0","31.25","16","5","0","0.0"
"2026-10-03","8784725489","8804645007590","58338694","티브루 보리차 원액 간편 액상스틱 진액, 30개, 10ml","92219561450","맥널티커피 티브루 보리차 진액,10ml,10ml,30개,30개","NO","Food","Drinks","농축액(음료베이스)","맥널티","317070","39","4","206154","317070","0","0","0","0","0","8130.0","42","41","7733.414634146341","10.473815461346634","401","39","4","4.5"
"2026-10-03","8678251986","8804645007613","58338696","티브루 헛개수 원액 간편 액상스틱 진액, 30개, 10ml","92219561465","맥널티 티브루 헛개차 진액,30개,30개,10ml,10ml","NO","Food","Drinks","농축액(음료베이스)","맥널티","142590","16","0","84272","142590","0","0","0","0","0","8911.875","14","14","10185.0","18.421052631578945","76","16","1","3.0"
"2026-10-03","8796750875","8804645007606","58338695","티브루 옥수수수염차 원액 간편 액상스틱 진액, 30개, 10ml","92219561488","맥널티 티브루 옥수수수염차 진액 액상스틱,10ml,10ml,30개,30개","NO","Food","Drinks","농축액(음료베이스)","맥널티","89430","11","0","58080","89430","0","0","0","0","0","8130.0","10","10","8943.0","10.869565217391305","92","11","0","0.0"
"2026-10-03","8784725489","8804645007590","58338694","티브루 보리차 원액 간편 액상스틱 진액, 30개, 10ml","92228103770","맥널티커피 티브루 보리차 진액,10ml,10ml,90개,90개","NO","Food","Drinks","농축액(음료베이스)","맥널티","0","0","3","0","0","0","0","0","0","0","0.0","1","1","0.0","20.0","5","0","0","0.0"
"2026-10-03","8796750875","8804645007606","58338695","티브루 옥수수수염차 원액 간편 액상스틱 진액, 30개, 10ml","92228103775","맥널티 티브루 옥수수수염차 진액 액상스틱,10ml,10ml,60개,60개","NO","Food","Drinks","농축액(음료베이스)","맥널티","29400","4","0","21120","29400","0","0","0","0","0","7350.0","2","2","14700.0","16.666666666666664","12","2","1","1.0"
"2026-10-03","8678251986","8804645007613","58338696","티브루 헛개수 원액 간편 액상스틱 진액, 30개, 10ml","92228103844","맥널티 티브루 헛개차 진액,90개,90개,10ml,10ml","NO","Food","Drinks","농축액(음료베이스)","맥널티","26080","3","0","15801","26080","0","0","0","0","0","8693.333333333334","1","1","26080.0","25.0","4","1","0","0.0"
"2026-10-03","8678251986","8804645007613","58338696","티브루 헛개수 원액 간편 액상스틱 진액, 30개, 10ml","92228103864","맥널티 티브루 헛개차 진액,60개,60개,10ml,10ml","NO","Food","Drinks","농축액(음료베이스)","맥널티","104340","12","0","63204","104340","0","0","0","0","0","8695.0","5","5","20868.0","45.45454545454545","11","6","0","0.0"
"2026-10-03","8784725489","8804645007590","58338694","티브루 보리차 원액 간편 액상스틱 진액, 30개, 10ml","92228103875","맥널티커피 티브루 보리차 진액,10ml,10ml,60개,60개","NO","Food","Drinks","농축액(음료베이스)","맥널티","181320","24","4","126864","181320","0","0","0","0","0","7555.0","14","13","13947.692307692309","40.0","35","12","1","5.0"
"2026-10-03","8179322743","8804645007552","58681130","콜롬비아 안데스 오리진 분쇄 커피 원두 1개 226g 핸드드립","92277741986","맥널티커피 콜롬비아 안데스 오리진 분쇄 커피 원두,핸드드립(중간),핸드드립(중간),226g,226g,1개,1개","NO","Food","Coffee & Tea","원두","맥널티커피","62500","5","1","35795","56250","5000","1250","0","62500","5","12500.0","6","6","10416.666666666666","3.9215686274509802","153","5","1","5.0"
"2026-10-03","8179322743","8804645007552","58681130","콜롬비아 안데스 오리진 분쇄 커피 원두 1개 226g 핸드드립","92285042183","맥널티커피 콜롬비아 안데스 오리진 분쇄 커피 원두,핸드드립(중간),핸드드립(중간),226g,226g,2개,2개","NO","Food","Coffee & Tea","원두","맥널티커피","25000","2","0","14318","24500","0","500","0","25000","2","12500.0","1","1","25000.0","0.0","0","1","0","0.0"
"2026-10-03","8700683809","8804645007538","58765770","디카페인 헤이즐넛향 분쇄 커피 원두, 1개, 226g, 핸드드립","92290392544","맥널티커피 디카페인 헤이즐넛향 분쇄 원두 커피,1개,1개,226g,226g,핸드드립(중간),핸드드립(중간)","NO","Food","Coffee & Tea","원두","맥널티커피","148500","11","1","88198","146070","0","2430","0","135000","10","13500.0","11","10","14850.0","16.417910447761194","67","11","0","0.0"
"2026-10-03","7612947477","8804645007514","58765769","게이샤 블렌드 분쇄 커피 원두, 1개, 226g, 핸드드립","92290392600","맥널티커피 게이샤 블렌드 분쇄 원두 커피,핸드드립(중간),핸드드립(중간),226g,226g,1개,1개","NO","Food","Coffee & Tea","원두","맥널티커피","26000","2","0","15464","25480","0","520","0","26000","2","13000.0","2","2","13000.0","1.4598540145985401","137","2","0","0.0"
"2026-10-03","8700683809","8804645007538","58765770","디카페인 헤이즐넛향 분쇄 커피 원두, 1개, 226g, 핸드드립","92296505933","맥널티커피 디카페인 헤이즐넛향 분쇄 원두 커피,2개,2개,226g,226g,핸드드립(중간),핸드드립(중간)","NO","Food","Coffee & Tea","원두","맥널티커피","27000","2","0","16036","26460","0","540","0","27000","2","13500.0","1","1","27000.0","12.5","8","1","0","0.0"
"2026-10-03","7612947135","8804645007521","58850533","하와이안 코나 블렌드 분쇄 커피 원두, 1개, 226g, 핸드드립","92306876899","맥널티커피 하와이안 코나 블렌드 분쇄 커피 원두,핸드드립(중간),핸드드립(중간),226g,226g,1개,1개","NO","Food","Coffee & Tea","원두","맥널티커피","78000","6","0","46392","74194","2506","1300","0","78000","6","13000.0","5","5","15600.0","2.4752475247524752","202","6","0","0.0"
"2026-10-03","8200404313","18804645007290","48466205","맥널티 대용량 제로슈가 스테비아 믹스커피 음료, 12개, 1L","92418183676","맥널티커피 스테비아 커피믹스,1L,1L,24개,24개","NO","Food","Drinks","커피음료","맥널티커피","49200","2","0","34134","49200","0","0","0","0","0","24600.0","1","1","49200.0","50.0","2","1","0","0.0"
"2026-10-03","8157289284","18804645006101","26889711","맥널티 제로칼로리 복숭아 아이스티 500ml 24입","92418268534","맥널티커피 복숭아 아이스티 제로,500ml,500ml,72개,72개","NO","Food","Drinks","차음료","맥널티커피","0","0","3","0","-1080","0","0","0","0","0","0.0","1","1","0.0","100.0","1","0","0","0.0"
"2026-10-03","7757594782","8804645006302","10147177","맥널티 홀빈 블루마운틴 1000g","92556407790","맥널티 홀빈 블루마운틴,홀빈(분쇄안함),홀빈(분쇄안함),1kg,1kg,3개,3개","NO","Food","Coffee & Tea","원두","맥널티커피","80700","3","0","47145","77310","0","3390","0","80700","3","26900.0","1","1","80700.0","0.0","0","1","0","0.0"
"2026-10-03","8799006004","8804645005350","38813491","맥널티 홀빈 원두 1KG, 브라질 산토스 내추럴, 1개","92609181836","맥널티커피 브라질 산토스 내추럴 원두,1kg,1kg,1개,1개","NO","Food","Coffee & Tea","원두","맥널티커피","27840","1","0","11364","27290","0","550","0","27840","1","27840.0","1","1","27840.0","0.0","0","1","0","0.0"
"2026-10-03","8814767699","8804645007453","56760693","아이브루 플러스 디카페인 블랙커피 헤이즐넛향 (1g x 80개입), 1개","92672212799","아이브루 플러스 디카페인 헤이즐넛향 블랙커피 원두커피믹스,1g,1g,80개입,80개입,1개,1개","YES","Food","Coffee & Tea","원두커피믹스","아이브루","10950","1","0","7961","10950","0","0","0","0","0","10950.0","1","1","10950.0","20.0","5","1","0","0.0"
"2026-10-03","8784725489","8804645007590","58338694","티브루 보리차 원액 간편 액상스틱 진액, 30개, 10ml","92680979394","맥널티커피 티브루 보리차 진액,10ml,10ml,180개,180개","NO","Food","Drinks","농축액(음료베이스)","맥널티","41240","6","0","31716","41240","0","0","0","0","0","6873.333333333333","1","1","41240.0","0.0","0","1","0","0.0"
"2026-10-03","8157289284","8804645006739","61673272","맥널티커피 복숭아 아이스티 제로, 1.5L, 1개","92867142451","맥널티커피 복숭아 아이스티 제로,1.5L,1.5L,4개,4개","NO","Food","Drinks","차음료","맥널티커피","8800","4","0","5456","8620","0","180","0","8800","4","2200.0","1","1","8800.0","20.0","5","1","0","0.0"
"2026-10-03","8157289284","8804645006739","61673272","맥널티커피 복숭아 아이스티 제로, 1.5L, 1개","92867142466","맥널티커피 복숭아 아이스티 제로,1.5L,1.5L,3개,3개","NO","Food","Drinks","차음료","맥널티커피","112200","51","0","69564","109820","0","2380","0","112200","51","2200.0","17","17","6600.0","32.075471698113205","53","17","2","5.0"
"2026-10-03","8157289284","8804645006739","61673272","맥널티커피 복숭아 아이스티 제로, 1.5L, 1개","92867142468","맥널티커피 복숭아 아이스티 제로,1.5L,1.5L,6개,6개","NO","Food","Drinks","차음료","맥널티커피","171600","78","0","106392","168360","0","3240","0","171600","78","2200.0","12","11","15600.0","28.57142857142857","42","13","0","0.0"
"2026-10-03","8939057954","8804645007620","62672352","맥널티 아이브루 플러스 스위트 블랙 원두커피믹스 80개입 2.8g","93118697467","맥널티커피 아이브루 플러스 스위트 블랙 원두커피믹스,2.8g,2.8g,80개입,80개입,1개,1개","NO","Food","Coffee & Tea","원두커피믹스","맥널티커피","65350","5","0","39805","65350","0","0","0","0","0","13070.0","5","5","13070.0","3.6231884057971016","138","5","0","0.0"
"2026-10-03","8939057954","8804645007620","62672352","맥널티 아이브루 플러스 스위트 블랙 원두커피믹스 80개입 2.8g","93128849175","맥널티커피 아이브루 플러스 스위트 블랙 원두커피믹스,2.8g,2.8g,80개입,80개입,2개,2개","NO","Food","Coffee & Tea","원두커피믹스","맥널티커피","24900","2","0","15922","24900","0","0","0","0","0","12450.0","1","1","24900.0","33.33333333333333","3","1","0","0.0"
"2026-10-03","8288498794","8804645006920","62821923","맥널티 핸드드립 커피 에티오피아 예가체프 8g 24개입 1개","93160224250","맥널티커피 에티오피아 예가체프 핸드드립 커피,8g,8g,24개입,24개입,1개,1개","NO","Food","Coffee & Tea","드립백/티백","맥널티커피","104300","7","0","67753","104300","0","0","0","0","0","14900.0","7","7","14900.0","21.21212121212121","33","7","0","0.0"
"2026-10-03","8943722025","8804645007651","62882483","티브루 보리차 진액, 1개, 400g","93176192108","맥널티 티브루 보리차 진액,1개,1개,400g,400g","NO","Food","Drinks","농축액(음료베이스)","맥널티커피","51600","4","0","30764","50560","0","1040","0","51600","4","12900.0","4","4","12900.0","40.0","10","4","0","0.0"
"2026-10-03","8943722025","8804645007651","62882483","티브루 보리차 진액, 1개, 400g","93185426248","맥널티 티브루 보리차 진액,2개,2개,400g,400g","NO","Food","Drinks","농축액(음료베이스)","맥널티커피","25800","2","0","15382","24000","0","1800","0","25800","2","12900.0","1","1","25800.0","7.6923076923076925","13","1","1","3.0"
"2026-10-03","8989761224","8804645300950","12491225","맥널티 핸드드립 커피필터 30개입","93308601189","맥널티커피  핸드드립 커피필터,30개입,30개입,1개,1개","YES","Kitchen","Tools & Gadgets","커피필터/여과지","맥널티","12900","3","0","8211","12900","0","0","0","0","0","4300.0","3","3","4300.0","21.428571428571427","14","3","0","0.0"
"2026-10-03","8989803786","8804645002861","15720531","콜롬비아 블랙 100개입","93308668047","맥널티커피 콜롬비아 블랙 원두커피믹스,1g,1g,100개입,100개입,1박스,1박스","YES","Food","Coffee & Tea","원두커피믹스","맥널티커피","10900","1","0","6345","10680","0","220","0","10900","1","10900.0","1","1","10900.0","6.25","16","1","1","5.0"
"2026-10-03","8992141532","8804645007637","63447822","스테비아 커피믹스 헤이즐넛향 9.5g 30개입 1개","93318568356","맥널티커피 스테비아 커피믹스 헤이즐넛향,9.5g,9.5g,30개입,30개입,1개,1개","NO","Food","Coffee & Tea","커피믹스","맥널티커피","108780","14","0","67578","108780","0","0","0","0","0","7770.0","14","14","7770.0","7.954545454545454","176","14","1","5.0"
"2026-10-03","8989803786","8804645002861","15720531","콜롬비아 블랙 100개입","93353226572","맥널티커피 콜롬비아 블랙 원두커피믹스,1g,1g,100개입,100개입,2개,2개","YES","Food","Coffee & Tea","원두커피믹스","맥널티커피","19500","2","0","12690","19500","0","0","0","0","0","9750.0","1","1","19500.0","20.0","5","1","0","0.0"
"2026-10-03","9072225100","8804645007675","64842417","티브루 호박팥차 진액 10ml 30개입 1개","93616956467","맥널티 티브루 호박팥차 진액,1개,1개,30개입,30개입,10ml,10ml","NO","Food","Coffee & Tea","율무/견과차","맥널티","504900","51","2","268362","484800","9900","9800","0","504900","51","9900.0","52","52","9709.615384615385","9.611829944547134","541","51","5","4.6"
"2026-10-03","9074685478","8804645007668","64859139","맥널티 스테비아 솔티드 카라멜 커피믹스 10g 1개 30개입","93626471781","맥널티커피 스테비아 솔티드 카라멜 커피믹스,10g,10g,30개입,30개입,1개,1개","NO","Food","Coffee & Tea","커피믹스","맥널티커피","27930","3","1","17010","27930","0","0","0","0","0","9310.0","4","4","6982.5","5.194805194805195","77","3","0","0.0"
"2026-10-03","9074685478","8804645007668","64859139","맥널티 스테비아 솔티드 카라멜 커피믹스 10g 1개 30개입","93634956496","맥널티커피 스테비아 솔티드 카라멜 커피믹스,10g,10g,30개입,30개입,2개,2개","NO","Food","Coffee & Tea","커피믹스","맥널티커피","17800","2","0","11340","17500","0","300","0","17800","2","8900.0","1","1","17800.0","25.0","4","1","0","0.0"
"2026-10-03","9223273138","8804645007323","54922706","맥널티 대용량 제로슈가 스테비아 믹스커피 음료, 1L, 6개","94224202463","맥널티커피 스테비아 커피믹스,1L,1L,6개,6개","YES","Food","Drinks","커피음료","맥널티커피","12900","1","0","8805","12640","0","260","0","12900","1","12900.0","1","1","12900.0","5.0","20","1","0","0.0"
"2026-10-03","9223310411","8804645006739","61673272","맥널티커피 복숭아 아이스티 제로, 1.5L, 1개","94224367811","맥널티커피 복숭아 아이스티 제로,1.5L,1.5L,4개,4개","YES","Food","Drinks","차음료","맥널티커피","8800","4","0","5456","8620","0","180","0","8800","4","2200.0","1","1","8800.0","33.33333333333333","3","1","0","0.0"
"2026-10-03","9223310411","8804645006739","61673272","맥널티커피 복숭아 아이스티 제로, 1.5L, 1개","94224367818","맥널티커피 복숭아 아이스티 제로,1.5L,1.5L,3개,3개","YES","Food","Drinks","차음료","맥널티커피","26400","12","0","16368","25840","0","560","0","26400","12","2200.0","4","4","6600.0","66.66666666666666","6","4","0","0.0"
"2026-10-03","9223310411","8804645006739","61673272","맥널티커피 복숭아 아이스티 제로, 1.5L, 1개","94224368460","맥널티커피 복숭아 아이스티 제로,1.5L,1.5L,2개,2개","YES","Food","Drinks","차음료","맥널티커피","22000","10","0","13640","22000","0","0","0","0","0","2200.0","5","5","4400.0","20.0","25","5","0","0.0"
"2026-10-03","9239306730","8804645007781","67975031","호랭이 커피 오곡향 블랙, 1개, 20개입, 1g","94320932959","맥널티커피 호랭이 커피스틱 오곡향 블랙,2개,2개,20개입,20개입,1g,1g","NO","Food","Coffee & Tea","원두커피믹스","맥널티커피","14600","4","0","11224","14600","0","0","0","0","0","3650.0","2","2","7300.0","7.6923076923076925","26","2","0","0.0"
"2026-10-03","9239306730","8804645007781","67975031","호랭이 커피 오곡향 블랙, 1개, 20개입, 1g","94320932978","맥널티커피 호랭이 커피스틱 오곡향 블랙,3개,3개,20개입,20개입,1g,1g","NO","Food","Coffee & Tea","원두커피믹스","맥널티커피","10200","3","0","8418","10200","0","0","0","0","0","3400.0","1","1","10200.0","14.285714285714285","7","1","0","0.0"
"2026-10-03","9237125577","8804645007729","68147034","베니스브루 스페셜티 핸드드립 가향 커피 쇼콜라 모카, 1개, 7개입, 12g","94363280975","맥널티커피 베니스브루 스페셜티 가향 드립백 커피 쇼콜라 모카,1개,1개,7개입,7개입,12g,12g","NO","Food","Coffee & Tea","드립백/티백","맥널티커피","16560","2","0","10328","16560","0","0","0","0","0","8280.0","1","1","16560.0","2.7027027027027026","37","2","1","4.0"
"2026-10-03","8833324061","8804645007491","68778942","아이브루 아메리카노 블랙커피 무라벨 400ML 20개","94529638880","맥널티커피 아이브루 아메리카노 블랙커피 무라벨,400ml,400ml,20개,20개","NO","Food","Drinks","커피음료","맥널티커피","2086200","122","3","1468148","1937200","5000","140400","0","2086200","122","17100.0","121","120","17385.0","12.173038229376258","994","122","9","4.6"
"2026-10-03","8746655772","18804645007504","68778941","맥널티 아이브루 헤이즐넛향 블랙커피 12개 1L","94529638884","맥널티커피 아이브루 헤이즐넛향 블랙커피,12개,12개,1L,1L","NO","Food","Drinks","커피음료","맥널티커피","506800","28","0","334404","473200","0","33600","0","506800","28","18100.0","28","28","18100.0","10.9375","256","28","6","4.8"
"2026-10-03","8214108205","18804645007306","68778940","맥널티 아이브루 아메리카노 블랙커피 12개 1L","94529638892","맥널티커피 아이브루 아메리카노 블랙커피,1L,1L,12개,12개","NO","Food","Drinks","커피음료","맥널티커피","2660900","147","5","1762530","2469700","10000","175650","0","2660900","147","18101.36054421769","151","149","17858.389261744967","14.803921568627452","1020","147","13","4.8"
"2026-10-03","8746655772","18804645007504","68778941","맥널티 아이브루 헤이즐넛향 블랙커피 12개 1L","94538485437","맥널티커피 아이브루 헤이즐넛향 블랙커피,24개,24개,1L,1L","NO","Food","Drinks","커피음료","맥널티커피","72400","4","0","47772","67600","0","4800","0","72400","4","18100.0","2","2","36200.0","0.0","0","2","0","0.0"
"2026-10-03","8833324061","8804645007491","68778942","아이브루 아메리카노 블랙커피 무라벨 400ML 20개","94538485465","맥널티커피 아이브루 아메리카노 블랙커피 무라벨,400ml,400ml,60개,60개","NO","Food","Drinks","커피음료","맥널티커피","51300","3","0","36102","47700","0","3600","0","51300","3","17100.0","1","1","51300.0","20.0","5","1","0","0.0"
"2026-10-03","8214108205","18804645007306","68778940","맥널티 아이브루 아메리카노 블랙커피 12개 1L","94538485615","맥널티커피 아이브루 아메리카노 블랙커피,1L,1L,24개,24개","NO","Food","Drinks","커피음료","맥널티커피","235670","14","0","167860","235670","0","0","0","0","0","16833.571428571428","7","7","33667.142857142855","36.84210526315789","19","7","2","4.5"
"2026-10-03","8214108205","18804645007306","68778940","맥널티 아이브루 아메리카노 블랙커피 12개 1L","94538485701","맥널티커피 아이브루 아메리카노 블랙커피,1L,1L,36개,36개","NO","Food","Drinks","커피음료","맥널티커피","50490","3","0","35970","50490","0","0","0","0","0","16830.0","1","1","50490.0","100.0","1","1","0","0.0"
"2026-10-03","8214108205","18804645007306","68778940","맥널티 아이브루 아메리카노 블랙커피 12개 1L","94538485705","맥널티커피 아이브루 아메리카노 블랙커피,1L,1L,48개,48개","NO","Food","Drinks","커피음료","맥널티커피","67320","4","0","47960","67320","0","0","0","0","0","16830.0","1","1","67320.0","100.0","1","1","0","0.0"
"2026-10-03","8746655772","18804645007504","68778941","맥널티 아이브루 헤이즐넛향 블랙커피 12개 1L","94538485799","맥널티커피 아이브루 헤이즐넛향 블랙커피,48개,48개,1L,1L","NO","Food","Drinks","커피음료","맥널티커피","72400","4","0","47772","67600","0","4800","0","72400","4","18100.0","1","1","72400.0","12.5","8","1","0","0.0"
"2026-10-03","8833324061","8804645007491","68778942","아이브루 아메리카노 블랙커피 무라벨 400ML 20개","94538485833","맥널티커피 아이브루 아메리카노 블랙커피 무라벨,400ml,400ml,40개,40개","NO","Food","Drinks","커피음료","맥널티커피","478800","28","2","336952","442800","0","33600","0","478800","28","17100.0","15","14","34200.0","115.38461538461537","13","14","0","0.0"
"2026-10-03","9334231304","8804645007842","69526598","맥널티 갓성비 제로슈가 커피믹스, 1개, 80개입, 9g","94707153018","맥널티커피 갓성비 제로슈가 커피믹스,1개,1개,80개입,80개입,9g,9g","NO","Food","Coffee & Tea","커피믹스","맥널티커피","444800","32","2","283328","440623","4177","0","0","13900","1","13900.0","34","34","13082.35294117647","7.6923076923076925","442","32","6","5.0"
"2026-10-03","8992141532","8804645007811","69634259","맥널티커피 스테비아 커피믹스 헤이즐넛향, 9.5g, 100개입, 1개","94732664312","맥널티커피 스테비아 커피믹스 헤이즐넛향,9.5g,9.5g,100개입,100개입,1개,1개","NO","Food","Coffee & Tea","커피믹스","맥널티커피","135980","7","1","99827","135980","0","0","0","0","0","19425.714285714286","8","8","16997.5","18.181818181818183","44","7","0","0.0"
"2026-10-03","9393910904","8804645007675","64842417","티브루 호박팥차 진액 10ml 30개입 1개","94856748698","맥널티 티브루 호박팥차 진액,2개,2개,30개입,30개입,10ml,10ml","YES","Food","Coffee & Tea","율무/견과차","맥널티","18900","2","0","10524","18900","0","0","0","0","0","9450.0","1","1","18900.0","5.88235294117647","17","1","1","5.0"
"2026-10-03","9393910904","8804645007675","64842417","티브루 호박팥차 진액 10ml 30개입 1개","94856748699","맥널티 티브루 호박팥차 진액,3개,3개,30개입,30개입,10ml,10ml","YES","Food","Coffee & Tea","율무/견과차","맥널티","55800","6","0","31572","55800","0","0","0","0","0","9300.0","2","2","27900.0","66.66666666666666","3","2","0","0.0"
"2026-10-03","9393910904","8804645007675","64842417","티브루 호박팥차 진액 10ml 30개입 1개","94856748700","맥널티 티브루 호박팥차 진액,1개,1개,30개입,30개입,10ml,10ml","YES","Food","Coffee & Tea","율무/견과차","맥널티","29700","3","0","15786","29100","0","600","0","29700","3","9900.0","3","3","9900.0","13.636363636363635","22","3","0","0.0"
"2026-10-03","9393911932","8804645007637","63447822","스테비아 커피믹스 헤이즐넛향 9.5g 30개입 1개","94856750921","맥널티커피 스테비아 커피믹스 헤이즐넛향,9.5g,9.5g,30개입,30개입,1개,1개","YES","Food","Coffee & Tea","커피믹스","맥널티커피","7770","1","0","4827","7770","0","0","0","0","0","7770.0","1","1","7770.0","0.0","0","1","0","0.0"
"2026-10-03","9398358978","8804645007903","70253954","아이브루 디카페인 아메리카노 블랙커피 무라벨, 20개, 400ml","94890161558","아이브루 디카페인 아메리카노 블랙커피 무라벨,20개,20개,400ml,400ml","NO","Food","Drinks","커피음료","아이브루","752400","38","0","513000","718200","19800","14400","0","752400","38","19800.0","37","37","20335.135135135137","7.44466800804829","497","38","3","4.7"
"2026-10-03","9398358978","8804645007903","70253954","아이브루 디카페인 아메리카노 블랙커피 무라벨, 20개, 400ml","94897060778","아이브루 디카페인 아메리카노 블랙커피 무라벨,40개,40개,400ml,400ml","NO","Food","Drinks","커피음료","아이브루","39600","2","0","27000","38800","0","800","0","39600","2","19800.0","1","1","39600.0","16.666666666666664","6","1","2","5.0"
"2026-10-03","9425537152","9311931902167","52625820","맥널티 인스턴트 원두 병커피 에스프레소 블랙 50g 1개","94975150149","프라이빗클럽 맥널티 인스턴트 원두 병커피 에스프레소 블랙,50g,50g,1개,1개,1개입,1개입","YES","Food","Coffee & Tea","원두커피믹스","프라이빗클럽","27600","6","0","20916","27600","0","0","0","0","0","4600.0","5","5","5520.0","5.319148936170213","94","6","0","0.0"
"2026-10-03","9442108303","8804645007897","71115722","호랭이 커피믹스 고소한 오곡향, 1개, 20개입, 9.5g","95077614086","맥널티커피 호랭이 커피믹스 고소한 오곡향,1개,1개,20개입,20개입,9.5g,9.5g","NO","Food","Coffee & Tea","커피믹스","맥널티커피","44000","8","0","22448","44000","0","0","0","0","0","5500.0","8","8","5500.0","15.686274509803921","51","8","2","5.0"
"2026-10-03","9442108303","8804645007880","71115721","호랭이 커피믹스 고소한 오곡향, 1개, 160개입, 9.5g","95077614088","맥널티커피 호랭이 커피믹스 고소한 오곡향,1개,1개,160개입,160개입,9.5g,9.5g","NO","Food","Coffee & Tea","커피믹스","맥널티커피","71700","3","0","42783","70260","0","1440","0","71700","3","23900.0","3","3","23900.0","1.0869565217391304","276","3","0","0.0"
"2026-10-03","9454845088","8804645007873","71629331","맥널티 갓성비 아메리카노 블랙커피, 1개, 100개입, 2g","95157094446","맥널티커피 갓성비 아메리카노 블랙커피,1개,1개,100개입,100개입,2g,2g","NO","Food","Coffee & Tea","원두커피믹스","맥널티커피","834400","56","1","477904","814400","20000","-330","0","44700","3","14900.0","57","57","14638.59649122807","6.597222222222222","864","56","5","5.0"
"2026-10-03","9470391723","8804645007934","71636537","맥널티 티브루 호박팥차 무라벨, 20개, 500ml","95157268909","맥널티커피 티브루 호박팥차 무라벨,20개,20개,500ml,500ml","NO","Food","Drinks","농축액(음료베이스)","맥널티커피","116100","9","3","79191","116100","0","0","0","0","0","12900.0","12","12","9675.0","4.1522491349480966","289","9","6","5.0"
"2026-10-03","9454845088","8804645007873","71629331","맥널티 갓성비 아메리카노 블랙커피, 1개, 100개입, 2g","95163444213","맥널티커피 갓성비 아메리카노 블랙커피,2개,2개,100개입,100개입,2g,2g","NO","Food","Coffee & Tea","원두커피믹스","맥널티커피","148500","10","0","85340","148500","0","0","0","0","0","14850.0","5","5","29700.0","45.45454545454545","11","5","1","5.0"
"2026-10-03","9244376556","8804645007989","71777603","투비 다크 블랙 블렌드 홀빈 원두 커피, 1kg, 홀빈(분쇄안함), 1개","95182652820","맥널티커피 다크 블랙 원두 블렌드 원두 홀빈,1kg,1kg,1개,1개","NO","Food","Coffee & Tea","원두","맥널티커피","22400","1","0","13115","22010","0","390","0","22400","1","22400.0","1","1","22400.0","2.7027027027027026","37","1","2","5.0"
"2026-10-03","1942501818","8804645300950","12491225","맥널티 핸드드립 커피필터 30개입","95240550975","맥널티커피  핸드드립 커피필터,30개입,30개입,2개,2개","NO","Kitchen","Tools & Gadgets","커피필터/여과지","맥널티","33320","8","0","21896","33320","0","0","0","0","0","4165.0","4","4","8330.0","40.0","10","4","0","0.0"
"2026-10-03","1942501818","8804645300950","12491225","맥널티 핸드드립 커피필터 30개입","95240551043","맥널티 핸드드립 커피필터 여과지,30개입,30개입,3개,3개","NO","Kitchen","Tools & Gadgets","커피필터/여과지","맥널티","37470","9","0","24633","37470","0","0","0","0","0","4163.333333333333","3","3","12490.0","150.0","2","3","0","0.0"
"2026-10-03","324195553","9311931105162","3067428","인스턴트 병커피 헤이즐넛향 50g","95298805338","프라이빗클럽 헤이즐넛향 병커피 원두커피믹스,50g,50g,1개입,1개입,6개,6개","NO","Food","Coffee & Tea","커피믹스","프라이빗클럽","198800","42","0","96600","194810","0","3990","0","198800","42","4733.333333333333","7","7","28400.0","33.33333333333333","21","7","0","0.0"
"2026-10-03","324195553","9311931105162","3067428","인스턴트 병커피 헤이즐넛향 50g","95298805339","프라이빗클럽 맥널티 헤이즐넛향 병커피,50g,50g,1개입,1개입,4개,4개","NO","Food","Coffee & Tea","커피믹스","프라이빗클럽","113820","24","0","55200","111920","0","1900","0","113820","24","4742.5","5","5","22764.0","20.833333333333336","24","6","1","5.0"
"2026-10-03","324195553","9311931105162","3067428","인스턴트 병커피 헤이즐넛향 50g","95298805355","프라이빗클럽 맥널티 헤이즐넛향 병커피,50g,50g,1개입,1개입,3개,3개","NO","Food","Coffee & Tea","커피믹스","프라이빗클럽","29200","6","0","13800","28600","0","600","0","29200","6","4866.666666666667","2","2","14600.0","10.0","20","2","0","0.0"
"2026-10-03","324195553","9311931105162","3067428","인스턴트 병커피 헤이즐넛향 50g","95298805390","프라이빗클럽 맥널티 헤이즐넛향 병커피,50g,50g,1개입,1개입,5개,5개","NO","Food","Coffee & Tea","커피믹스","프라이빗클럽","23710","5","0","11500","23240","0","470","0","23710","5","4742.0","1","1","23710.0","11.11111111111111","9","1","0","0.0"
"2026-10-03","6501093720","8804645007965","73944650","맥널티 복숭아 아이스티 대용량 파우치, 1개, 2.1L","95467325453","맥널티커피 대용량 복숭아 아이스티 파우치,2.1L,2.1L,1개,1개","NO","Food","Drinks","차음료","맥널티커피","20000","4","0","9652","20000","0","0","0","0","0","5000.0","4","4","5000.0","22.22222222222222","18","4","0","0.0"
"2026-10-03","6501093720","8804645007965","73944650","맥널티 복숭아 아이스티 대용량 파우치, 1개, 2.1L","95474357016","맥널티커피 대용량 복숭아 아이스티 파우치,2.1L,2.1L,3개,3개","NO","Food","Drinks","차음료","맥널티커피","45480","12","0","28956","45480","0","0","0","0","0","3790.0","4","4","11370.0","40.0","10","4","0","0.0"
"2026-10-03","6501093720","8804645007965","73944650","맥널티 복숭아 아이스티 대용량 파우치, 1개, 2.1L","95474357017","맥널티커피 대용량 복숭아 아이스티 파우치,2.1L,2.1L,2개,2개","NO","Food","Drinks","차음료","맥널티커피","98540","26","0","62738","98540","0","0","0","0","0","3790.0","13","13","7580.0","18.30985915492958","71","13","3","4.7"
"2026-10-03","6501093720","8804645007965","73944650","맥널티 복숭아 아이스티 대용량 파우치, 1개, 2.1L","95474357018","맥널티커피 대용량 복숭아 아이스티 파우치,2.1L,2.1L,5개,5개","NO","Food","Drinks","차음료","맥널티커피","-18950","-5","5","-12065","-18950","0","-210","0","0","0","3790.0","0","0","0.0","0.0","8","-1","0","0.0"
"2026-10-03","6501093720","8804645007965","73944650","맥널티 복숭아 아이스티 대용량 파우치, 1개, 2.1L","95474357062","맥널티커피 대용량 복숭아 아이스티 파우치,2.1L,2.1L,6개,6개","NO","Food","Drinks","차음료","맥널티커피","45480","12","0","28956","45480","0","0","0","0","0","3790.0","2","2","22740.0","16.666666666666664","12","2","1","5.0"
"2026-10-03","6501093720","8804645007965","73944650","맥널티 복숭아 아이스티 대용량 파우치, 1개, 2.1L","95474357066","맥널티커피 대용량 복숭아 아이스티 파우치,2.1L,2.1L,4개,4개","NO","Food","Drinks","차음료","맥널티커피","90960","24","0","57912","75960","15000","0","0","15160","4","3790.0","6","6","15160.0","54.54545454545454","11","6","0","0.0"
"2026-10-03","8401715066","8804645007958","73951791","맥널티 아이스 아메리카노 블랙 커피 대용량 파우치, 1개, 2.1L","95474484555","맥널티커피 아이스 아메리카노 블랙 대용량 파우치,2.1L,2.1L,3개,3개","NO","Food","Drinks","커피음료","맥널티커피","125070","33","0","79629","125070","0","0","0","0","0","3790.0","11","11","11370.0","55.00000000000001","20","11","0","0.0"
"2026-10-03","8401715066","8804645007958","73951791","맥널티 아이스 아메리카노 블랙 커피 대용량 파우치, 1개, 2.1L","95474484557","맥널티커피 아이스 아메리카노 블랙 대용량 파우치,2.1L,2.1L,5개,5개","NO","Food","Drinks","커피음료","맥널티커피","18950","5","0","12065","18950","0","0","0","0","0","3790.0","1","1","18950.0","0.0","0","1","0","0.0"
"2026-10-03","8401715066","8804645007958","73951791","맥널티 아이스 아메리카노 블랙 커피 대용량 파우치, 1개, 2.1L","95474484558","맥널티커피 아이스 아메리카노 블랙 대용량 파우치,2.1L,2.1L,6개,6개","NO","Food","Drinks","커피음료","맥널티커피","113700","30","6","72390","113700","0","0","0","0","0","3790.0","6","5","22740.0","46.15384615384615","13","5","0","0.0"
"2026-10-03","8401715066","8804645007958","73951791","맥널티 아이스 아메리카노 블랙 커피 대용량 파우치, 1개, 2.1L","95474484589","맥널티커피 아이스 아메리카노 블랙 대용량 파우치,2.1L,2.1L,2개,2개","NO","Food","Drinks","커피음료","맥널티커피","356260","94","4","226822","348680","7580","0","0","7580","2","3790.0","48","47","7580.0","20.0","240","47","7","4.9"
"2026-10-03","8401715066","8804645007958","73951791","맥널티 아이스 아메리카노 블랙 커피 대용량 파우치, 1개, 2.1L","95474484591","맥널티커피 아이스 아메리카노 블랙 대용량 파우치,2.1L,2.1L,4개,4개","NO","Food","Drinks","커피음료","맥널티커피","75800","20","0","48260","75800","0","0","0","0","0","3790.0","5","5","15160.0","45.45454545454545","11","5","0","0.0"
"2026-10-03","8401715066","8804645007958","73951791","맥널티 아이스 아메리카노 블랙 커피 대용량 파우치, 1개, 2.1L","95475891925","맥널티커피 아이스 아메리카노 블랙 대용량 파우치,2.1L,2.1L,2개,2개","NO","Food","Drinks","커피음료","맥널티커피","545760","144","6","347472","535110","10650","0","0","15160","4","3790.0","75","75","7276.8","12.562814070351758","597","72","1","5.0"
"2026-10-03","6501093720","8804645007965","73944650","맥널티 복숭아 아이스티 대용량 파우치, 1개, 2.1L","95475892070","맥널티커피 대용량 복숭아 아이스티 파우치,2.1L,2.1L,2개,2개","NO","Food","Drinks","차음료","맥널티커피","128860","34","2","82042","128860","0","0","0","0","0","3790.0","18","18","7158.888888888889","7.346938775510205","245","17","1","4.0"
"2026-10-03","8401715066","8804645005916","75683093","맥널티 아이스 아메리카노 블랙 1리터, 1L, 1개","95668824742","맥널티커피 아이스 아메리카노 블랙,1L,1L,2개,2개","NO","Food","Drinks","커피음료","맥널티커피","23200","8","0","13712","23200","0","0","0","0","0","2900.0","4","4","5800.0","15.384615384615385","26","4","0","0.0"
"2026-10-03","6557407422","8804645005923","75765043","맥널티 아이스아메리카노 스위트, 1개, 1L","95687240424","맥널티커피 아이스 아메리카노 스위트,1L,1L,4개,4개","NO","Food","Drinks","커피음료","맥널티커피","34800","12","0","20568","34800","0","0","0","0","0","2900.0","3","3","11600.0","50.0","6","3","0","0.0"
"2026-10-03","6557407422","8804645005923","75765043","맥널티 아이스아메리카노 스위트, 1개, 1L","95687240433","맥널티커피 아이스 아메리카노 스위트,1L,1L,5개,5개","NO","Food","Drinks","커피음료","맥널티커피","14500","5","0","8570","14500","0","0","0","0","0","2900.0","1","1","14500.0","20.0","5","1","0","0.0"
"2026-10-03","6557407422","8804645005923","75765043","맥널티 아이스아메리카노 스위트, 1개, 1L","95687240434","맥널티커피 아이스 아메리카노 스위트,1L,1L,2개,2개","NO","Food","Drinks","커피음료","맥널티커피","76700","26","0","44564","72070","4630","0","0","5900","2","2950.0","13","13","5900.0","13.26530612244898","98","13","0","0.0"
"2026-10-03","6557407422","8804645005923","75765043","맥널티 아이스아메리카노 스위트, 1개, 1L","95687240435","맥널티커피 아이스 아메리카노 스위트,1L,1L,3개,3개","NO","Food","Drinks","커피음료","맥널티커피","8700","3","0","5142","8700","0","0","0","0","0","2900.0","1","1","8700.0","8.333333333333332","12","1","1","5.0"
"2026-10-03","6557407422","8804645005923","75765043","맥널티 아이스아메리카노 스위트, 1개, 1L","95687240437","맥널티커피 아이스 아메리카노 스위트,1L,1L,6개,6개","NO","Food","Drinks","커피음료","맥널티커피","32320","12","6","20568","22320","10000","0","0","16160","6","2693.3333333333335","3","2","16160.0","25.0","12","2","0","0.0"
"2026-10-03","6517973078","8804645005954","75850021","맥널티 허니자몽 블랙티, 1L, 1개","95700394798","맥널티커피 허니자몽 블랙티,1L,1L,4개,4개","NO","Food","Drinks","차음료","맥널티커피","11600","4","0","6856","11600","0","0","0","0","0","2900.0","1","1","11600.0","25.0","4","1","1","5.0"
"2026-10-03","6517973078","8804645005954","75850021","맥널티 허니자몽 블랙티, 1L, 1개","95700394916","맥널티커피 허니자몽 블랙티,1L,1L,2개,2개","NO","Food","Drinks","차음료","맥널티커피","29000","10","0","17140","29000","0","0","0","0","0","2900.0","5","5","5800.0","9.803921568627452","51","5","0","0.0"
"2026-10-03","8943722025","8804645007996","76230458","맥널티 진 보리차 1개 1kg","95739490220","맥널티커피 진 보리차,1개,1개,1kg,1kg","NO","Food","Coffee & Tea","둥글레/옥수수/보리/결명자차","맥널티커피","35800","2","0","30418","35800","0","0","0","0","0","17900.0","2","2","17900.0","8.333333333333332","24","2","0","0.0"
"2026-10-03","7052326812","8804645006425","76443755","맥널티 브라질 세라도 NY.2 원두 1kg, 1개","95767959676","맥널티커피 브라질 세라도 NY.2 원두,1kg,1kg,1개,1개","NO","Food","Coffee & Tea","원두","브랜드없음","48700","2","0","35218","48700","0","0","0","0","0","24350.0","2","2","24350.0","10.0","20","2","0","0.0"
"2026-10-03","9629201786","18804645008013","76540319","맥널티 호랭이 마일드 라떼 캔커피, 30개, 175ml","95780789743","맥널티 호랭이 마일드 라떼 캔커피,30개,30개,175ml,175ml","NO","Food","Drinks","커피음료","맥널티커피","921600","72","3","613656","849600","0","0","69000","896000","70","12800.0","74","73","12624.657534246575","8.457142857142857","875","72","8","4.1"
"2026-10-03","9629201786","18804645008013","76540319","맥널티 호랭이 마일드 라떼 캔커피, 30개, 175ml","95786605266","맥널티 호랭이 마일드 라떼 캔커피,60개,60개,175ml,175ml","NO","Food","Drinks","커피음료","맥널티커피","102400","8","0","68184","94400","0","0","8000","102400","8","12800.0","4","4","25600.0","25.0","16","4","0","0.0"
"2026-10-03","9618053831","8804645008030","77572705","맥널티 아이스 아메리카노 헤이즐넛, 1개, 2.1L","95883431972","맥널티커피 아이스 아메리카노 헤이즐넛,1개,1개,2.1L,2.1L","NO","Food","Drinks","커피음료","맥널티커피","16500","3","0","7239","16500","0","0","0","0","0","5500.0","3","3","5500.0","50.0","6","3","0","0.0"
"2026-10-03","9618053831","8804645008030","77572705","맥널티 아이스 아메리카노 헤이즐넛, 1개, 2.1L","95888645025","맥널티커피 아이스 아메리카노 헤이즐넛,2개,2개,2.1L,2.1L","NO","Food","Drinks","커피음료","맥널티커피","469960","124","6","299212","469960","0","-85","0","0","0","3790.0","65","65","7230.153846153846","11.861313868613138","548","62","1","5.0"
"2026-10-03","9618053831","8804645008030","77572705","맥널티 아이스 아메리카노 헤이즐넛, 1개, 2.1L","95888645028","맥널티커피 아이스 아메리카노 헤이즐넛,4개,4개,2.1L,2.1L","NO","Food","Drinks","커피음료","맥널티커피","30320","8","4","19304","30320","0","-340","0","0","0","3790.0","3","3","10106.666666666666","42.857142857142854","7","2","1","5.0"
"2026-10-03","9618053831","8804645008030","77572705","맥널티 아이스 아메리카노 헤이즐넛, 1개, 2.1L","95888645050","맥널티커피 아이스 아메리카노 헤이즐넛,3개,3개,2.1L,2.1L","NO","Food","Drinks","커피음료","맥널티커피","56850","15","0","36195","56850","0","0","0","0","0","3790.0","5","5","11370.0","31.25","16","5","0","0.0"
"2026-10-03","9618053831","8804645008030","77572705","맥널티 아이스 아메리카노 헤이즐넛, 1개, 2.1L","95888645057","맥널티커피 아이스 아메리카노 헤이즐넛,5개,5개,2.1L,2.1L","NO","Food","Drinks","커피음료","맥널티커피","56850","15","5","36195","56850","0","-420","0","0","0","3790.0","4","4","14212.5","133.33333333333331","3","3","0","0.0"
"2026-10-03","9618053831","8804645008030","77572705","맥널티 아이스 아메리카노 헤이즐넛, 1개, 2.1L","95888645116","맥널티커피 아이스 아메리카노 헤이즐넛,6개,6개,2.1L,2.1L","NO","Food","Drinks","커피음료","맥널티커피","68220","18","0","43434","68220","0","0","0","0","0","3790.0","3","3","22740.0","30.0","10","3","0","0.0"
"2026-10-03","7747172789","8804645006890","38933766","맥널티커피 스테비아 디카페인 커피믹스, 1개, 100개입 9.5g","95912625882","맥널티커피 스테비아 디카페인 커피믹스,9.5g,9.5g,100개입,100개입,2개,2개","NO","Food","Coffee & Tea","커피믹스","맥널티커피","50260","2","0","36168","50260","0","0","0","0","0","25130.0","1","1","50260.0","5.263157894736842","19","1","0","0.0"
"2026-10-03","9709158118","8804645007958","73951791","맥널티 아이스 아메리카노 블랙 커피 대용량 파우치, 1개, 2.1L","95975560291","맥널티커피 아이스 아메리카노 블랙 대용량 파우치,2.1L,2.1L,1개,1개","YES","Food","Drinks","커피음료","맥널티커피","89700","23","3","55499","89700","0","0","0","0","0","3900.0","26","25","3588.0","15.204678362573098","171","23","1","5.0"
"2026-10-03","9709158118","8804645007958","73951791","맥널티 아이스 아메리카노 블랙 커피 대용량 파우치, 1개, 2.1L","95975560324","맥널티커피 아이스 아메리카노 블랙 대용량 파우치,2.1L,2.1L,2개,2개","YES","Food","Drinks","커피음료","맥널티커피","113700","30","2","72390","113700","0","0","0","0","0","3790.0","15","14","8121.428571428572","39.473684210526315","38","15","0","0.0"
"2026-10-03","7973231891","8804645006890","38933766","맥널티커피 스테비아 디카페인 커피믹스, 1개, 100개입 9.5g","96009860068","맥널티커피 스테비아 디카페인 커피믹스,9.5g,9.5g,100개입,100개입,2개,2개","YES","Food","Coffee & Tea","커피믹스","맥널티커피","50260","2","0","36168","50260","0","0","0","0","0","25130.0","1","1","50260.0","0.0","0","1","0","0.0"
"2026-10-03","9730607617","8804645005930","75694561","맥널티커피 아이스 아메리카노 헤이즐넛, 1개, 1L","96042897453","맥널티커피 아이스 아메리카노 헤이즐넛,1개,1개,1L,1L","YES","Food","Drinks","커피음료","맥널티커피","23600","5","0","8570","23600","0","0","0","0","0","4720.0","5","5","4720.0","15.625","32","5","0","0.0"
"2026-10-03","9730607656","8804645005930","75694561","맥널티커피 아이스 아메리카노 헤이즐넛, 1개, 1L","96042897470","맥널티커피 아이스 아메리카노 헤이즐넛,2개,2개,1L,1L","YES","Food","Drinks","커피음료","맥널티커피","9430","2","0","3428","9430","0","0","0","0","0","4715.0","1","1","9430.0","25.0","4","1","0","0.0"
"2026-10-03","9720265693","8804645000010","80552849","맥널티 천연펄프 무표백 핸드드립 커피필터 여과지(2~4인용), 1개, 100개입","96070715955","맥널티커피 펄프 무표백 핸드드립 커피필터 여과지 2~4인용,1개,1개,100개입,100개입","NO","Kitchen","Tools & Gadgets","커피필터/여과지","맥널티커피","38500","11","0","26598","38500","0","0","0","0","0","3500.0","9","9","4277.777777777777","27.27272727272727","33","11","0","0.0"
"2026-10-03","9715158893","8804645008023","80686777","맥널티 투비 데일리 블렌드 홀빈 원두 커피 고소한 너티 로스팅, 1개, 1kg","96084698645","맥널티커피 투비커피 개인카페용 데일리 블렌드 홀빈 원두,1개,1개,1kg,1kg","NO","Food","Coffee & Tea","원두","맥널티커피","19900","1","0","15377","19500","0","400","0","19900","1","19900.0","1","1","19900.0","3.4482758620689653","29","1","0","0.0"
"2026-10-03","7322281780","8804645006432","80855134","맥널티 콜롬비아 수프리모 후일라 커피 원두, 1kg, 1개","96089417521","맥널티커피 콜롬비아 수프리모 후일라 싱글오리진 홀빈 커피 원두,1개,1개,1개,1개","NO","Food","Coffee & Tea","원두","맥널티커피","167400","6","0","152538","166840","0","560","0","167400","6","27900.0","1","1","167400.0","100.0","1","6","0","0.0"
"2026-10-03","5066205124","8804645006449","80855137","맥널티 에티오피아 예가체프 G2 원두 1kg, 1개, 홀빈(분쇄안함)","96089417533","맥널티커피 에티오피아 예가체프 G2 홀빈 커피 원두,1kg,1kg,1개,1개,홀빈(분쇄안함),홀빈(분쇄안함)","NO","Food","Coffee & Tea","원두","맥널티커피","118800","4","0","89328","116440","0","2360","0","118800","4","29700.0","4","4","29700.0","23.52941176470588","17","4","0","0.0"
"2026-10-03","9738793964","8804645008054","80881317","맥널티 갓성비 더블샷 라떼, 1개, 50개입, 14.9g","96089665216","맥널티커피 갓성비 더블샷 라떼,1개,1개,50개입,50개입,14.9g,14.9g","NO","Food","Coffee & Tea","커피믹스","맥널티커피","15050","1","0","9986","15050","0","0","0","0","0","15050.0","1","1","15050.0","20.0","5","1","0","0.0"
"2026-10-03","7863543179","8804645006067","25240400","맥널티 스테비아 커피믹스 100개입","96113514064","맥널티커피 스테비아 커피믹스,9.5g,9.5g,100개입,100개입,3개,3개","NO","Food","Coffee & Tea","커피믹스","맥널티커피","105080","6","0","77760","105080","0","0","0","0","0","17513.333333333332","2","2","52540.0","8.0","25","2","0","0.0"
"2026-10-03","324195553","9311931105162","3067428","인스턴트 병커피 헤이즐넛향 50g","96114466842","프라이빗클럽 맥널티 헤이즐넛향 병커피,50g,50g,1개입,1개입,20개,20개","NO","Food","Coffee & Tea","커피믹스","프라이빗클럽","94650","20","0","46000","92760","0","1890","0","94650","20","4732.5","1","1","94650.0","0.0","0","1","0","0.0"
"2026-10-03","8157289284","8804645006739","61673272","맥널티커피 복숭아 아이스티 제로, 1.5L, 1개","96118178435","맥널티커피 복숭아 아이스티 제로,1.5L,1.5L,10개,10개","NO","Food","Drinks","차음료","맥널티커피","66000","30","0","40920","65120","0","880","0","44000","20","2200.0","3","3","22000.0","33.33333333333333","9","3","0","0.0"
"2026-10-03","1942501818","8804645300950","12491225","맥널티 핸드드립 커피필터 30개입","96118286976","맥널티커피  핸드드립 커피필터,30개입,30개입,5개,5개","NO","Kitchen","Tools & Gadgets","커피필터/여과지","맥널티","39800","10","0","27370","39800","0","0","0","0","0","3980.0","2","2","19900.0","200.0","1","2","0","0.0"
"2026-10-04","8302244","8804645100208","45570","맥널티_헤이즐넛원두분쇄커피_226G","3011733530","맥널티커피 리치 헤이즐넛향 분쇄 원두 핸드드립,226g,226g,1개,1개","NO","Food","Coffee & Tea","원두","맥널티커피","735000","75","4","374400","716630","3570","14000","0","725200","74","9800.0","77","76","9671.052631578947","13.949275362318842","552","75","7","4.3"
"2026-10-04","8302239","8804645100215","45571","맥널티_ 자메이카 블루마운틴 블렌드_226G","3011733533","맥널티커피 자메이카 블루마운틴 블렌드 분쇄 원두커피 핸드드립,226g,226g,1개,1개","NO","Food","Coffee & Tea","커피믹스","맥널티커피","499800","51","2","254796","489200","0","10200","0","499800","51","9800.0","53","52","9611.538461538461","10.772357723577237","492","51","6","4.3"
"2026-10-04","8302244","8804645100468","45572","맥널티_헤이즐넛원두분쇄커피_500G","3011733535","맥널티커피 리치 헤이즐넛향 분쇄 원두 핸드드립,500g,500g,1개,1개","NO","Food","Coffee & Tea","원두","맥널티커피","353430","21","1","167160","338430","15000","0","0","16830","1","16830.0","22","22","16065.0","44.0","50","21","2","4.5"
"2026-10-04","8243431303","8804645100451","45573","맥널티_블루마운틴스타일원두분쇄커피_500G","3011733538","맥널티커피 시그니처 블루마운틴 블렌드 분쇄 원두 핸드드립,500g,500g,1개,1개","NO","Food","Coffee & Tea","원두","맥널티커피","224520","12","0","133092","220440","0","4080","0","224520","12","18710.0","12","12","18710.0","12.5","96","12","2","4.5"
"2026-10-04","6709735713","8804645000515","2341900","맥널티 iBrew 미니 헤이즐넛향 200개입(200g)","3063818056","아이브루 헤이즐넛향 원두커피믹스,1g,1g,200개입,200개입,1개,1개","NO","Food","Coffee & Tea","커피믹스","아이브루","673200","33","0","327261","663200","10000","0","0","20400","1","20400.0","30","29","23213.793103448275","12.987012987012985","231","33","6","5.0"
"2026-10-04","1731799474","9311931901160","3067426","인스턴트 병커피 아이리쉬크림 50g","3130455621","프라이빗클럽 맥널티 아이리쉬크림향 원두커피믹스 병커피,1개입,1개입,1개,1개,50g,50g","NO","Food","Coffee & Tea","커피믹스","프라이빗클럽","112100","19","0","63118","109820","0","2280","0","112100","19","5900.0","19","19","5900.0","8.482142857142858","224","19","0","0.0"
"2026-10-04","6709735713","8804645000706","3067423","아이브루 헤이즐넛향 70개입","3130455623","아이브루 헤이즐넛향 원두커피믹스,1g,1g,70개입,70개입,1개,1개","NO","Food","Coffee & Tea","커피믹스","아이브루","177120","16","1","64400","173600","0","3300","0","166050","15","11070.0","17","17","10418.823529411764","18.085106382978726","94","16","2","5.0"
"2026-10-04","19272802","8804645000300","3067429","산지별 브라질 세라도 NY2 핸드드립커피 7개입","3130455624","맥널티커피 브라질 세라도 NY2 핸드드립 원두커피,8g,8g,7개입,7개입,1개,1개","NO","Food","Coffee & Tea","드립백/티백","맥널티커피","5980","1","0","2887","5980","0","0","0","0","0","5980.0","1","1","5980.0","4.545454545454546","22","1","0","0.0"
"2026-10-04","181940092","8804645000355","3067430","산지별 케냐 AA 핸드드립커피 7개입","3130455625","맥널티커피 케냐 AA 핸드드립 원두커피,8g,8g,7개입,7개입,1개,1개","NO","Food","Coffee & Tea","드립백/티백","맥널티커피","11960","2","0","6124","11960","0","0","0","0","0","5980.0","2","2","5980.0","6.0606060606060606","33","2","0","0.0"
"2026-10-04","19272806","8804645000348","3067433","산지별 에티오피아 코케 허니 핸드드립커피 7개입","3130455628","맥널티커피 에티오피아 코케 허니 핸드드립 원두,8g,8g,7개입,7개입,1개,1개","NO","Food","Coffee & Tea","드립백/티백","맥널티커피","5870","1","0","2910","5870","0","0","0","0","0","5870.0","1","1","5870.0","5.555555555555555","18","1","0","0.0"
"2026-10-04","19272807","8804645000331","3067434","산지별 에티오피아 예가체프 핸드드립커피 7개입","3130455630","맥널티커피 에티오피아 예가체프 G2 핸드드립 원두,8g,8g,7개입,7개입,1개,1개","NO","Food","Coffee & Tea","드립백/티백","맥널티커피","5900","1","0","3184","5900","0","0","0","0","0","5900.0","1","1","5900.0","4.3478260869565215","23","1","0","0.0"
"2026-10-04","324195553","9311931105162","3067428","인스턴트 병커피 헤이즐넛향 50g","3564581311","프라이빗클럽 맥널티 병커피 헤이즐넛향,50g,50g,1개입,1개입,2개,2개","NO","Food","Coffee & Tea","커피믹스","프라이빗클럽","617400","126","4","289800","604600","0","12600","0","617400","126","4900.0","64","64","9646.875","10.631229235880399","602","63","10","4.2"
"2026-10-04","181940082","8804645000713","10003517","콜롬비아 핸드드립 블렌드 24개입","4347426285","맥널티커피 콜롬비아 핸드드립 블렌드 드립백커피,8g,8g,24개입,24개입,1개,1개","NO","Food","Coffee & Tea","드립백/티백","맥널티커피","90300","7","0","52976","90300","0","0","0","0","0","12900.0","7","7","12900.0","11.475409836065573","61","7","1","5.0"
"2026-10-04","181940092","8804645000720","10003518","케냐 AA 핸드드립 블렌드 24개입","4347426562","맥널티커피 케냐 AA 핸드드립 원두커피,8g,8g,24개입,24개입,1개,1개","NO","Food","Coffee & Tea","드립백/티백","맥널티","99120","7","0","47579","99120","0","0","0","0","0","14160.0","7","7","14160.0","12.280701754385964","57","7","1","5.0"
"2026-10-04","8096962372","8804645100185","10147180","맥널티 행복을 주는 커피 헤이즐넛향 1kg 홀빈","4529030201","맥널티커피 행복을 주는 커피 헤이즐넛향 원두,1kg,1kg,1개,1개,홀빈(분쇄안함),홀빈(분쇄안함)","NO","Food","Coffee & Tea","원두","맥널티커피","59600","2","0","30488","58400","0","1200","0","59600","2","29800.0","2","2","29800.0","6.896551724137931","29","2","2","5.0"
"2026-10-04","7757594782","8804645006302","10147177","맥널티 홀빈 블루마운틴 1000g","4529030899","맥널티 홀빈 블루마운틴,홀빈(분쇄안함),홀빈(분쇄안함),1kg,1kg,1개,1개","NO","Food","Coffee & Tea","원두","맥널티커피","80700","3","0","47145","79080","0","1620","0","80700","3","26900.0","3","3","26900.0","4.918032786885246","61","3","1","5.0"
"2026-10-04","319883678","8804645003066","10812901","맥널티 베트남 로부스타 원두커피 1kg","5464513909","맥널티커피 베트남 로부스타 G1 원두,1kg,1kg,1개,1개","NO","Food","Coffee & Tea","원두","맥널티커피","79600","4","0","46872","78000","0","1600","0","79600","4","19900.0","4","4","19900.0","14.814814814814813","27","4","1","5.0"
"2026-10-04","324195553","19311931309161","10837643","맥널티 병커피 헤이즐넛향 50gx10개","5493232668","프라이빗클럽 맥널티 헤이즐넛향 병커피,50g,50g,1개입,1개입,10개,10개","NO","Food","Coffee & Tea","원두커피믹스","프라이빗클럽","94660","2","0","46000","92760","0","1900","0","94660","2","47330.0","2","2","47330.0","9.523809523809524","21","2","0","0.0"
"2026-10-04","1096433002","8804645003219","11019882","맥널티 아이브루 다크 블렌드 200T","70053514142","아이브루 다크 블렌드 원두커피믹스,1g,1g,200개입,200개입,1개,1개,1g,1g","NO","Food","Coffee & Tea","원두커피믹스","맥널티","83600","4","0","52384","81920","0","1680","0","83600","4","20900.0","4","4","20900.0","9.523809523809524","42","4","0","0.0"
"2026-10-04","1096433032","8804645003226","11019883","맥널티 아이브루 모카 블랙 200T","70053514191","맥널티커피 아이브루 모카 블랙 원두커피믹스,1g,1g,200개입,200개입,1개,1개","NO","Food","Coffee & Tea","원두커피믹스","맥널티커피","41120","2","0","23374","41120","0","0","0","0","0","20560.0","2","2","20560.0","5.405405405405405","37","2","1","5.0"
"2026-10-04","7740688995","8804645003486","11849981","행복을 주는 커피 블루마운틴 블렌드 분쇄 원두 커피 1kg","70738743548","맥널티커피 행복을 주는 커피 블루마운틴 원두,핸드드립,핸드드립,1kg,1kg,1개,1개","NO","Food","Coffee & Tea","원두","맥널티커피","59600","2","0","32720","58400","0","1200","0","59600","2","29800.0","2","2","29800.0","4.878048780487805","41","2","2","5.0"
"2026-10-04","1942501818","8804645300950","12491225","맥널티 핸드드립 커피필터 30개입","71284745163","맥널티커피  핸드드립 커피필터,30개입,30개입,1개,1개","NO","Kitchen","Tools & Gadgets","커피필터/여과지","맥널티","270900","63","2","172431","266600","4300","0","0","4300","1","4300.0","61","60","4515.0","16.666666666666664","366","63","0","0.0"
"2026-10-04","7387568872","8804645003493","12521866","맥널티 행복을 주는 커피 시그니처 헤이즐넛향 원두 커피 1Kg","71309336924","맥널티커피 시그니처 헤이즐넛향 원두,핸드드립(중간),핸드드립(중간),1kg,1kg,1개,1개","NO","Food","Coffee & Tea","원두","맥널티커피","383500","13","0","212576","375830","0","7670","0","383500","13","29500.0","13","13","29500.0","13.829787234042554","94","13","2","5.0"
"2026-10-04","1998416575","8804645000515","2341900","맥널티 iBrew 미니 헤이즐넛향 200개입(200g)","71387902591","아이브루 헤이즐넛향 원두커피믹스,200개입,200개입,1개,1개,1g,1g","YES","Food","Coffee & Tea","커피믹스","아이브루","61200","3","0","29751","61200","0","0","0","0","0","20400.0","3","3","20400.0","21.428571428571427","14","3","0","0.0"
"2026-10-04","2297380516","8804645003936","13277718","맥널티 행복을 주는 커피 브라질 산토스 1kg","71942049439","맥널티커피 행복을 주는 커피 원두 브라질 산토스,1kg,1kg,1개,1개,핸드드립,핸드드립","NO","Food","Coffee & Tea","원두","맥널티커피","149400","6","0","84546","146900","0","2500","0","149400","6","24900.0","5","5","29880.0","7.8125","64","6","0","0.0"
"2026-10-04","2297380544","8804645003929","13277719","맥널티 행복을 주는 커피 콜롬비아 블렌드 1kg","71942049472","맥널티커피 행복을 주는 커피 콜롬비아 블렌드 분쇄 원두,1kg,1kg,1개,1개","NO","Food","Coffee & Tea","원두","맥널티커피","364260","13","0","202787","360520","0","3740","0","308220","11","28020.0","13","13","28020.0","10.483870967741936","124","13","1","5.0"
"2026-10-04","2305333987","8804645003486","11849981","행복을 주는 커피 블루마운틴 블렌드 분쇄 원두 커피 1kg","71957835141","맥널티커피 행복을 주는 커피 블루마운틴 분쇄 원두,1kg,1kg,1개,1개,핸드드립,핸드드립","YES","Food","Coffee & Tea","원두","맥널티커피","59600","2","0","32720","58400","0","1200","0","59600","2","29800.0","2","2","29800.0","40.0","5","2","0","0.0"
"2026-10-04","1096433032","8804645003912","13777565","맥널티 아이브루 모카블랙 70T","72800937682","맥널티커피 아이브루 모카 블랙 원두커피믹스,1g,1g,70개입,70개입,1개,1개","NO","Food","Coffee & Tea","원두커피믹스","맥널티커피","16470","1","0","6519","16470","0","0","0","0","0","16470.0","1","1","16470.0","14.285714285714285","7","1","0","0.0"
"2026-10-04","4549544648","8804645000706","3067423","아이브루 헤이즐넛향 70개입","72819339327","아이브루 헤이즐넛향 원두커피믹스,70개입,70개입,1개,1개,1g,1g","YES","Food","Coffee & Tea","커피믹스","아이브루","11070","1","0","4025","10850","0","220","0","11070","1","11070.0","1","1","11070.0","16.666666666666664","6","1","0","0.0"
"2026-10-04","4562408679","8804645003066","10812901","맥널티 베트남 로부스타 원두커피 1kg","72859190627","맥널티커피 베트남 로부스타 G1 원두,홀빈(분쇄안함),홀빈(분쇄안함),1kg,1kg,1개,1개","YES","Food","Coffee & Tea","원두","맥널티커피","79600","4","0","46872","78000","0","1600","0","79600","4","19900.0","4","4","19900.0","23.52941176470588","17","4","1","5.0"
"2026-10-04","5238676003","8804645100215","45571","맥널티_ 자메이카 블루마운틴 블렌드_226G","74684501509","맥널티커피 자메이카 블루마운틴 블렌드 분쇄 원두커피 핸드드립,226g,226g,1개,1개,핸드드립,핸드드립","YES","Food","Coffee & Tea","커피믹스","맥널티커피","9800","1","0","4996","9600","0","200","0","9800","1","9800.0","1","1","9800.0","2.631578947368421","38","1","0","0.0"
"2026-10-04","5455241807","8804645002861","15720531","콜롬비아 블랙 100개입","75624373157","맥널티커피 콜롬비아 블랙 원두커피믹스,1g,1g,100개입,100개입,1박스,1박스","NO","Food","Coffee & Tea","원두커피믹스","맥널티커피","446900","41","1","260145","437880","0","8800","0","446900","41","10900.0","41","41","10900.0","12.732919254658384","322","41","2","4.0"
"2026-10-04","6135487805","8804645003493","12521866","맥널티 행복을 주는 커피 시그니처 헤이즐넛향 원두 커피 1Kg","79003894908","맥널티커피 시그니처 헤이즐넛향 원두,1kg,1kg,1개,1개","YES","Food","Coffee & Tea","원두","맥널티커피","59000","2","0","32704","57820","0","1180","0","59000","2","29500.0","2","2","29500.0","50.0","4","2","0","0.0"
"2026-10-04","6398707733","8804645100468","45572","맥널티_헤이즐넛원두분쇄커피_500G","80925867759","맥널티커피 리치 헤이즐넛향 분쇄 원두 핸드드립,500g,500g,1개,1개,핸드드립/커피메이커,핸드드립/커피메이커","YES","Food","Coffee & Tea","원두","맥널티커피","50490","3","1","23880","50490","0","0","0","0","0","16830.0","4","4","12622.5","33.33333333333333","12","3","1","5.0"
"2026-10-04","6417111096","8804645005732","23400108","맥널티 디카페인100% 핸드드립 원두커피 24개입","81038762608","맥널티커피 디카페인100% 핸드드립 원두,8g,8g,24개입,24개입,1개,1개","NO","Food","Coffee & Tea","드립백/티백","맥널티커피","143010","9","0","84555","143010","0","0","0","0","0","15890.0","9","9","15890.0","13.432835820895523","67","9","1","1.0"
"2026-10-04","7615212597","8804645005879","24695530","아이스 헤이즐넛향 커피 190mL 10팩","81536870780","맥널티커피 아이스 헤이즐넛향 커피,190ml,190ml,10개,10개","NO","Food","Drinks","커피음료","맥널티커피","42620","7","1","24402","42620","0","-210","0","0","0","6088.571428571428","8","8","5327.5","12.121212121212121","66","7","2","4.5"
"2026-10-04","8401715066","8804645005855","24695532","아이스 아메리카노 블랙 190mL 10팩","81536870788","맥널티커피 아이스 아메리카노 블랙,190ml,190ml,10개,10개","NO","Food","Drinks","커피음료","맥널티커피","53900","11","0","38346","53900","0","0","0","0","0","4900.0","10","10","5390.0","13.513513513513514","74","11","1","4.0"
"2026-10-04","6501088702","8804645005893","24752132","청포도 에이드 190mL 10팩","81557354751","맥널티커피 청포도 에이드,190ml,190ml,10개,10개","NO","Food","Drinks","과일음료","맥널티커피","14700","3","0","10458","14700","0","0","0","0","0","4900.0","3","3","4900.0","11.11111111111111","27","3","1","5.0"
"2026-10-04","6501093720","8804645005886","24752251","복숭아 아이스티 190mL 10팩","81557378598","맥널티커피 복숭아 아이스 티,190ml,190ml,10개,10개","NO","Food","Drinks","차음료","맥널티커피","30000","5","0","17430","30000","0","0","0","0","0","6000.0","5","5","6000.0","25.0","20","5","2","4.0"
"2026-10-04","6501093720","18804645005944","24944268","맥널티 복숭아 아이스티 대용량 파우치 1Lx6입","81671633070","맥널티커피 복숭아 아이스티,1L,1L,6개,6개","NO","Food","Drinks","차음료","맥널티커피","60880","4","0","41008","60880","0","0","0","0","0","15220.0","4","4","15220.0","100.0","4","4","1","5.0"
"2026-10-04","6517973078","18804645005951","24944267","맥널티 허니자몽 블랙티 대용량 파우치 1Lx6입","81671633098","맥널티커피 허니 자몽 블랙티 대용량 파우치,1L,1L,6개,6개","NO","Food","Drinks","차음료","맥널티커피","15900","1","0","10252","15900","0","0","0","0","0","15900.0","1","1","15900.0","11.11111111111111","9","1","1","5.0"
"2026-10-04","7863543179","8804645006067","25240400","맥널티 스테비아 커피믹스 100개입","81794562129","맥널티커피 스테비아 커피믹스,9.5g,9.5g,100개입,100개입,1개,1개","NO","Food","Coffee & Tea","커피믹스","맥널티커피","1575000","75","1","972000","1533920","10000","30660","0","1575000","75","21000.0","74","74","21283.783783783783","18.5","400","75","11","4.8"
"2026-10-04","7863543179","8804645006074","25240402","맥널티 스테비아 커피믹스 30개입","81794562138","맥널티커피 스테비아 커피믹스,9.5g,9.5g,30개입,30개입,1개,1개","NO","Food","Coffee & Tea","커피믹스","맥널티커피","209790","27","0","130329","209790","0","0","0","0","0","7770.0","27","27","7770.0","6.905370843989769","391","27","2","5.0"
"2026-10-04","9654738237","18804645005920","25484251","맥널티커피 아메리카노 스위트 1Lx6입","81905632687","맥널티커피 아메리카노 스위트,1L,1L,6개,6개","NO","Food","Drinks","커피음료","맥널티커피","16110","1","0","10252","16110","0","0","0","0","0","16110.0","1","1","16110.0","12.5","8","1","1","5.0"
"2026-10-04","6558869112","8804645003066","10812901","맥널티 베트남 로부스타 원두커피 1kg","81915848525","맥널티커피 베트남 로부스타 G1 원두,1kg,1kg,홀빈(분쇄안함),홀빈(분쇄안함),1개,1개","NO","Food","Coffee & Tea","원두","맥널티커피","159200","8","0","93744","138714","19286","1200","0","159200","8","19900.0","3","3","53066.666666666664","30.0","10","8","0","0.0"
"2026-10-04","6636420565","8804645006029","26477367","맥널티 리얼 에스프레소샷 블랙 액상스틱커피 15mlx30개입","82374359581","맥널티커피 리얼 에스프레소 샷 블랙 액상 스틱 커피,15ml,15ml,30개입,30개입,1개,1개","NO","Food","Coffee & Tea","원두커피믹스","맥널티커피","236800","16","0","118208","236800","0","0","0","0","0","14800.0","16","16","14800.0","9.195402298850574","174","16","0","0.0"
"2026-10-04","6671175150","8804645006258","26870612","맥널티 핸드드립 버라이어티세트 30개입","82569913991","맥널티커피 핸드드립 버라이어티 원두커피 세트 30개입,커피 5종,커피 5종,1세트,1세트","NO","Food","Coffee & Tea","커피세트","맥널티커피","56700","3","0","28185","56700","0","0","0","0","0","18900.0","3","3","18900.0","4.918032786885246","61","3","0","0.0"
"2026-10-04","8157289284","18804645006101","26889711","맥널티 제로칼로리 복숭아 아이스티 500ml 24입","82573306348","맥널티커피 복숭아 아이스티 제로,500ml,500ml,24개,24개","NO","Food","Drinks","차음료","맥널티커피","250600","14","0","170870","245560","0","5040","0","250600","14","17900.0","14","14","17900.0","9.655172413793103","145","14","0","0.0"
"2026-10-04","6867933138","8804645006081","29461862","맥널티 아메리카노 아이스 블랙 100개입","83611282700","맥널티커피 아메리카노 아이스 블랙 커피믹스,1g,1g,100개입,100개입,1개,1개","NO","Food","Coffee & Tea","커피믹스","맥널티커피","316100","29","0","169650","307224","2496","6380","0","316100","29","10900.0","29","29","10900.0","7.004830917874397","414","29","0","0.0"
"2026-10-04","7032596367","8804645006296","31602405","맥널티 2in1 핫앤콜드 진공추출 커피메이커 MCM-065B MCM-065B","84530845438","맥널티커피 2in1 핫앤콜드 진공추출 커피메이커,MCM-065B,MCM-065B","NO","CE","Kitchen Appliance","커피머신","맥널티커피","74320","2","0","61762","73950","0","370","0","37160","1","37160.0","2","2","37160.0","1.5384615384615385","130","2","0","0.0"
"2026-10-04","8302239","8804645100215","45571","맥널티_ 자메이카 블루마운틴 블렌드_226G","84639604567","맥널티커피 자메이카 블루마운틴 블렌드 분쇄 원두커피 핸드드립,226g,226g,2개,2개","NO","Food","Coffee & Tea","커피믹스","맥널티커피","58800","6","0","29976","57600","0","1200","0","58800","6","9800.0","3","3","19600.0","25.0","12","3","0","0.0"
"2026-10-04","6867933138","8804645006081","29461862","맥널티 아메리카노 아이스 블랙 100개입","84639606756","맥널티커피 아메리카노 아이스 블랙 커피믹스,1g,1g,100개입,100개입,2개,2개","NO","Food","Coffee & Tea","커피믹스","맥널티커피","43600","4","4","23400","41840","0","880","0","43600","4","10900.0","4","3","14533.333333333334","400.0","1","2","0","0.0"
"2026-10-04","6417111096","8804645005732","23400108","맥널티 디카페인100% 핸드드립 원두커피 24개입","84639606864","맥널티커피 디카페인100% 핸드드립 원두,8g,8g,24개입,24개입,2개,2개","NO","Food","Coffee & Tea","드립백/티백","맥널티커피","31780","2","0","18790","31780","0","0","0","0","0","15890.0","1","1","31780.0","33.33333333333333","3","1","0","0.0"
"2026-10-04","7387568872","8804645003493","12521866","맥널티 행복을 주는 커피 시그니처 헤이즐넛향 원두 커피 1Kg","84639607101","맥널티커피 시그니처 헤이즐넛향 원두,핸드드립,핸드드립,1kg,1kg,2개,2개","NO","Food","Coffee & Tea","원두","맥널티커피","285000","10","0","163520","261080","22000","1920","0","285000","10","28500.0","5","5","57000.0","29.411764705882355","17","5","0","0.0"
"2026-10-04","8302244","8804645100468","45572","맥널티_헤이즐넛원두분쇄커피_500G","84639607653","맥널티커피 리치 헤이즐넛향 분쇄 원두 핸드드립,500g,500g,2개,2개","NO","Food","Coffee & Tea","원두","맥널티커피","447000","30","0","238800","447000","0","0","0","0","0","14900.0","15","15","29800.0","27.27272727272727","55","15","3","4.7"
"2026-10-04","8302244","8804645100208","45570","맥널티_헤이즐넛원두분쇄커피_226G","84639607771","맥널티커피 리치 헤이즐넛향 분쇄 원두 핸드드립,226g,226g,2개,2개","NO","Food","Coffee & Tea","원두","맥널티커피","74880","8","0","39936","74880","0","0","0","0","0","9360.0","4","4","18720.0","16.666666666666664","24","4","1","3.0"
"2026-10-04","181940092","8804645000355","3067430","산지별 케냐 AA 핸드드립커피 7개입","85166945848","맥널티커피 케냐 AA 핸드드립 원두커피,8g,8g,7개입,7개입,2개,2개","NO","Food","Coffee & Tea","드립백/티백","맥널티커피","10600","2","0","6124","10600","0","0","0","0","0","5300.0","1","1","10600.0","16.666666666666664","6","1","0","0.0"
"2026-10-04","8302244","8804645100468","45572","맥널티_헤이즐넛원두분쇄커피_500G","85166950446","맥널티커피 리치 헤이즐넛향 분쇄 원두 핸드드립,500g,500g,3개,3개","NO","Food","Coffee & Tea","원두","맥널티커피","44700","3","0","23880","44700","0","0","0","0","0","14900.0","1","1","44700.0","33.33333333333333","3","1","2","5.0"
"2026-10-04","8243431303","8804645100451","45573","맥널티_블루마운틴스타일원두분쇄커피_500G","85172310672","맥널티커피 시그니처 블루마운틴 블렌드 분쇄 원두 핸드드립,500g,500g,2개,2개","NO","Food","Coffee & Tea","원두","맥널티커피","37300","2","0","22182","36550","0","750","0","37300","2","18650.0","1","1","37300.0","50.0","2","1","0","0.0"
"2026-10-04","8302244","8804645100208","45570","맥널티_헤이즐넛원두분쇄커피_226G","85191203401","맥널티커피 리치 헤이즐넛향 분쇄 원두 핸드드립,226g,226g,3개,3개","NO","Food","Coffee & Tea","원두","맥널티커피","81990","9","0","44928","81990","0","0","0","0","0","9110.0","3","3","27330.0","150.0","2","3","0","0.0"
"2026-10-04","8157289284","18804645006101","26889711","맥널티 제로칼로리 복숭아 아이스티 500ml 24입","85191838032","맥널티 커피 복숭아 아이스티 제로,500ml,500ml,48개,48개","NO","Food","Drinks","차음료","맥널티커피","35800","2","0","24410","35080","0","720","0","35800","2","17900.0","1","1","35800.0","0.0","0","1","0","0.0"
"2026-10-04","7615212597","8804645005879","24695530","아이스 헤이즐넛향 커피 190mL 10팩","85194179186","맥널티커피 아이스 헤이즐넛향,190ml,190ml,20개,20개","NO","Food","Drinks","커피음료","맥널티커피","73440","12","0","41832","73440","0","0","0","0","0","6120.0","5","5","14688.0","21.73913043478261","23","6","0","0.0"
"2026-10-04","7615212597","8804645005879","24695530","아이스 헤이즐넛향 커피 190mL 10팩","85194180272","맥널티커피 아이스 헤이즐넛향 커피,190ml,190ml,50개,50개","NO","Food","Drinks","커피음료","맥널티커피","54900","10","0","34860","54420","0","480","0","54900","10","5490.0","1","1","54900.0","100.0","1","2","1","5.0"
"2026-10-04","8401715066","8804645005855","24695532","아이스 아메리카노 블랙 190mL 10팩","85194731506","맥널티커피 아이스 아메리카노 블랙,190ml,190ml,20개,20개","NO","Food","Drinks","커피음료","맥널티커피","19600","4","0","13944","19600","0","0","0","0","0","4900.0","2","2","9800.0","25.0","8","2","0","0.0"
"2026-10-04","8401715066","8804645005855","24695532","아이스 아메리카노 블랙 190mL 10팩","85194733201","맥널티커피 아이스 아메리카노 블랙,190ml,190ml,40개,40개","NO","Food","Drinks","커피음료","맥널티커피","19600","4","0","13944","19600","0","0","0","0","0","4900.0","1","1","19600.0","0.0","0","1","0","0.0"
"2026-10-04","8401715066","8804645005855","24695532","아이스 아메리카노 블랙 190mL 10팩","85194742596","맥널티커피 아이스 아메리카노 블랙,190ml,190ml,30개,30개","NO","Food","Drinks","커피음료","맥널티커피","29400","6","0","20916","29400","0","0","0","0","0","4900.0","2","2","14700.0","28.57142857142857","7","2","1","5.0"
"2026-10-04","6557407422","8804645005862","24695531","아이스 아메리카노 스위트 190mL 10팩","85194758257","맥널티커피 아이스 아메리카노 스위트,190ml,190ml,20개,20개","NO","Food","Drinks","커피음료","맥널티커피","54000","12","0","41832","54000","0","0","0","0","0","4500.0","6","6","9000.0","23.076923076923077","26","6","0","0.0"
"2026-10-04","6557407422","8804645005862","24695531","아이스 아메리카노 스위트 190mL 10팩","85194776273","맥널티커피 아이스 아메리카노 스위트,190ml,190ml,40개,40개","NO","Food","Drinks","커피음료","맥널티커피","18000","4","0","13944","18000","0","0","0","0","0","4500.0","1","1","18000.0","20.0","5","1","0","0.0"
"2026-10-04","6557407422","8804645005862","24695531","아이스 아메리카노 스위트 190mL 10팩","85194783479","맥널티커피 아이스 아메리카노 스위트,190ml,190ml,30개,30개","NO","Food","Drinks","커피음료","맥널티커피","40500","9","0","31374","40500","0","0","0","0","0","4500.0","3","3","13500.0","12.0","25","3","1","4.0"
"2026-10-04","6557407422","8804645005862","24695531","아이스 아메리카노 스위트 190mL 10팩","85194786595","맥널티커피 아이스 아메리카노 스위트,190ml,190ml,50개,50개","NO","Food","Drinks","커피음료","맥널티커피","135000","30","0","104580","135000","0","0","0","0","0","4500.0","2","2","67500.0","50.0","4","6","0","0.0"
"2026-10-04","6501093720","8804645005886","24752251","복숭아 아이스티 190mL 10팩","85194922161","맥널티커피 복숭아 아이스 티,190ml,190ml,30개,30개","NO","Food","Drinks","차음료","맥널티커피","31800","6","0","20916","29800","0","2000","0","31800","6","5300.0","2","2","15900.0","18.181818181818183","11","2","0","0.0"
"2026-10-04","5455241807","8804645002861","15720531","콜롬비아 블랙 100개입","85194922362","맥널티커피 콜롬비아 블랙 원두커피믹스,1g,1g,100개입,100개입,3개,3개","NO","Food","Coffee & Tea","원두커피믹스","맥널티커피","27250","3","0","19035","27250","0","0","0","0","0","9083.333333333334","1","1","27250.0","20.0","5","1","0","0.0"
"2026-10-04","5455241807","8804645002861","15720531","콜롬비아 블랙 100개입","85194953537","맥널티커피 콜롬비아 블랙 원두커피믹스,1g,1g,100개입,100개입,2개,2개","NO","Food","Coffee & Tea","원두커피믹스","맥널티커피","39000","4","2","25380","39000","0","0","0","0","0","9750.0","3","3","13000.0","23.076923076923077","13","2","1","5.0"
"2026-10-04","6501088702","8804645005893","24752132","청포도 에이드 190mL 10팩","85195155541","맥널티커피 청포도 에이드,190ml,190ml,20개,20개","NO","Food","Drinks","과일음료","맥널티커피","9800","2","0","6972","9800","0","0","0","0","0","4900.0","1","1","9800.0","0.0","0","1","0","0.0"
"2026-10-04","6501088702","8804645005893","24752132","청포도 에이드 190mL 10팩","85195160238","맥널티커피 청포도 에이드,190ml,190ml,30개,30개","NO","Food","Drinks","과일음료","맥널티커피","44100","9","0","31374","44100","0","0","0","0","0","4900.0","3","3","14700.0","21.428571428571427","14","3","0","0.0"
"2026-10-04","19272806","8804645000348","3067433","산지별 에티오피아 코케 허니 핸드드립커피 7개입","85322260969","맥널티커피 에티오피아 코케 허니 핸드드립 원두,8g,8g,7개입,7개입,4개,4개","NO","Food","Coffee & Tea","드립백/티백","맥널티커피","44680","8","0","23280","44680","0","0","0","0","0","5585.0","2","2","22340.0","50.0","4","2","0","0.0"
"2026-10-04","19272798","8804645000683","3067425","아이브루 예가체프 블렌드 70개입","85322264191","아이브루 예가체프 블렌드 원두커피믹스,70개입,70개입,2개,2개,1g,1g","NO","Food","Coffee & Tea","커피믹스","아이브루","34130","2","0","12410","34130","0","0","0","0","0","17065.0","1","1","34130.0","14.285714285714285","7","1","0","0.0"
"2026-10-04","19272806","8804645000348","3067433","산지별 에티오피아 코케 허니 핸드드립커피 7개입","85322264920","맥널티커피 에티오피아 코케 허니 핸드드립 원두,8g,8g,7개입,7개입,2개,2개","NO","Food","Coffee & Tea","드립백/티백","맥널티커피","11740","2","0","5820","11740","0","0","0","0","0","5870.0","1","1","11740.0","7.6923076923076925","13","1","0","0.0"
"2026-10-04","319883678","8804645003066","10812901","맥널티 베트남 로부스타 원두커피 1kg","85322265025","맥널티커피 베트남 로부스타 G1 원두,1kg,1kg,4개,4개","NO","Food","Coffee & Tea","원두","맥널티커피","79600","4","0","46872","78000","0","1600","0","79600","4","19900.0","1","1","79600.0","0.0","0","1","0","0.0"
"2026-10-04","319883678","8804645003066","10812901","맥널티 베트남 로부스타 원두커피 1kg","85322265154","맥널티커피 베트남 로부스타 G1 원두,1kg,1kg,2개,2개","NO","Food","Coffee & Tea","원두","맥널티커피","79600","4","0","46872","78000","0","1600","0","79600","4","19900.0","2","2","39800.0","40.0","5","2","2","4.0"
"2026-10-04","319883678","8804645003066","10812901","맥널티 베트남 로부스타 원두커피 1kg","85322265195","맥널티커피 베트남 로부스타 G1 원두,1kg,1kg,3개,3개","NO","Food","Coffee & Tea","원두","맥널티커피","179100","9","0","105462","176700","0","2400","0","179100","9","19900.0","2","2","89550.0","66.66666666666666","3","3","0","0.0"
"2026-10-04","19272807","8804645000331","3067434","산지별 에티오피아 예가체프 핸드드립커피 7개입","85322265236","맥널티커피 에티오피아 예가체프 G2 핸드드립 원두,8g,8g,7개입,7개입,6개,6개","NO","Food","Coffee & Tea","드립백/티백","맥널티커피","29400","6","0","19104","29400","0","0","0","0","0","4900.0","1","1","29400.0","100.0","1","1","0","0.0"
"2026-10-04","8302239","8804645100215","45571","맥널티_ 자메이카 블루마운틴 블렌드_226G","85322265462","맥널티커피 자메이카 블루마운틴 블렌드 분쇄 원두커피 핸드드립,226g,226g,4개,4개","NO","Food","Coffee & Tea","커피믹스","맥널티커피","36080","4","0","19984","34260","0","1820","0","36080","4","9020.0","1","1","36080.0","14.285714285714285","7","1","0","0.0"
"2026-10-04","6417111096","8804645005732","23400108","맥널티 디카페인100% 핸드드립 원두커피 24개입","85322265546","맥널티커피 디카페인100% 핸드드립 원두,8g,8g,24개입,24개입,3개,3개","NO","Food","Coffee & Tea","드립백/티백","맥널티커피","47670","3","0","28185","47670","0","0","0","0","0","15890.0","1","1","47670.0","100.0","1","1","0","0.0"
"2026-10-04","8302244","8804645100208","45570","맥널티_헤이즐넛원두분쇄커피_226G","85322267630","맥널티커피 리치 헤이즐넛향 분쇄 원두커피,226g,226g,4개,4개","NO","Food","Coffee & Tea","원두","맥널티커피","35940","4","0","19968","35940","0","0","0","0","0","8985.0","1","1","35940.0","0.0","0","1","0","0.0"
"2026-10-04","6709735713","8804645000515","2341900","맥널티 iBrew 미니 헤이즐넛향 200개입(200g)","85480600718","아이브루 헤이즐넛향 원두커피믹스,1g,1g,200개입,200개입,2개,2개","NO","Food","Coffee & Tea","커피믹스","아이브루","78100","4","0","39668","78100","0","0","0","0","0","19525.0","2","2","39050.0","22.22222222222222","9","2","1","5.0"
"2026-10-04","7268864468","8804645006340","34834818","맥널티 스테비아 제로슈가 핫초코 라떼 30개입 15g","85671431196","맥널티커피 스테비아 제로슈가 핫초코 라떼,15g,15g,30개입,30개입,1개,1개","NO","Food","Coffee & Tea","라떼분말","맥널티커피","179060","14","0","105000","166270","12790","0","0","12790","1","12790.0","14","14","12790.0","7.368421052631578","190","14","1","1.0"
"2026-10-04","6636420565","8804645006029","26477367","맥널티 리얼 에스프레소샷 블랙 액상스틱커피 15mlx30개입","85762356700","맥널티커피 리얼 에스프레소 샷 블랙 액상 스틱 커피,15ml,15ml,30개입,30개입,4개,4개","NO","Food","Coffee & Tea","원두커피믹스","맥널티커피","59200","4","0","29552","57810","0","1390","0","59200","4","14800.0","1","1","59200.0","100.0","1","1","0","0.0"
"2026-10-04","7268864468","8804645006340","34834818","맥널티 스테비아 제로슈가 핫초코 라떼 30개입 15g","85916848410","맥널티커피 스테비아 제로슈가 핫초코 라떼,15g,15g,30개입,30개입,2개,2개","NO","Food","Coffee & Tea","라떼분말","맥널티커피","25240","2","0","15000","25240","0","0","0","0","0","12620.0","1","1","25240.0","33.33333333333333","3","1","0","0.0"
"2026-10-04","1096433002","8804645003219","11019882","맥널티 아이브루 다크 블렌드 200T","85927444544","아이브루 다크 블렌드 원두커피믹스,1g,1g,200개입,200개입,2개,2개,1g,1g","NO","Food","Coffee & Tea","원두커피믹스","맥널티","41800","2","0","26192","40960","0","840","0","41800","2","20900.0","1","1","41800.0","0.0","0","1","0","0.0"
"2026-10-04","7387320683","8804645006791","36669698","제로 아이스티 복숭아, 30개입, 13g","86349682924","맥널티커피 복숭아 아이스티 제로,13g,13g,30개,30개","NO","Food","Drinks","차음료","맥널티커피","28680","3","0","17550","28680","0","0","0","0","0","9560.0","3","3","9560.0","15.0","20","3","0","0.0"
"2026-10-04","7010199440","18804645006538","36829225","맥널티 제로칼로리 청포도 아이스티 500mlx24입,","86417557917","맥널티커피 청포도 아이스티 제로,500ml,500ml,24개,24개","NO","Food","Drinks","차음료","맥널티커피","17900","1","0","12205","17540","0","360","0","17900","1","17900.0","1","1","17900.0","2.0","50","1","0","0.0"
"2026-10-04","8288508361","8804645006395","36903434","맥널티 아이브루 플러스 헤이즐넛 블랙커피 100개입","86458081778","아이브루 플러스 공정무역 헤이즐넛 블랙커피,1g,1g,100개입,100개입,1개,1개","NO","Food","Coffee & Tea","원두커피믹스","아이브루","1020780","107","4","815661","1001700","19080","0","0","19080","2","9540.0","109","108","9451.666666666666","8.549019607843137","1275","107","6","4.2"
"2026-10-04","181940082","8804645000713","10003517","콜롬비아 핸드드립 블렌드 24개입","86556283131","맥널티커피 콜롬비아 핸드드립 블렌드 드립백커피,8g,8g,24개입,24개입,2개,2개","NO","Food","Coffee & Tea","드립백/티백","맥널티커피","77400","6","0","45408","77400","0","0","0","0","0","12900.0","3","3","25800.0","20.0","15","3","1","5.0"
"2026-10-04","181940082","8804645000713","10003517","콜롬비아 핸드드립 블렌드 24개입","86556283740","맥널티커피 콜롬비아 핸드드립 블렌드 드립백커피,8g,8g,24개입,24개입,3개,3개","NO","Food","Coffee & Tea","드립백/티백","맥널티커피","77400","6","0","45408","77400","0","0","0","0","0","12900.0","2","2","38700.0","28.57142857142857","7","2","0","0.0"
"2026-10-04","181940092","8804645000720","10003518","케냐 AA 핸드드립 블렌드 24개입","86569241933","맥널티커피 케냐AA 핸드드립 블렌드커피,8g,8g,24개입,24개입,2개,2개","NO","Food","Coffee & Tea","드립백/티백","맥널티","28320","2","0","13594","28320","0","0","0","0","0","14160.0","1","1","28320.0","20.0","5","1","0","0.0"
"2026-10-04","4562408679","8804645003066","10812901","맥널티 베트남 로부스타 원두커피 1kg","86673688695","맥널티커피 베트남 로부스타 G1 원두,홀빈(분쇄안함),홀빈(분쇄안함),1kg,1kg,2개,2개","YES","Food","Coffee & Tea","원두","맥널티커피","39800","2","0","23436","39000","0","800","0","39800","2","19900.0","1","1","39800.0","0.0","0","1","0","0.0"
"2026-10-04","8288508361","8804645006395","36903434","맥널티 아이브루 플러스 헤이즐넛 블랙커피 100개입","86717971315","아이브루 플러스 공정무역 헤이즐넛 블랙커피,1g,1g,100개입,100개입,2개,2개","NO","Food","Coffee & Tea","원두커피믹스","아이브루","133560","14","0","106722","114480","19080","0","0","19080","2","9540.0","7","7","19080.0","53.84615384615385","13","7","2","5.0"
"2026-10-04","181940092","8804645006616","37713094","맥널티 핸드드립커피 케냐AA(더블에이) 36개입, 8g, 1개","86776604817","맥널티커피 케냐 AA 핸드드립 원두커피,8g,8g,36개입,36개입,1개,1개","NO","Food","Coffee & Tea","드립백/티백","맥널티커피","59700","3","0","35277","59700","0","0","0","0","0","19900.0","3","3","19900.0","16.666666666666664","18","3","2","5.0"
"2026-10-04","8288498794","8804645006623","37713095","맥널티 핸드드립커피 에티오피아 예가체프 36개입, 8g, 1개","86776605106","맥널티커피 핸드드립커피 에티오피아 예가체프,8g,8g,36개입,36개입,1개,1개","NO","Food","Coffee & Tea","드립백/티백","맥널티커피","43020","2","0","21154","43020","0","0","0","0","0","21510.0","2","2","21510.0","33.33333333333333","6","2","0","0.0"
"2026-10-04","7510928153","8804645006074","25240402","맥널티 스테비아 커피믹스 30개입","86785224594","맥널티커피 스테비아 커피믹스,9.5g,9.5g,30개입,30개입,4개,4개","YES","Food","Coffee & Tea","커피믹스","맥널티커피","0","0","4","0","-590","0","0","0","0","0","0.0","1","1","0.0","100.0","1","0","0","0.0"
"2026-10-04","7510928153","8804645006074","25240402","맥널티 스테비아 커피믹스 30개입","86785226509","맥널티커피 스테비아 커피믹스,9.5g,9.5g,30개입,30개입,1개,1개","YES","Food","Coffee & Tea","커피믹스","맥널티커피","-7770","-1","1","-4827","-7770","0","0","0","0","0","7770.0","0","0","0.0","0.0","13","-1","0","0.0"
"2026-10-04","8150927749","18804645006873","38262417","복숭아 아이스티 제로, 6개, 1L","86973929516","맥널티커피 복숭아 아이스티 제로,1L,1L,1개입,1개입,6개,6개","NO","Food","Drinks","차음료","맥널티커피","15900","1","0","10577","1792","14108","0","0","15900","1","15900.0","1","1","15900.0","100.0","1","1","0","0.0"
"2026-10-04","8175429189","8804645000324","3067432","산지별 콜롬비아 슈프리모 핸드드립커피 7개입","87044037130","맥널티 콜롬비아 슈프리모 핸드 드립백커피,8g,8g,7개입,7개입,3개,3개,8g,8g","NO","Food","Coffee & Tea","드립백/티백","맥널티","13130","3","0","9129","13130","0","0","0","0","0","4376.666666666667","1","1","13130.0","9.090909090909092","11","1","0","0.0"
"2026-10-04","6974143978","8804645005312","38710872","맥널티 홀빈 커피원두, 시그니처 블렌드 1kg, 1개","87098723620","맥널티 홀빈 커피원두 시그니처 블렌드,1kg,1kg,1개,1개,홀빈(분쇄안함),홀빈(분쇄안함)","NO","Food","Coffee & Tea","원두","맥널티커피","26230","1","0","16364","26230","0","0","0","0","0","26230.0","1","1","26230.0","4.166666666666666","24","1","0","0.0"
"2026-10-04","6703340843","8804645005350","38813491","맥널티 홀빈 원두 1KG, 브라질 산토스 내추럴, 1개","87149809753","맥널티커피 브라질 산토스 내추럴 원두,1kg,1kg,2개,2개","NO","Food","Coffee & Tea","원두","맥널티커피","55680","2","0","22728","54570","0","1110","0","55680","2","27840.0","1","1","55680.0","25.0","4","1","0","0.0"
"2026-10-04","7560423269","8804645006852","38919334","맥널티 에티오피아 예가체프 홀빈 원두, 1kg, 1개","87160473940","맥널티커피 에티오피아 예가체프 원두,홀빈(분쇄안함),홀빈(분쇄안함),1kg,1kg,1개,1개","NO","Food","Coffee & Tea","원두","맥널티커피","81510","3","0","49092","80160","0","1350","0","81510","3","27170.0","3","3","27170.0","14.285714285714285","21","3","1","5.0"
"2026-10-04","7747172789","8804645006890","38933766","맥널티커피 스테비아 디카페인 커피믹스, 1개, 100개입 9.5g","87163172745","맥널티커피 스테비아 디카페인 커피믹스,9.5g,9.5g,100개입,100개입,1개,1개","NO","Food","Coffee & Tea","커피믹스","맥널티커피","1030330","41","1","741444","1030330","0","0","0","0","0","25130.0","42","42","24531.666666666668","7.678244972577697","547","41","6","5.0"
"2026-10-04","7583747209","8804645006906","39149735","맥널티 스테비아 제로슈가 호두 아몬드 율무차, 1개, 30개입, 450g","87227285583","맥널티커피 스테비아 제로슈가 호두 아몬드 율무차,1개,1개,30개입,30개입,15g,15g","NO","Food","Coffee & Tea","율무/견과차","맥널티커피","11900","1","1","6815","11660","0","-260","0","11900","1","11900.0","1","1","11900.0","2.941176470588235","34","1","0","0.0"
"2026-10-04","7583747209","8804645006906","39149735","맥널티 스테비아 제로슈가 호두 아몬드 율무차, 1개, 30개입, 450g","87297272943","맥널티커피 스테비아 제로슈가 호두 아몬드 율무차,2개,2개,30개입,30개입,15g,15g","NO","Food","Coffee & Tea","율무/견과차","맥널티커피","46800","4","2","27260","45390","0","940","0","46800","4","11700.0","3","3","15600.0","50.0","6","2","0","0.0"
"2026-10-04","7612947477","8804645006708","39616646","맥널티 게이샤 블렌드 커피 원두, 홀빈(분쇄안함), 500g, 1개","87417692671","맥널티커피 게이샤 블렌드 커피 원두,홀빈(분쇄안함),홀빈(분쇄안함),500g,500g,1개,1개","NO","Food","Coffee & Tea","원두","맥널티커피","39180","2","0","22800","38790","0","390","0","19590","1","19590.0","2","2","19590.0","25.0","8","2","1","5.0"
"2026-10-04","7679449609","8804645006937","39616645","맥널티 시그니처 디카페인 커피 원두, 홀빈(분쇄안함), 500g, 1개","87417692694","맥널티커피 시그니처 디카페인 커피 원두,홀빈(분쇄안함),홀빈(분쇄안함),500g,500g,1개,1개","NO","Food","Coffee & Tea","원두","맥널티커피","43060","2","1","25090","42200","0","430","0","21530","1","21530.0","3","3","14353.333333333334","8.571428571428571","35","2","0","0.0"
"2026-10-04","7679449609","8804645006937","39616645","맥널티 시그니처 디카페인 커피 원두, 홀빈(분쇄안함), 500g, 1개","87479322476","맥널티커피 시그니처 디카페인 커피 원두,홀빈(분쇄안함),홀빈(분쇄안함),500g,500g,2개,2개","NO","Food","Coffee & Tea","원두","맥널티커피","41760","2","0","25090","41760","0","0","0","0","0","20880.0","1","1","41760.0","100.0","1","1","0","0.0"
"2026-10-04","7612947135","8804645006685","39616647","맥널티 하와이안 코나 블렌드 커피 원두, 홀빈(분쇄안함), 500g, 1개","87479323095","맥널티커피 하와이안 코나 블렌드 커피 원두,홀빈(분쇄안함),홀빈(분쇄안함),500g,500g,2개,2개","NO","Food","Coffee & Tea","원두","맥널티커피","86700","6","0","68400","83700","0","3000","0","86700","6","14450.0","3","3","28900.0","17.647058823529413","17","3","2","5.0"
"2026-10-04","7424862697","18804645006835","40520042","맥널티커피 복숭아 아이스티 제로 RTD, 30개, 240ml","87796328234","맥널티커피 복숭아 아이스티 제로 RTD,240ml,240ml,30개,30개","NO","Food","Drinks","차음료","맥널티커피","55830","3","0","26385","55830","0","0","0","0","0","18610.0","3","3","18610.0","15.0","20","3","1","5.0"
"2026-10-04","7735491631","8804645006029","26477367","맥널티 리얼 에스프레소샷 블랙 액상스틱커피 15mlx30개입","87867002435","맥널티커피 리얼 에스프레소 샷 블랙 액상 스틱 커피,15ml,15ml,30개입,30개입,1개,1개","YES","Food","Coffee & Tea","원두커피믹스","맥널티커피","74000","5","0","36940","74000","0","0","0","0","0","14800.0","5","5","14800.0","27.77777777777778","18","5","0","0.0"
"2026-10-04","7747172789","8804645006777","40806729","맥널티 스테비아 디카페인 커피믹스, 1개, 30개입, 285g","87921375710","맥널티커피 스테비아 디카페인 커피믹스,9.5g,9.5g,30개입,30개입,1개,1개","NO","Food","Coffee & Tea","커피믹스","맥널티커피","141680","14","1","88690","141680","0","0","0","0","0","10120.0","15","15","9445.333333333334","7.653061224489796","196","14","1","5.0"
"2026-10-04","7747172789","8804645006777","40806729","맥널티 스테비아 디카페인 커피믹스, 1개, 30개입, 285g","87980929539","맥널티커피 스테비아 디카페인 커피믹스,9.5g,9.5g,30개입,30개입,3개,3개","NO","Food","Coffee & Tea","커피믹스","맥널티커피","26850","3","0","19005","26310","0","540","0","26850","3","8950.0","1","1","26850.0","50.0","2","1","0","0.0"
"2026-10-04","7747172789","8804645006777","40806729","맥널티 스테비아 디카페인 커피믹스, 1개, 30개입, 285g","87980929557","맥널티커피 스테비아 디카페인 커피믹스,9.5g,9.5g,30개입,30개입,2개,2개","NO","Food","Coffee & Tea","커피믹스","맥널티커피","35800","4","0","25340","35080","0","720","0","35800","4","8950.0","2","2","17900.0","25.0","8","2","0","0.0"
"2026-10-04","7743812297","8804645006951","41175263","맥널티커피 스테비아 꿀 유자차, 1개, 30개입, 450g","88083709912","맥널티커피 스테비아 꿀 유자차,15g,15g,30개입,30개입,1개,1개","NO","Food","Coffee & Tea","기타전통차","맥널티커피","35700","3","0","22164","34980","0","720","0","35700","3","11900.0","3","3","11900.0","4.838709677419355","62","3","0","0.0"
"2026-10-04","7743812297","8804645006951","41175263","맥널티커피 스테비아 꿀 유자차, 1개, 30개입, 450g","88115662277","맥널티커피 스테비아 꿀 유자차,15g,15g,30개입,30개입,2개,2개","NO","Food","Coffee & Tea","기타전통차","맥널티커피","23800","2","0","14776","23320","0","480","0","23800","2","11900.0","1","1","23800.0","100.0","1","1","0","0.0"
"2026-10-04","7592895409","8804645003653","41391235","맥널티 행복을주는커피 시그니처 블렌드 핸드드립 커피 20개입, 1개, 8g","88182430243","맥널티커피 행복을 주는 시그니처 블렌드 핸드드립 커피,8g,8g,20개입,20개입,1개,1개","NO","Food","Coffee & Tea","드립백/티백","맥널티커피","71400","6","0","40770","67200","0","3000","0","59500","5","11900.0","6","6","11900.0","6.382978723404255","94","6","2","5.0"
"2026-10-04","7851778797","8804645100208","45570","맥널티_헤이즐넛원두분쇄커피_226G","88459776890","맥널티커피 리치 헤이즐넛향 분쇄 원두 핸드드립,226g,226g,1개,1개,핸드드립,핸드드립","YES","Food","Coffee & Tea","원두","맥널티커피","58800","6","0","29952","57600","0","1200","0","58800","6","9800.0","6","6","9800.0","17.647058823529413","34","6","1","4.0"
"2026-10-04","7851778797","8804645100208","45570","맥널티_헤이즐넛원두분쇄커피_226G","88459776946","맥널티커피 리치 헤이즐넛향 분쇄 원두커피,226g,226g,2개,2개,핸드드립,핸드드립","YES","Food","Coffee & Tea","원두","맥널티커피","18720","2","0","9984","18720","0","0","0","0","0","9360.0","1","1","18720.0","25.0","4","1","0","0.0"
"2026-10-04","7852071135","8804645006340","34834818","맥널티 스테비아 제로슈가 핫초코 라떼 30개입 15g","88460879867","맥널티커피 스테비아 제로슈가 핫초코 라떼,15g,15g,30개입,30개입,1개,1개","YES","Food","Coffee & Tea","라떼분말","맥널티커피","12790","1","0","7500","12790","0","0","0","0","0","12790.0","1","1","12790.0","4.761904761904762","21","1","1","5.0"
"2026-10-04","7592895409","8804645003653","41391235","맥널티 행복을주는커피 시그니처 블렌드 핸드드립 커피 20개입, 1개, 8g","88808530960","맥널티커피 행복을 주는 시그니처 블렌드 핸드드립 커피,8g,8g,20개입,20개입,2개,2개","NO","Food","Coffee & Tea","드립백/티백","맥널티커피","23800","2","0","13590","21860","0","1940","0","23800","2","11900.0","1","1","23800.0","100.0","1","1","1","5.0"
"2026-10-04","7863543179","8804645006067","25240400","맥널티 스테비아 커피믹스 100개입","88808534284","맥널티커피 스테비아 커피믹스,9.5g,9.5g,100개입,100개입,2개,2개","NO","Food","Coffee & Tea","커피믹스","맥널티커피","210000","10","2","129600","204960","0","4200","0","210000","10","21000.0","6","5","42000.0","15.789473684210526","38","5","2","4.0"
"2026-10-04","7973231891","8804645006890","38933766","맥널티커피 스테비아 디카페인 커피믹스, 1개, 100개입 9.5g","89137626129","맥널티커피 스테비아 디카페인 커피믹스,9.5g,9.5g,100개입,100개입,1개,1개","YES","Food","Coffee & Tea","커피믹스","맥널티커피","50260","2","0","36168","50260","0","0","0","0","0","25130.0","2","2","25130.0","22.22222222222222","9","2","0","0.0"
"2026-10-04","7973231936","8804645006777","40806729","맥널티 스테비아 디카페인 커피믹스, 1개, 30개입, 285g","89137626209","맥널티커피 스테비아 디카페인 커피믹스,9.5g,9.5g,30개입,30개입,1개,1개","YES","Food","Coffee & Tea","커피믹스","맥널티커피","20240","2","0","12670","20240","0","0","0","0","0","10120.0","2","2","10120.0","50.0","4","2","0","0.0"
"2026-10-04","8267608006","8804645007071","45580036","맥널티 청매실 에이드 190ml*10개입","89717826434","맥널티커피 청매실 에이드,190ml,190ml,20개,20개","NO","Food","Drinks","과일음료","맥널티커피","12000","2","0","6972","12000","0","0","0","0","0","6000.0","1","1","12000.0","20.0","5","1","0","0.0"
"2026-10-04","8087407248","8804645007118","46534985","아이브루 플러스 디카페인 아메리카노 블랙커피, 1개, 80개입, 80g","90042179336","아이브루 플러스 디카페인 블랙커피,1g,1g,80개입,80개입,1개,1개","NO","Food","Coffee & Tea","원두커피믹스","아이브루","247020","23","0","183172","247020","0","0","0","0","0","10740.0","22","22","11228.181818181818","7.006369426751593","314","23","1","4.0"
"2026-10-04","8087407248","8804645007118","46534985","아이브루 플러스 디카페인 아메리카노 블랙커피, 1개, 80개입, 80g","90042303714","아이브루 플러스 디카페인 블랙커피,1g,1g,80개입,80개입,2개,2개","NO","Food","Coffee & Tea","원두커피믹스","아이브루","42960","4","0","31856","42960","0","0","0","0","0","10740.0","2","2","21480.0","200.0","1","2","0","0.0"
"2026-10-04","8135360870","8804645006067","25240400","맥널티 스테비아 커피믹스 100개입","90141923560","맥널티커피 스테비아 커피믹스,9.5g,9.5g,100개입,100개입,1개,1개","YES","Food","Coffee & Tea","커피믹스","맥널티커피","147000","7","0","90720","144060","0","2940","0","147000","7","21000.0","7","7","21000.0","14.893617021276595","47","7","3","5.0"
"2026-10-04","8135360870","8804645006067","25240400","맥널티 스테비아 커피믹스 100개입","90141923836","맥널티커피 스테비아 커피믹스,9.5g,9.5g,100개입,100개입,2개,2개","YES","Food","Coffee & Tea","커피믹스","맥널티커피","42000","2","0","25920","41160","0","840","0","42000","2","21000.0","1","1","42000.0","50.0","2","1","0","0.0"
"2026-10-04","8103370411","8804645007187","47303765","산양유 단백질 프로틴 스테비아 커피믹스, 1개, 100개입, 1000g","90271918990","맥널티커피 산양유 단백질 스테비아 커피믹스,10g,10g,100개입,100개입,1개,1개","NO","Food","Coffee & Tea","커피믹스","맥널티커피","406770","13","0","259844","386770","20000","0","0","31290","1","31290.0","13","13","31290.0","6.7357512953367875","193","13","4","4.0"
"2026-10-04","8191680703","8804645007262","48074657","맥널티 브라질 세라도 분쇄 원두 커피, 1개, 500g","90530021242","맥널티커피 브라질 세라도 싱글 오리진 분쇄 원두 커피,에스프레소,에스프레소,500g,500g,1개,1개","NO","Food","Coffee & Tea","원두","맥널티커피","47700","3","0","28185","46740","0","960","0","47700","3","15900.0","3","3","15900.0","12.0","25","3","0","0.0"
"2026-10-04","8179322743","8804645007255","48074658","맥널티 콜롬비아 안데스 분쇄 원두 커피, 1개, 500g","90530021252","맥널티커피 콜롬비아 안데스 싱글 오리진 분쇄 원두 커피,에스프레소,에스프레소,500g,500g,1개,1개","NO","Food","Coffee & Tea","원두","맥널티커피","15900","1","0","9986","15580","0","320","0","15900","1","15900.0","1","1","15900.0","2.7027027027027026","37","1","1","5.0"
"2026-10-04","8179325783","8804645007231","48074659","맥널티 에티오피아 예가체프 분쇄 원두 커피, 1개, 500g","90530021267","맥널티커피 에티오피아 예가체프 싱글 오리진 분쇄 원두 커피,에스프레소,에스프레소,500g,500g,1개,1개","NO","Food","Coffee & Tea","원두","맥널티커피","95400","6","0","59916","93480","0","1920","0","95400","6","15900.0","6","6","15900.0","5.88235294117647","102","6","1","3.0"
"2026-10-04","8179325783","8804645007231","48074659","맥널티 에티오피아 예가체프 분쇄 원두 커피, 1개, 500g","90530031257","맥널티커피 에티오피아 예가체프 싱글 오리진 분쇄 원두 커피,에스프레소,에스프레소,500g,500g,2개,2개","NO","Food","Coffee & Tea","원두","맥널티커피","31800","2","0","19972","31160","0","640","0","31800","2","15900.0","1","1","31800.0","50.0","2","1","0","0.0"
"2026-10-04","8200404313","18804645007290","48466205","맥널티 대용량 제로슈가 스테비아 믹스커피 음료, 12개, 1L","90674710122","맥널티커피 스테비아 커피믹스,1L,1L,12개,12개","NO","Food","Drinks","커피음료","맥널티커피","344400","14","0","238938","338400","0","6000","0","147600","6","24600.0","14","14","24600.0","17.073170731707318","82","14","0","0.0"
"2026-10-04","8172166591","8804645007217","48914233","맥널티 유자 에이드 190ml 10개","90791412959","맥널티커피 유자 에이드,20개,20개,190ml,190ml","NO","Food","Drinks","야채음료","맥널티커피","12000","2","0","6972","12000","0","0","0","0","0","6000.0","1","1","12000.0","100.0","1","1","0","0.0"
"2026-10-04","8316138028","8804645005879","24695530","아이스 헤이즐넛향 커피 190mL 10팩","91021028340","맥널티커피 아이스 헤이즐넛향 커피,190ml,190ml,60개,60개","YES","Food","Drinks","커피음료","맥널티커피","32940","6","0","20916","32380","0","560","0","32940","6","5490.0","1","1","32940.0","50.0","2","1","0","0.0"
"2026-10-04","8316137975","8804645005862","24695531","아이스 아메리카노 스위트 190mL 10팩","91021028383","맥널티커피 아이스 아메리카노 스위트,190ml,190ml,10개,10개","YES","Food","Drinks","커피음료","맥널티커피","13500","3","0","10458","13500","0","0","0","0","0","4500.0","3","3","4500.0","6.521739130434782","46","3","0","0.0"
"2026-10-04","8316137975","8804645005862","24695531","아이스 아메리카노 스위트 190mL 10팩","91021028406","맥널티커피 아이스 아메리카노 스위트,190ml,190ml,20개,20개","YES","Food","Drinks","커피음료","맥널티커피","9000","2","0","6972","9000","0","0","0","0","0","4500.0","1","1","9000.0","25.0","4","1","0","0.0"
"2026-10-04","8316138028","8804645005879","24695530","아이스 헤이즐넛향 커피 190mL 10팩","91021028482","맥널티커피 아이스 헤이즐넛향 커피,190ml,190ml,10개,10개","YES","Food","Drinks","커피음료","맥널티커피","18360","3","0","10458","18360","0","0","0","0","0","6120.0","3","3","6120.0","50.0","6","3","1","5.0"
"2026-10-04","8316138479","8804645005893","24752132","청포도 에이드 190mL 10팩","91021029561","맥널티커피 청포도 에이드,190ml,190ml,10개,10개","YES","Food","Drinks","과일음료","맥널티커피","19600","4","0","13944","19600","0","0","0","0","0","4900.0","4","4","4900.0","26.666666666666668","15","4","0","0.0"
"2026-10-04","8333669580","8804645007347","51164938","스테비아 단백질 고구마 크림 라떼, 1개, 20개입, 18g","91191267906","맥널티커피 스테비아 단백질 고구마 크림 라떼,1개,1개,20개입,20개입,18g,18g","NO","Food","Coffee & Tea","라떼분말","맥널티커피","10500","1","0","5850","10500","0","0","0","0","0","10500.0","1","1","10500.0","14.285714285714285","7","1","0","0.0"
"2026-10-04","8421603857","8804645000348","3067433","산지별 에티오피아 코케 허니 핸드드립커피 7개입","91374530029","맥널티커피 에티오피아 코케 허니 핸드드립 원두,8g,8g,7개입,7개입,1개,1개","YES","Food","Coffee & Tea","드립백/티백","맥널티커피","5870","1","0","2910","5870","0","0","0","0","0","5870.0","1","1","5870.0","12.5","8","1","0","0.0"
"2026-10-04","8421635750","8804645006906","39149735","맥널티 스테비아 제로슈가 호두 아몬드 율무차, 1개, 30개입, 450g","91374643199","맥널티커피 스테비아 제로슈가 호두 아몬드 율무차,1개,1개,30개입,30개입,15g,15g","YES","Food","Coffee & Tea","율무/견과차","맥널티커피","11900","1","0","6815","11660","0","240","0","11900","1","11900.0","1","1","11900.0","16.666666666666664","6","1","0","0.0"
"2026-10-04","8421635796","8804645006852","38919334","맥널티 에티오피아 예가체프 홀빈 원두, 1kg, 1개","91374643351","맥널티커피 에티오피아 예가체프 원두,홀빈(분쇄안함),홀빈(분쇄안함),1kg,1kg,1개,1개","YES","Food","Coffee & Tea","원두","맥널티커피","27170","1","0","16364","26720","0","450","0","27170","1","27170.0","1","1","27170.0","12.5","8","1","0","0.0"
"2026-10-04","8421637095","8804645007262","48074657","맥널티 브라질 세라도 분쇄 원두 커피, 1개, 500g","91374645856","맥널티커피 브라질 세라도 싱글 오리진 분쇄 원두 커피,1개,1개,500g,500g","YES","Food","Coffee & Tea","원두","맥널티커피","31800","2","0","18790","31160","0","640","0","31800","2","15900.0","2","2","15900.0","20.0","10","2","0","0.0"
"2026-10-04","8414447766","9311931902167","52625820","맥널티 인스턴트 원두 병커피 에스프레소 블랙 50g 1개","91388389553","프라이빗클럽 맥널티 인스턴트 원두 병커피 에스프레소 블랙,50g,50g,4개,4개,1개입,1개입","NO","Food","Coffee & Tea","원두커피믹스","프라이빗클럽","35160","8","0","27888","35160","0","0","0","0","0","4395.0","1","1","35160.0","33.33333333333333","3","2","0","0.0"
"2026-10-04","8414447766","9311931902167","52625820","맥널티 인스턴트 원두 병커피 에스프레소 블랙 50g 1개","91388389555","프라이빗클럽 맥널티 인스턴트 원두 병커피 에스프레소 블랙,50g,50g,2개,2개,1개입,1개입","NO","Food","Coffee & Tea","원두커피믹스","프라이빗클럽","47700","10","0","34860","47700","0","0","0","0","0","4770.0","5","5","9540.0","2.380952380952381","210","5","2","5.0"
"2026-10-04","8200404313","8804645007323","54922706","맥널티 대용량 제로슈가 스테비아 믹스커피 음료, 1L, 6개","91673775388","맥널티커피 스테비아 커피믹스,1L,1L,6개,6개","NO","Food","Drinks","커피음료","맥널티커피","1225500","95","3","836475","1201320","-9000","23660","0","1186800","92","12900.0","98","97","12634.0206185567","4.294478527607362","2282","95","7","4.7"
"2026-10-04","8563959654","8804645006890","38933766","맥널티커피 스테비아 디카페인 커피믹스, 1개, 100개입 9.5g","91811415909","맥널티커피 스테비아 디카페인 커피믹스 100p+ 30p 세트,1세트,1세트,9.5g,9.5g,100p 세트, 30p 세트,100p 세트, 30p 세트","NO","Food","Coffee & Tea","커피믹스","맥널티커피","24305","1","0","18084","24305","0","0","0","0","0","24305.0","1","1","24305.0","14.285714285714285","7","1","1","5.0"
"2026-10-04","8563959654","8804645006777","40806729","맥널티 스테비아 디카페인 커피믹스, 1개, 30개입, 285g","91811415909","맥널티커피 스테비아 디카페인 커피믹스 100p+ 30p 세트,1세트,1세트,9.5g,9.5g,100p 세트, 30p 세트,100p 세트, 30p 세트","NO","Food","Coffee & Tea","커피믹스","맥널티커피","8355","1","0","6335","8355","0","0","0","0","0","8355.0","1","1","8355.0","14.285714285714285","7","1","1","5.0"
"2026-10-04","8556802120","8804645007484","56214467","맥널티커피 아이브루 카라멜 마끼아또, 12g x 100개입(스틱), 1200g , 1개","91881316191","맥널티커피 아이브루 카라멜 마끼아또 커피믹스,1개,1개,100개입,100개입,12g,12g","NO","Food","Coffee & Tea","커피믹스","맥널티커피","219580","13","0","163059","219580","0","0","0","0","0","16890.76923076923","13","13","16890.76923076923","11.206896551724139","116","13","1","5.0"
"2026-10-04","8556799790","8804645007460","56214466","맥널티커피 아이브루 바닐라 라떼,12g x 100개입(스틱), 1200g , 1개","91881316202","맥널티커피 아이브루 바닐라 라떼 커피믹스,1개,1개,100개입,100개입,12g,12g","NO","Food","Coffee & Tea","커피믹스","맥널티커피","94500","5","0","62715","92600","0","1900","0","94500","5","18900.0","5","5","18900.0","8.064516129032258","62","5","0","0.0"
"2026-10-04","8664736540","8804645007453","56760693","아이브루 플러스 디카페인 블랙커피 헤이즐넛향 (1g x 80개입), 1개","91973223860","아이브루 플러스 디카페인 헤이즐넛향 블랙커피 원두커피믹스,1g,1g,80개입,80개입,1개,1개","NO","Food","Coffee & Tea","원두커피믹스","아이브루","777450","71","7","565231","775880","1570","0","0","10950","1","10950.0","75","71","10950.0","10.040160642570282","747","71","8","4.8"
"2026-10-04","8664736540","8804645007453","56760693","아이브루 플러스 디카페인 블랙커피 헤이즐넛향 (1g x 80개입), 1개","91979411137","아이브루 플러스 디카페인 헤이즐넛향 블랙커피 원두커피믹스,1g,1g,80개입,80개입,2개,2개","NO","Food","Coffee & Tea","원두커피믹스","아이브루","87600","8","0","63688","65700","21900","0","0","21900","2","10950.0","4","4","21900.0","36.36363636363637","11","4","1","5.0"
"2026-10-04","8784725489","8804645007590","58338694","티브루 보리차 원액 간편 액상스틱 진액, 30개, 10ml","92219561450","맥널티커피 티브루 보리차 진액,10ml,10ml,30개,30개","NO","Food","Drinks","농축액(음료베이스)","맥널티","252030","31","4","163866","241313","10717","0","0","16260","2","8130.0","35","34","7412.64705882353","8.045977011494253","435","31","6","4.7"
"2026-10-04","8678251986","8804645007613","58338696","티브루 헛개수 원액 간편 액상스틱 진액, 30개, 10ml","92219561465","맥널티 티브루 헛개차 진액,30개,30개,10ml,10ml","NO","Food","Drinks","농축액(음료베이스)","맥널티","151470","17","1","89539","146090","5380","0","0","8910","1","8910.0","18","18","8415.0","15.65217391304348","115","17","1","5.0"
"2026-10-04","8796750875","8804645007606","58338695","티브루 옥수수수염차 원액 간편 액상스틱 진액, 30개, 10ml","92219561488","맥널티 티브루 옥수수수염차 진액 액상스틱,10ml,10ml,30개,30개","NO","Food","Drinks","농축액(음료베이스)","맥널티","154470","19","0","100320","154470","0","0","0","0","0","8130.0","19","19","8130.0","18.446601941747574","103","19","3","5.0"
"2026-10-04","8784725489","8804645007590","58338694","티브루 보리차 원액 간편 액상스틱 진액, 30개, 10ml","92228103770","맥널티커피 티브루 보리차 진액,10ml,10ml,90개,90개","NO","Food","Drinks","농축액(음료베이스)","맥널티","21690","3","0","15858","21690","0","0","0","0","0","7230.0","1","1","21690.0","25.0","4","1","0","0.0"
"2026-10-04","8796750875","8804645007606","58338695","티브루 옥수수수염차 원액 간편 액상스틱 진액, 30개, 10ml","92228103775","맥널티 티브루 옥수수수염차 진액 액상스틱,10ml,10ml,60개,60개","NO","Food","Drinks","농축액(음료베이스)","맥널티","58800","8","0","42240","58800","0","0","0","0","0","7350.0","4","4","14700.0","12.903225806451612","31","4","1","5.0"
"2026-10-04","8678251986","8804645007613","58338696","티브루 헛개수 원액 간편 액상스틱 진액, 30개, 10ml","92228103844","맥널티 티브루 헛개차 진액,90개,90개,10ml,10ml","NO","Food","Drinks","농축액(음료베이스)","맥널티","26080","3","0","15801","26080","0","0","0","0","0","8693.333333333334","1","1","26080.0","100.0","1","1","0","0.0"
"2026-10-04","8678251986","8804645007613","58338696","티브루 헛개수 원액 간편 액상스틱 진액, 30개, 10ml","92228103864","맥널티 티브루 헛개차 진액,60개,60개,10ml,10ml","NO","Food","Drinks","농축액(음료베이스)","맥널티","121730","14","0","73738","121730","0","0","0","0","0","8695.0","7","7","17390.0","35.0","20","7","0","0.0"
"2026-10-04","8784725489","8804645007590","58338694","티브루 보리차 원액 간편 액상스틱 진액, 30개, 10ml","92228103875","맥널티커피 티브루 보리차 진액,10ml,10ml,60개,60개","NO","Food","Drinks","농축액(음료베이스)","맥널티","105770","14","2","74004","105770","0","0","0","0","0","7555.0","8","8","13221.25","27.586206896551722","29","7","1","5.0"
"2026-10-04","8179322743","8804645007552","58681130","콜롬비아 안데스 오리진 분쇄 커피 원두 1개 226g 핸드드립","92277741986","맥널티커피 콜롬비아 안데스 오리진 분쇄 커피 원두,핸드드립(중간),핸드드립(중간),226g,226g,1개,1개","NO","Food","Coffee & Tea","원두","맥널티커피","75000","6","0","42954","73750","0","1250","0","62500","5","12500.0","6","6","12500.0","6.122448979591836","98","6","0","0.0"
"2026-10-04","8700740916","8804645007545","58681131","브라질 산토스 오리진 분쇄 커피 원두, 226g, 1개, 핸드드립","92277741990","맥널티커피 브라질 산토스 오리진 분쇄 커피 원두,226g,226g,1개,1개,핸드드립(중간),핸드드립(중간)","NO","Food","Coffee & Tea","원두","맥널티커피","62500","5","0","35795","61250","0","1250","0","62500","5","12500.0","5","5","12500.0","6.024096385542169","83","5","0","0.0"
"2026-10-04","8700683809","8804645007538","58765770","디카페인 헤이즐넛향 분쇄 커피 원두, 1개, 226g, 핸드드립","92290392544","맥널티커피 디카페인 헤이즐넛향 분쇄 원두 커피,1개,1개,226g,226g,핸드드립(중간),핸드드립(중간)","NO","Food","Coffee & Tea","원두","맥널티커피","67500","5","0","40090","66420","0","1080","0","54000","4","13500.0","5","5","13500.0","6.329113924050633","79","5","2","5.0"
"2026-10-04","7612947477","8804645007514","58765769","게이샤 블렌드 분쇄 커피 원두, 1개, 226g, 핸드드립","92290392600","맥널티커피 게이샤 블렌드 분쇄 원두 커피,핸드드립(중간),핸드드립(중간),226g,226g,1개,1개","NO","Food","Coffee & Tea","원두","맥널티커피","78000","6","0","46392","76960","0","1040","0","52000","4","13000.0","6","6","13000.0","3.061224489795918","196","6","1","5.0"
"2026-10-04","8700683809","8804645007538","58765770","디카페인 헤이즐넛향 분쇄 커피 원두, 1개, 226g, 핸드드립","92296505933","맥널티커피 디카페인 헤이즐넛향 분쇄 원두 커피,2개,2개,226g,226g,핸드드립(중간),핸드드립(중간)","NO","Food","Coffee & Tea","원두","맥널티커피","27000","2","0","16036","26460","0","540","0","27000","2","13500.0","1","1","27000.0","33.33333333333333","3","1","0","0.0"
"2026-10-04","7612947135","8804645007521","58850533","하와이안 코나 블렌드 분쇄 커피 원두, 1개, 226g, 핸드드립","92306876899","맥널티커피 하와이안 코나 블렌드 분쇄 커피 원두,핸드드립(중간),핸드드립(중간),226g,226g,1개,1개","NO","Food","Coffee & Tea","원두","맥널티커피","130000","10","0","77320","127400","0","2600","0","130000","10","13000.0","10","10","13000.0","4.784688995215311","209","10","0","0.0"
"2026-10-04","7268864468","8804645006340","34834818","맥널티 스테비아 제로슈가 핫초코 라떼 30개입 15g","92418181269","맥널티커피 스테비아 제로슈가 핫초코 라떼,15g,15g,30개입,30개입,6개,6개","NO","Food","Coffee & Tea","라떼분말","맥널티커피","70260","6","0","45000","66740","0","3520","0","70260","6","11710.0","1","1","70260.0","0.0","0","1","0","0.0"
"2026-10-04","8200404313","18804645007290","48466205","맥널티 대용량 제로슈가 스테비아 믹스커피 음료, 12개, 1L","92418183676","맥널티커피 스테비아 커피믹스,1L,1L,24개,24개","NO","Food","Drinks","커피음료","맥널티커피","98400","4","0","68268","95910","0","2490","0","49200","2","24600.0","2","2","49200.0","50.0","4","2","0","0.0"
"2026-10-04","8096962372","8804645100185","10147180","맥널티 행복을 주는 커피 헤이즐넛향 1kg 홀빈","92556296222","맥널티커피 행복을 주는 커피 헤이즐넛향 원두,1kg,1kg,3개,3개,홀빈(분쇄안함),홀빈(분쇄안함)","NO","Food","Coffee & Tea","원두","맥널티커피","178800","6","0","91464","177010","0","1790","0","178800","6","29800.0","1","1","178800.0","100.0","1","2","0","0.0"
"2026-10-04","8179322743","8804645005343","38710870","맥널티 홀빈 커피원두, 콜롬비아 안데스 오리진 1kg, 1개","92556406302","맥널티 홀빈 커피원두 콜롬비아 안데스 오리진,홀빈(분쇄안함),홀빈(분쇄안함),1kg,1kg,3개,3개","NO","Food","Coffee & Tea","원두","맥널티커피","78690","3","0","49092","78690","0","0","0","0","0","26230.0","1","1","78690.0","100.0","1","1","0","0.0"
"2026-10-04","8814767699","8804645007453","56760693","아이브루 플러스 디카페인 블랙커피 헤이즐넛향 (1g x 80개입), 1개","92672212799","아이브루 플러스 디카페인 헤이즐넛향 블랙커피 원두커피믹스,1g,1g,80개입,80개입,1개,1개","YES","Food","Coffee & Tea","원두커피믹스","아이브루","10950","1","0","7961","10950","0","0","0","0","0","10950.0","1","1","10950.0","16.666666666666664","6","1","0","0.0"
"2026-10-04","8157289284","8804645006739","61673272","맥널티커피 복숭아 아이스티 제로, 1.5L, 1개","92867142451","맥널티커피 복숭아 아이스티 제로,1.5L,1.5L,4개,4개","NO","Food","Drinks","차음료","맥널티커피","26400","12","0","16368","25860","0","540","0","26400","12","2200.0","3","3","8800.0","50.0","6","3","0","0.0"
"2026-10-04","8157289284","8804645006739","61673272","맥널티커피 복숭아 아이스티 제로, 1.5L, 1개","92867142466","맥널티커피 복숭아 아이스티 제로,1.5L,1.5L,3개,3개","NO","Food","Drinks","차음료","맥널티커피","145200","66","0","90024","142120","0","3080","0","145200","66","2200.0","22","22","6600.0","31.428571428571427","70","22","0","0.0"
"2026-10-04","8157289284","8804645006739","61673272","맥널티커피 복숭아 아이스티 제로, 1.5L, 1개","92867142468","맥널티커피 복숭아 아이스티 제로,1.5L,1.5L,6개,6개","NO","Food","Drinks","차음료","맥널티커피","132000","60","0","81840","129300","0","2700","0","132000","60","2200.0","10","10","13200.0","24.390243902439025","41","10","0","0.0"
"2026-10-04","8939057954","8804645007620","62672352","맥널티 아이브루 플러스 스위트 블랙 원두커피믹스 80개입 2.8g","93118697467","맥널티커피 아이브루 플러스 스위트 블랙 원두커피믹스,2.8g,2.8g,80개입,80개입,1개,1개","NO","Food","Coffee & Tea","원두커피믹스","맥널티커피","39210","3","0","23883","39210","0","0","0","0","0","13070.0","3","3","13070.0","2.1739130434782608","138","3","0","0.0"
"2026-10-04","8939057954","8804645007620","62672352","맥널티 아이브루 플러스 스위트 블랙 원두커피믹스 80개입 2.8g","93128849176","맥널티커피 아이브루 플러스 스위트 블랙 원두커피믹스,2.8g,2.8g,80개입,80개입,3개,3개","NO","Food","Coffee & Tea","원두커피믹스","맥널티커피","32850","3","0","23883","32850","0","0","0","0","0","10950.0","1","1","32850.0","0.0","0","1","0","0.0"
"2026-10-04","8288498794","8804645006920","62821923","맥널티 핸드드립 커피 에티오피아 예가체프 8g 24개입 1개","93160224250","맥널티커피 에티오피아 예가체프 핸드드립 커피,8g,8g,24개입,24개입,1개,1개","NO","Food","Coffee & Tea","드립백/티백","맥널티커피","59600","4","0","38716","59600","0","0","0","0","0","14900.0","4","4","14900.0","12.5","32","4","0","0.0"
"2026-10-04","8943722025","8804645007651","62882483","티브루 보리차 진액, 1개, 400g","93176192108","맥널티 티브루 보리차 진액,1개,1개,400g,400g","NO","Food","Drinks","농축액(음료베이스)","맥널티커피","12900","1","0","7691","12640","0","260","0","12900","1","12900.0","1","1","12900.0","3.571428571428571","28","1","1","5.0"
"2026-10-04","8989761224","8804645300950","12491225","맥널티 핸드드립 커피필터 30개입","93308601189","맥널티커피  핸드드립 커피필터,30개입,30개입,1개,1개","YES","Kitchen","Tools & Gadgets","커피필터/여과지","맥널티","8600","2","0","5474","8600","0","0","0","0","0","4300.0","2","2","4300.0","16.666666666666664","12","2","2","3.0"
"2026-10-04","8989803786","8804645002861","15720531","콜롬비아 블랙 100개입","93308668047","맥널티커피 콜롬비아 블랙 원두커피믹스,1g,1g,100개입,100개입,1박스,1박스","YES","Food","Coffee & Tea","원두커피믹스","맥널티커피","43600","4","0","25380","42720","0","880","0","43600","4","10900.0","4","4","10900.0","14.814814814814813","27","4","0","0.0"
"2026-10-04","8992141532","8804645007637","63447822","스테비아 커피믹스 헤이즐넛향 9.5g 30개입 1개","93318568356","맥널티커피 스테비아 커피믹스 헤이즐넛향,9.5g,9.5g,30개입,30개입,1개,1개","NO","Food","Coffee & Tea","커피믹스","맥널티커피","139860","18","1","86886","139860","0","0","0","0","0","7770.0","19","19","7361.0526315789475","7.037037037037037","270","18","0","0.0"
"2026-10-04","8992141532","8804645007637","63447822","스테비아 커피믹스 헤이즐넛향 9.5g 30개입 1개","93325956037","맥널티커피 스테비아 커피믹스 헤이즐넛향,9.5g,9.5g,30개입,30개입,2개,2개","NO","Food","Coffee & Tea","커피믹스","맥널티커피","31080","4","0","19308","31080","0","0","0","0","0","7770.0","2","2","15540.0","33.33333333333333","6","2","0","0.0"
"2026-10-04","8989803786","8804645002861","15720531","콜롬비아 블랙 100개입","93353226555","맥널티커피 콜롬비아 블랙 원두커피믹스,1g,1g,100개입,100개입,3개,3개","YES","Food","Coffee & Tea","원두커피믹스","맥널티커피","27250","3","0","19035","27250","0","0","0","0","0","9083.333333333334","1","1","27250.0","100.0","1","1","0","0.0"
"2026-10-04","9072225100","8804645007675","64842417","티브루 호박팥차 진액 10ml 30개입 1개","93616956467","맥널티 티브루 호박팥차 진액,1개,1개,30개입,30개입,10ml,10ml","NO","Food","Coffee & Tea","율무/견과차","맥널티","504900","51","3","268362","495900","0","8180","0","504900","51","9900.0","45","44","11475.0","8.181818181818182","550","51","4","4.8"
"2026-10-04","9074685478","8804645007668","64859139","맥널티 스테비아 솔티드 카라멜 커피믹스 10g 1개 30개입","93626471781","맥널티커피 스테비아 솔티드 카라멜 커피믹스,10g,10g,30개입,30개입,1개,1개","NO","Food","Coffee & Tea","커피믹스","맥널티커피","37240","4","0","22680","37240","0","0","0","0","0","9310.0","4","4","9310.0","3.5398230088495577","113","4","0","0.0"
"2026-10-04","9074685478","8804645007668","64859139","맥널티 스테비아 솔티드 카라멜 커피믹스 10g 1개 30개입","93634956501","맥널티커피 스테비아 솔티드 카라멜 커피믹스,10g,10g,30개입,30개입,3개,3개","NO","Food","Coffee & Tea","커피믹스","맥널티커피","22200","3","3","17010","21300","0","450","0","22200","3","7400.0","2","1","22200.0","100.0","2","1","0","0.0"
"2026-10-04","9223273138","8804645007323","54922706","맥널티 대용량 제로슈가 스테비아 믹스커피 음료, 1L, 6개","94224202463","맥널티커피 스테비아 커피믹스,1L,1L,6개,6개","YES","Food","Drinks","커피음료","맥널티커피","38700","3","0","26415","37920","0","780","0","38700","3","12900.0","3","3","12900.0","33.33333333333333","9","3","0","0.0"
"2026-10-04","9223310411","8804645006739","61673272","맥널티커피 복숭아 아이스티 제로, 1.5L, 1개","94224367811","맥널티커피 복숭아 아이스티 제로,1.5L,1.5L,4개,4개","YES","Food","Drinks","차음료","맥널티커피","8800","4","0","5456","8620","0","180","0","8800","4","2200.0","1","1","8800.0","0.0","0","1","0","0.0"
"2026-10-04","9223310411","8804645006739","61673272","맥널티커피 복숭아 아이스티 제로, 1.5L, 1개","94224368263","맥널티커피 복숭아 아이스티 제로,1.5L,1.5L,6개,6개","YES","Food","Drinks","차음료","맥널티커피","13200","6","0","8184","12930","0","270","0","13200","6","2200.0","1","1","13200.0","0.0","0","1","0","0.0"
"2026-10-04","9223310411","8804645006739","61673272","맥널티커피 복숭아 아이스티 제로, 1.5L, 1개","94224368460","맥널티커피 복숭아 아이스티 제로,1.5L,1.5L,2개,2개","YES","Food","Drinks","차음료","맥널티커피","8800","4","0","5456","8800","0","0","0","0","0","2200.0","2","2","4400.0","15.384615384615385","13","2","2","5.0"
"2026-10-04","9239306730","8804645007781","67975031","호랭이 커피 오곡향 블랙, 1개, 20개입, 1g","94320932957","맥널티커피 호랭이 커피스틱 오곡향 블랙,6개,6개,20개입,20개입,1g,1g","NO","Food","Coffee & Tea","원두커피믹스","맥널티커피","18900","6","0","16836","18900","0","0","0","0","0","3150.0","1","1","18900.0","4.0","25","1","0","0.0"
"2026-10-04","9239306730","8804645007781","67975031","호랭이 커피 오곡향 블랙, 1개, 20개입, 1g","94320932959","맥널티커피 호랭이 커피스틱 오곡향 블랙,2개,2개,20개입,20개입,1g,1g","NO","Food","Coffee & Tea","원두커피믹스","맥널티커피","36500","10","0","28060","36500","0","0","0","0","0","3650.0","5","5","7300.0","17.24137931034483","29","5","2","4.5"
"2026-10-04","9239306730","8804645007781","67975031","호랭이 커피 오곡향 블랙, 1개, 20개입, 1g","94320932978","맥널티커피 호랭이 커피스틱 오곡향 블랙,3개,3개,20개입,20개입,1g,1g","NO","Food","Coffee & Tea","원두커피믹스","맥널티커피","20400","6","0","16836","20400","0","0","0","0","0","3400.0","2","2","10200.0","15.384615384615385","13","2","0","0.0"
"2026-10-04","9223273138","8804645007323","54922706","맥널티 대용량 제로슈가 스테비아 믹스커피 음료, 1L, 6개","94341371323","맥널티커피 스테비아 커피믹스,1L,1L,12개,12개","YES","Food","Drinks","커피음료","맥널티커피","24600","2","0","17610","23600","0","1000","0","24600","2","12300.0","1","1","24600.0","8.333333333333332","12","1","0","0.0"
"2026-10-04","9237125577","8804645007729","68147034","베니스브루 스페셜티 핸드드립 가향 커피 쇼콜라 모카, 1개, 7개입, 12g","94363280975","맥널티커피 베니스브루 스페셜티 가향 드립백 커피 쇼콜라 모카,1개,1개,7개입,7개입,12g,12g","NO","Food","Coffee & Tea","드립백/티백","맥널티커피","16560","2","0","10328","16560","0","0","0","0","0","8280.0","1","1","16560.0","2.7777777777777777","36","2","1","5.0"
"2026-10-04","9237140778","8804645007712","68147033","베니스브루 스페셜티 핸드드립 가향 커피 오렌지 벨벳, 1개, 7개입, 12g","94363280979","맥널티커피 베니스브루 스페셜티 가향 드립백 커피 오렌지 벨벳,1개,1개,7개입,7개입,12g,12g","NO","Food","Coffee & Tea","드립백/티백","맥널티커피","16560","2","0","10536","16560","0","0","0","0","0","8280.0","2","2","8280.0","5.0","40","2","0","0.0"
"2026-10-04","8833324061","8804645007491","68778942","아이브루 아메리카노 블랙커피 무라벨 400ML 20개","94529638880","맥널티커피 아이브루 아메리카노 블랙커피 무라벨,400ml,400ml,20개,20개","NO","Food","Drinks","커피음료","맥널티커피","1966500","115","5","1383910","1812681","13419","135000","0","1966500","115","17100.0","118","117","16807.69230769231","10.611510791366907","1112","115","7","4.9"
"2026-10-04","8746655772","18804645007504","68778941","맥널티 아이브루 헤이즐넛향 블랙커피 12개 1L","94529638884","맥널티커피 아이브루 헤이즐넛향 블랙커피,12개,12개,1L,1L","NO","Food","Drinks","커피음료","맥널티커피","705900","39","1","465777","648900","9000","46800","0","705900","39","18100.0","40","40","17647.5","11.799410029498524","339","39","6","5.0"
"2026-10-04","8214108205","18804645007306","68778940","맥널티 아이브루 아메리카노 블랙커피 12개 1L","94529638892","맥널티커피 아이브루 아메리카노 블랙커피,1L,1L,12개,12개","NO","Food","Drinks","커피음료","맥널티커피","2678800","148","3","1774520","2495000","5000","175200","0","2678800","148","18100.0","149","148","18100.0","12.344656172328087","1207","148","18","4.5"
"2026-10-04","8746655772","18804645007504","68778941","맥널티 아이브루 헤이즐넛향 블랙커피 12개 1L","94538485437","맥널티커피 아이브루 헤이즐넛향 블랙커피,24개,24개,1L,1L","NO","Food","Drinks","커피음료","맥널티커피","217200","12","0","143316","202800","0","14400","0","217200","12","18100.0","6","6","36200.0","46.15384615384615","13","6","1","5.0"
"2026-10-04","8214108205","18804645007306","68778940","맥널티 아이브루 아메리카노 블랙커피 12개 1L","94538485615","맥널티커피 아이브루 아메리카노 블랙커피,1L,1L,24개,24개","NO","Food","Drinks","커피음료","맥널티커피","437140","26","0","311740","437140","0","0","0","0","0","16813.076923076922","13","13","33626.153846153844","59.09090909090909","22","13","2","5.0"
"2026-10-04","8214108205","18804645007306","68778940","맥널티 아이브루 아메리카노 블랙커피 12개 1L","94538485701","맥널티커피 아이브루 아메리카노 블랙커피,1L,1L,36개,36개","NO","Food","Drinks","커피음료","맥널티커피","100890","6","3","71940","100890","0","0","0","0","0","16815.0","3","2","50445.0","21.428571428571427","14","2","0","0.0"
"2026-10-04","8833324061","8804645007491","68778942","아이브루 아메리카노 블랙커피 무라벨 400ML 20개","94538485746","맥널티커피 아이브루 아메리카노 블랙커피 무라벨,400ml,400ml,80개,80개","NO","Food","Drinks","커피음료","맥널티커피","68400","4","0","48136","63600","0","4800","0","68400","4","17100.0","1","1","68400.0","0.0","0","1","0","0.0"
"2026-10-04","8833324061","8804645007491","68778942","아이브루 아메리카노 블랙커피 무라벨 400ML 20개","94538485833","맥널티커피 아이브루 아메리카노 블랙커피 무라벨,400ml,400ml,40개,40개","NO","Food","Drinks","커피음료","맥널티커피","273600","16","0","192544","254400","0","19200","0","273600","16","17100.0","8","8","34200.0","50.0","16","8","2","5.0"
"2026-10-04","9334231304","8804645007842","69526598","맥널티 갓성비 제로슈가 커피믹스, 1개, 80개입, 9g","94707153018","맥널티커피 갓성비 제로슈가 커피믹스,1개,1개,80개입,80개입,9g,9g","NO","Food","Coffee & Tea","커피믹스","맥널티커피","542100","39","0","345306","542100","0","0","0","0","0","13900.0","39","39","13900.0","7.039711191335741","554","38","5","4.8"
"2026-10-04","9334231304","8804645007842","69526598","맥널티 갓성비 제로슈가 커피믹스, 1개, 80개입, 9g","94716499923","맥널티커피 갓성비 제로슈가 커피믹스,2개,2개,80개입,80개입,9g,9g","NO","Food","Coffee & Tea","커피믹스","맥널티커피","27800","2","0","17708","27800","0","0","0","0","0","13900.0","1","1","27800.0","50.0","2","1","0","0.0"
"2026-10-04","8992141532","8804645007811","69634259","맥널티커피 스테비아 커피믹스 헤이즐넛향, 9.5g, 100개입, 1개","94732664312","맥널티커피 스테비아 커피믹스 헤이즐넛향,9.5g,9.5g,100개입,100개입,1개,1개","NO","Food","Coffee & Tea","커피믹스","맥널티커피","99150","5","0","71305","99150","0","0","0","0","0","19830.0","5","5","19830.0","11.11111111111111","45","5","0","0.0"
"2026-10-04","9393910904","8804645007675","64842417","티브루 호박팥차 진액 10ml 30개입 1개","94856748700","맥널티 티브루 호박팥차 진액,1개,1개,30개입,30개입,10ml,10ml","YES","Food","Coffee & Tea","율무/견과차","맥널티","9900","1","0","5262","9700","0","200","0","9900","1","9900.0","1","1","9900.0","4.3478260869565215","23","1","0","0.0"
"2026-10-04","9393911932","8804645007637","63447822","스테비아 커피믹스 헤이즐넛향 9.5g 30개입 1개","94856750921","맥널티커피 스테비아 커피믹스 헤이즐넛향,9.5g,9.5g,30개입,30개입,1개,1개","YES","Food","Coffee & Tea","커피믹스","맥널티커피","7770","1","0","4827","7770","0","0","0","0","0","7770.0","1","1","7770.0","25.0","4","1","0","0.0"
"2026-10-04","9398358978","8804645007903","70253954","아이브루 디카페인 아메리카노 블랙커피 무라벨, 20개, 400ml","94890161558","아이브루 디카페인 아메리카노 블랙커피 무라벨,20개,20개,400ml,400ml","NO","Food","Drinks","커피음료","아이브루","792000","40","0","540000","754107","23093","14800","0","792000","40","19800.0","38","38","20842.105263157893","7.307692307692308","520","40","11","4.7"
"2026-10-04","9398358978","8804645007903","70253954","아이브루 디카페인 아메리카노 블랙커피 무라벨, 20개, 400ml","94897060778","아이브루 디카페인 아메리카노 블랙커피 무라벨,40개,40개,400ml,400ml","NO","Food","Drinks","커피음료","아이브루","158400","8","0","108000","155200","0","3200","0","158400","8","19800.0","4","4","39600.0","200.0","2","4","0","0.0"
"2026-10-04","9398358978","8804645007903","70253954","아이브루 디카페인 아메리카노 블랙커피 무라벨, 20개, 400ml","94897060918","아이브루 디카페인 아메리카노 블랙커피 무라벨,60개,60개,400ml,400ml","NO","Food","Drinks","커피음료","아이브루","59400","3","0","40500","58210","0","1190","0","59400","3","19800.0","1","1","59400.0","50.0","2","1","0","0.0"
"2026-10-04","9425537152","9311931902167","52625820","맥널티 인스턴트 원두 병커피 에스프레소 블랙 50g 1개","94975150149","프라이빗클럽 맥널티 인스턴트 원두 병커피 에스프레소 블랙,50g,50g,1개,1개,1개입,1개입","YES","Food","Coffee & Tea","원두커피믹스","프라이빗클럽","4600","1","0","3486","4600","0","0","0","0","0","4600.0","1","1","4600.0","3.0303030303030303","33","1","1","5.0"
"2026-10-04","9425537152","9311931902167","52625820","맥널티 인스턴트 원두 병커피 에스프레소 블랙 50g 1개","94975150158","프라이빗클럽 맥널티 인스턴트 원두 병커피 에스프레소 블랙,50g,50g,4개,4개,1개입,1개입","YES","Food","Coffee & Tea","원두커피믹스","프라이빗클럽","-15860","-4","4","-13944","-15860","0","0","0","0","0","3965.0","0","0","0.0","0.0","0","-1","0","0.0"
"2026-10-04","9442108303","8804645007897","71115722","호랭이 커피믹스 고소한 오곡향, 1개, 20개입, 9.5g","95077614086","맥널티커피 호랭이 커피믹스 고소한 오곡향,1개,1개,20개입,20개입,9.5g,9.5g","NO","Food","Coffee & Tea","커피믹스","맥널티커피","27500","5","0","14030","27500","0","0","0","0","0","5500.0","5","5","5500.0","5.1020408163265305","98","5","1","5.0"
"2026-10-04","9442108303","8804645007880","71115721","호랭이 커피믹스 고소한 오곡향, 1개, 160개입, 9.5g","95077614088","맥널티커피 호랭이 커피믹스 고소한 오곡향,1개,1개,160개입,160개입,9.5g,9.5g","NO","Food","Coffee & Tea","커피믹스","맥널티커피","47800","2","0","28522","46840","0","960","0","47800","2","23900.0","2","2","23900.0","0.7462686567164178","268","2","0","0.0"
"2026-10-04","9454845088","8804645007873","71629331","맥널티 갓성비 아메리카노 블랙커피, 1개, 100개입, 2g","95157094446","맥널티커피 갓성비 아메리카노 블랙커피,1개,1개,100개입,100개입,2g,2g","NO","Food","Coffee & Tea","원두커피믹스","맥널티커피","968500","65","1","554710","958500","10000","0","0","14900","1","14900.0","66","66","14674.242424242424","7.534246575342466","876","65","6","4.3"
"2026-10-04","9470391723","8804645007934","71636537","맥널티 티브루 호박팥차 무라벨, 20개, 500ml","95157268909","맥널티커피 티브루 호박팥차 무라벨,20개,20개,500ml,500ml","NO","Food","Drinks","농축액(음료베이스)","맥널티커피","154800","12","1","105588","154800","0","0","0","0","0","12900.0","13","12","12900.0","5.349794238683128","243","12","6","4.5"
"2026-10-04","9454845088","8804645007873","71629331","맥널티 갓성비 아메리카노 블랙커피, 1개, 100개입, 2g","95163444213","맥널티커피 갓성비 아메리카노 블랙커피,2개,2개,100개입,100개입,2g,2g","NO","Food","Coffee & Tea","원두커피믹스","맥널티커피","59400","4","0","34136","59400","0","0","0","0","0","14850.0","2","2","29700.0","100.0","2","2","1","5.0"
"2026-10-04","9470391723","8804645007934","71636537","맥널티 티브루 호박팥차 무라벨, 20개, 500ml","95163527425","맥널티커피 티브루 호박팥차 무라벨,40개,40개,500ml,500ml","NO","Food","Drinks","농축액(음료베이스)","맥널티커피","77400","6","0","52794","77400","0","0","0","0","0","12900.0","3","3","25800.0","21.428571428571427","14","3","0","0.0"
"2026-10-04","9244376556","8804645007989","71777603","투비 다크 블랙 블렌드 홀빈 원두 커피, 1kg, 홀빈(분쇄안함), 1개","95182652820","맥널티커피 다크 블랙 원두 블렌드 원두 홀빈,1kg,1kg,1개,1개","NO","Food","Coffee & Tea","원두","맥널티커피","179200","8","0","104920","176080","0","3120","0","179200","8","22400.0","8","8","22400.0","25.0","32","8","0","0.0"
"2026-10-04","9244376556","8804645007989","71777603","투비 다크 블랙 블렌드 홀빈 원두 커피, 1kg, 홀빈(분쇄안함), 1개","95190563412","맥널티커피 다크 블랙 원두 블렌드 원두 홀빈,1kg,1kg,2개,2개","NO","Food","Coffee & Tea","원두","맥널티커피","83600","4","0","52460","82820","0","780","0","83600","4","20900.0","1","1","83600.0","33.33333333333333","3","2","0","0.0"
"2026-10-04","1942501818","8804645300950","12491225","맥널티 핸드드립 커피필터 30개입","95240550975","맥널티커피  핸드드립 커피필터,30개입,30개입,2개,2개","NO","Kitchen","Tools & Gadgets","커피필터/여과지","맥널티","33320","8","0","21896","33320","0","0","0","0","0","4165.0","4","4","8330.0","57.14285714285714","7","4","0","0.0"
"2026-10-04","1942501818","8804645300950","12491225","맥널티 핸드드립 커피필터 30개입","95240551043","맥널티 핸드드립 커피필터 여과지,30개입,30개입,3개,3개","NO","Kitchen","Tools & Gadgets","커피필터/여과지","맥널티","37470","9","0","24633","37470","0","0","0","0","0","4163.333333333333","3","3","12490.0","42.857142857142854","7","3","0","0.0"
"2026-10-04","324195553","9311931105162","3067428","인스턴트 병커피 헤이즐넛향 50g","95298805338","프라이빗클럽 헤이즐넛향 병커피 원두커피믹스,50g,50g,1개입,1개입,6개,6개","NO","Food","Coffee & Tea","커피믹스","프라이빗클럽","113600","24","0","55200","111320","0","2280","0","113600","24","4733.333333333333","4","4","28400.0","20.0","20","4","1","5.0"
"2026-10-04","324195553","9311931105162","3067428","인스턴트 병커피 헤이즐넛향 50g","95298805339","프라이빗클럽 맥널티 헤이즐넛향 병커피,50g,50g,1개입,1개입,4개,4개","NO","Food","Coffee & Tea","커피믹스","프라이빗클럽","37940","8","0","18400","37180","0","760","0","37940","8","4742.5","2","2","18970.0","13.333333333333334","15","2","0","0.0"
"2026-10-04","324195553","9311931105162","3067428","인스턴트 병커피 헤이즐넛향 50g","95298805355","프라이빗클럽 맥널티 헤이즐넛향 병커피,50g,50g,1개입,1개입,3개,3개","NO","Food","Coffee & Tea","커피믹스","프라이빗클럽","43800","9","0","20700","38200","5000","600","0","43800","9","4866.666666666667","3","3","14600.0","14.285714285714285","21","3","0","0.0"
"2026-10-04","324195553","9311931105162","3067428","인스턴트 병커피 헤이즐넛향 50g","95298805390","프라이빗클럽 맥널티 헤이즐넛향 병커피,50g,50g,1개입,1개입,5개,5개","NO","Food","Coffee & Tea","커피믹스","프라이빗클럽","23710","5","0","11500","23240","0","470","0","23710","5","4742.0","1","1","23710.0","11.11111111111111","9","1","0","0.0"
"2026-10-04","6501093720","8804645007965","73944650","맥널티 복숭아 아이스티 대용량 파우치, 1개, 2.1L","95467325453","맥널티커피 대용량 복숭아 아이스티 파우치,2.1L,2.1L,1개,1개","NO","Food","Drinks","차음료","맥널티커피","15000","3","0","7239","15000","0","0","0","0","0","5000.0","3","3","5000.0","25.0","12","3","0","0.0"
"2026-10-04","6501093720","8804645007965","73944650","맥널티 복숭아 아이스티 대용량 파우치, 1개, 2.1L","95474357016","맥널티커피 대용량 복숭아 아이스티 파우치,2.1L,2.1L,3개,3개","NO","Food","Drinks","차음료","맥널티커피","79590","21","0","50673","79590","0","0","0","0","0","3790.0","7","7","11370.0","46.666666666666664","15","7","0","0.0"
"2026-10-04","6501093720","8804645007965","73944650","맥널티 복숭아 아이스티 대용량 파우치, 1개, 2.1L","95474357017","맥널티커피 대용량 복숭아 아이스티 파우치,2.1L,2.1L,2개,2개","NO","Food","Drinks","차음료","맥널티커피","113700","30","0","72390","113700","0","0","0","0","0","3790.0","15","15","7580.0","20.54794520547945","73","15","5","4.8"
"2026-10-04","6501093720","8804645007965","73944650","맥널티 복숭아 아이스티 대용량 파우치, 1개, 2.1L","95474357062","맥널티커피 대용량 복숭아 아이스티 파우치,2.1L,2.1L,6개,6개","NO","Food","Drinks","차음료","맥널티커피","136440","36","0","86868","113700","22740","0","0","22740","6","3790.0","6","6","22740.0","66.66666666666666","9","6","1","5.0"
"2026-10-04","6501093720","8804645007965","73944650","맥널티 복숭아 아이스티 대용량 파우치, 1개, 2.1L","95474357066","맥널티커피 대용량 복숭아 아이스티 파우치,2.1L,2.1L,4개,4개","NO","Food","Drinks","차음료","맥널티커피","15160","4","0","9652","15160","0","0","0","0","0","3790.0","1","1","15160.0","25.0","4","1","0","0.0"
"2026-10-04","8401715066","8804645007958","73951791","맥널티 아이스 아메리카노 블랙 커피 대용량 파우치, 1개, 2.1L","95474484555","맥널티커피 아이스 아메리카노 블랙 대용량 파우치,2.1L,2.1L,3개,3개","NO","Food","Drinks","커피음료","맥널티커피","68220","18","3","43434","68220","0","0","0","0","0","3790.0","7","6","11370.0","38.88888888888889","18","6","0","0.0"
"2026-10-04","8401715066","8804645007958","73951791","맥널티 아이스 아메리카노 블랙 커피 대용량 파우치, 1개, 2.1L","95474484558","맥널티커피 아이스 아메리카노 블랙 대용량 파우치,2.1L,2.1L,6개,6개","NO","Food","Drinks","커피음료","맥널티커피","136440","36","12","86868","116697","10743","0","0","45480","12","3790.0","8","7","19491.428571428572","29.629629629629626","27","6","1","3.0"
"2026-10-04","8401715066","8804645007958","73951791","맥널티 아이스 아메리카노 블랙 커피 대용량 파우치, 1개, 2.1L","95474484589","맥널티커피 아이스 아메리카노 블랙 대용량 파우치,2.1L,2.1L,2개,2개","NO","Food","Drinks","커피음료","맥널티커피","379000","100","4","241300","379000","0","0","0","0","0","3790.0","51","51","7431.3725490196075","18.4115523465704","277","50","12","4.8"
"2026-10-04","8401715066","8804645007958","73951791","맥널티 아이스 아메리카노 블랙 커피 대용량 파우치, 1개, 2.1L","95474484591","맥널티커피 아이스 아메리카노 블랙 대용량 파우치,2.1L,2.1L,4개,4개","NO","Food","Drinks","커피음료","맥널티커피","90960","24","0","57912","90960","0","0","0","0","0","3790.0","6","6","15160.0","26.08695652173913","23","6","1","3.0"
"2026-10-04","8401715066","8804645007958","73951791","맥널티 아이스 아메리카노 블랙 커피 대용량 파우치, 1개, 2.1L","95475891925","맥널티커피 아이스 아메리카노 블랙 대용량 파우치,2.1L,2.1L,2개,2개","NO","Food","Drinks","커피음료","맥널티커피","606400","160","8","386080","606400","0","0","0","0","0","3790.0","83","83","7306.024096385542","11.59217877094972","716","80","1","4.0"
"2026-10-04","6501093720","8804645007965","73944650","맥널티 복숭아 아이스티 대용량 파우치, 1개, 2.1L","95475892070","맥널티커피 대용량 복숭아 아이스티 파우치,2.1L,2.1L,2개,2개","NO","Food","Drinks","차음료","맥널티커피","144020","38","6","91694","144020","0","0","0","0","0","3790.0","20","20","7201.0","7.968127490039841","251","19","1","5.0"
"2026-10-04","8401715066","8804645005916","75683093","맥널티 아이스 아메리카노 블랙 1리터, 1L, 1개","95668824742","맥널티커피 아이스 아메리카노 블랙,1L,1L,2개,2개","NO","Food","Drinks","커피음료","맥널티커피","63800","22","0","37708","63800","0","0","0","0","0","2900.0","10","10","6380.0","47.61904761904761","21","11","0","0.0"
"2026-10-04","9618053831","8804645005930","75694561","맥널티커피 아이스 아메리카노 헤이즐넛, 1개, 1L","95669972207","맥널티커피 아이스 아메리카노 헤이즐넛,4개,4개,1L,1L","NO","Food","Drinks","커피음료","맥널티커피","11600","4","0","6856","11600","0","0","0","0","0","2900.0","1","1","11600.0","100.0","1","1","0","0.0"
"2026-10-04","6557407422","8804645005923","75765043","맥널티 아이스아메리카노 스위트, 1개, 1L","95687240433","맥널티커피 아이스 아메리카노 스위트,1L,1L,5개,5개","NO","Food","Drinks","커피음료","맥널티커피","14500","5","0","8570","14500","0","0","0","0","0","2900.0","1","1","14500.0","50.0","2","1","0","0.0"
"2026-10-04","6557407422","8804645005923","75765043","맥널티 아이스아메리카노 스위트, 1개, 1L","95687240434","맥널티커피 아이스 아메리카노 스위트,1L,1L,2개,2개","NO","Food","Drinks","커피음료","맥널티커피","106200","36","0","61704","104168","2032","0","0","5900","2","2950.0","18","18","5900.0","21.428571428571427","84","18","1","5.0"
"2026-10-04","6517973078","8804645005954","75850021","맥널티 허니자몽 블랙티, 1L, 1개","95700394916","맥널티커피 허니자몽 블랙티,1L,1L,2개,2개","NO","Food","Drinks","차음료","맥널티커피","11600","4","0","6856","11600","0","0","0","0","0","2900.0","2","2","5800.0","5.0","40","2","0","0.0"
"2026-10-04","8943722025","8804645007996","76230458","맥널티 진 보리차 1개 1kg","95739490220","맥널티커피 진 보리차,1개,1개,1kg,1kg","NO","Food","Coffee & Tea","둥글레/옥수수/보리/결명자차","맥널티커피","53700","3","0","45627","53700","0","0","0","0","0","17900.0","3","3","17900.0","18.75","16","3","0","0.0"
"2026-10-04","7052326812","8804645006425","76443755","맥널티 브라질 세라도 NY.2 원두 1kg, 1개","95767959676","맥널티커피 브라질 세라도 NY.2 원두,1kg,1kg,1개,1개","NO","Food","Coffee & Tea","원두","브랜드없음","73050","3","0","52827","64050","9000","0","0","24350","1","24350.0","3","3","24350.0","6.521739130434782","46","3","0","0.0"
"2026-10-04","7052326812","8804645006425","76443755","맥널티 브라질 세라도 NY.2 원두 1kg, 1개","95774269431","맥널티커피 브라질 세라도 NY.2 원두,1kg,1kg,3개,3개","NO","Food","Coffee & Tea","원두","브랜드없음","73050","3","0","52827","73050","0","0","0","0","0","24350.0","1","1","73050.0","50.0","2","1","0","0.0"
"2026-10-04","9629201786","18804645008013","76540319","맥널티 호랭이 마일드 라떼 캔커피, 30개, 175ml","95780789743","맥널티 호랭이 마일드 라떼 캔커피,30개,30개,175ml,175ml","NO","Food","Drinks","커피음료","맥널티커피","819200","64","5","545472","743200","10000","0","61000","819200","64","12800.0","68","66","12412.121212121212","8.1437125748503","835","64","7","4.3"
"2026-10-04","9629201786","18804645008013","76540319","맥널티 호랭이 마일드 라떼 캔커피, 30개, 175ml","95786605266","맥널티 호랭이 마일드 라떼 캔커피,60개,60개,175ml,175ml","NO","Food","Drinks","커피음료","맥널티커피","128000","10","0","85230","118000","0","0","10000","128000","10","12800.0","5","5","25600.0","83.33333333333334","6","5","0","0.0"
"2026-10-04","9618053831","8804645008030","77572705","맥널티 아이스 아메리카노 헤이즐넛, 1개, 2.1L","95883431972","맥널티커피 아이스 아메리카노 헤이즐넛,1개,1개,2.1L,2.1L","NO","Food","Drinks","커피음료","맥널티커피","44000","8","0","19304","39000","5000","0","0","5500","1","5500.0","8","8","5500.0","27.586206896551722","29","8","0","0.0"
"2026-10-04","9618053831","8804645008030","77572705","맥널티 아이스 아메리카노 헤이즐넛, 1개, 2.1L","95888645025","맥널티커피 아이스 아메리카노 헤이즐넛,2개,2개,2.1L,2.1L","NO","Food","Drinks","커피음료","맥널티커피","636720","168","4","405384","628546","8174","0","0","22740","6","3790.0","84","83","7671.325301204819","13.375796178343949","628","84","6","3.8"
"2026-10-04","9618053831","8804645008030","77572705","맥널티 아이스 아메리카노 헤이즐넛, 1개, 2.1L","95888645028","맥널티커피 아이스 아메리카노 헤이즐넛,4개,4개,2.1L,2.1L","NO","Food","Drinks","커피음료","맥널티커피","15160","4","4","9652","10160","5000","-340","0","15160","4","3790.0","2","2","7580.0","200.0","1","1","0","0.0"
"2026-10-04","9618053831","8804645008030","77572705","맥널티 아이스 아메리카노 헤이즐넛, 1개, 2.1L","95888645050","맥널티커피 아이스 아메리카노 헤이즐넛,3개,3개,2.1L,2.1L","NO","Food","Drinks","커피음료","맥널티커피","68220","18","0","43434","68220","0","0","0","0","0","3790.0","6","6","11370.0","54.54545454545454","11","6","0","0.0"
"2026-10-04","9618053831","8804645008030","77572705","맥널티 아이스 아메리카노 헤이즐넛, 1개, 2.1L","95888645057","맥널티커피 아이스 아메리카노 헤이즐넛,5개,5개,2.1L,2.1L","NO","Food","Drinks","커피음료","맥널티커피","56850","15","0","36195","56850","0","0","0","0","0","3790.0","3","3","18950.0","100.0","3","3","0","0.0"
"2026-10-04","9618053831","8804645008030","77572705","맥널티 아이스 아메리카노 헤이즐넛, 1개, 2.1L","95888645116","맥널티커피 아이스 아메리카노 헤이즐넛,6개,6개,2.1L,2.1L","NO","Food","Drinks","커피음료","맥널티커피","113700","30","0","72390","113700","0","0","0","0","0","3790.0","5","5","22740.0","100.0","5","5","0","0.0"
"2026-10-04","7747172789","8804645006890","38933766","맥널티커피 스테비아 디카페인 커피믹스, 1개, 100개입 9.5g","95912625882","맥널티커피 스테비아 디카페인 커피믹스,9.5g,9.5g,100개입,100개입,2개,2개","NO","Food","Coffee & Tea","커피믹스","맥널티커피","201040","8","2","144672","201040","0","0","0","0","0","25130.0","5","4","50260.0","45.45454545454545","11","4","0","0.0"
"2026-10-04","9709158118","8804645007958","73951791","맥널티 아이스 아메리카노 블랙 커피 대용량 파우치, 1개, 2.1L","95975560291","맥널티커피 아이스 아메리카노 블랙 대용량 파우치,2.1L,2.1L,1개,1개","YES","Food","Drinks","커피음료","맥널티커피","120900","31","0","74803","120118","782","0","0","3900","1","3900.0","28","28","4317.857142857143","14.814814814814813","189","31","1","5.0"
"2026-10-04","9709158118","8804645007958","73951791","맥널티 아이스 아메리카노 블랙 커피 대용량 파우치, 1개, 2.1L","95975560324","맥널티커피 아이스 아메리카노 블랙 대용량 파우치,2.1L,2.1L,2개,2개","YES","Food","Drinks","커피음료","맥널티커피","30320","8","2","19304","30320","0","0","0","0","0","3790.0","5","5","6064.0","14.285714285714285","35","4","1","5.0"
"2026-10-04","9730607617","8804645005930","75694561","맥널티커피 아이스 아메리카노 헤이즐넛, 1개, 1L","96042897453","맥널티커피 아이스 아메리카노 헤이즐넛,1개,1개,1L,1L","YES","Food","Drinks","커피음료","맥널티커피","18880","4","0","6856","18880","0","0","0","0","0","4720.0","4","4","4720.0","19.047619047619047","21","4","1","5.0"
"2026-10-04","9720265693","8804645000010","80552849","맥널티 천연펄프 무표백 핸드드립 커피필터 여과지(2~4인용), 1개, 100개입","96070715955","맥널티커피 펄프 무표백 핸드드립 커피필터 여과지 2~4인용,1개,1개,100개입,100개입","NO","Kitchen","Tools & Gadgets","커피필터/여과지","맥널티커피","59500","17","0","41106","59500","0","0","0","0","0","3500.0","17","17","3500.0","16.50485436893204","103","17","0","0.0"
"2026-10-04","319883678","8804645003066","10812901","맥널티 베트남 로부스타 원두커피 1kg","96070858430","맥널티커피 베트남 로부스타 G1 원두,1kg,1kg,5개,5개","NO","Food","Coffee & Tea","원두","맥널티커피","99500","5","0","58590","97510","0","1990","0","99500","5","19900.0","1","1","99500.0","0.0","0","1","0","0.0"
"2026-10-04","9715158893","8804645008023","80686777","맥널티 투비 데일리 블렌드 홀빈 원두 커피 고소한 너티 로스팅, 1개, 1kg","96084698645","맥널티커피 투비커피 개인카페용 데일리 블렌드 홀빈 원두,1개,1개,1kg,1kg","NO","Food","Coffee & Tea","원두","맥널티커피","39800","2","0","30754","39000","0","800","0","39800","2","19900.0","2","2","19900.0","9.090909090909092","22","2","0","0.0"
"2026-10-04","5066205124","8804645006449","80855137","맥널티 에티오피아 예가체프 G2 원두 1kg, 1개, 홀빈(분쇄안함)","96089417533","맥널티커피 에티오피아 예가체프 G2 홀빈 커피 원두,1kg,1kg,1개,1개,홀빈(분쇄안함),홀빈(분쇄안함)","NO","Food","Coffee & Tea","원두","맥널티커피","29700","1","0","22332","29110","0","590","0","29700","1","29700.0","1","1","29700.0","5.88235294117647","17","1","0","0.0"
"2026-10-04","7863543179","8804645006067","25240400","맥널티 스테비아 커피믹스 100개입","96113514064","맥널티커피 스테비아 커피믹스,9.5g,9.5g,100개입,100개입,3개,3개","NO","Food","Coffee & Tea","커피믹스","맥널티커피","52540","3","0","38880","52540","0","0","0","0","0","17513.333333333332","1","1","52540.0","14.285714285714285","7","1","0","0.0"
"2026-10-04","2297380544","8804645003929","13277719","맥널티 행복을 주는 커피 콜롬비아 블렌드 1kg","96114203672","맥널티커피 행복을 주는 커피 콜롬비아 블렌드 분쇄 원두,1kg,1kg,4개,4개","NO","Food","Coffee & Tea","원두","맥널티커피","112080","4","0","62396","110740","0","1340","0","112080","4","28020.0","1","1","112080.0","100.0","1","1","0","0.0"
"2026-10-04","8157289284","8804645006739","61673272","맥널티커피 복숭아 아이스티 제로, 1.5L, 1개","96118178435","맥널티커피 복숭아 아이스티 제로,1.5L,1.5L,10개,10개","NO","Food","Drinks","차음료","맥널티커피","22000","10","0","13640","21560","0","440","0","22000","10","2200.0","1","1","22000.0","12.5","8","1","0","0.0"
"2026-10-04","1942501818","8804645300950","12491225","맥널티 핸드드립 커피필터 30개입","96118286976","맥널티커피  핸드드립 커피필터,30개입,30개입,5개,5개","NO","Kitchen","Tools & Gadgets","커피필터/여과지","맥널티","19900","5","0","13685","19900","0","0","0","0","0","3980.0","1","1","19900.0","0.0","0","1","0","0.0"
"2026-10-05","8302244","8804645100208","45570","맥널티_헤이즐넛원두분쇄커피_226G","3011733530","맥널티커피 리치 헤이즐넛향 분쇄 원두 핸드드립,226g,226g,1개,1개","NO","Food","Coffee & Tea","원두","맥널티커피","715400","73","0","364416","694600","8000","12800","0","676200","69","9800.0","69","69","10368.115942028986","13.346228239845262","517","73","5","4.4"
"2026-10-05","8302239","8804645100215","45571","맥널티_ 자메이카 블루마운틴 블렌드_226G","3011733533","맥널티커피 자메이카 블루마운틴 블렌드 분쇄 원두커피 핸드드립,226g,226g,1개,1개","NO","Food","Coffee & Tea","커피믹스","맥널티커피","548800","56","0","279776","527200","11000","10600","0","548800","56","9800.0","55","55","9978.181818181818","12.276785714285714","448","56","4","5.0"
"2026-10-05","8302244","8804645100468","45572","맥널티_헤이즐넛원두분쇄커피_500G","3011733535","맥널티커피 리치 헤이즐넛향 분쇄 원두 핸드드립,500g,500g,1개,1개","NO","Food","Coffee & Tea","원두","맥널티커피","336600","20","0","159200","328600","8000","0","0","16830","1","16830.0","19","19","17715.78947368421","23.75","80","20","3","5.0"
"2026-10-05","8243431303","8804645100451","45573","맥널티_블루마운틴스타일원두분쇄커피_500G","3011733538","맥널티커피 시그니처 블루마운틴 블렌드 분쇄 원두 핸드드립,500g,500g,1개,1개","NO","Food","Coffee & Tea","원두","맥널티커피","299360","16","1","177456","293250","0","5740","0","299360","16","18710.0","17","17","17609.41176470588","15.178571428571427","112","16","0","0.0"
"2026-10-05","6709735713","8804645000515","2341900","맥널티 iBrew 미니 헤이즐넛향 200개입(200g)","3063818056","아이브루 헤이즐넛향 원두커피믹스,1g,1g,200개입,200개입,1개,1개","NO","Food","Coffee & Tea","커피믹스","아이브루","657200","31","3","307427","640669","14431","2100","0","341400","16","21200.0","34","31","21200.0","12.734082397003746","267","31","5","4.2"
"2026-10-05","19272798","8804645000683","3067425","아이브루 예가체프 블렌드 70개입","3130455618","아이브루 예가체프 블렌드 원두커피믹스,70개입,70개입,1개,1개,1g,1g","NO","Food","Coffee & Tea","커피믹스","아이브루","51210","3","0","18615","34140","17070","0","0","17070","1","17070.0","3","3","17070.0","8.823529411764707","34","3","0","0.0"
"2026-10-05","1731799474","9311931901160","3067426","인스턴트 병커피 아이리쉬크림 50g","3130455621","프라이빗클럽 맥널티 아이리쉬크림향 원두커피믹스 병커피,1개입,1개입,1개,1개,50g,50g","NO","Food","Coffee & Tea","커피믹스","프라이빗클럽","123900","21","3","69762","121500","0","2160","0","123900","21","5900.0","20","18","6883.333333333333","7.905138339920949","253","21","1","5.0"
"2026-10-05","8243738574","8804645000690","3067424","아이브루 케냐AA 블렌드 70개입","3130455622","맥널티 아이브루 케냐AA 블렌드 다크로스트 커피믹스,1g,1g,70개입,70개입,1개,1개","NO","Food","Coffee & Tea","커피믹스","아이브루","22400","2","0","12410","22400","0","0","0","0","0","11200.0","2","2","11200.0","5.714285714285714","35","2","0","0.0"
"2026-10-05","6709735713","8804645000706","3067423","아이브루 헤이즐넛향 70개입","3130455623","아이브루 헤이즐넛향 원두커피믹스,1g,1g,70개입,70개입,1개,1개","NO","Food","Coffee & Tea","커피믹스","아이브루","132840","12","0","48300","119860","11000","1980","0","132840","12","11070.0","11","11","12076.363636363636","11.0","100","12","1","5.0"
"2026-10-05","19272802","8804645000300","3067429","산지별 브라질 세라도 NY2 핸드드립커피 7개입","3130455624","맥널티커피 브라질 세라도 NY2 핸드드립 원두커피,8g,8g,7개입,7개입,1개,1개","NO","Food","Coffee & Tea","드립백/티백","맥널티커피","17940","3","0","8661","17940","0","0","0","0","0","5980.0","2","2","8970.0","11.76470588235294","17","3","0","0.0"
"2026-10-05","181940092","8804645000355","3067430","산지별 케냐 AA 핸드드립커피 7개입","3130455625","맥널티커피 케냐 AA 핸드드립 원두커피,8g,8g,7개입,7개입,1개,1개","NO","Food","Coffee & Tea","드립백/티백","맥널티커피","29900","5","0","15310","29900","0","0","0","0","0","5980.0","4","4","7475.0","12.5","32","5","0","0.0"
"2026-10-05","19272806","8804645000348","3067433","산지별 에티오피아 코케 허니 핸드드립커피 7개입","3130455628","맥널티커피 에티오피아 코케 허니 핸드드립 원두,8g,8g,7개입,7개입,1개,1개","NO","Food","Coffee & Tea","드립백/티백","맥널티커피","41090","7","0","20370","41090","0","0","0","0","0","5870.0","6","6","6848.333333333333","22.22222222222222","27","7","0","0.0"
"2026-10-05","19272807","8804645000331","3067434","산지별 에티오피아 예가체프 핸드드립커피 7개입","3130455630","맥널티커피 에티오피아 예가체프 G2 핸드드립 원두,8g,8g,7개입,7개입,1개,1개","NO","Food","Coffee & Tea","드립백/티백","맥널티커피","23600","4","0","12736","23600","0","0","0","0","0","5900.0","3","3","7866.666666666667","13.636363636363635","22","4","0","0.0"
"2026-10-05","324195553","9311931105162","3067428","인스턴트 병커피 헤이즐넛향 50g","3564581311","프라이빗클럽 맥널티 병커피 헤이즐넛향,50g,50g,1개입,1개입,2개,2개","NO","Food","Coffee & Tea","커피믹스","프라이빗클럽","548800","112","2","257600","537400","0","11200","0","548800","112","4900.0","57","55","9978.181818181818","9.5","600","56","4","5.0"
"2026-10-05","181940082","8804645000713","10003517","콜롬비아 핸드드립 블렌드 24개입","4347426285","맥널티커피 콜롬비아 핸드드립 블렌드 드립백커피,8g,8g,24개입,24개입,1개,1개","NO","Food","Coffee & Tea","드립백/티백","맥널티커피","129000","10","1","75680","129000","0","0","0","0","0","12900.0","11","11","11727.272727272728","20.0","55","10","0","0.0"
"2026-10-05","181940092","8804645000720","10003518","케냐 AA 핸드드립 블렌드 24개입","4347426562","맥널티커피 케냐 AA 핸드드립 원두커피,8g,8g,24개입,24개입,1개,1개","NO","Food","Coffee & Tea","드립백/티백","맥널티","84960","6","0","40782","84960","0","0","0","0","0","14160.0","5","5","16992.0","10.638297872340425","47","6","1","5.0"
"2026-10-05","8096962372","8804645100185","10147180","맥널티 행복을 주는 커피 헤이즐넛향 1kg 홀빈","4529030201","맥널티커피 행복을 주는 커피 헤이즐넛향 원두,1kg,1kg,1개,1개,홀빈(분쇄안함),홀빈(분쇄안함)","NO","Food","Coffee & Tea","원두","맥널티커피","268200","9","0","137196","264000","0","4200","0","238400","8","29800.0","8","8","33525.0","12.903225806451612","62","9","1","3.0"
"2026-10-05","7757594782","8804645006302","10147177","맥널티 홀빈 블루마운틴 1000g","4529030899","맥널티 홀빈 블루마운틴,홀빈(분쇄안함),홀빈(분쇄안함),1kg,1kg,1개,1개","NO","Food","Coffee & Tea","원두","맥널티커피","242100","9","0","141435","228320","10000","3780","0","242100","9","26900.0","8","8","30262.5","11.11111111111111","72","9","4","4.8"
"2026-10-05","319883678","8804645003066","10812901","맥널티 베트남 로부스타 원두커피 1kg","5464513909","맥널티커피 베트남 로부스타 G1 원두,1kg,1kg,1개,1개","NO","Food","Coffee & Tea","원두","맥널티커피","179100","9","0","105462","156000","19900","3200","0","179100","9","19900.0","9","8","22387.5","26.47058823529412","34","9","0","0.0"
"2026-10-05","324195553","19311931309161","10837643","맥널티 병커피 헤이즐넛향 50gx10개","5493232668","프라이빗클럽 맥널티 헤이즐넛향 병커피,50g,50g,1개입,1개입,10개,10개","NO","Food","Coffee & Tea","원두커피믹스","프라이빗클럽","236650","5","0","115000","231900","0","4750","0","236650","5","47330.0","5","5","47330.0","26.31578947368421","19","5","0","0.0"
"2026-10-05","1096433002","8804645003219","11019882","맥널티 아이브루 다크 블렌드 200T","70053514142","아이브루 다크 블렌드 원두커피믹스,1g,1g,200개입,200개입,1개,1개,1g,1g","NO","Food","Coffee & Tea","원두커피믹스","맥널티","62700","3","1","39288","61440","0","380","0","62700","3","20900.0","3","3","20900.0","8.108108108108109","37","3","1","5.0"
"2026-10-05","1096433032","8804645003226","11019883","맥널티 아이브루 모카 블랙 200T","70053514191","맥널티커피 아이브루 모카 블랙 원두커피믹스,1g,1g,200개입,200개입,1개,1개","NO","Food","Coffee & Tea","원두커피믹스","맥널티커피","143920","7","0","81809","143920","0","0","0","0","0","20560.0","7","7","20560.0","12.727272727272727","55","7","1","5.0"
"2026-10-05","7740688995","8804645003486","11849981","행복을 주는 커피 블루마운틴 블렌드 분쇄 원두 커피 1kg","70738743548","맥널티커피 행복을 주는 커피 블루마운틴 원두,핸드드립,핸드드립,1kg,1kg,1개,1개","NO","Food","Coffee & Tea","원두","맥널티커피","208600","7","1","114520","203800","0","3540","0","208600","7","29800.0","8","8","26075.0","10.526315789473683","76","7","1","4.0"
"2026-10-05","1731799474","19311931311164","12091997","Box_입소문난 아이리쉬 50G 10병","70936624312","프라이빗클럽 맥널티 아이리쉬 크림향 커피믹스,1개입,1개입,10개,10개,50g,50g","NO","Food","Coffee & Tea","원두커피믹스","프라이빗클럽","46880","1","0","21069","46880","0","0","0","0","0","46880.0","1","1","46880.0","50.0","2","1","0","0.0"
"2026-10-05","1942501818","8804645300950","12491225","맥널티 핸드드립 커피필터 30개입","71284745163","맥널티커피  핸드드립 커피필터,30개입,30개입,1개,1개","NO","Kitchen","Tools & Gadgets","커피필터/여과지","맥널티","236500","55","1","150535","232200","4300","0","0","4300","1","4300.0","53","53","4462.264150943396","15.634218289085547","339","55","2","5.0"
"2026-10-05","7387568872","8804645003493","12521866","맥널티 행복을 주는 커피 시그니처 헤이즐넛향 원두 커피 1Kg","71309336924","맥널티커피 시그니처 헤이즐넛향 원두,핸드드립(중간),핸드드립(중간),1kg,1kg,1개,1개","NO","Food","Coffee & Tea","원두","맥널티커피","619500","21","0","343392","608290","0","11210","0","619500","21","29500.0","19","19","32605.263157894737","15.966386554621847","119","21","0","0.0"
"2026-10-05","1998370657","8804645100451","45573","맥널티_블루마운틴스타일원두분쇄커피_500G","71387821010","맥널티커피 시그니처 블루마운틴 블렌드 분쇄 원두 핸드드립,핸드드립,핸드드립,500g,500g,1개,1개","YES","Food","Coffee & Tea","원두","맥널티커피","18710","1","0","11091","18340","0","370","0","18710","1","18710.0","1","1","18710.0","10.0","10","1","0","0.0"
"2026-10-05","1998416575","8804645000515","2341900","맥널티 iBrew 미니 헤이즐넛향 200개입(200g)","71387902591","아이브루 헤이즐넛향 원두커피믹스,200개입,200개입,1개,1개,1g,1g","YES","Food","Coffee & Tea","커피믹스","아이브루","20980","1","0","9917","20980","0","0","0","0","0","20980.0","1","1","20980.0","5.263157894736842","19","1","1","5.0"
"2026-10-05","2297380516","8804645003936","13277718","맥널티 행복을 주는 커피 브라질 산토스 1kg","71942049439","맥널티커피 행복을 주는 커피 원두 브라질 산토스,1kg,1kg,1개,1개,핸드드립,핸드드립","NO","Food","Coffee & Tea","원두","맥널티커피","273900","11","1","155001","267900","0","5500","0","273900","11","24900.0","12","11","24900.0","12.76595744680851","94","11","1","5.0"
"2026-10-05","2297380544","8804645003929","13277719","맥널티 행복을 주는 커피 콜롬비아 블렌드 1kg","71942049472","맥널티커피 행복을 주는 커피 콜롬비아 블렌드 분쇄 원두,1kg,1kg,1개,1개","NO","Food","Coffee & Tea","원두","맥널티커피","532380","19","1","296381","525920","0","6120","0","532380","19","28020.0","19","18","29576.666666666668","11.65644171779141","163","19","1","5.0"
"2026-10-05","2305333987","8804645003486","11849981","행복을 주는 커피 블루마운틴 블렌드 분쇄 원두 커피 1kg","71957835141","맥널티커피 행복을 주는 커피 블루마운틴 분쇄 원두,1kg,1kg,1개,1개,핸드드립,핸드드립","YES","Food","Coffee & Tea","원두","맥널티커피","29800","1","0","16360","29200","0","600","0","29800","1","29800.0","1","1","29800.0","14.285714285714285","7","1","0","0.0"
"2026-10-05","4562408679","8804645003066","10812901","맥널티 베트남 로부스타 원두커피 1kg","72859190627","맥널티커피 베트남 로부스타 G1 원두,홀빈(분쇄안함),홀빈(분쇄안함),1kg,1kg,1개,1개","YES","Food","Coffee & Tea","원두","맥널티커피","59700","3","0","35154","58500","0","1200","0","59700","3","19900.0","3","3","19900.0","37.5","8","3","2","5.0"
"2026-10-05","5238676003","8804645100215","45571","맥널티_ 자메이카 블루마운틴 블렌드_226G","74684501509","맥널티커피 자메이카 블루마운틴 블렌드 분쇄 원두커피 핸드드립,226g,226g,1개,1개,핸드드립,핸드드립","YES","Food","Coffee & Tea","커피믹스","맥널티커피","117600","12","0","59952","115400","0","2200","0","117600","12","9800.0","11","11","10690.90909090909","42.30769230769231","26","12","0","0.0"
"2026-10-05","5455241807","8804645002861","15720531","콜롬비아 블랙 100개입","75624373157","맥널티커피 콜롬비아 블랙 원두커피믹스,1g,1g,100개입,100개입,1박스,1박스","NO","Food","Coffee & Tea","원두커피믹스","맥널티커피","534100","49","0","310905","523320","0","10780","0","534100","49","10900.0","49","48","11127.083333333334","14.080459770114942","348","49","2","5.0"
"2026-10-05","6398707733","8804645100468","45572","맥널티_헤이즐넛원두분쇄커피_500G","80925867759","맥널티커피 리치 헤이즐넛향 분쇄 원두 핸드드립,500g,500g,1개,1개,핸드드립/커피메이커,핸드드립/커피메이커","YES","Food","Coffee & Tea","원두","맥널티커피","50490","3","0","23880","36399","14091","0","0","16830","1","16830.0","3","3","16830.0","21.428571428571427","14","3","0","0.0"
"2026-10-05","6417111096","8804645005732","23400108","맥널티 디카페인100% 핸드드립 원두커피 24개입","81038762608","맥널티커피 디카페인100% 핸드드립 원두,8g,8g,24개입,24개입,1개,1개","NO","Food","Coffee & Tea","드립백/티백","맥널티커피","174690","11","1","103345","174690","0","0","0","0","0","15880.90909090909","12","12","14557.5","14.117647058823529","85","11","0","0.0"
"2026-10-05","7615212597","8804645005879","24695530","아이스 헤이즐넛향 커피 190mL 10팩","81536870780","맥널티커피 아이스 헤이즐넛향 커피,190ml,190ml,10개,10개","NO","Food","Drinks","커피음료","맥널티커피","55080","9","0","31374","55080","0","0","0","0","0","6120.0","9","8","6885.0","12.0","75","9","1","5.0"
"2026-10-05","8401715066","8804645005855","24695532","아이스 아메리카노 블랙 190mL 10팩","81536870788","맥널티커피 아이스 아메리카노 블랙,190ml,190ml,10개,10개","NO","Food","Drinks","커피음료","맥널티커피","9800","2","0","6972","9800","0","0","0","0","0","4900.0","2","2","4900.0","11.76470588235294","17","2","2","5.0"
"2026-10-05","6501088702","8804645005893","24752132","청포도 에이드 190mL 10팩","81557354751","맥널티커피 청포도 에이드,190ml,190ml,10개,10개","NO","Food","Drinks","과일음료","맥널티커피","9800","2","0","6972","9800","0","0","0","0","0","4900.0","2","2","4900.0","10.0","20","2","1","5.0"
"2026-10-05","6501093720","8804645005886","24752251","복숭아 아이스티 190mL 10팩","81557378598","맥널티커피 복숭아 아이스 티,190ml,190ml,10개,10개","NO","Food","Drinks","차음료","맥널티커피","42000","7","1","24402","42000","0","0","0","0","0","6000.0","8","8","5250.0","22.22222222222222","36","7","1","5.0"
"2026-10-05","6501093721","8804645005909","24752250","블루레몬 에이드 190mL 10팩","81557378606","맥널티커피 블루레몬에이드,190ml,190ml,10개,10개","NO","Food","Drinks","과일음료","맥널티커피","18000","3","0","10458","18000","0","0","0","0","0","6000.0","3","2","9000.0","23.076923076923077","13","3","2","5.0"
"2026-10-05","6501093720","18804645005944","24944268","맥널티 복숭아 아이스티 대용량 파우치 1Lx6입","81671633070","맥널티커피 복숭아 아이스티,1L,1L,6개,6개","NO","Food","Drinks","차음료","맥널티커피","30440","2","0","20504","30440","0","0","0","0","0","15220.0","2","2","15220.0","100.0","2","2","0","0.0"
"2026-10-05","6517973078","18804645005951","24944267","맥널티 허니자몽 블랙티 대용량 파우치 1Lx6입","81671633098","맥널티커피 허니 자몽 블랙티 대용량 파우치,1L,1L,6개,6개","NO","Food","Drinks","차음료","맥널티커피","15900","1","0","10252","15900","0","0","0","0","0","15900.0","1","1","15900.0","25.0","4","1","1","4.0"
"2026-10-05","7863543179","8804645006067","25240400","맥널티 스테비아 커피믹스 100개입","81794562129","맥널티커피 스테비아 커피믹스,9.5g,9.5g,100개입,100개입,1개,1개","NO","Food","Coffee & Tea","커피믹스","맥널티커피","2037000","97","0","1257120","1997940","0","39060","0","2016000","96","21000.0","94","94","21670.212765957447","21.461187214611872","438","96","12","4.9"
"2026-10-05","7863543179","8804645006074","25240402","맥널티 스테비아 커피믹스 30개입","81794562138","맥널티커피 스테비아 커피믹스,9.5g,9.5g,30개입,30개입,1개,1개","NO","Food","Coffee & Tea","커피믹스","맥널티커피","209790","27","3","130329","209790","0","0","0","0","0","7770.0","29","28","7492.5","6.621004566210045","438","27","1","5.0"
"2026-10-05","9618053831","18804645005937","25484257","맥널티 아이스 헤이즐넛향 커피 대용량 파우치 1Lx6입","81905633683","맥널티커피 아이스 헤이즐넛향 커피 대용량 파우치,6개,6개,1L,1L","NO","Food","Drinks","커피음료","맥널티커피","30440","2","0","20504","30440","0","0","0","0","0","15220.0","2","2","15220.0","40.0","5","2","1","5.0"
"2026-10-05","6636420565","8804645006029","26477367","맥널티 리얼 에스프레소샷 블랙 액상스틱커피 15mlx30개입","82374359581","맥널티커피 리얼 에스프레소 샷 블랙 액상 스틱 커피,15ml,15ml,30개입,30개입,1개,1개","NO","Food","Coffee & Tea","원두커피믹스","맥널티커피","222000","15","0","110820","222000","0","0","0","0","0","14800.0","15","15","14800.0","6.637168141592921","226","15","4","5.0"
"2026-10-05","6671175150","8804645006258","26870612","맥널티 핸드드립 버라이어티세트 30개입","82569913991","맥널티커피 핸드드립 버라이어티 원두커피 세트 30개입,커피 5종,커피 5종,1세트,1세트","NO","Food","Coffee & Tea","커피세트","맥널티커피","37800","2","0","18790","37800","0","0","0","0","0","18900.0","2","2","18900.0","2.380952380952381","84","2","0","0.0"
"2026-10-05","8157289284","18804645006101","26889711","맥널티 제로칼로리 복숭아 아이스티 500ml 24입","82573306348","맥널티커피 복숭아 아이스티 제로,500ml,500ml,24개,24개","NO","Food","Drinks","차음료","맥널티커피","143200","8","0","97640","124791","15529","2880","0","143200","8","17900.0","8","8","17900.0","5.442176870748299","147","8","0","0.0"
"2026-10-05","6867933138","8804645006081","29461862","맥널티 아메리카노 아이스 블랙 100개입","83611282700","맥널티커피 아메리카노 아이스 블랙 커피믹스,1g,1g,100개입,100개입,1개,1개","NO","Food","Coffee & Tea","커피믹스","맥널티커피","305200","28","3","163800","298380","0","5920","0","305200","28","10900.0","31","29","10524.137931034482","8.136482939632545","381","28","3","5.0"
"2026-10-05","6942096369","18804645005920","25484251","맥널티커피 아메리카노 스위트 1Lx6입","84017158671","맥널티커피 아메리카노 스위트,1L,1L,6개,6개","NO","Food","Drinks","커피음료","맥널티커피","16110","1","0","10252","16110","0","0","0","0","0","16110.0","1","1","16110.0","33.33333333333333","3","1","0","0.0"
"2026-10-05","7032596367","8804645006296","31602405","맥널티 2in1 핫앤콜드 진공추출 커피메이커 MCM-065B MCM-065B","84530845438","맥널티커피 2in1 핫앤콜드 진공추출 커피메이커,MCM-065B,MCM-065B","NO","CE","Kitchen Appliance","커피머신","맥널티커피","37160","1","0","30881","37160","0","0","0","0","0","37160.0","1","1","37160.0","0.9900990099009901","101","1","1","5.0"
"2026-10-05","8302239","8804645100215","45571","맥널티_ 자메이카 블루마운틴 블렌드_226G","84639604567","맥널티커피 자메이카 블루마운틴 블렌드 분쇄 원두커피 핸드드립,226g,226g,2개,2개","NO","Food","Coffee & Tea","커피믹스","맥널티커피","137200","14","0","69944","134400","0","2800","0","137200","14","9800.0","7","7","19600.0","23.333333333333332","30","7","0","0.0"
"2026-10-05","6867933138","8804645006081","29461862","맥널티 아메리카노 아이스 블랙 100개입","84639606756","맥널티커피 아메리카노 아이스 블랙 커피믹스,1g,1g,100개입,100개입,2개,2개","NO","Food","Coffee & Tea","커피믹스","맥널티커피","21800","2","0","11700","21360","0","440","0","21800","2","10900.0","1","1","21800.0","0.0","0","1","0","0.0"
"2026-10-05","6417111096","8804645005732","23400108","맥널티 디카페인100% 핸드드립 원두커피 24개입","84639606864","맥널티커피 디카페인100% 핸드드립 원두,8g,8g,24개입,24개입,2개,2개","NO","Food","Coffee & Tea","드립백/티백","맥널티커피","31780","2","0","18790","31780","0","0","0","0","0","15890.0","1","1","31780.0","0.0","0","1","0","0.0"
"2026-10-05","7387568872","8804645003493","12521866","맥널티 행복을 주는 커피 시그니처 헤이즐넛향 원두 커피 1Kg","84639607101","맥널티커피 시그니처 헤이즐넛향 원두,핸드드립,핸드드립,1kg,1kg,2개,2개","NO","Food","Coffee & Tea","원두","맥널티커피","114000","4","0","65408","113040","0","960","0","114000","4","28500.0","2","2","57000.0","7.6923076923076925","26","2","0","0.0"
"2026-10-05","8302244","8804645100468","45572","맥널티_헤이즐넛원두분쇄커피_500G","84639607653","맥널티커피 리치 헤이즐넛향 분쇄 원두 핸드드립,500g,500g,2개,2개","NO","Food","Coffee & Tea","원두","맥널티커피","387400","26","2","206960","387400","0","0","0","0","0","14900.0","14","14","27671.428571428572","31.11111111111111","45","13","1","5.0"
"2026-10-05","8302244","8804645100208","45570","맥널티_헤이즐넛원두분쇄커피_226G","84639607771","맥널티커피 리치 헤이즐넛향 분쇄 원두 핸드드립,226g,226g,2개,2개","NO","Food","Coffee & Tea","원두","맥널티커피","93600","10","0","49920","93600","0","0","0","0","0","9360.0","5","5","18720.0","16.129032258064516","31","5","0","0.0"
"2026-10-05","7740688995","8804645003486","11849981","행복을 주는 커피 블루마운틴 블렌드 분쇄 원두 커피 1kg","85101496783","맥널티커피 행복을 주는 커피 블루마운틴 원두,핸드드립,핸드드립,1kg,1kg,2개,2개","NO","Food","Coffee & Tea","원두","맥널티커피","59600","2","0","32720","58400","0","1200","0","59600","2","29800.0","1","1","59600.0","50.0","2","1","0","0.0"
"2026-10-05","1096433032","8804645003226","11019883","맥널티 아이브루 모카 블랙 200T","85101498569","맥널티커피 아이브루 모카 블랙 원두커피믹스,1g,1g,200개입,200개입,2개,2개","NO","Food","Coffee & Tea","원두커피믹스","맥널티커피","39370","2","0","23374","39370","0","0","0","0","0","19685.0","1","1","39370.0","25.0","4","1","0","0.0"
"2026-10-05","2297380544","8804645003929","13277719","맥널티 행복을 주는 커피 콜롬비아 블렌드 1kg","85101503793","맥널티커피 행복을 주는 커피 콜롬비아 블렌드 분쇄 원두,1kg,1kg,2개,2개","NO","Food","Coffee & Tea","원두","맥널티커피","112080","4","0","62396","110740","0","1340","0","112080","4","28020.0","2","2","56040.0","22.22222222222222","9","2","0","0.0"
"2026-10-05","19272807","8804645000331","3067434","산지별 에티오피아 예가체프 핸드드립커피 7개입","85166939759","맥널티커피 에티오피아 예가체프 G2 핸드드립 원두,8g,8g,7개입,7개입,5개,5개","NO","Food","Coffee & Tea","드립백/티백","맥널티커피","24500","5","0","15920","24500","0","0","0","0","0","4900.0","1","1","24500.0","100.0","1","1","0","0.0"
"2026-10-05","7863543179","8804645006074","25240402","맥널티 스테비아 커피믹스 30개입","85166941524","맥널티커피 스테비아 커피믹스,9.5g,9.5g,30개입,30개입,2개,2개","NO","Food","Coffee & Tea","커피믹스","맥널티커피","31080","4","0","19308","31080","0","0","0","0","0","7770.0","2","2","15540.0","100.0","2","2","0","0.0"
"2026-10-05","181940092","8804645000355","3067430","산지별 케냐 AA 핸드드립커피 7개입","85166945848","맥널티커피 케냐 AA 핸드드립 원두커피,8g,8g,7개입,7개입,2개,2개","NO","Food","Coffee & Tea","드립백/티백","맥널티커피","21200","4","0","12248","21200","0","0","0","0","0","5300.0","2","2","10600.0","16.666666666666664","12","2","0","0.0"
"2026-10-05","8243431303","8804645100451","45573","맥널티_블루마운틴스타일원두분쇄커피_500G","85172310672","맥널티커피 시그니처 블루마운틴 블렌드 분쇄 원두 핸드드립,500g,500g,2개,2개","NO","Food","Coffee & Tea","원두","맥널티커피","74600","4","0","44364","73100","0","1500","0","74600","4","18650.0","2","2","37300.0","18.181818181818183","11","2","0","0.0"
"2026-10-05","8302239","8804645100215","45571","맥널티_ 자메이카 블루마운틴 블렌드_226G","85191203479","맥널티커피 자메이카 블루마운틴 블렌드 분쇄 원두커피 핸드드립,226g,226g,3개,3개","NO","Food","Coffee & Tea","커피믹스","맥널티커피","58800","6","0","29976","51400","0","7400","0","58800","6","9800.0","2","2","29400.0","16.666666666666664","12","2","0","0.0"
"2026-10-05","6671175150","8804645006258","26870612","맥널티 핸드드립 버라이어티세트 30개입","85192167373","맥널티커피 핸드드립 버라이어티 원두커피 세트 30개입,커피 5종,커피 5종,3세트,3세트","NO","Food","Coffee & Tea","커피세트","맥널티커피","-56700","-3","3","-28185","-56700","0","-6140","0","0","0","18900.0","0","0","0.0","0.0","0","-1","0","0.0"
"2026-10-05","6636420565","8804645006029","26477367","맥널티 리얼 에스프레소샷 블랙 액상스틱커피 15mlx30개입","85193859856","맥널티커피 리얼 에스프레소 샷 블랙 액상 스틱 커피,15ml,15ml,30개입,30개입,3개,3개","NO","Food","Coffee & Tea","원두커피믹스","맥널티커피","44400","3","0","22164","44400","0","0","0","0","0","14800.0","1","1","44400.0","20.0","5","1","0","0.0"
"2026-10-05","7615212597","8804645005879","24695530","아이스 헤이즐넛향 커피 190mL 10팩","85194178075","맥널티커피 아이스 헤이즐넛향 커피,190ml,190ml,40개,40개","NO","Food","Drinks","커피음료","맥널티커피","21960","4","0","13944","21580","0","380","0","21960","4","5490.0","1","1","21960.0","0.0","0","1","0","0.0"
"2026-10-05","7615212597","8804645005879","24695530","아이스 헤이즐넛향 커피 190mL 10팩","85194179186","맥널티커피 아이스 헤이즐넛향,190ml,190ml,20개,20개","NO","Food","Drinks","커피음료","맥널티커피","36720","6","0","20916","36720","0","0","0","0","0","6120.0","3","3","12240.0","21.428571428571427","14","3","1","5.0"
"2026-10-05","8401715066","8804645005855","24695532","아이스 아메리카노 블랙 190mL 10팩","85194731506","맥널티커피 아이스 아메리카노 블랙,190ml,190ml,20개,20개","NO","Food","Drinks","커피음료","맥널티커피","29400","6","0","20916","29400","0","0","0","0","0","4900.0","3","3","9800.0","13.636363636363635","22","3","0","0.0"
"2026-10-05","8401715066","8804645005855","24695532","아이스 아메리카노 블랙 190mL 10팩","85194742596","맥널티커피 아이스 아메리카노 블랙,190ml,190ml,30개,30개","NO","Food","Drinks","커피음료","맥널티커피","29400","6","0","20916","29400","0","0","0","0","0","4900.0","2","2","14700.0","20.0","10","2","0","0.0"
"2026-10-05","8401715066","8804645005855","24695532","아이스 아메리카노 블랙 190mL 10팩","85194745362","맥널티커피 아이스 아메리카노 블랙,190ml,190ml,50개,50개","NO","Food","Drinks","커피음료","맥널티커피","49000","10","0","34860","49000","0","0","0","0","0","4900.0","1","1","49000.0","50.0","2","2","1","5.0"
"2026-10-05","6557407422","8804645005862","24695531","아이스 아메리카노 스위트 190mL 10팩","85194758257","맥널티커피 아이스 아메리카노 스위트,190ml,190ml,20개,20개","NO","Food","Drinks","커피음료","맥널티커피","27000","6","2","20916","27000","0","0","0","0","0","4500.0","4","3","9000.0","30.76923076923077","13","3","0","0.0"
"2026-10-05","6557407422","8804645005862","24695531","아이스 아메리카노 스위트 190mL 10팩","85194782627","맥널티커피 아이스 아메리카노 스위트,190ml,190ml,60개,60개","NO","Food","Drinks","커피음료","맥널티커피","27000","6","0","20916","27000","0","0","0","0","0","4500.0","1","1","27000.0","20.0","5","1","0","0.0"
"2026-10-05","6557407422","8804645005862","24695531","아이스 아메리카노 스위트 190mL 10팩","85194783479","맥널티커피 아이스 아메리카노 스위트,190ml,190ml,30개,30개","NO","Food","Drinks","커피음료","맥널티커피","40500","9","0","31374","40500","0","0","0","0","0","4500.0","3","3","13500.0","14.285714285714285","21","3","0","0.0"
"2026-10-05","6557407422","8804645005862","24695531","아이스 아메리카노 스위트 190mL 10팩","85194786595","맥널티커피 아이스 아메리카노 스위트,190ml,190ml,50개,50개","NO","Food","Drinks","커피음료","맥널티커피","22500","5","0","17430","22500","0","0","0","0","0","4500.0","1","1","22500.0","100.0","1","1","0","0.0"
"2026-10-05","6501093720","8804645005886","24752251","복숭아 아이스티 190mL 10팩","85194919180","맥널티커피 복숭아 아이스 티,190ml,190ml,20개,20개","NO","Food","Drinks","차음료","맥널티커피","36000","6","0","20916","36000","0","0","0","0","0","6000.0","3","3","12000.0","0.0","0","3","0","0.0"
"2026-10-05","6501093720","8804645005886","24752251","복숭아 아이스티 190mL 10팩","85194922161","맥널티커피 복숭아 아이스 티,190ml,190ml,30개,30개","NO","Food","Drinks","차음료","맥널티커피","63600","12","0","41832","59600","0","4000","0","63600","12","5300.0","4","4","15900.0","30.76923076923077","13","4","0","0.0"
"2026-10-05","6501093721","8804645005909","24752250","블루레몬 에이드 190mL 10팩","85194940256","맥널티커피 블루레몬에이드,190ml,190ml,30개,30개","NO","Food","Drinks","과일음료","맥널티커피","31440","6","0","20916","31440","0","0","0","0","0","5240.0","2","2","15720.0","40.0","5","2","0","0.0"
"2026-10-05","5455241807","8804645002861","15720531","콜롬비아 블랙 100개입","85194953537","맥널티커피 콜롬비아 블랙 원두커피믹스,1g,1g,100개입,100개입,2개,2개","NO","Food","Coffee & Tea","원두커피믹스","맥널티커피","78000","8","0","50760","78000","0","0","0","0","0","9750.0","4","4","19500.0","16.666666666666664","24","4","0","0.0"
"2026-10-05","19272806","8804645000348","3067433","산지별 에티오피아 코케 허니 핸드드립커피 7개입","85322260969","맥널티커피 에티오피아 코케 허니 핸드드립 원두,8g,8g,7개입,7개입,4개,4개","NO","Food","Coffee & Tea","드립백/티백","맥널티커피","22340","4","0","11640","22340","0","0","0","0","0","5585.0","1","1","22340.0","33.33333333333333","3","1","0","0.0"
"2026-10-05","319883678","8804645003066","10812901","맥널티 베트남 로부스타 원두커피 1kg","85322265154","맥널티커피 베트남 로부스타 G1 원두,1kg,1kg,2개,2개","NO","Food","Coffee & Tea","원두","맥널티커피","119400","6","0","70308","117000","0","2400","0","119400","6","19900.0","3","3","39800.0","42.857142857142854","7","3","0","0.0"
"2026-10-05","319883678","8804645003066","10812901","맥널티 베트남 로부스타 원두커피 1kg","85322265195","맥널티커피 베트남 로부스타 G1 원두,1kg,1kg,3개,3개","NO","Food","Coffee & Tea","원두","맥널티커피","59700","3","0","35154","58500","0","1200","0","59700","3","19900.0","1","1","59700.0","25.0","4","1","0","0.0"
"2026-10-05","6709735713","8804645000515","2341900","맥널티 iBrew 미니 헤이즐넛향 200개입(200g)","85480600718","아이브루 헤이즐넛향 원두커피믹스,1g,1g,200개입,200개입,2개,2개","NO","Food","Coffee & Tea","커피믹스","아이브루","204350","10","0","99170","204350","0","0","0","0","0","20435.0","5","5","40870.0","16.666666666666664","30","5","2","5.0"
"2026-10-05","7268864468","8804645006340","34834818","맥널티 스테비아 제로슈가 핫초코 라떼 30개입 15g","85671431196","맥널티커피 스테비아 제로슈가 핫초코 라떼,15g,15g,30개입,30개입,1개,1개","NO","Food","Coffee & Tea","라떼분말","맥널티커피","275460","22","0","165000","275460","0","0","0","0","0","12520.90909090909","22","22","12520.90909090909","8.148148148148149","270","22","1","5.0"
"2026-10-05","6636420565","8804645006029","26477367","맥널티 리얼 에스프레소샷 블랙 액상스틱커피 15mlx30개입","85762356700","맥널티커피 리얼 에스프레소 샷 블랙 액상 스틱 커피,15ml,15ml,30개입,30개입,4개,4개","NO","Food","Coffee & Tea","원두커피믹스","맥널티커피","0","0","4","0","-1390","0","0","0","0","0","0.0","1","1","0.0","100.0","1","0","0","0.0"
"2026-10-05","7268864468","8804645006340","34834818","맥널티 스테비아 제로슈가 핫초코 라떼 30개입 15g","85916848410","맥널티커피 스테비아 제로슈가 핫초코 라떼,15g,15g,30개입,30개입,2개,2개","NO","Food","Coffee & Tea","라떼분말","맥널티커피","100160","8","0","60000","100160","0","0","0","0","0","12520.0","4","4","25040.0","28.57142857142857","14","4","0","0.0"
"2026-10-05","7268864468","8804645006340","34834818","맥널티 스테비아 제로슈가 핫초코 라떼 30개입 15g","85916848834","맥널티커피 스테비아 제로슈가 핫초코 라떼,15g,15g,30개입,30개입,3개,3개","NO","Food","Coffee & Tea","라떼분말","맥널티커피","36370","3","0","22500","36370","0","0","0","0","0","12123.333333333334","1","1","36370.0","20.0","5","1","0","0.0"
"2026-10-05","7757594782","8804645006302","10147177","맥널티 홀빈 블루마운틴 1000g","85995313246","맥널티 홀빈 블루마운틴,홀빈(분쇄안함),홀빈(분쇄안함),1kg,1kg,2개,2개","NO","Food","Coffee & Tea","원두","맥널티커피","53800","2","0","31430","52720","0","1080","0","53800","2","26900.0","1","1","53800.0","33.33333333333333","3","1","0","0.0"
"2026-10-05","7387320683","8804645006791","36669698","제로 아이스티 복숭아, 30개입, 13g","86349682924","맥널티커피 복숭아 아이스티 제로,13g,13g,30개,30개","NO","Food","Drinks","차음료","맥널티커피","37560","4","0","23400","37560","0","0","0","0","0","9390.0","3","3","12520.0","60.0","5","4","0","0.0"
"2026-10-05","7010199440","18804645006538","36829225","맥널티 제로칼로리 청포도 아이스티 500mlx24입,","86417557917","맥널티커피 청포도 아이스티 제로,500ml,500ml,24개,24개","NO","Food","Drinks","차음료","맥널티커피","89500","5","0","61025","87700","0","1800","0","89500","5","17900.0","5","5","17900.0","16.666666666666664","30","5","2","4.0"
"2026-10-05","7387323458","8804645006807","36829226","제로 아이스티 청포도, 30개입, 13g 1개","86417557932","맥널티커피 청포도 아이스티 제로,390g,390g,30개입,30개입,1개,1개","NO","Food","Drinks","차음료","맥널티커피","15000","2","0","11700","15000","0","0","0","0","0","7500.0","2","2","7500.0","28.57142857142857","7","2","0","0.0"
"2026-10-05","8288508361","8804645006395","36903434","맥널티 아이브루 플러스 헤이즐넛 블랙커피 100개입","86458081778","아이브루 플러스 공정무역 헤이즐넛 블랙커피,1g,1g,100개입,100개입,1개,1개","NO","Food","Coffee & Tea","원두커피믹스","아이브루","1526400","160","5","1219680","1514394","12006","0","0","19080","2","9540.0","162","161","9480.745341614907","11.688311688311687","1386","160","15","4.5"
"2026-10-05","181940082","8804645000713","10003517","콜롬비아 핸드드립 블렌드 24개입","86556283131","맥널티커피 콜롬비아 핸드드립 블렌드 드립백커피,8g,8g,24개입,24개입,2개,2개","NO","Food","Coffee & Tea","드립백/티백","맥널티커피","51600","4","0","30272","51600","0","0","0","0","0","12900.0","2","2","25800.0","14.285714285714285","14","2","3","5.0"
"2026-10-05","181940082","8804645000713","10003517","콜롬비아 핸드드립 블렌드 24개입","86556283740","맥널티커피 콜롬비아 핸드드립 블렌드 드립백커피,8g,8g,24개입,24개입,3개,3개","NO","Food","Coffee & Tea","드립백/티백","맥널티커피","77400","6","0","45408","77400","0","0","0","0","0","12900.0","2","2","38700.0","25.0","8","2","1","5.0"
"2026-10-05","4562408679","8804645003066","10812901","맥널티 베트남 로부스타 원두커피 1kg","86673689138","맥널티커피 베트남 로부스타 G1 원두,홀빈(분쇄안함),홀빈(분쇄안함),1kg,1kg,4개,4개","YES","Food","Coffee & Tea","원두","맥널티커피","159200","8","0","93744","157600","0","1600","0","159200","8","19900.0","1","1","159200.0","100.0","1","2","0","0.0"
"2026-10-05","5238676003","8804645100215","45571","맥널티_ 자메이카 블루마운틴 블렌드_226G","86681535403","맥널티커피 자메이카 블루마운틴 블렌드 분쇄 원두,226g,226g,2개,2개,핸드드립,핸드드립","YES","Food","Coffee & Tea","커피믹스","맥널티커피","19600","2","0","9992","19200","0","400","0","19600","2","9800.0","1","1","19600.0","50.0","2","1","0","0.0"
"2026-10-05","8288508361","8804645006395","36903434","맥널티 아이브루 플러스 헤이즐넛 블랙커피 100개입","86717971315","아이브루 플러스 공정무역 헤이즐넛 블랙커피,1g,1g,100개입,100개입,2개,2개","NO","Food","Coffee & Tea","원두커피믹스","아이브루","76320","8","2","60984","76320","0","0","0","0","0","9540.0","5","4","19080.0","31.25","16","4","0","0.0"
"2026-10-05","181940092","8804645006616","37713094","맥널티 핸드드립커피 케냐AA(더블에이) 36개입, 8g, 1개","86776604817","맥널티커피 케냐 AA 핸드드립 원두커피,8g,8g,36개입,36개입,1개,1개","NO","Food","Coffee & Tea","드립백/티백","맥널티커피","79600","4","0","47036","79600","0","0","0","0","0","19900.0","4","4","19900.0","20.0","20","4","0","0.0"
"2026-10-05","8288498794","8804645006623","37713095","맥널티 핸드드립커피 에티오피아 예가체프 36개입, 8g, 1개","86776605106","맥널티커피 핸드드립커피 에티오피아 예가체프,8g,8g,36개입,36개입,1개,1개","NO","Food","Coffee & Tea","드립백/티백","맥널티커피","43840","2","1","21154","43840","0","0","0","0","0","21920.0","3","2","21920.0","33.33333333333333","9","2","0","0.0"
"2026-10-05","6703340857","8804645005374","37733154","맥널티 원두 홀빈(분쇄안함) 마일드 미디움 블렌드 200g, 1개","86784278429","맥널티 원두 마일드 미디움 블렌드,200g,200g,1개,1개,홀빈(분쇄안함),홀빈(분쇄안함)","NO","Food","Coffee & Tea","원두","맥널티커피","10500","1","0","5791","10290","0","210","0","10500","1","10500.0","1","1","10500.0","12.5","8","1","0","0.0"
"2026-10-05","7510928153","8804645006074","25240402","맥널티 스테비아 커피믹스 30개입","86785226509","맥널티커피 스테비아 커피믹스,9.5g,9.5g,30개입,30개입,1개,1개","YES","Food","Coffee & Tea","커피믹스","맥널티커피","23310","3","0","14481","23310","0","0","0","0","0","7770.0","3","3","7770.0","150.0","2","3","0","0.0"
"2026-10-05","8175429189","8804645000324","3067432","산지별 콜롬비아 슈프리모 핸드드립커피 7개입","87044037130","맥널티 콜롬비아 슈프리모 핸드 드립백커피,8g,8g,7개입,7개입,3개,3개,8g,8g","NO","Food","Coffee & Tea","드립백/티백","맥널티","26260","6","0","18258","26260","0","0","0","0","0","4376.666666666667","2","2","13130.0","16.666666666666664","12","2","0","0.0"
"2026-10-05","6703340857","8804645005329","38710869","맥널티 홀빈 커피원두, 마일드 미디움 블렌드 1kg, 1개","87098723594","맥널티 홀빈 커피원두 마일드 미디움 블렌드,1kg,1kg,1개,1개,홀빈(분쇄안함),홀빈(분쇄안함)","NO","Food","Coffee & Tea","원두","맥널티커피","27900","1","0","16364","27340","0","560","0","27900","1","27900.0","1","1","27900.0","11.11111111111111","9","1","0","0.0"
"2026-10-05","6974143978","8804645005312","38710872","맥널티 홀빈 커피원두, 시그니처 블렌드 1kg, 1개","87098723620","맥널티 홀빈 커피원두 시그니처 블렌드,1kg,1kg,1개,1개,홀빈(분쇄안함),홀빈(분쇄안함)","NO","Food","Coffee & Tea","원두","맥널티커피","26230","1","0","16364","26230","0","0","0","0","0","26230.0","1","1","26230.0","8.333333333333332","12","1","0","0.0"
"2026-10-05","6703340843","8804645005350","38813491","맥널티 홀빈 원두 1KG, 브라질 산토스 내추럴, 1개","87149809753","맥널티커피 브라질 산토스 내추럴 원두,1kg,1kg,2개,2개","NO","Food","Coffee & Tea","원두","맥널티커피","55680","2","0","22728","54680","0","1000","0","55680","2","27840.0","1","1","55680.0","100.0","1","1","0","0.0"
"2026-10-05","7010199440","18804645006538","36829225","맥널티 제로칼로리 청포도 아이스티 500mlx24입,","87149815905","맥널티커피 제로 청포도 아이스티,500ml,500ml,48개,48개","NO","Food","Drinks","차음료","맥널티커피","35800","2","0","24410","35080","0","720","0","35800","2","17900.0","1","1","35800.0","0.0","0","1","0","0.0"
"2026-10-05","7560423269","8804645006852","38919334","맥널티 에티오피아 예가체프 홀빈 원두, 1kg, 1개","87160473940","맥널티커피 에티오피아 예가체프 원두,홀빈(분쇄안함),홀빈(분쇄안함),1kg,1kg,1개,1개","NO","Food","Coffee & Tea","원두","맥널티커피","54340","2","0","32728","53440","0","900","0","54340","2","27170.0","2","2","27170.0","4.651162790697675","43","2","0","0.0"
"2026-10-05","7747172789","8804645006890","38933766","맥널티커피 스테비아 디카페인 커피믹스, 1개, 100개입 9.5g","87163172745","맥널티커피 스테비아 디카페인 커피믹스,9.5g,9.5g,100개입,100개입,1개,1개","NO","Food","Coffee & Tea","커피믹스","맥널티커피","1080590","43","2","777612","1046167","34423","0","0","50260","2","25130.0","44","44","24558.863636363636","8.94308943089431","492","43","3","5.0"
"2026-10-05","7583747209","8804645006906","39149735","맥널티 스테비아 제로슈가 호두 아몬드 율무차, 1개, 30개입, 450g","87227285583","맥널티커피 스테비아 제로슈가 호두 아몬드 율무차,1개,1개,30개입,30개입,15g,15g","NO","Food","Coffee & Tea","율무/견과차","맥널티커피","71400","6","0","40890","69960","0","1440","0","71400","6","11900.0","6","6","11900.0","14.285714285714285","42","6","0","0.0"
"2026-10-05","7612947477","8804645006708","39616646","맥널티 게이샤 블렌드 커피 원두, 홀빈(분쇄안함), 500g, 1개","87417692671","맥널티커피 게이샤 블렌드 커피 원두,홀빈(분쇄안함),홀빈(분쇄안함),500g,500g,1개,1개","NO","Food","Coffee & Tea","원두","맥널티커피","19590","1","0","11400","19200","0","390","0","19590","1","19590.0","1","1","19590.0","6.666666666666667","15","1","1","5.0"
"2026-10-05","7679449609","8804645006937","39616645","맥널티 시그니처 디카페인 커피 원두, 홀빈(분쇄안함), 500g, 1개","87417692694","맥널티커피 시그니처 디카페인 커피 원두,홀빈(분쇄안함),홀빈(분쇄안함),500g,500g,1개,1개","NO","Food","Coffee & Tea","원두","맥널티커피","86120","4","0","50180","84400","0","1720","0","86120","4","21530.0","4","4","21530.0","30.76923076923077","13","4","0","0.0"
"2026-10-05","7612947477","8804645006708","39616646","맥널티 게이샤 블렌드 커피 원두, 홀빈(분쇄안함), 500g, 1개","87479322633","맥널티커피 게이샤 블렌드 커피 원두,홀빈(분쇄안함),홀빈(분쇄안함),500g,500g,2개,2개","NO","Food","Coffee & Tea","원두","맥널티커피","57800","4","0","45600","55800","0","2000","0","57800","4","14450.0","2","2","28900.0","25.0","8","2","0","0.0"
"2026-10-05","7612947135","8804645006685","39616647","맥널티 하와이안 코나 블렌드 커피 원두, 홀빈(분쇄안함), 500g, 1개","87479323095","맥널티커피 하와이안 코나 블렌드 커피 원두,홀빈(분쇄안함),홀빈(분쇄안함),500g,500g,2개,2개","NO","Food","Coffee & Tea","원두","맥널티커피","144500","10","0","114000","141500","0","3000","0","144500","10","14450.0","3","3","48166.666666666664","20.0","15","5","1","5.0"
"2026-10-05","7424862697","18804645006835","40520042","맥널티커피 복숭아 아이스티 제로 RTD, 30개, 240ml","87796328234","맥널티커피 복숭아 아이스티 제로 RTD,240ml,240ml,30개,30개","NO","Food","Drinks","차음료","맥널티커피","37220","2","0","17590","37220","0","0","0","0","0","18610.0","2","2","18610.0","16.666666666666664","12","2","0","0.0"
"2026-10-05","7735491631","8804645006029","26477367","맥널티 리얼 에스프레소샷 블랙 액상스틱커피 15mlx30개입","87867002694","맥널티커피 리얼 에스프레소 샷 블랙 액상 스틱 커피,15ml,15ml,30개입,30개입,2개,2개","YES","Food","Coffee & Tea","원두커피믹스","맥널티커피","29600","2","0","14776","29600","0","0","0","0","0","14800.0","1","1","29600.0","0.0","0","1","0","0.0"
"2026-10-05","7424862697","18804645006835","40520042","맥널티커피 복숭아 아이스티 제로 RTD, 30개, 240ml","87875612097","맥널티커피 복숭아 아이스티 제로 RTD,240ml,240ml,60개,60개","NO","Food","Drinks","차음료","맥널티커피","37220","2","0","17590","37220","0","0","0","0","0","18610.0","1","1","37220.0","50.0","2","1","0","0.0"
"2026-10-05","7747172789","8804645006777","40806729","맥널티 스테비아 디카페인 커피믹스, 1개, 30개입, 285g","87921375710","맥널티커피 스테비아 디카페인 커피믹스,9.5g,9.5g,30개입,30개입,1개,1개","NO","Food","Coffee & Tea","커피믹스","맥널티커피","212520","21","1","133035","212520","0","0","0","0","0","10120.0","22","22","9660.0","9.12863070539419","241","21","4","4.0"
"2026-10-05","7747172789","8804645006777","40806729","맥널티 스테비아 디카페인 커피믹스, 1개, 30개입, 285g","87980929557","맥널티커피 스테비아 디카페인 커피믹스,9.5g,9.5g,30개입,30개입,2개,2개","NO","Food","Coffee & Tea","커피믹스","맥널티커피","71600","8","0","50680","70160","0","1440","0","71600","8","8950.0","4","4","17900.0","50.0","8","4","0","0.0"
"2026-10-05","7743812297","8804645006951","41175263","맥널티커피 스테비아 꿀 유자차, 1개, 30개입, 450g","88083709912","맥널티커피 스테비아 꿀 유자차,15g,15g,30개입,30개입,1개,1개","NO","Food","Coffee & Tea","기타전통차","맥널티커피","59500","5","0","36940","58300","0","1200","0","59500","5","11900.0","5","5","11900.0","8.928571428571429","56","5","0","0.0"
"2026-10-05","7743812297","8804645006951","41175263","맥널티커피 스테비아 꿀 유자차, 1개, 30개입, 450g","88115662277","맥널티커피 스테비아 꿀 유자차,15g,15g,30개입,30개입,2개,2개","NO","Food","Coffee & Tea","기타전통차","맥널티커피","23800","2","0","14776","23320","0","480","0","23800","2","11900.0","1","1","23800.0","20.0","5","1","0","0.0"
"2026-10-05","7592895409","8804645003653","41391235","맥널티 행복을주는커피 시그니처 블렌드 핸드드립 커피 20개입, 1개, 8g","88182430243","맥널티커피 행복을 주는 시그니처 블렌드 핸드드립 커피,8g,8g,20개입,20개입,1개,1개","NO","Food","Coffee & Tea","드립백/티백","맥널티커피","249900","21","1","142695","233700","6000","9600","0","238000","20","11900.0","19","19","13152.631578947368","14.17910447761194","134","21","1","3.0"
"2026-10-05","7851778797","8804645100208","45570","맥널티_헤이즐넛원두분쇄커피_226G","88459776890","맥널티커피 리치 헤이즐넛향 분쇄 원두 핸드드립,226g,226g,1개,1개,핸드드립,핸드드립","YES","Food","Coffee & Tea","원두","맥널티커피","29400","3","0","14976","28800","0","600","0","29400","3","9800.0","3","3","9800.0","20.0","15","3","0","0.0"
"2026-10-05","7852071135","8804645006340","34834818","맥널티 스테비아 제로슈가 핫초코 라떼 30개입 15g","88460879867","맥널티커피 스테비아 제로슈가 핫초코 라떼,15g,15g,30개입,30개입,1개,1개","YES","Food","Coffee & Tea","라떼분말","맥널티커피","12790","1","0","7500","12790","0","0","0","0","0","12790.0","1","1","12790.0","3.7037037037037033","27","1","0","0.0"
"2026-10-05","7863543179","8804645006067","25240400","맥널티 스테비아 커피믹스 100개입","88808534284","맥널티커피 스테비아 커피믹스,9.5g,9.5g,100개입,100개입,2개,2개","NO","Food","Coffee & Tea","커피믹스","맥널티커피","168000","8","0","103680","164640","0","3360","0","168000","8","21000.0","4","4","42000.0","50.0","8","4","0","0.0"
"2026-10-05","7973231891","8804645006890","38933766","맥널티커피 스테비아 디카페인 커피믹스, 1개, 100개입 9.5g","89137626129","맥널티커피 스테비아 디카페인 커피믹스,9.5g,9.5g,100개입,100개입,1개,1개","YES","Food","Coffee & Tea","커피믹스","맥널티커피","75390","3","0","54252","75390","0","0","0","0","0","25130.0","3","3","25130.0","16.666666666666664","18","3","0","0.0"
"2026-10-05","7973231936","8804645006777","40806729","맥널티 스테비아 디카페인 커피믹스, 1개, 30개입, 285g","89137626209","맥널티커피 스테비아 디카페인 커피믹스,9.5g,9.5g,30개입,30개입,1개,1개","YES","Food","Coffee & Tea","커피믹스","맥널티커피","20240","2","0","12670","20240","0","0","0","0","0","10120.0","2","2","10120.0","25.0","8","2","0","0.0"
"2026-10-05","7973231936","8804645006777","40806729","맥널티 스테비아 디카페인 커피믹스, 1개, 30개입, 285g","89137626225","맥널티커피 스테비아 디카페인 커피믹스,9.5g,9.5g,30개입,30개입,2개,2개","YES","Food","Coffee & Tea","커피믹스","맥널티커피","17900","2","0","12670","17540","0","360","0","17900","2","8950.0","1","1","17900.0","100.0","1","1","0","0.0"
"2026-10-05","8267608006","8804645007071","45580036","맥널티 청매실 에이드 190ml*10개입","89717767133","맥널티커피 청매실 에이드,190ml,190ml,10개,10개","NO","Food","Drinks","과일음료","맥널티커피","18000","3","0","10458","18000","0","0","0","0","0","6000.0","3","3","6000.0","33.33333333333333","9","3","0","0.0"
"2026-10-05","8087407248","8804645007118","46534985","아이브루 플러스 디카페인 아메리카노 블랙커피, 1개, 80개입, 80g","90042179336","아이브루 플러스 디카페인 블랙커피,1g,1g,80개입,80개입,1개,1개","NO","Food","Coffee & Tea","원두커피믹스","아이브루","0","0","1","0","0","0","0","0","0","0","0.0","1","1","0.0","3.225806451612903","31","0","3","4.7"
"2026-10-05","8135360870","8804645006067","25240400","맥널티 스테비아 커피믹스 100개입","90141923560","맥널티커피 스테비아 커피믹스,9.5g,9.5g,100개입,100개입,1개,1개","YES","Food","Coffee & Tea","커피믹스","맥널티커피","189000","9","0","116640","185220","0","3780","0","189000","9","21000.0","9","9","21000.0","15.789473684210526","57","9","1","5.0"
"2026-10-05","8103370411","8804645007187","47303765","산양유 단백질 프로틴 스테비아 커피믹스, 1개, 100개입, 1000g","90271918990","맥널티커피 산양유 단백질 스테비아 커피믹스,10g,10g,100개입,100개입,1개,1개","NO","Food","Coffee & Tea","커피믹스","맥널티커피","469350","15","0","299820","469350","0","0","0","0","0","31290.0","15","15","31290.0","4.62962962962963","324","15","0","0.0"
"2026-10-05","8179322743","8804645007255","48074658","맥널티 콜롬비아 안데스 분쇄 원두 커피, 1개, 500g","90530021252","맥널티커피 콜롬비아 안데스 싱글 오리진 분쇄 원두 커피,에스프레소,에스프레소,500g,500g,1개,1개","NO","Food","Coffee & Tea","원두","맥널티커피","15900","1","0","9986","15900","0","0","0","0","0","15900.0","1","1","15900.0","5.555555555555555","18","1","0","0.0"
"2026-10-05","8179325783","8804645007231","48074659","맥널티 에티오피아 예가체프 분쇄 원두 커피, 1개, 500g","90530021267","맥널티커피 에티오피아 예가체프 싱글 오리진 분쇄 원두 커피,에스프레소,에스프레소,500g,500g,1개,1개","NO","Food","Coffee & Tea","원두","맥널티커피","174900","11","0","109846","171380","0","3520","0","174900","11","15900.0","11","11","15900.0","20.0","55","11","1","5.0"
"2026-10-05","8200404313","18804645007290","48466205","맥널티 대용량 제로슈가 스테비아 믹스커피 음료, 12개, 1L","90674710122","맥널티커피 스테비아 커피믹스,1L,1L,12개,12개","NO","Food","Drinks","커피음료","맥널티커피","393600","16","0","273072","378600","0","15000","0","369000","15","24600.0","16","16","24600.0","22.535211267605636","71","16","0","0.0"
"2026-10-05","8316137975","8804645005862","24695531","아이스 아메리카노 스위트 190mL 10팩","91021028383","맥널티커피 아이스 아메리카노 스위트,190ml,190ml,10개,10개","YES","Food","Drinks","커피음료","맥널티커피","18000","4","1","13944","18000","0","0","0","0","0","4500.0","5","5","3600.0","6.329113924050633","79","4","0","0.0"
"2026-10-05","8316138028","8804645005879","24695530","아이스 헤이즐넛향 커피 190mL 10팩","91021028482","맥널티커피 아이스 헤이즐넛향 커피,190ml,190ml,10개,10개","YES","Food","Drinks","커피음료","맥널티커피","12240","2","0","6972","12240","0","0","0","0","0","6120.0","2","2","6120.0","18.181818181818183","11","2","0","0.0"
"2026-10-05","8316138479","8804645005893","24752132","청포도 에이드 190mL 10팩","91021029561","맥널티커피 청포도 에이드,190ml,190ml,10개,10개","YES","Food","Drinks","과일음료","맥널티커피","4900","1","0","3486","4900","0","0","0","0","0","4900.0","1","1","4900.0","20.0","5","1","0","0.0"
"2026-10-05","8333669580","8804645007347","51164938","스테비아 단백질 고구마 크림 라떼, 1개, 20개입, 18g","91191267906","맥널티커피 스테비아 단백질 고구마 크림 라떼,1개,1개,20개입,20개입,18g,18g","NO","Food","Coffee & Tea","라떼분말","맥널티커피","21000","2","0","11700","21000","0","0","0","0","0","10500.0","2","2","10500.0","25.0","8","2","0","0.0"
"2026-10-05","8421603857","8804645000348","3067433","산지별 에티오피아 코케 허니 핸드드립커피 7개입","91374530029","맥널티커피 에티오피아 코케 허니 핸드드립 원두,8g,8g,7개입,7개입,1개,1개","YES","Food","Coffee & Tea","드립백/티백","맥널티커피","5870","1","0","2910","5870","0","0","0","0","0","5870.0","1","1","5870.0","11.11111111111111","9","1","0","0.0"
"2026-10-05","8421604001","8804645000355","3067430","산지별 케냐 AA 핸드드립커피 7개입","91374530339","맥널티커피 케냐 AA 핸드드립 원두커피,8g,8g,7개입,7개입,1개,1개","YES","Food","Coffee & Tea","드립백/티백","맥널티커피","5980","1","0","3062","5980","0","0","0","0","0","5980.0","1","1","5980.0","25.0","4","1","0","0.0"
"2026-10-05","8421604122","8804645000720","10003518","케냐 AA 핸드드립 블렌드 24개입","91374530612","맥널티커피 케냐 AA 핸드드립 원두커피,8g,8g,24개입,24개입,1개,1개","YES","Food","Coffee & Tea","드립백/티백","맥널티","14160","1","0","6797","14160","0","0","0","0","0","14160.0","1","1","14160.0","8.333333333333332","12","1","0","0.0"
"2026-10-05","8421604212","8804645003226","11019883","맥널티 아이브루 모카 블랙 200T","91374530834","맥널티커피 아이브루 모카 블랙 원두커피믹스,200개입,200개입,1개,1개,1g,1g","YES","Food","Coffee & Tea","원두커피믹스","맥널티커피","20560","1","0","11687","20560","0","0","0","0","0","20560.0","1","1","20560.0","100.0","1","1","0","0.0"
"2026-10-05","8421604411","8804645000331","3067434","산지별 에티오피아 예가체프 핸드드립커피 7개입","91374531204","맥널티커피 에티오피아 예가체프 G2 핸드드립 원두,8g,8g,7개입,7개입,1개,1개","YES","Food","Coffee & Tea","드립백/티백","맥널티커피","5900","1","0","3184","5900","0","0","0","0","0","5900.0","1","1","5900.0","20.0","5","1","0","0.0"
"2026-10-05","8421635713","8804645005350","38813491","맥널티 홀빈 원두 1KG, 브라질 산토스 내추럴, 1개","91374643183","맥널티커피 브라질 산토스 내추럴 원두,홀빈(분쇄안함),홀빈(분쇄안함),1kg,1kg,1개,1개","YES","Food","Coffee & Tea","원두","맥널티커피","27840","1","0","11364","27290","0","550","0","27840","1","27840.0","1","1","27840.0","20.0","5","1","0","0.0"
"2026-10-05","8421635816","8804645006913","39149736","맥널티 스테비아 침향 쌍화차, 1개, 30개입, 450g","91374643391","맥널티커피 스테비아 침향 쌍화차,15g,15g,30개입,30개입,1개,1개","YES","Food","Coffee & Tea","기타전통차","맥널티커피","35700","3","0","25608","35220","0","480","0","35700","3","11900.0","2","2","17850.0","13.333333333333334","15","3","0","0.0"
"2026-10-05","8421637007","8804645007255","48074658","맥널티 콜롬비아 안데스 분쇄 원두 커피, 1개, 500g","91374645669","맥널티커피 콜롬비아 안데스 싱글 오리진 분쇄 원두 커피,1개,1개,500g,500g","YES","Food","Coffee & Tea","원두","맥널티커피","31800","2","0","19972","31160","0","640","0","31800","2","15900.0","2","2","15900.0","28.57142857142857","7","2","0","0.0"
"2026-10-05","8421637095","8804645007262","48074657","맥널티 브라질 세라도 분쇄 원두 커피, 1개, 500g","91374645856","맥널티커피 브라질 세라도 싱글 오리진 분쇄 원두 커피,1개,1개,500g,500g","YES","Food","Coffee & Tea","원두","맥널티커피","-15900","-1","1","-9395","-15900","0","-320","0","0","0","15900.0","0","0","0.0","0.0","0","-1","0","0.0"
"2026-10-05","8200404313","8804645007323","54922706","맥널티 대용량 제로슈가 스테비아 믹스커피 음료, 1L, 6개","91673775388","맥널티커피 스테비아 커피믹스,1L,1L,6개,6개","NO","Food","Drinks","커피음료","맥널티커피","1122300","87","4","766035","1098248","2472","20540","0","1057800","82","12900.0","91","90","12470.0","4.187758858720662","2173","87","7","5.0"
"2026-10-05","8200404313","8804645007323","54922706","맥널티 대용량 제로슈가 스테비아 믹스커피 음료, 1L, 6개","91678989988","맥널티커피 스테비아 커피믹스,1L,1L,18개,18개","NO","Food","Drinks","커피음료","맥널티커피","36900","3","0","26415","21482","14178","1240","0","36900","3","12300.0","1","1","36900.0","20.0","5","1","0","0.0"
"2026-10-05","8556802120","8804645007484","56214467","맥널티커피 아이브루 카라멜 마끼아또, 12g x 100개입(스틱), 1200g , 1개","91881316191","맥널티커피 아이브루 카라멜 마끼아또 커피믹스,1개,1개,100개입,100개입,12g,12g","NO","Food","Coffee & Tea","커피믹스","맥널티커피","202560","12","0","150516","202560","0","0","0","0","0","16880.0","12","12","16880.0","9.448818897637794","127","12","2","5.0"
"2026-10-05","8556799790","8804645007460","56214466","맥널티커피 아이브루 바닐라 라떼,12g x 100개입(스틱), 1200g , 1개","91881316202","맥널티커피 아이브루 바닐라 라떼 커피믹스,1개,1개,100개입,100개입,12g,12g","NO","Food","Coffee & Tea","커피믹스","맥널티커피","132300","7","0","87801","129640","0","2660","0","132300","7","18900.0","7","7","18900.0","6.666666666666667","105","7","1","5.0"
"2026-10-05","8664736540","8804645007453","56760693","아이브루 플러스 디카페인 블랙커피 헤이즐넛향 (1g x 80개입), 1개","91973223860","아이브루 플러스 디카페인 헤이즐넛향 블랙커피 원두커피믹스,1g,1g,80개입,80개입,1개,1개","NO","Food","Coffee & Tea","원두커피믹스","아이브루","799350","73","3","581153","797831","1519","0","0","10950","1","10950.0","75","74","10802.027027027027","9.740259740259742","770","73","5","4.2"
"2026-10-05","8664736540","8804645007453","56760693","아이브루 플러스 디카페인 블랙커피 헤이즐넛향 (1g x 80개입), 1개","91979411137","아이브루 플러스 디카페인 헤이즐넛향 블랙커피 원두커피믹스,1g,1g,80개입,80개입,2개,2개","NO","Food","Coffee & Tea","원두커피믹스","아이브루","43800","4","0","31844","43800","0","0","0","0","0","10950.0","2","2","21900.0","13.333333333333334","15","2","0","0.0"
"2026-10-05","8784725489","8804645007590","58338694","티브루 보리차 원액 간편 액상스틱 진액, 30개, 10ml","92219561450","맥널티커피 티브루 보리차 진액,10ml,10ml,30개,30개","NO","Food","Drinks","농축액(음료베이스)","맥널티","292680","36","2","190296","284680","8000","0","0","8130","1","8130.0","38","37","7910.27027027027","8.425720620842572","451","36","1","3.0"
"2026-10-05","8678251986","8804645007613","58338696","티브루 헛개수 원액 간편 액상스틱 진액, 30개, 10ml","92219561465","맥널티 티브루 헛개차 진액,30개,30개,10ml,10ml","NO","Food","Drinks","농축액(음료베이스)","맥널티","213840","24","0","126408","205840","8000","0","0","8910","1","8910.0","24","24","8910.0","16.3265306122449","147","24","3","4.3"
"2026-10-05","8796750875","8804645007606","58338695","티브루 옥수수수염차 원액 간편 액상스틱 진액, 30개, 10ml","92219561488","맥널티 티브루 옥수수수염차 진액 액상스틱,10ml,10ml,30개,30개","NO","Food","Drinks","농축액(음료베이스)","맥널티","105690","13","2","68640","105690","0","0","0","0","0","8130.0","15","15","7046.0","11.11111111111111","135","13","3","4.7"
"2026-10-05","8784725489","8804645007590","58338694","티브루 보리차 원액 간편 액상스틱 진액, 30개, 10ml","92228103770","맥널티커피 티브루 보리차 진액,10ml,10ml,90개,90개","NO","Food","Drinks","농축액(음료베이스)","맥널티","21690","3","0","15858","21690","0","0","0","0","0","7230.0","1","1","21690.0","100.0","1","1","0","0.0"
"2026-10-05","8796750875","8804645007606","58338695","티브루 옥수수수염차 원액 간편 액상스틱 진액, 30개, 10ml","92228103775","맥널티 티브루 옥수수수염차 진액 액상스틱,10ml,10ml,60개,60개","NO","Food","Drinks","농축액(음료베이스)","맥널티","58800","8","0","42240","48800","10000","0","0","14700","2","7350.0","4","4","14700.0","23.52941176470588","17","4","1","5.0"
"2026-10-05","8678251986","8804645007613","58338696","티브루 헛개수 원액 간편 액상스틱 진액, 30개, 10ml","92228103836","맥널티 티브루 헛개차 진액,120개,120개,10ml,10ml","NO","Food","Drinks","농축액(음료베이스)","맥널티","64480","8","0","42136","64480","0","0","0","0","0","8060.0","2","2","32240.0","66.66666666666666","3","2","0","0.0"
"2026-10-05","8678251986","8804645007613","58338696","티브루 헛개수 원액 간편 액상스틱 진액, 30개, 10ml","92228103844","맥널티 티브루 헛개차 진액,90개,90개,10ml,10ml","NO","Food","Drinks","농축액(음료베이스)","맥널티","26080","3","0","15801","26080","0","0","0","0","0","8693.333333333334","1","1","26080.0","12.5","8","1","1","5.0"
"2026-10-05","8678251986","8804645007613","58338696","티브루 헛개수 원액 간편 액상스틱 진액, 30개, 10ml","92228103864","맥널티 티브루 헛개차 진액,60개,60개,10ml,10ml","NO","Food","Drinks","농축액(음료베이스)","맥널티","139120","16","0","84272","139120","0","0","0","0","0","8695.0","8","7","19874.285714285714","34.78260869565217","23","8","1","5.0"
"2026-10-05","8784725489","8804645007590","58338694","티브루 보리차 원액 간편 액상스틱 진액, 30개, 10ml","92228103875","맥널티커피 티브루 보리차 진액,10ml,10ml,60개,60개","NO","Food","Drinks","농축액(음료베이스)","맥널티","166210","22","0","116292","166210","0","0","0","0","0","7555.0","10","10","16621.0","30.303030303030305","33","11","1","5.0"
"2026-10-05","8179322743","8804645007552","58681130","콜롬비아 안데스 오리진 분쇄 커피 원두 1개 226g 핸드드립","92277741986","맥널티커피 콜롬비아 안데스 오리진 분쇄 커피 원두,핸드드립(중간),핸드드립(중간),226g,226g,1개,1개","NO","Food","Coffee & Tea","원두","맥널티커피","-12500","-1","1","-7159","-12500","0","-250","0","0","0","12500.0","0","0","0.0","0.0","1","-1","0","0.0"
"2026-10-05","8700740916","8804645007545","58681131","브라질 산토스 오리진 분쇄 커피 원두, 226g, 1개, 핸드드립","92277741990","맥널티커피 브라질 산토스 오리진 분쇄 커피 원두,226g,226g,1개,1개,핸드드립(중간),핸드드립(중간)","NO","Food","Coffee & Tea","원두","맥널티커피","62500","5","0","35795","61250","0","1250","0","62500","5","12500.0","5","5","12500.0","6.493506493506493","77","5","0","0.0"
"2026-10-05","8700740916","8804645007545","58681131","브라질 산토스 오리진 분쇄 커피 원두, 226g, 1개, 핸드드립","92285042205","맥널티커피 브라질 산토스 오리진 분쇄 커피 원두,226g,226g,2개,2개,핸드드립(중간),핸드드립(중간)","NO","Food","Coffee & Tea","원두","맥널티커피","25000","2","0","14318","24500","0","500","0","25000","2","12500.0","1","1","25000.0","33.33333333333333","3","1","0","0.0"
"2026-10-05","8700683809","8804645007538","58765770","디카페인 헤이즐넛향 분쇄 커피 원두, 1개, 226g, 핸드드립","92290392544","맥널티커피 디카페인 헤이즐넛향 분쇄 원두 커피,1개,1개,226g,226g,핸드드립(중간),핸드드립(중간)","NO","Food","Coffee & Tea","원두","맥널티커피","162000","12","0","96216","158760","0","3240","0","162000","12","13500.0","12","12","13500.0","12.631578947368421","95","12","0","0.0"
"2026-10-05","7612947477","8804645007514","58765769","게이샤 블렌드 분쇄 커피 원두, 1개, 226g, 핸드드립","92290392600","맥널티커피 게이샤 블렌드 분쇄 원두 커피,핸드드립(중간),핸드드립(중간),226g,226g,1개,1개","NO","Food","Coffee & Tea","원두","맥널티커피","26000","2","0","15464","25480","0","520","0","26000","2","13000.0","2","2","13000.0","1.7543859649122806","114","2","1","5.0"
"2026-10-05","7612947477","8804645007514","58765769","게이샤 블렌드 분쇄 커피 원두, 1개, 226g, 핸드드립","92296505929","맥널티커피 게이샤 블렌드 분쇄 원두 커피,핸드드립(중간),핸드드립(중간),226g,226g,2개,2개","NO","Food","Coffee & Tea","원두","맥널티커피","26000","2","0","15464","25480","0","520","0","26000","2","13000.0","1","1","26000.0","100.0","1","1","0","0.0"
"2026-10-05","8700683809","8804645007538","58765770","디카페인 헤이즐넛향 분쇄 커피 원두, 1개, 226g, 핸드드립","92296505933","맥널티커피 디카페인 헤이즐넛향 분쇄 원두 커피,2개,2개,226g,226g,핸드드립(중간),핸드드립(중간)","NO","Food","Coffee & Tea","원두","맥널티커피","81000","6","0","48108","79380","0","1620","0","81000","6","13500.0","3","3","27000.0","37.5","8","3","0","0.0"
"2026-10-05","7612947135","8804645007521","58850533","하와이안 코나 블렌드 분쇄 커피 원두, 1개, 226g, 핸드드립","92306876899","맥널티커피 하와이안 코나 블렌드 분쇄 커피 원두,핸드드립(중간),핸드드립(중간),226g,226g,1개,1개","NO","Food","Coffee & Tea","원두","맥널티커피","52000","4","1","30928","50700","0","1040","0","52000","4","13000.0","5","5","10400.0","2.3696682464454977","211","4","0","0.0"
"2026-10-05","7612947135","8804645007521","58850533","하와이안 코나 블렌드 분쇄 커피 원두, 1개, 226g, 핸드드립","92314420187","맥널티커피 하와이안 코나 블렌드 분쇄 커피 원두,핸드드립(중간),핸드드립(중간),226g,226g,2개,2개","NO","Food","Coffee & Tea","원두","맥널티커피","78000","6","0","46392","76440","0","1560","0","78000","6","13000.0","3","3","26000.0","75.0","4","3","0","0.0"
"2026-10-05","8200404313","18804645007290","48466205","맥널티 대용량 제로슈가 스테비아 믹스커피 음료, 12개, 1L","92418183676","맥널티커피 스테비아 커피믹스,1L,1L,24개,24개","NO","Food","Drinks","커피음료","맥널티커피","147600","6","0","102402","140130","0","7470","0","147600","6","24600.0","3","3","49200.0","25.0","12","3","0","0.0"
"2026-10-05","8288508361","8804645006395","36903434","맥널티 아이브루 플러스 헤이즐넛 블랙커피 100개입","92556294543","아이브루 플러스 공정무역 헤이즐넛 블랙커피,1g,1g,100개입,100개입,3개,3개","NO","Food","Coffee & Tea","원두커피믹스","아이브루","85860","9","0","68607","85860","0","0","0","0","0","9540.0","3","3","28620.0","0.0","0","3","0","0.0"
"2026-10-05","7757594782","8804645006302","10147177","맥널티 홀빈 블루마운틴 1000g","92556407790","맥널티 홀빈 블루마운틴,홀빈(분쇄안함),홀빈(분쇄안함),1kg,1kg,3개,3개","NO","Food","Coffee & Tea","원두","맥널티커피","80700","3","0","47145","66700","14000","0","0","80700","3","26900.0","1","1","80700.0","33.33333333333333","3","1","0","0.0"
"2026-10-05","8799006004","8804645005350","38813491","맥널티 홀빈 원두 1KG, 브라질 산토스 내추럴, 1개","92609181836","맥널티커피 브라질 산토스 내추럴 원두,1kg,1kg,1개,1개","NO","Food","Coffee & Tea","원두","맥널티커피","55680","2","0","22728","55130","0","550","0","55680","2","27840.0","1","1","55680.0","100.0","1","2","0","0.0"
"2026-10-05","8814767699","8804645007453","56760693","아이브루 플러스 디카페인 블랙커피 헤이즐넛향 (1g x 80개입), 1개","92672212799","아이브루 플러스 디카페인 헤이즐넛향 블랙커피 원두커피믹스,1g,1g,80개입,80개입,1개,1개","YES","Food","Coffee & Tea","원두커피믹스","아이브루","21900","2","0","15922","21900","0","0","0","0","0","10950.0","2","2","10950.0","16.666666666666664","12","2","1","5.0"
"2026-10-05","8678251986","8804645007613","58338696","티브루 헛개수 원액 간편 액상스틱 진액, 30개, 10ml","92680979768","맥널티 티브루 헛개차 진액,150개,150개,10ml,10ml","NO","Food","Drinks","농축액(음료베이스)","맥널티","40300","5","0","26335","5300","35000","0","0","40300","5","8060.0","1","1","40300.0","0.0","0","1","0","0.0"
"2026-10-05","8157289284","8804645006739","61673272","맥널티커피 복숭아 아이스티 제로, 1.5L, 1개","92867142451","맥널티커피 복숭아 아이스티 제로,1.5L,1.5L,4개,4개","NO","Food","Drinks","차음료","맥널티커피","8800","4","0","5456","8620","0","180","0","8800","4","2200.0","1","1","8800.0","12.5","8","1","0","0.0"
"2026-10-05","8157289284","8804645006739","61673272","맥널티커피 복숭아 아이스티 제로, 1.5L, 1개","92867142466","맥널티커피 복숭아 아이스티 제로,1.5L,1.5L,3개,3개","NO","Food","Drinks","차음료","맥널티커피","85800","39","3","53196","83840","0","1820","0","85800","39","2200.0","14","14","6128.571428571428","22.950819672131146","61","13","2","5.0"
"2026-10-05","8157289284","8804645006739","61673272","맥널티커피 복숭아 아이스티 제로, 1.5L, 1개","92867142467","맥널티커피 복숭아 아이스티 제로,1.5L,1.5L,5개,5개","NO","Food","Drinks","차음료","맥널티커피","33000","15","0","20460","32340","0","660","0","33000","15","2200.0","3","3","11000.0","60.0","5","3","0","0.0"
"2026-10-05","8157289284","8804645006739","61673272","맥널티커피 복숭아 아이스티 제로, 1.5L, 1개","92867142468","맥널티커피 복숭아 아이스티 제로,1.5L,1.5L,6개,6개","NO","Food","Drinks","차음료","맥널티커피","211200","96","0","130944","208230","0","2970","0","211200","96","2200.0","11","11","19200.0","23.91304347826087","46","16","0","0.0"
"2026-10-05","8939057954","8804645007620","62672352","맥널티 아이브루 플러스 스위트 블랙 원두커피믹스 80개입 2.8g","93118697467","맥널티커피 아이브루 플러스 스위트 블랙 원두커피믹스,2.8g,2.8g,80개입,80개입,1개,1개","NO","Food","Coffee & Tea","원두커피믹스","맥널티커피","91490","7","0","55727","91490","0","0","0","0","0","13070.0","7","7","13070.0","3.977272727272727","176","7","0","0.0"
"2026-10-05","8288498794","8804645006920","62821923","맥널티 핸드드립 커피 에티오피아 예가체프 8g 24개입 1개","93160224250","맥널티커피 에티오피아 예가체프 핸드드립 커피,8g,8g,24개입,24개입,1개,1개","NO","Food","Coffee & Tea","드립백/티백","맥널티커피","59600","4","0","38716","59600","0","0","0","0","0","14900.0","4","4","14900.0","11.76470588235294","34","4","0","0.0"
"2026-10-05","8943722025","8804645007651","62882483","티브루 보리차 진액, 1개, 400g","93176192108","맥널티 티브루 보리차 진액,1개,1개,400g,400g","NO","Food","Drinks","농축액(음료베이스)","맥널티커피","38700","3","0","23073","37920","0","780","0","38700","3","12900.0","3","3","12900.0","9.67741935483871","31","3","0","0.0"
"2026-10-05","8989425916","8804645005886","24752251","복숭아 아이스티 190mL 10팩","93308132237","맥널티커피 복숭아 아이스 티,190ml,190ml,10개,10개","YES","Food","Drinks","차음료","맥널티커피","6000","1","0","3486","6000","0","0","0","0","0","6000.0","1","1","6000.0","50.0","2","1","1","5.0"
"2026-10-05","8989803786","8804645002861","15720531","콜롬비아 블랙 100개입","93308668047","맥널티커피 콜롬비아 블랙 원두커피믹스,1g,1g,100개입,100개입,1박스,1박스","YES","Food","Coffee & Tea","원두커피믹스","맥널티커피","32700","3","0","19035","32040","0","660","0","32700","3","10900.0","3","3","10900.0","12.5","24","3","0","0.0"
"2026-10-05","8992141532","8804645007637","63447822","스테비아 커피믹스 헤이즐넛향 9.5g 30개입 1개","93318568356","맥널티커피 스테비아 커피믹스 헤이즐넛향,9.5g,9.5g,30개입,30개입,1개,1개","NO","Food","Coffee & Tea","커피믹스","맥널티커피","116550","15","0","72405","116550","0","0","0","0","0","7770.0","15","14","8325.0","7.352941176470589","204","15","2","3.5"
"2026-10-05","8992141532","8804645007637","63447822","스테비아 커피믹스 헤이즐넛향 9.5g 30개입 1개","93325956034","맥널티커피 스테비아 커피믹스 헤이즐넛향,9.5g,9.5g,30개입,30개입,5개,5개","NO","Food","Coffee & Tea","커피믹스","맥널티커피","38850","5","0","24135","38850","0","0","0","0","0","7770.0","1","1","38850.0","50.0","2","1","0","0.0"
"2026-10-05","8992141532","8804645007637","63447822","스테비아 커피믹스 헤이즐넛향 9.5g 30개입 1개","93325956035","맥널티커피 스테비아 커피믹스 헤이즐넛향,9.5g,9.5g,30개입,30개입,3개,3개","NO","Food","Coffee & Tea","커피믹스","맥널티커피","0","0","3","0","0","0","0","0","0","0","0.0","1","1","0.0","11.11111111111111","9","0","0","0.0"
"2026-10-05","8992141532","8804645007637","63447822","스테비아 커피믹스 헤이즐넛향 9.5g 30개입 1개","93325956037","맥널티커피 스테비아 커피믹스 헤이즐넛향,9.5g,9.5g,30개입,30개입,2개,2개","NO","Food","Coffee & Tea","커피믹스","맥널티커피","46620","6","0","28962","46620","0","0","0","0","0","7770.0","3","3","15540.0","17.647058823529413","17","3","0","0.0"
"2026-10-05","8989803786","8804645002861","15720531","콜롬비아 블랙 100개입","93353226572","맥널티커피 콜롬비아 블랙 원두커피믹스,1g,1g,100개입,100개입,2개,2개","YES","Food","Coffee & Tea","원두커피믹스","맥널티커피","19500","2","0","12690","19500","0","0","0","0","0","9750.0","1","1","19500.0","33.33333333333333","3","1","0","0.0"
"2026-10-05","9072225100","8804645007675","64842417","티브루 호박팥차 진액 10ml 30개입 1개","93616956467","맥널티 티브루 호박팥차 진액,1개,1개,30개입,30개입,10ml,10ml","NO","Food","Coffee & Tea","율무/견과차","맥널티","653400","66","1","347292","608330","32670","12200","0","653400","66","9900.0","63","63","10371.42857142857","10.570469798657719","596","66","2","5.0"
"2026-10-05","9074685478","8804645007668","64859139","맥널티 스테비아 솔티드 카라멜 커피믹스 10g 1개 30개입","93626471781","맥널티커피 스테비아 솔티드 카라멜 커피믹스,10g,10g,30개입,30개입,1개,1개","NO","Food","Coffee & Tea","커피믹스","맥널티커피","27930","3","0","17010","27930","0","0","0","0","0","9310.0","3","3","9310.0","3.6585365853658534","82","3","0","0.0"
"2026-10-05","9223273138","8804645007323","54922706","맥널티 대용량 제로슈가 스테비아 믹스커피 음료, 1L, 6개","94224202463","맥널티커피 스테비아 커피믹스,1L,1L,6개,6개","YES","Food","Drinks","커피음료","맥널티커피","25800","2","0","17610","25280","0","520","0","25800","2","12900.0","2","2","12900.0","22.22222222222222","9","2","0","0.0"
"2026-10-05","9223310411","8804645006739","61673272","맥널티커피 복숭아 아이스티 제로, 1.5L, 1개","94224367818","맥널티커피 복숭아 아이스티 제로,1.5L,1.5L,3개,3개","YES","Food","Drinks","차음료","맥널티커피","19800","9","3","12276","19240","0","420","0","19800","9","2200.0","4","4","4950.0","57.14285714285714","7","3","1","5.0"
"2026-10-05","9223310411","8804645006739","61673272","맥널티커피 복숭아 아이스티 제로, 1.5L, 1개","94224368263","맥널티커피 복숭아 아이스티 제로,1.5L,1.5L,6개,6개","YES","Food","Drinks","차음료","맥널티커피","13200","6","0","8184","12930","0","270","0","13200","6","2200.0","1","1","13200.0","33.33333333333333","3","1","0","0.0"
"2026-10-05","9223310411","8804645006739","61673272","맥널티커피 복숭아 아이스티 제로, 1.5L, 1개","94224368460","맥널티커피 복숭아 아이스티 제로,1.5L,1.5L,2개,2개","YES","Food","Drinks","차음료","맥널티커피","35200","16","2","21824","35200","0","0","0","0","0","2200.0","9","8","4400.0","37.5","24","8","1","5.0"
"2026-10-05","9239306730","8804645007781","67975031","호랭이 커피 오곡향 블랙, 1개, 20개입, 1g","94320932954","맥널티커피 호랭이 커피스틱 오곡향 블랙,4개,4개,20개입,20개입,1g,1g","NO","Food","Coffee & Tea","원두커피믹스","맥널티커피","13100","4","4","11224","13100","0","0","0","0","0","3275.0","2","1","13100.0","100.0","2","1","0","0.0"
"2026-10-05","9239306730","8804645007781","67975031","호랭이 커피 오곡향 블랙, 1개, 20개입, 1g","94320932957","맥널티커피 호랭이 커피스틱 오곡향 블랙,6개,6개,20개입,20개입,1g,1g","NO","Food","Coffee & Tea","원두커피믹스","맥널티커피","18900","6","0","16836","18900","0","0","0","0","0","3150.0","1","1","18900.0","3.8461538461538463","26","1","1","5.0"
"2026-10-05","9239306730","8804645007781","67975031","호랭이 커피 오곡향 블랙, 1개, 20개입, 1g","94320932959","맥널티커피 호랭이 커피스틱 오곡향 블랙,2개,2개,20개입,20개입,1g,1g","NO","Food","Coffee & Tea","원두커피믹스","맥널티커피","21900","6","0","16836","21900","0","0","0","0","0","3650.0","3","3","7300.0","8.571428571428571","35","3","1","4.0"
"2026-10-05","9239306730","8804645007781","67975031","호랭이 커피 오곡향 블랙, 1개, 20개입, 1g","94320932978","맥널티커피 호랭이 커피스틱 오곡향 블랙,3개,3개,20개입,20개입,1g,1g","NO","Food","Coffee & Tea","원두커피믹스","맥널티커피","20400","6","0","16836","20400","0","0","0","0","0","3400.0","2","2","10200.0","18.181818181818183","11","2","0","0.0"
"2026-10-05","9223273138","8804645007323","54922706","맥널티 대용량 제로슈가 스테비아 믹스커피 음료, 1L, 6개","94341371323","맥널티커피 스테비아 커피믹스,1L,1L,12개,12개","YES","Food","Drinks","커피음료","맥널티커피","24600","2","0","17610","23600","0","1000","0","24600","2","12300.0","1","1","24600.0","25.0","4","1","0","0.0"
"2026-10-05","9237125577","8804645007729","68147034","베니스브루 스페셜티 핸드드립 가향 커피 쇼콜라 모카, 1개, 7개입, 12g","94363280975","맥널티커피 베니스브루 스페셜티 가향 드립백 커피 쇼콜라 모카,1개,1개,7개입,7개입,12g,12g","NO","Food","Coffee & Tea","드립백/티백","맥널티커피","16560","2","0","10328","16560","0","0","0","0","0","8280.0","2","2","8280.0","6.666666666666667","30","2","0","0.0"
"2026-10-05","8833324061","8804645007491","68778942","아이브루 아메리카노 블랙커피 무라벨 400ML 20개","94529638880","맥널티커피 아이브루 아메리카노 블랙커피 무라벨,400ml,400ml,20개,20개","NO","Food","Drinks","커피음료","맥널티커피","2547900","149","6","1793066","2355344","13756","174000","0","2530800","148","17100.0","151","148","17215.54054054054","11.815336463223787","1278","149","14","4.9"
"2026-10-05","8746655772","18804645007504","68778941","맥널티 아이브루 헤이즐넛향 블랙커피 12개 1L","94529638884","맥널티커피 아이브루 헤이즐넛향 블랙커피,12개,12개,1L,1L","NO","Food","Drinks","커피음료","맥널티커피","488700","27","0","322461","450111","7389","31200","0","488700","27","18100.0","27","27","18100.0","9.574468085106384","282","27","7","3.6"
"2026-10-05","8214108205","18804645007306","68778940","맥널티 아이브루 아메리카노 블랙커피 12개 1L","94529638892","맥널티커피 아이브루 아메리카노 블랙커피,1L,1L,12개,12개","NO","Food","Drinks","커피음료","맥널티커피","2461600","136","2","1630640","2261300","43100","154800","0","2443500","135","18100.0","134","133","18508.27067669173","12.237442922374429","1095","136","12","4.4"
"2026-10-05","8746655772","18804645007504","68778941","맥널티 아이브루 헤이즐넛향 블랙커피 12개 1L","94538485437","맥널티커피 아이브루 헤이즐넛향 블랙커피,24개,24개,1L,1L","NO","Food","Drinks","커피음료","맥널티커피","108600","6","2","71658","99000","0","7200","0","108600","6","18100.0","4","3","36200.0","100.0","4","3","0","0.0"
"2026-10-05","8833324061","8804645007491","68778942","아이브루 아메리카노 블랙커피 무라벨 400ML 20개","94538485465","맥널티커피 아이브루 아메리카노 블랙커피 무라벨,400ml,400ml,60개,60개","NO","Food","Drinks","커피음료","맥널티커피","153900","9","0","108306","143100","0","10800","0","153900","9","17100.0","3","3","51300.0","150.0","2","3","0","0.0"
"2026-10-05","8214108205","18804645007306","68778940","맥널티 아이브루 아메리카노 블랙커피 12개 1L","94538485615","맥널티커피 아이브루 아메리카노 블랙커피,1L,1L,24개,24개","NO","Food","Drinks","커피음료","맥널티커피","337040","20","0","239800","337040","0","0","0","0","0","16852.0","10","10","33704.0","37.03703703703704","27","10","3","5.0"
"2026-10-05","8214108205","18804645007306","68778940","맥널티 아이브루 아메리카노 블랙커피 12개 1L","94538485701","맥널티커피 아이브루 아메리카노 블랙커피,1L,1L,36개,36개","NO","Food","Drinks","커피음료","맥널티커피","151420","9","0","107910","151420","0","0","0","0","0","16824.444444444445","3","3","50473.333333333336","60.0","5","3","1","3.0"
"2026-10-05","8214108205","18804645007306","68778940","맥널티 아이브루 아메리카노 블랙커피 12개 1L","94538485705","맥널티커피 아이브루 아메리카노 블랙커피,1L,1L,48개,48개","NO","Food","Drinks","커피음료","맥널티커피","67130","4","0","47960","59130","8000","0","0","67130","4","16782.5","1","1","67130.0","0.0","0","1","0","0.0"
"2026-10-05","8833324061","8804645007491","68778942","아이브루 아메리카노 블랙커피 무라벨 400ML 20개","94538485746","맥널티커피 아이브루 아메리카노 블랙커피 무라벨,400ml,400ml,80개,80개","NO","Food","Drinks","커피음료","맥널티커피","136800","8","0","96272","127200","0","9600","0","136800","8","17100.0","2","2","68400.0","66.66666666666666","3","2","0","0.0"
"2026-10-05","8833324061","8804645007491","68778942","아이브루 아메리카노 블랙커피 무라벨 400ML 20개","94538485833","맥널티커피 아이브루 아메리카노 블랙커피 무라벨,400ml,400ml,40개,40개","NO","Food","Drinks","커피음료","맥널티커피","478800","28","2","336952","442800","0","33600","0","478800","28","17100.0","15","15","31920.0","53.57142857142857","28","14","2","5.0"
"2026-10-05","8214108205","18804645007306","68778940","맥널티 아이브루 아메리카노 블랙커피 12개 1L","94538485847","맥널티커피 아이브루 아메리카노 블랙커피,1L,1L,60개,60개","NO","Food","Drinks","커피음료","맥널티커피","84450","5","0","59950","84450","0","0","0","0","0","16890.0","1","1","84450.0","50.0","2","1","0","0.0"
"2026-10-05","9334231304","8804645007842","69526598","맥널티 갓성비 제로슈가 커피믹스, 1개, 80개입, 9g","94707153018","맥널티커피 갓성비 제로슈가 커피믹스,1개,1개,80개입,80개입,9g,9g","NO","Food","Coffee & Tea","커피믹스","맥널티커피","403100","29","2","256766","399918","3182","0","0","13900","1","13900.0","31","31","13003.225806451614","6.485355648535565","478","29","4","4.5"
"2026-10-05","9334231304","8804645007842","69526598","맥널티 갓성비 제로슈가 커피믹스, 1개, 80개입, 9g","94716499923","맥널티커피 갓성비 제로슈가 커피믹스,2개,2개,80개입,80개입,9g,9g","NO","Food","Coffee & Tea","커피믹스","맥널티커피","55600","4","0","35416","55600","0","0","0","0","0","13900.0","2","2","27800.0","200.0","1","2","0","0.0"
"2026-10-05","9393910904","8804645007675","64842417","티브루 호박팥차 진액 10ml 30개입 1개","94856748698","맥널티 티브루 호박팥차 진액,2개,2개,30개입,30개입,10ml,10ml","YES","Food","Coffee & Tea","율무/견과차","맥널티","56700","6","2","31572","56700","0","0","0","0","0","9450.0","4","3","18900.0","12.121212121212121","33","3","0","0.0"
"2026-10-05","9393910904","8804645007675","64842417","티브루 호박팥차 진액 10ml 30개입 1개","94856748700","맥널티 티브루 호박팥차 진액,1개,1개,30개입,30개입,10ml,10ml","YES","Food","Coffee & Tea","율무/견과차","맥널티","59400","6","0","31572","58400","0","1000","0","59400","6","9900.0","5","5","11880.0","20.833333333333336","24","6","0","0.0"
"2026-10-05","9398358978","8804645007903","70253954","아이브루 디카페인 아메리카노 블랙커피 무라벨, 20개, 400ml","94890161558","아이브루 디카페인 아메리카노 블랙커피 무라벨,20개,20개,400ml,400ml","NO","Food","Drinks","커피음료","아이브루","732600","37","0","499500","718600","0","14000","0","732600","37","19800.0","35","35","20931.428571428572","5.892255892255893","594","37","5","5.0"
"2026-10-05","9398358978","8804645007903","70253954","아이브루 디카페인 아메리카노 블랙커피 무라벨, 20개, 400ml","94897060778","아이브루 디카페인 아메리카노 블랙커피 무라벨,40개,40개,400ml,400ml","NO","Food","Drinks","커피음료","아이브루","79200","4","0","54000","77600","0","1600","0","79200","4","19800.0","2","2","39600.0","50.0","4","2","0","0.0"
"2026-10-05","9442108303","8804645007897","71115722","호랭이 커피믹스 고소한 오곡향, 1개, 20개입, 9.5g","95077614086","맥널티커피 호랭이 커피믹스 고소한 오곡향,1개,1개,20개입,20개입,9.5g,9.5g","NO","Food","Coffee & Tea","커피믹스","맥널티커피","16500","3","0","8418","16500","0","0","0","0","0","5500.0","3","3","5500.0","3.9473684210526314","76","3","0","0.0"
"2026-10-05","9442108303","8804645007880","71115721","호랭이 커피믹스 고소한 오곡향, 1개, 160개입, 9.5g","95077614088","맥널티커피 호랭이 커피믹스 고소한 오곡향,1개,1개,160개입,160개입,9.5g,9.5g","NO","Food","Coffee & Tea","커피믹스","맥널티커피","143400","6","0","85566","140520","0","2880","0","143400","6","23900.0","6","6","23900.0","2.013422818791946","298","6","1","5.0"
"2026-10-05","9442108303","8804645007897","71115722","호랭이 커피믹스 고소한 오곡향, 1개, 20개입, 9.5g","95085590532","맥널티커피 호랭이 커피믹스 고소한 오곡향,2개,2개,20개입,20개입,9.5g,9.5g","NO","Food","Coffee & Tea","커피믹스","맥널티커피","9800","2","0","5612","9600","0","200","0","9800","2","4900.0","1","1","9800.0","25.0","4","1","0","0.0"
"2026-10-05","9454845088","8804645007873","71629331","맥널티 갓성비 아메리카노 블랙커피, 1개, 100개입, 2g","95157094446","맥널티커피 갓성비 아메리카노 블랙커피,1개,1개,100개입,100개입,2g,2g","NO","Food","Coffee & Tea","원두커피믹스","맥널티커피","1072800","72","0","614448","1054800","18000","0","0","29800","2","14900.0","71","71","15109.859154929578","7.40354535974974","959","72","10","4.8"
"2026-10-05","9470391723","8804645007934","71636537","맥널티 티브루 호박팥차 무라벨, 20개, 500ml","95157268909","맥널티커피 티브루 호박팥차 무라벨,20개,20개,500ml,500ml","NO","Food","Drinks","농축액(음료베이스)","맥널티커피","309600","24","1","211176","309600","0","0","0","0","0","12900.0","24","24","12900.0","6.575342465753424","365","24","3","5.0"
"2026-10-05","9454845088","8804645007873","71629331","맥널티 갓성비 아메리카노 블랙커피, 1개, 100개입, 2g","95163444213","맥널티커피 갓성비 아메리카노 블랙커피,2개,2개,100개입,100개입,2g,2g","NO","Food","Coffee & Tea","원두커피믹스","맥널티커피","207900","14","0","119476","207900","0","0","0","0","0","14850.0","7","7","29700.0","116.66666666666667","6","7","0","0.0"
"2026-10-05","9454845088","8804645007873","71629331","맥널티 갓성비 아메리카노 블랙커피, 1개, 100개입, 2g","95163444238","맥널티커피 갓성비 아메리카노 블랙커피,3개,3개,100개입,100개입,2g,2g","NO","Food","Coffee & Tea","원두커피믹스","맥널티커피","44550","3","0","25602","44550","0","0","0","0","0","14850.0","1","1","44550.0","0.0","0","1","0","0.0"
"2026-10-05","9470391723","8804645007934","71636537","맥널티 티브루 호박팥차 무라벨, 20개, 500ml","95163527415","맥널티커피 티브루 호박팥차 무라벨,60개,60개,500ml,500ml","NO","Food","Drinks","농축액(음료베이스)","맥널티커피","38700","3","0","26397","38700","0","0","0","0","0","12900.0","1","1","38700.0","100.0","1","1","0","0.0"
"2026-10-05","9470391723","8804645007934","71636537","맥널티 티브루 호박팥차 무라벨, 20개, 500ml","95163527425","맥널티커피 티브루 호박팥차 무라벨,40개,40개,500ml,500ml","NO","Food","Drinks","농축액(음료베이스)","맥널티커피","25800","2","0","17598","25800","0","0","0","0","0","12900.0","1","1","25800.0","14.285714285714285","7","1","3","5.0"
"2026-10-05","9244376556","8804645007989","71777603","투비 다크 블랙 블렌드 홀빈 원두 커피, 1kg, 홀빈(분쇄안함), 1개","95182652820","맥널티커피 다크 블랙 원두 블렌드 원두 홀빈,1kg,1kg,1개,1개","NO","Food","Coffee & Tea","원두","맥널티커피","22400","1","0","13115","22010","0","390","0","22400","1","22400.0","1","1","22400.0","4.3478260869565215","23","1","2","3.5"
"2026-10-05","9244376556","8804645007989","71777603","투비 다크 블랙 블렌드 홀빈 원두 커피, 1kg, 홀빈(분쇄안함), 1개","95190563412","맥널티커피 다크 블랙 원두 블렌드 원두 홀빈,1kg,1kg,2개,2개","NO","Food","Coffee & Tea","원두","맥널티커피","41800","2","0","26230","41020","0","780","0","41800","2","20900.0","1","1","41800.0","16.666666666666664","6","1","0","0.0"
"2026-10-05","1942501818","8804645300950","12491225","맥널티 핸드드립 커피필터 30개입","95240550975","맥널티커피  핸드드립 커피필터,30개입,30개입,2개,2개","NO","Kitchen","Tools & Gadgets","커피필터/여과지","맥널티","24990","6","0","16422","24990","0","0","0","0","0","4165.0","3","3","8330.0","25.0","12","3","0","0.0"
"2026-10-05","1942501818","8804645300950","12491225","맥널티 핸드드립 커피필터 30개입","95240551043","맥널티 핸드드립 커피필터 여과지,30개입,30개입,3개,3개","NO","Kitchen","Tools & Gadgets","커피필터/여과지","맥널티","24980","6","0","16422","16980","8000","0","0","12490","3","4163.333333333333","2","2","12490.0","18.181818181818183","11","2","0","0.0"
"2026-10-05","324195553","9311931105162","3067428","인스턴트 병커피 헤이즐넛향 50g","95298805338","프라이빗클럽 헤이즐넛향 병커피 원두커피믹스,50g,50g,1개입,1개입,6개,6개","NO","Food","Coffee & Tea","커피믹스","프라이빗클럽","255600","54","0","124200","250470","0","5130","0","255600","54","4733.333333333333","9","9","28400.0","37.5","24","9","2","5.0"
"2026-10-05","324195553","9311931105162","3067428","인스턴트 병커피 헤이즐넛향 50g","95298805339","프라이빗클럽 맥널티 헤이즐넛향 병커피,50g,50g,1개입,1개입,4개,4개","NO","Food","Coffee & Tea","커피믹스","프라이빗클럽","113820","24","0","55200","111540","0","2280","0","113820","24","4742.5","6","6","18970.0","50.0","12","6","2","3.5"
"2026-10-05","324195553","9311931105162","3067428","인스턴트 병커피 헤이즐넛향 50g","95298805355","프라이빗클럽 맥널티 헤이즐넛향 병커피,50g,50g,1개입,1개입,3개,3개","NO","Food","Coffee & Tea","커피믹스","프라이빗클럽","58400","12","0","27600","57200","0","1200","0","58400","12","4866.666666666667","4","4","14600.0","15.384615384615385","26","4","0","0.0"
"2026-10-05","324195553","9311931105162","3067428","인스턴트 병커피 헤이즐넛향 50g","95298805390","프라이빗클럽 맥널티 헤이즐넛향 병커피,50g,50g,1개입,1개입,5개,5개","NO","Food","Coffee & Tea","커피믹스","프라이빗클럽","71130","15","0","34500","69720","0","1410","0","71130","15","4742.0","3","3","23710.0","60.0","5","3","0","0.0"
"2026-10-05","6501093720","8804645007965","73944650","맥널티 복숭아 아이스티 대용량 파우치, 1개, 2.1L","95467325453","맥널티커피 대용량 복숭아 아이스티 파우치,2.1L,2.1L,1개,1개","NO","Food","Drinks","차음료","맥널티커피","20000","4","0","9652","15000","5000","0","0","5000","1","5000.0","4","4","5000.0","30.76923076923077","13","4","0","0.0"
"2026-10-05","6501093720","8804645007965","73944650","맥널티 복숭아 아이스티 대용량 파우치, 1개, 2.1L","95474357016","맥널티커피 대용량 복숭아 아이스티 파우치,2.1L,2.1L,3개,3개","NO","Food","Drinks","차음료","맥널티커피","56850","15","0","36195","56850","0","0","0","0","0","3790.0","5","5","11370.0","38.46153846153847","13","5","2","4.0"
"2026-10-05","6501093720","8804645007965","73944650","맥널티 복숭아 아이스티 대용량 파우치, 1개, 2.1L","95474357017","맥널티커피 대용량 복숭아 아이스티 파우치,2.1L,2.1L,2개,2개","NO","Food","Drinks","차음료","맥널티커피","181920","48","0","115824","181920","0","0","0","0","0","3790.0","14","14","12994.285714285714","16.867469879518072","83","24","2","5.0"
"2026-10-05","6501093720","8804645007965","73944650","맥널티 복숭아 아이스티 대용량 파우치, 1개, 2.1L","95474357062","맥널티커피 대용량 복숭아 아이스티 파우치,2.1L,2.1L,6개,6개","NO","Food","Drinks","차음료","맥널티커피","45480","12","0","28956","45480","0","0","0","0","0","3790.0","2","2","22740.0","22.22222222222222","9","2","2","5.0"
"2026-10-05","6501093720","8804645007965","73944650","맥널티 복숭아 아이스티 대용량 파우치, 1개, 2.1L","95474357066","맥널티커피 대용량 복숭아 아이스티 파우치,2.1L,2.1L,4개,4개","NO","Food","Drinks","차음료","맥널티커피","30320","8","0","19304","30320","0","0","0","0","0","3790.0","2","2","15160.0","33.33333333333333","6","2","0","0.0"
"2026-10-05","8401715066","8804645007958","73951791","맥널티 아이스 아메리카노 블랙 커피 대용량 파우치, 1개, 2.1L","95474484555","맥널티커피 아이스 아메리카노 블랙 대용량 파우치,2.1L,2.1L,3개,3개","NO","Food","Drinks","커피음료","맥널티커피","113700","30","3","72390","98411","15289","0","0","22740","6","3790.0","11","10","11370.0","73.33333333333333","15","10","2","4.5"
"2026-10-05","8401715066","8804645007958","73951791","맥널티 아이스 아메리카노 블랙 커피 대용량 파우치, 1개, 2.1L","95474484557","맥널티커피 아이스 아메리카노 블랙 대용량 파우치,2.1L,2.1L,5개,5개","NO","Food","Drinks","커피음료","맥널티커피","18950","5","0","12065","18950","0","0","0","0","0","3790.0","1","1","18950.0","0.0","0","1","0","0.0"
"2026-10-05","8401715066","8804645007958","73951791","맥널티 아이스 아메리카노 블랙 커피 대용량 파우치, 1개, 2.1L","95474484558","맥널티커피 아이스 아메리카노 블랙 대용량 파우치,2.1L,2.1L,6개,6개","NO","Food","Drinks","커피음료","맥널티커피","181920","48","0","115824","181920","0","0","0","0","0","3790.0","6","6","30320.0","46.15384615384615","13","8","1","5.0"
"2026-10-05","8401715066","8804645007958","73951791","맥널티 아이스 아메리카노 블랙 커피 대용량 파우치, 1개, 2.1L","95474484589","맥널티커피 아이스 아메리카노 블랙 대용량 파우치,2.1L,2.1L,2개,2개","NO","Food","Drinks","커피음료","맥널티커피","469960","124","2","299212","456245","13715","0","0","30320","8","3790.0","58","57","8244.912280701754","20.0","290","62","4","5.0"
"2026-10-05","8401715066","8804645007958","73951791","맥널티 아이스 아메리카노 블랙 커피 대용량 파우치, 1개, 2.1L","95474484591","맥널티커피 아이스 아메리카노 블랙 대용량 파우치,2.1L,2.1L,4개,4개","NO","Food","Drinks","커피음료","맥널티커피","106120","28","0","67564","106120","0","0","0","0","0","3790.0","7","7","15160.0","36.84210526315789","19","7","1","5.0"
"2026-10-05","8401715066","8804645007958","73951791","맥널티 아이스 아메리카노 블랙 커피 대용량 파우치, 1개, 2.1L","95475891925","맥널티커피 아이스 아메리카노 블랙 대용량 파우치,2.1L,2.1L,2개,2개","NO","Food","Drinks","커피음료","맥널티커피","667040","176","4","424688","659533","7507","0","0","7580","2","3790.0","89","89","7494.831460674157","12.517580872011253","711","88","3","5.0"
"2026-10-05","6501093720","8804645007965","73944650","맥널티 복숭아 아이스티 대용량 파우치, 1개, 2.1L","95475892070","맥널티커피 대용량 복숭아 아이스티 파우치,2.1L,2.1L,2개,2개","NO","Food","Drinks","차음료","맥널티커피","106120","28","2","67564","106120","0","0","0","0","0","3790.0","15","15","7074.666666666667","6.756756756756757","222","14","0","0.0"
"2026-10-05","8288508361","8804645006395","36903434","맥널티 아이브루 플러스 헤이즐넛 블랙커피 100개입","95637546450","아이브루 플러스 공정무역 헤이즐넛 블랙커피,1g,1g,100개입,100개입,4개,4개","NO","Food","Coffee & Tea","원두커피믹스","아이브루","38160","4","0","30492","8160","30000","0","0","38160","4","9540.0","1","1","38160.0","50.0","2","1","0","0.0"
"2026-10-05","8401715066","8804645005916","75683093","맥널티 아이스 아메리카노 블랙 1리터, 1L, 1개","95668824741","맥널티커피 아이스 아메리카노 블랙,1L,1L,3개,3개","NO","Food","Drinks","커피음료","맥널티커피","8700","3","0","5142","8700","0","0","0","0","0","2900.0","1","1","8700.0","100.0","1","1","0","0.0"
"2026-10-05","8401715066","8804645005916","75683093","맥널티 아이스 아메리카노 블랙 1리터, 1L, 1개","95668824742","맥널티커피 아이스 아메리카노 블랙,1L,1L,2개,2개","NO","Food","Drinks","커피음료","맥널티커피","5800","2","2","3428","5800","0","0","0","0","0","2900.0","2","2","2900.0","10.0","20","1","1","5.0"
"2026-10-05","8401715066","8804645005916","75683093","맥널티 아이스 아메리카노 블랙 1리터, 1L, 1개","95668824793","맥널티커피 아이스 아메리카노 블랙,1L,1L,4개,4개","NO","Food","Drinks","커피음료","맥널티커피","11600","4","0","6856","11600","0","0","0","0","0","2900.0","1","1","11600.0","100.0","1","1","0","0.0"
"2026-10-05","9618053831","8804645005930","75694561","맥널티커피 아이스 아메리카노 헤이즐넛, 1개, 1L","95669972217","맥널티커피 아이스 아메리카노 헤이즐넛,2개,2개,1L,1L","NO","Food","Drinks","커피음료","맥널티커피","9430","2","0","3428","9430","0","0","0","0","0","4715.0","1","1","9430.0","50.0","2","1","4","3.8"
"2026-10-05","6557407422","8804645005923","75765043","맥널티 아이스아메리카노 스위트, 1개, 1L","95687240424","맥널티커피 아이스 아메리카노 스위트,1L,1L,4개,4개","NO","Food","Drinks","커피음료","맥널티커피","11600","4","0","6856","11600","0","0","0","0","0","2900.0","1","1","11600.0","20.0","5","1","0","0.0"
"2026-10-05","6557407422","8804645005923","75765043","맥널티 아이스아메리카노 스위트, 1개, 1L","95687240433","맥널티커피 아이스 아메리카노 스위트,1L,1L,5개,5개","NO","Food","Drinks","커피음료","맥널티커피","14500","5","0","8570","14500","0","0","0","0","0","2900.0","1","1","14500.0","25.0","4","1","0","0.0"
"2026-10-05","6557407422","8804645005923","75765043","맥널티 아이스아메리카노 스위트, 1개, 1L","95687240434","맥널티커피 아이스 아메리카노 스위트,1L,1L,2개,2개","NO","Food","Drinks","커피음료","맥널티커피","53100","18","4","30852","53100","0","0","0","0","0","2950.0","10","9","5900.0","10.75268817204301","93","9","2","3.0"
"2026-10-05","6557407422","8804645005923","75765043","맥널티 아이스아메리카노 스위트, 1개, 1L","95687240435","맥널티커피 아이스 아메리카노 스위트,1L,1L,3개,3개","NO","Food","Drinks","커피음료","맥널티커피","26100","9","0","15426","26100","0","0","0","0","0","2900.0","3","3","8700.0","50.0","6","3","0","0.0"
"2026-10-05","6557407422","8804645005923","75765043","맥널티 아이스아메리카노 스위트, 1개, 1L","95687240437","맥널티커피 아이스 아메리카노 스위트,1L,1L,6개,6개","NO","Food","Drinks","커피음료","맥널티커피","80800","30","0","51420","80800","0","0","0","0","0","2693.3333333333335","4","4","20200.0","100.0","4","5","0","0.0"
"2026-10-05","6517973078","8804645005954","75850021","맥널티 허니자몽 블랙티, 1L, 1개","95700394797","맥널티커피 허니자몽 블랙티,1L,1L,3개,3개","NO","Food","Drinks","차음료","맥널티커피","8700","3","0","5142","700","8000","0","0","8700","3","2900.0","1","1","8700.0","33.33333333333333","3","1","0","0.0"
"2026-10-05","6517973078","8804645005954","75850021","맥널티 허니자몽 블랙티, 1L, 1개","95700394916","맥널티커피 허니자몽 블랙티,1L,1L,2개,2개","NO","Food","Drinks","차음료","맥널티커피","11600","4","0","6856","11600","0","0","0","0","0","2900.0","2","2","5800.0","4.651162790697675","43","2","0","0.0"
"2026-10-05","8943722025","8804645007996","76230458","맥널티 진 보리차 1개 1kg","95739490220","맥널티커피 진 보리차,1개,1개,1kg,1kg","NO","Food","Coffee & Tea","둥글레/옥수수/보리/결명자차","맥널티커피","35800","2","0","30418","35800","0","0","0","0","0","17900.0","2","2","17900.0","22.22222222222222","9","2","0","0.0"
"2026-10-05","7052326812","8804645006425","76443755","맥널티 브라질 세라도 NY.2 원두 1kg, 1개","95767959676","맥널티커피 브라질 세라도 NY.2 원두,1kg,1kg,1개,1개","NO","Food","Coffee & Tea","원두","브랜드없음","24350","1","0","17609","24350","0","0","0","0","0","24350.0","1","1","24350.0","5.263157894736842","19","1","0","0.0"
"2026-10-05","9629201786","18804645008013","76540319","맥널티 호랭이 마일드 라떼 캔커피, 30개, 175ml","95780789743","맥널티 호랭이 마일드 라떼 캔커피,30개,30개,175ml,175ml","NO","Food","Drinks","커피음료","맥널티커피","1075200","84","1","715932","991200","0","0","83000","1062400","83","12800.0","82","82","13112.19512195122","8.47107438016529","968","84","5","4.2"
"2026-10-05","9629201786","18804645008013","76540319","맥널티 호랭이 마일드 라떼 캔커피, 30개, 175ml","95786605266","맥널티 호랭이 마일드 라떼 캔커피,60개,60개,175ml,175ml","NO","Food","Drinks","커피음료","맥널티커피","76800","6","0","51138","70800","0","0","6000","76800","6","12800.0","3","3","25600.0","18.75","16","3","0","0.0"
"2026-10-05","9629201786","18804645008013","76540319","맥널티 호랭이 마일드 라떼 캔커피, 30개, 175ml","95786605273","맥널티 호랭이 마일드 라떼 캔커피,90개,90개,175ml,175ml","NO","Food","Drinks","커피음료","맥널티커피","38400","3","0","25569","35400","0","0","3000","38400","3","12800.0","1","1","38400.0","11.11111111111111","9","1","0","0.0"
"2026-10-05","9618053831","8804645008030","77572705","맥널티 아이스 아메리카노 헤이즐넛, 1개, 2.1L","95883431972","맥널티커피 아이스 아메리카노 헤이즐넛,1개,1개,2.1L,2.1L","NO","Food","Drinks","커피음료","맥널티커피","22000","4","0","9652","22000","0","0","0","0","0","5500.0","4","4","5500.0","14.814814814814813","27","4","0","0.0"
"2026-10-05","9618053831","8804645008030","77572705","맥널티 아이스 아메리카노 헤이즐넛, 1개, 2.1L","95888645025","맥널티커피 아이스 아메리카노 헤이즐넛,2개,2개,2.1L,2.1L","NO","Food","Drinks","커피음료","맥널티커피","689780","182","0","439166","689780","0","0","0","0","0","3790.0","89","89","7750.337078651685","13.011695906432749","684","91","5","4.4"
"2026-10-05","9618053831","8804645008030","77572705","맥널티 아이스 아메리카노 헤이즐넛, 1개, 2.1L","95888645028","맥널티커피 아이스 아메리카노 헤이즐넛,4개,4개,2.1L,2.1L","NO","Food","Drinks","커피음료","맥널티커피","15160","4","0","9652","15160","0","0","0","0","0","3790.0","1","1","15160.0","50.0","2","1","0","0.0"
"2026-10-05","9618053831","8804645008030","77572705","맥널티 아이스 아메리카노 헤이즐넛, 1개, 2.1L","95888645050","맥널티커피 아이스 아메리카노 헤이즐넛,3개,3개,2.1L,2.1L","NO","Food","Drinks","커피음료","맥널티커피","90960","24","0","57912","90960","0","0","0","0","0","3790.0","7","7","12994.285714285714","87.5","8","8","0","0.0"
"2026-10-05","9618053831","8804645008030","77572705","맥널티 아이스 아메리카노 헤이즐넛, 1개, 2.1L","95888645057","맥널티커피 아이스 아메리카노 헤이즐넛,5개,5개,2.1L,2.1L","NO","Food","Drinks","커피음료","맥널티커피","132650","35","0","84455","113700","18950","0","0","18950","5","3790.0","7","7","18950.0","175.0","4","7","1","5.0"
"2026-10-05","9618053831","8804645008030","77572705","맥널티 아이스 아메리카노 헤이즐넛, 1개, 2.1L","95888645116","맥널티커피 아이스 아메리카노 헤이즐넛,6개,6개,2.1L,2.1L","NO","Food","Drinks","커피음료","맥널티커피","45480","12","0","28956","45480","0","0","0","0","0","3790.0","2","2","22740.0","25.0","8","2","1","5.0"
"2026-10-05","7747172789","8804645006890","38933766","맥널티커피 스테비아 디카페인 커피믹스, 1개, 100개입 9.5g","95912625882","맥널티커피 스테비아 디카페인 커피믹스,9.5g,9.5g,100개입,100개입,2개,2개","NO","Food","Coffee & Tea","커피믹스","맥널티커피","50260","2","0","36168","50260","0","0","0","0","0","25130.0","1","1","50260.0","0.0","0","1","1","5.0"
"2026-10-05","9699383427","8804645008092","78654824","맥널티 스테비아 전통차 선물세트, 1세트, 율무차(30개) + 쌍화차(30개)","95963325624","맥널티커피 스테비아 전통차 선물세트,1세트,1세트,율무차 30p + 쌍화차 30p,율무차 30p + 쌍화차 30p","NO","Food","Coffee & Tea","차세트","맥널티커피","28900","1","0","19091","28320","0","580","0","28900","1","28900.0","1","1","28900.0","11.11111111111111","9","1","1","5.0"
"2026-10-05","9709158118","8804645007958","73951791","맥널티 아이스 아메리카노 블랙 커피 대용량 파우치, 1개, 2.1L","95975560291","맥널티커피 아이스 아메리카노 블랙 대용량 파우치,2.1L,2.1L,1개,1개","YES","Food","Drinks","커피음료","맥널티커피","109200","28","1","67564","109200","0","0","0","0","0","3900.0","28","27","4044.4444444444443","15.819209039548024","177","28","0","0.0"
"2026-10-05","9709158118","8804645007958","73951791","맥널티 아이스 아메리카노 블랙 커피 대용량 파우치, 1개, 2.1L","95975560324","맥널티커피 아이스 아메리카노 블랙 대용량 파우치,2.1L,2.1L,2개,2개","YES","Food","Drinks","커피음료","맥널티커피","53060","14","0","33782","53060","0","0","0","0","0","3790.0","7","7","7580.0","18.421052631578945","38","7","0","0.0"
"2026-10-05","9730607617","8804645005930","75694561","맥널티커피 아이스 아메리카노 헤이즐넛, 1개, 1L","96042897453","맥널티커피 아이스 아메리카노 헤이즐넛,1개,1개,1L,1L","YES","Food","Drinks","커피음료","맥널티커피","23600","5","0","8570","23600","0","0","0","0","0","4720.0","5","5","4720.0","17.24137931034483","29","5","2","3.5"
"2026-10-05","9720265693","8804645000010","80552849","맥널티 천연펄프 무표백 핸드드립 커피필터 여과지(2~4인용), 1개, 100개입","96070715955","맥널티커피 펄프 무표백 핸드드립 커피필터 여과지 2~4인용,1개,1개,100개입,100개입","NO","Kitchen","Tools & Gadgets","커피필터/여과지","맥널티커피","98000","28","1","67704","98000","0","0","0","0","0","3500.0","27","27","3629.6296296296296","25.0","108","28","0","0.0"
"2026-10-05","319883678","8804645003066","10812901","맥널티 베트남 로부스타 원두커피 1kg","96070858430","맥널티커피 베트남 로부스타 G1 원두,1kg,1kg,5개,5개","NO","Food","Coffee & Tea","원두","맥널티커피","99500","5","0","58590","97510","0","1990","0","99500","5","19900.0","1","1","99500.0","0.0","0","1","0","0.0"
"2026-10-05","9715158893","8804645008023","80686777","맥널티 투비 데일리 블렌드 홀빈 원두 커피 고소한 너티 로스팅, 1개, 1kg","96084698645","맥널티커피 투비커피 개인카페용 데일리 블렌드 홀빈 원두,1개,1개,1kg,1kg","NO","Food","Coffee & Tea","원두","맥널티커피","19900","1","0","15377","19500","0","400","0","19900","1","19900.0","1","1","19900.0","6.666666666666667","15","1","0","0.0"
"2026-10-05","7863543179","8804645006067","25240400","맥널티 스테비아 커피믹스 100개입","96113514064","맥널티커피 스테비아 커피믹스,9.5g,9.5g,100개입,100개입,3개,3개","NO","Food","Coffee & Tea","커피믹스","맥널티커피","52540","3","3","38880","52540","0","0","0","0","0","17513.333333333332","2","2","26270.0","13.333333333333334","15","1","0","0.0"
"2026-10-05","8096962372","8804645100185","10147180","맥널티 행복을 주는 커피 헤이즐넛향 1kg 홀빈","96117988960","맥널티커피 행복을 주는 커피 헤이즐넛향 원두,1kg,1kg,6개,6개,홀빈(분쇄안함),홀빈(분쇄안함)","NO","Food","Coffee & Tea","원두","맥널티커피","178800","6","0","91464","175220","0","3580","0","178800","6","29800.0","1","1","178800.0","0.0","0","1","0","0.0"
"2026-10-05","9072225100","8804645007675","64842417","티브루 호박팥차 진액 10ml 30개입 1개","96118099855","맥널티 티브루 호박팥차 진액,6개,6개,30개입,30개입,10ml,10ml","NO","Food","Coffee & Tea","율무/견과차","맥널티","44900","6","0","31572","44900","0","0","0","0","0","7483.333333333333","1","1","44900.0","25.0","4","1","0","0.0"
"2026-10-05","7757594782","8804645006302","10147177","맥널티 홀빈 블루마운틴 1000g","96118155356","맥널티 홀빈 블루마운틴,홀빈(분쇄안함),홀빈(분쇄안함),1kg,1kg,6개,6개","NO","Food","Coffee & Tea","원두","맥널티커피","161400","6","0","94290","154620","0","6780","0","161400","6","26900.0","1","1","161400.0","50.0","2","1","0","0.0"
"2026-10-05","8157289284","8804645006739","61673272","맥널티커피 복숭아 아이스티 제로, 1.5L, 1개","96118178435","맥널티커피 복숭아 아이스티 제로,1.5L,1.5L,10개,10개","NO","Food","Drinks","차음료","맥널티커피","22000","10","0","13640","21560","0","440","0","22000","10","2200.0","1","1","22000.0","5.88235294117647","17","1","0","0.0"
"2026-10-05","1942501818","8804645300950","12491225","맥널티 핸드드립 커피필터 30개입","96118286976","맥널티커피  핸드드립 커피필터,30개입,30개입,5개,5개","NO","Kitchen","Tools & Gadgets","커피필터/여과지","맥널티","19900","5","0","13685","19900","0","0","0","0","0","3980.0","1","1","19900.0","25.0","4","1","0","0.0"
"2026-10-06","8302244","8804645100208","45570","맥널티_헤이즐넛원두분쇄커피_226G","3011733530","맥널티커피 리치 헤이즐넛향 분쇄 원두 핸드드립,226g,226g,1개,1개","NO","Food","Coffee & Tea","원두","맥널티커피","735000","75","1","374400","720600","0","14200","0","705600","72","9800.0","76","76","9671.052631578947","14.258911819887429","533","75","11","4.5"
"2026-10-06","8302239","8804645100215","45571","맥널티_ 자메이카 블루마운틴 블렌드_226G","3011733533","맥널티커피 자메이카 블루마운틴 블렌드 분쇄 원두커피 핸드드립,226g,226g,1개,1개","NO","Food","Coffee & Tea","커피믹스","맥널티커피","519400","53","0","264788","509400","0","10000","0","519400","53","9800.0","50","50","10388.0","12.562814070351758","398","53","2","5.0"
"2026-10-06","8302244","8804645100468","45572","맥널티_헤이즐넛원두분쇄커피_500G","3011733535","맥널티커피 리치 헤이즐넛향 분쇄 원두 핸드드립,500g,500g,1개,1개","NO","Food","Coffee & Tea","원두","맥널티커피","370260","22","1","175120","370260","0","0","0","0","0","16830.0","23","23","16098.260869565218","26.744186046511626","86","22","0","0.0"
"2026-10-06","8243431303","8804645100451","45573","맥널티_블루마운틴스타일원두분쇄커피_500G","3011733538","맥널티커피 시그니처 블루마운틴 블렌드 분쇄 원두 핸드드립,500g,500g,1개,1개","NO","Food","Coffee & Tea","원두","맥널티커피","282360","15","0","166365","254382","23278","4700","0","282360","15","18824.0","15","15","18824.0","11.627906976744185","129","15","2","4.0"
"2026-10-06","6709735713","8804645000515","2341900","맥널티 iBrew 미니 헤이즐넛향 200개입(200g)","3063818056","아이브루 헤이즐넛향 원두커피믹스,1g,1g,200개입,200개입,1개,1개","NO","Food","Coffee & Tea","커피믹스","아이브루","878400","41","1","406597","852471","20979","4950","0","813200","38","21424.39024390244","38","38","23115.78947368421","14.84375","256","41","5","4.4"
"2026-10-06","19272798","8804645000683","3067425","아이브루 예가체프 블렌드 70개입","3130455618","아이브루 예가체프 블렌드 원두커피믹스,70개입,70개입,1개,1개,1g,1g","NO","Food","Coffee & Tea","커피믹스","아이브루","68280","4","0","24820","68280","0","0","0","0","0","17070.0","3","3","22760.0","11.11111111111111","27","4","0","0.0"
"2026-10-06","1731799474","9311931901160","3067426","인스턴트 병커피 아이리쉬크림 50g","3130455621","프라이빗클럽 맥널티 아이리쉬크림향 원두커피믹스 병커피,1개입,1개입,1개,1개,50g,50g","NO","Food","Coffee & Tea","커피믹스","프라이빗클럽","112100","19","0","63118","109820","0","2280","0","112100","19","5900.0","19","19","5900.0","7.421875","256","19","1","5.0"
"2026-10-06","8243738574","8804645000690","3067424","아이브루 케냐AA 블렌드 70개입","3130455622","맥널티 아이브루 케냐AA 블렌드 다크로스트 커피믹스,1g,1g,70개입,70개입,1개,1개","NO","Food","Coffee & Tea","커피믹스","아이브루","11200","1","0","6205","11200","0","0","0","0","0","11200.0","1","1","11200.0","2.5","40","1","0","0.0"
"2026-10-06","6709735713","8804645000706","3067423","아이브루 헤이즐넛향 70개입","3130455623","아이브루 헤이즐넛향 원두커피믹스,1g,1g,70개입,70개입,1개,1개","NO","Food","Coffee & Tea","커피믹스","아이브루","121770","11","0","44275","119570","0","2200","0","110700","10","11070.0","11","11","11070.0","12.5","88","11","1","5.0"
"2026-10-06","181940092","8804645000355","3067430","산지별 케냐 AA 핸드드립커피 7개입","3130455625","맥널티커피 케냐 AA 핸드드립 원두커피,8g,8g,7개입,7개입,1개,1개","NO","Food","Coffee & Tea","드립백/티백","맥널티커피","17940","3","0","9186","17940","0","0","0","0","0","5980.0","3","3","5980.0","5.660377358490567","53","3","0","0.0"
"2026-10-06","19272806","8804645000348","3067433","산지별 에티오피아 코케 허니 핸드드립커피 7개입","3130455628","맥널티커피 에티오피아 코케 허니 핸드드립 원두,8g,8g,7개입,7개입,1개,1개","NO","Food","Coffee & Tea","드립백/티백","맥널티커피","29350","5","0","14550","29350","0","0","0","0","0","5870.0","5","5","5870.0","25.0","20","5","0","0.0"
"2026-10-06","19272807","8804645000331","3067434","산지별 에티오피아 예가체프 핸드드립커피 7개입","3130455630","맥널티커피 에티오피아 예가체프 G2 핸드드립 원두,8g,8g,7개입,7개입,1개,1개","NO","Food","Coffee & Tea","드립백/티백","맥널티커피","29500","5","0","15920","29500","0","0","0","0","0","5900.0","5","5","5900.0","13.88888888888889","36","5","0","0.0"
"2026-10-06","324195553","9311931105162","3067428","인스턴트 병커피 헤이즐넛향 50g","3564581311","프라이빗클럽 맥널티 병커피 헤이즐넛향,50g,50g,1개입,1개입,2개,2개","NO","Food","Coffee & Tea","커피믹스","프라이빗클럽","588000","120","6","276000","575400","0","12000","0","588000","120","4900.0","63","61","9639.344262295082","9.402985074626866","670","60","6","4.5"
"2026-10-06","181940082","8804645000713","10003517","콜롬비아 핸드드립 블렌드 24개입","4347426285","맥널티커피 콜롬비아 핸드드립 블렌드 드립백커피,8g,8g,24개입,24개입,1개,1개","NO","Food","Coffee & Tea","드립백/티백","맥널티커피","64500","5","0","37840","64500","0","0","0","0","0","12900.0","5","5","12900.0","13.88888888888889","36","5","1","5.0"
"2026-10-06","181940092","8804645000720","10003518","케냐 AA 핸드드립 블렌드 24개입","4347426562","맥널티커피 케냐 AA 핸드드립 원두커피,8g,8g,24개입,24개입,1개,1개","NO","Food","Coffee & Tea","드립백/티백","맥널티","99120","7","0","47579","99120","0","0","0","0","0","14160.0","7","7","14160.0","14.583333333333334","48","7","1","5.0"
"2026-10-06","8096962372","8804645100185","10147180","맥널티 행복을 주는 커피 헤이즐넛향 1kg 홀빈","4529030201","맥널티커피 행복을 주는 커피 헤이즐넛향 원두,1kg,1kg,1개,1개,홀빈(분쇄안함),홀빈(분쇄안함)","NO","Food","Coffee & Tea","원두","맥널티커피","417200","14","0","213416","409400","0","7800","0","387400","13","29800.0","14","14","29800.0","21.53846153846154","65","14","0","0.0"
"2026-10-06","7757594782","8804645006302","10147177","맥널티 홀빈 블루마운틴 1000g","4529030899","맥널티 홀빈 블루마운틴,홀빈(분쇄안함),홀빈(분쇄안함),1kg,1kg,1개,1개","NO","Food","Coffee & Tea","원두","맥널티커피","484200","18","1","282870","476100","0","7560","0","376600","14","26900.0","16","15","32280.0","25.396825396825395","63","18","0","0.0"
"2026-10-06","319883678","8804645003066","10812901","맥널티 베트남 로부스타 원두커피 1kg","5464513909","맥널티커피 베트남 로부스타 G1 원두,1kg,1kg,1개,1개","NO","Food","Coffee & Tea","원두","맥널티커피","218900","11","0","128898","214500","0","4400","0","218900","11","19900.0","11","11","19900.0","26.82926829268293","41","11","0","0.0"
"2026-10-06","324195553","19311931309161","10837643","맥널티 병커피 헤이즐넛향 50gx10개","5493232668","프라이빗클럽 맥널티 헤이즐넛향 병커피,50g,50g,1개입,1개입,10개,10개","NO","Food","Coffee & Tea","원두커피믹스","프라이빗클럽","236970","5","0","115000","215740","6000","15230","0","236970","5","47394.0","5","5","47394.0","20.833333333333336","24","5","0","0.0"
"2026-10-06","1096433002","8804645003219","11019882","맥널티 아이브루 다크 블렌드 200T","70053514142","아이브루 다크 블렌드 원두커피믹스,1g,1g,200개입,200개입,1개,1개,1g,1g","NO","Food","Coffee & Tea","원두커피믹스","맥널티","167200","8","0","104768","164680","0","2520","0","167200","8","20900.0","6","6","27866.666666666668","9.67741935483871","62","8","0","0.0"
"2026-10-06","1096433032","8804645003226","11019883","맥널티 아이브루 모카 블랙 200T","70053514191","맥널티커피 아이브루 모카 블랙 원두커피믹스,1g,1g,200개입,200개입,1개,1개","NO","Food","Coffee & Tea","원두커피믹스","맥널티커피","205600","10","1","116870","192600","13000","0","0","20560","1","20560.0","11","11","18690.909090909092","18.0327868852459","61","10","0","0.0"
"2026-10-06","7740688995","8804645003486","11849981","행복을 주는 커피 블루마운틴 블렌드 분쇄 원두 커피 1kg","70738743548","맥널티커피 행복을 주는 커피 블루마운틴 원두,핸드드립,핸드드립,1kg,1kg,1개,1개","NO","Food","Coffee & Tea","원두","맥널티커피","119200","4","1","65440","118000","0","1200","0","59600","2","29800.0","5","5","23840.0","11.363636363636363","44","4","1","4.0"
"2026-10-06","1942501818","8804645300950","12491225","맥널티 핸드드립 커피필터 30개입","71284745163","맥널티커피  핸드드립 커피필터,30개입,30개입,1개,1개","NO","Kitchen","Tools & Gadgets","커피필터/여과지","맥널티","232200","54","5","147798","228419","3781","0","0","4300","1","4300.0","58","56","4146.428571428572","17.682926829268293","328","54","5","5.0"
"2026-10-06","7387568872","8804645003493","12521866","맥널티 행복을 주는 커피 시그니처 헤이즐넛향 원두 커피 1Kg","71309336924","맥널티커피 시그니처 헤이즐넛향 원두,핸드드립(중간),핸드드립(중간),1kg,1kg,1개,1개","NO","Food","Coffee & Tea","원두","맥널티커피","324500","11","1","179872","318600","0","4660","0","324500","11","29500.0","10","10","32450.0","11.76470588235294","85","11","2","4.5"
"2026-10-06","1998370657","8804645100451","45573","맥널티_블루마운틴스타일원두분쇄커피_500G","71387821010","맥널티커피 시그니처 블루마운틴 블렌드 분쇄 원두 핸드드립,핸드드립,핸드드립,500g,500g,1개,1개","YES","Food","Coffee & Tea","원두","맥널티커피","18900","1","0","11091","18520","0","380","0","18900","1","18900.0","1","1","18900.0","50.0","2","1","0","0.0"
"2026-10-06","1998416575","8804645000515","2341900","맥널티 iBrew 미니 헤이즐넛향 200개입(200g)","71387902591","아이브루 헤이즐넛향 원두커피믹스,200개입,200개입,1개,1개,1g,1g","YES","Food","Coffee & Tea","커피믹스","아이브루","21400","1","0","9917","21250","0","150","0","21400","1","21400.0","1","1","21400.0","5.263157894736842","19","1","0","0.0"
"2026-10-06","2297380516","8804645003936","13277718","맥널티 행복을 주는 커피 브라질 산토스 1kg","71942049439","맥널티커피 행복을 주는 커피 원두 브라질 산토스,1kg,1kg,1개,1개,핸드드립,핸드드립","NO","Food","Coffee & Tea","원두","맥널티커피","273900","11","1","155001","267900","0","5500","0","273900","11","24900.0","12","11","24900.0","13.043478260869565","92","11","0","0.0"
"2026-10-06","2297380544","8804645003929","13277719","맥널티 행복을 주는 커피 콜롬비아 블렌드 1kg","71942049472","맥널티커피 행복을 주는 커피 콜롬비아 블렌드 분쇄 원두,1kg,1kg,1개,1개","NO","Food","Coffee & Tea","원두","맥널티커피","816930","29","1","452371","800350","6000","10580","0","732290","26","28170.0","28","27","30256.666666666668","16.867469879518072","166","29","1","5.0"
"2026-10-06","1096433032","8804645003912","13777565","맥널티 아이브루 모카블랙 70T","72800937682","맥널티커피 아이브루 모카 블랙 원두커피믹스,1g,1g,70개입,70개입,1개,1개","NO","Food","Coffee & Tea","원두커피믹스","맥널티커피","16470","1","0","6519","16470","0","0","0","0","0","16470.0","1","1","16470.0","11.11111111111111","9","1","1","5.0"
"2026-10-06","5238676003","8804645100215","45571","맥널티_ 자메이카 블루마운틴 블렌드_226G","74684501509","맥널티커피 자메이카 블루마운틴 블렌드 분쇄 원두커피 핸드드립,226g,226g,1개,1개,핸드드립,핸드드립","YES","Food","Coffee & Tea","커피믹스","맥널티커피","68600","7","0","34972","67200","0","1400","0","68600","7","9800.0","7","7","9800.0","31.818181818181817","22","7","0","0.0"
"2026-10-06","5455241807","8804645002861","15720531","콜롬비아 블랙 100개입","75624373157","맥널티커피 콜롬비아 블랙 원두커피믹스,1g,1g,100개입,100개입,1박스,1박스","NO","Food","Coffee & Tea","원두커피믹스","맥널티커피","381500","35","1","222075","373800","0","7480","0","381500","35","10900.0","35","35","10900.0","10.736196319018406","326","35","2","5.0"
"2026-10-06","6398707733","8804645100468","45572","맥널티_헤이즐넛원두분쇄커피_500G","80925867759","맥널티커피 리치 헤이즐넛향 분쇄 원두 핸드드립,500g,500g,1개,1개,핸드드립/커피메이커,핸드드립/커피메이커","YES","Food","Coffee & Tea","원두","맥널티커피","84150","5","0","39800","84150","0","0","0","0","0","16830.0","5","5","16830.0","29.411764705882355","17","5","1","4.0"
"2026-10-06","6417111096","8804645005732","23400108","맥널티 디카페인100% 핸드드립 원두커피 24개입","81038762608","맥널티커피 디카페인100% 핸드드립 원두,8g,8g,24개입,24개입,1개,1개","NO","Food","Coffee & Tea","드립백/티백","맥널티커피","206370","13","0","122135","190480","15890","0","0","15890","1","15874.615384615385","13","13","15874.615384615385","20.967741935483872","62","13","1","1.0"
"2026-10-06","7615212597","8804645005879","24695530","아이스 헤이즐넛향 커피 190mL 10팩","81536870780","맥널티커피 아이스 헤이즐넛향 커피,190ml,190ml,10개,10개","NO","Food","Drinks","커피음료","맥널티커피","73440","12","0","41832","73440","0","0","0","0","0","6120.0","12","12","6120.0","19.35483870967742","62","12","0","0.0"
"2026-10-06","6501088702","8804645005893","24752132","청포도 에이드 190mL 10팩","81557354751","맥널티커피 청포도 에이드,190ml,190ml,10개,10개","NO","Food","Drinks","과일음료","맥널티커피","9800","2","0","6972","9800","0","0","0","0","0","4900.0","2","2","4900.0","11.11111111111111","18","2","1","5.0"
"2026-10-06","6501093720","8804645005886","24752251","복숭아 아이스티 190mL 10팩","81557378598","맥널티커피 복숭아 아이스 티,190ml,190ml,10개,10개","NO","Food","Drinks","차음료","맥널티커피","36000","6","0","20916","36000","0","0","0","0","0","6000.0","5","5","7200.0","17.857142857142858","28","6","2","5.0"
"2026-10-06","6501093721","8804645005909","24752250","블루레몬 에이드 190mL 10팩","81557378606","맥널티커피 블루레몬에이드,190ml,190ml,10개,10개","NO","Food","Drinks","과일음료","맥널티커피","6000","1","0","3486","6000","0","0","0","0","0","6000.0","1","1","6000.0","7.6923076923076925","13","1","2","5.0"
"2026-10-06","6517973078","18804645005951","24944267","맥널티 허니자몽 블랙티 대용량 파우치 1Lx6입","81671633098","맥널티커피 허니 자몽 블랙티 대용량 파우치,1L,1L,6개,6개","NO","Food","Drinks","차음료","맥널티커피","31800","2","0","20504","31800","0","0","0","0","0","15900.0","2","2","15900.0","25.0","8","2","2","5.0"
"2026-10-06","7863543179","8804645006067","25240400","맥널티 스테비아 커피믹스 100개입","81794562129","맥널티커피 스테비아 커피믹스,9.5g,9.5g,100개입,100개입,1개,1개","NO","Food","Coffee & Tea","커피믹스","맥널티커피","1398200","67","1","868320","1372920","0","24440","0","1398200","67","20868.65671641791","63","63","22193.650793650795","19.20731707317073","328","67","5","5.0"
"2026-10-06","7863543179","8804645006074","25240402","맥널티 스테비아 커피믹스 30개입","81794562138","맥널티커피 스테비아 커피믹스,9.5g,9.5g,30개입,30개입,1개,1개","NO","Food","Coffee & Tea","커피믹스","맥널티커피","334110","43","0","207561","315910","0","18200","0","217560","28","7770.0","43","43","7770.0","9.071729957805907","474","43","4","4.5"
"2026-10-06","9654738237","18804645005920","25484251","맥널티커피 아메리카노 스위트 1Lx6입","81905632687","맥널티커피 아메리카노 스위트,1L,1L,6개,6개","NO","Food","Drinks","커피음료","맥널티커피","16110","1","0","10252","16110","0","0","0","0","0","16110.0","1","1","16110.0","20.0","5","1","0","0.0"
"2026-10-06","9618053831","18804645005937","25484257","맥널티 아이스 헤이즐넛향 커피 대용량 파우치 1Lx6입","81905633683","맥널티커피 아이스 헤이즐넛향 커피 대용량 파우치,6개,6개,1L,1L","NO","Food","Drinks","커피음료","맥널티커피","30440","2","0","20504","30440","0","0","0","0","0","15220.0","2","2","15220.0","33.33333333333333","6","2","0","0.0"
"2026-10-06","6636420565","8804645006029","26477367","맥널티 리얼 에스프레소샷 블랙 액상스틱커피 15mlx30개입","82374359581","맥널티커피 리얼 에스프레소 샷 블랙 액상 스틱 커피,15ml,15ml,30개입,30개입,1개,1개","NO","Food","Coffee & Tea","원두커피믹스","맥널티커피","355200","24","2","177312","353924","654","0","0","14800","1","14800.0","21","20","17760.0","10.880829015544041","193","24","1","5.0"
"2026-10-06","6671175150","8804645006258","26870612","맥널티 핸드드립 버라이어티세트 30개입","82569913991","맥널티커피 핸드드립 버라이어티 원두커피 세트 30개입,커피 5종,커피 5종,1세트,1세트","NO","Food","Coffee & Tea","커피세트","맥널티커피","113400","6","1","56370","113400","0","0","0","0","0","18900.0","7","7","16200.0","8.75","80","6","0","0.0"
"2026-10-06","8157289284","18804645006101","26889711","맥널티 제로칼로리 복숭아 아이스티 500ml 24입","82573306348","맥널티커피 복숭아 아이스티 제로,500ml,500ml,24개,24개","NO","Food","Drinks","차음료","맥널티커피","125300","7","0","85435","122780","0","2520","0","125300","7","17900.0","7","7","17900.0","7.291666666666667","96","7","0","0.0"
"2026-10-06","6867933138","8804645006081","29461862","맥널티 아메리카노 아이스 블랙 100개입","83611282700","맥널티커피 아메리카노 아이스 블랙 커피믹스,1g,1g,100개입,100개입,1개,1개","NO","Food","Coffee & Tea","커피믹스","맥널티커피","294300","27","1","157950","289020","0","5060","0","294300","27","10900.0","24","24","12262.5","10.38961038961039","231","27","3","4.3"
"2026-10-06","7032596367","8804645006296","31602405","맥널티 2in1 핫앤콜드 진공추출 커피메이커 MCM-065B MCM-065B","84530845438","맥널티커피 2in1 핫앤콜드 진공추출 커피메이커,MCM-065B,MCM-065B","NO","CE","Kitchen Appliance","커피머신","맥널티커피","74320","2","0","61762","73950","0","370","0","37160","1","37160.0","2","2","37160.0","2.3255813953488373","86","2","0","0.0"
"2026-10-06","8302239","8804645100215","45571","맥널티_ 자메이카 블루마운틴 블렌드_226G","84639604567","맥널티커피 자메이카 블루마운틴 블렌드 분쇄 원두커피 핸드드립,226g,226g,2개,2개","NO","Food","Coffee & Tea","커피믹스","맥널티커피","117600","12","0","59952","115600","0","2000","0","98000","10","9800.0","6","6","19600.0","27.27272727272727","22","6","1","5.0"
"2026-10-06","6867933138","8804645006081","29461862","맥널티 아메리카노 아이스 블랙 100개입","84639606756","맥널티커피 아메리카노 아이스 블랙 커피믹스,1g,1g,100개입,100개입,2개,2개","NO","Food","Coffee & Tea","커피믹스","맥널티커피","43600","4","0","23400","43160","0","440","0","21800","2","10900.0","2","2","21800.0","66.66666666666666","3","2","0","0.0"
"2026-10-06","7387568872","8804645003493","12521866","맥널티 행복을 주는 커피 시그니처 헤이즐넛향 원두 커피 1Kg","84639607101","맥널티커피 시그니처 헤이즐넛향 원두,핸드드립,핸드드립,1kg,1kg,2개,2개","NO","Food","Coffee & Tea","원두","맥널티커피","684000","24","2","392448","671681","9439","-1430","0","684000","24","28500.0","9","8","85500.0","31.03448275862069","29","12","1","5.0"
"2026-10-06","8302244","8804645100468","45572","맥널티_헤이즐넛원두분쇄커피_500G","84639607653","맥널티커피 리치 헤이즐넛향 분쇄 원두 핸드드립,500g,500g,2개,2개","NO","Food","Coffee & Tea","원두","맥널티커피","417200","28","0","222880","417200","0","0","0","0","0","14900.0","12","12","34766.666666666664","15.384615384615385","78","14","0","0.0"
"2026-10-06","8302244","8804645100208","45570","맥널티_헤이즐넛원두분쇄커피_226G","84639607771","맥널티커피 리치 헤이즐넛향 분쇄 원두 핸드드립,226g,226g,2개,2개","NO","Food","Coffee & Tea","원두","맥널티커피","93600","10","2","49920","93600","0","0","0","0","0","9360.0","6","5","18720.0","27.27272727272727","22","5","0","0.0"
"2026-10-06","7387568872","8804645003493","12521866","맥널티 행복을 주는 커피 시그니처 헤이즐넛향 원두 커피 1Kg","85101497052","맥널티커피 행복을 주는 커피 시그니처 헤이즐넛향 분쇄 원두커피,핸드드립,핸드드립,1kg,1kg,4개,4개","NO","Food","Coffee & Tea","원두","맥널티커피","114000","4","0","65408","114000","0","0","0","0","0","28500.0","1","1","114000.0","100.0","1","1","0","0.0"
"2026-10-06","8302244","8804645100208","45570","맥널티_헤이즐넛원두분쇄커피_226G","85166940678","맥널티커피 리치 헤이즐넛향 분쇄 원두 핸드드립,226g,226g,5개,5개","NO","Food","Coffee & Tea","원두","맥널티커피","44550","5","0","24960","44550","0","0","0","0","0","8910.0","1","1","44550.0","50.0","2","1","0","0.0"
"2026-10-06","7863543179","8804645006074","25240402","맥널티 스테비아 커피믹스 30개입","85166941524","맥널티커피 스테비아 커피믹스,9.5g,9.5g,30개입,30개입,2개,2개","NO","Food","Coffee & Tea","커피믹스","맥널티커피","15540","2","0","9654","14250","0","1290","0","15540","2","7770.0","1","1","15540.0","50.0","2","1","0","0.0"
"2026-10-06","19272807","8804645000331","3067434","산지별 에티오피아 예가체프 핸드드립커피 7개입","85166941788","맥널티커피 에티오피아 예가체프 G2 핸드드립 원두,8g,8g,7개입,7개입,2개,2개","NO","Food","Coffee & Tea","드립백/티백","맥널티커피","20600","4","0","12736","20600","0","0","0","0","0","5150.0","2","2","10300.0","100.0","2","2","1","5.0"
"2026-10-06","19272807","8804645000331","3067434","산지별 에티오피아 예가체프 핸드드립커피 7개입","85166944031","맥널티커피 에티오피아 예가체프 G2 핸드드립 원두,8g,8g,7개입,7개입,3개,3개","NO","Food","Coffee & Tea","드립백/티백","맥널티커피","14700","3","0","9552","14700","0","0","0","0","0","4900.0","1","1","14700.0","100.0","1","1","0","0.0"
"2026-10-06","181940092","8804645000355","3067430","산지별 케냐 AA 핸드드립커피 7개입","85166945848","맥널티커피 케냐 AA 핸드드립 원두커피,8g,8g,7개입,7개입,2개,2개","NO","Food","Coffee & Tea","드립백/티백","맥널티커피","10600","2","0","6124","10600","0","0","0","0","0","5300.0","1","1","10600.0","20.0","5","1","0","0.0"
"2026-10-06","8302244","8804645100468","45572","맥널티_헤이즐넛원두분쇄커피_500G","85166950446","맥널티커피 리치 헤이즐넛향 분쇄 원두 핸드드립,500g,500g,3개,3개","NO","Food","Coffee & Tea","원두","맥널티커피","134100","9","0","71640","134100","0","0","0","0","0","14900.0","3","3","44700.0","100.0","3","3","0","0.0"
"2026-10-06","8243431303","8804645100451","45573","맥널티_블루마운틴스타일원두분쇄커피_500G","85172310672","맥널티커피 시그니처 블루마운틴 블렌드 분쇄 원두 핸드드립,500g,500g,2개,2개","NO","Food","Coffee & Tea","원두","맥널티커피","37300","2","0","22182","36550","0","750","0","37300","2","18650.0","1","1","37300.0","50.0","2","1","0","0.0"
"2026-10-06","8243431303","8804645100451","45573","맥널티_블루마운틴스타일원두분쇄커피_500G","85172311151","맥널티커피 시그니처 블루마운틴 블렌드 분쇄 원두 핸드드립,500g,500g,3개,3개","NO","Food","Coffee & Tea","원두","맥널티커피","52600","3","0","33273","51600","0","1000","0","52600","3","17533.333333333332","1","1","52600.0","100.0","1","1","0","0.0"
"2026-10-06","8302244","8804645100208","45570","맥널티_헤이즐넛원두분쇄커피_226G","85191203401","맥널티커피 리치 헤이즐넛향 분쇄 원두 핸드드립,226g,226g,3개,3개","NO","Food","Coffee & Tea","원두","맥널티커피","109320","12","0","59904","109320","0","0","0","0","0","9110.0","4","4","27330.0","100.0","4","4","0","0.0"
"2026-10-06","8302244","8804645100208","45570","맥널티_헤이즐넛원두분쇄커피_226G","85191203430","맥널티커피 리치 헤이즐넛향 분쇄 원두커피,226g,226g,6개,6개","NO","Food","Coffee & Tea","원두","맥널티커피","53160","6","0","29952","53160","0","0","0","0","0","8860.0","1","1","53160.0","0.0","0","1","0","0.0"
"2026-10-06","8302239","8804645100215","45571","맥널티_ 자메이카 블루마운틴 블렌드_226G","85191203479","맥널티커피 자메이카 블루마운틴 블렌드 분쇄 원두커피 핸드드립,226g,226g,3개,3개","NO","Food","Coffee & Tea","커피믹스","맥널티커피","29400","3","0","14988","28810","0","590","0","29400","3","9800.0","1","1","29400.0","20.0","5","1","0","0.0"
"2026-10-06","8157289284","18804645006101","26889711","맥널티 제로칼로리 복숭아 아이스티 500ml 24입","85191838032","맥널티 커피 복숭아 아이스티 제로,500ml,500ml,48개,48개","NO","Food","Drinks","차음료","맥널티커피","35800","2","0","24410","35080","0","720","0","35800","2","17900.0","1","1","35800.0","100.0","1","1","0","0.0"
"2026-10-06","6671175150","8804645006258","26870612","맥널티 핸드드립 버라이어티세트 30개입","85192167373","맥널티커피 핸드드립 버라이어티 원두커피 세트 30개입,커피 5종,커피 5종,3세트,3세트","NO","Food","Coffee & Tea","커피세트","맥널티커피","56700","3","0","28185","56700","0","0","0","0","0","18900.0","1","1","56700.0","33.33333333333333","3","1","0","0.0"
"2026-10-06","6671175150","8804645006258","26870612","맥널티 핸드드립 버라이어티세트 30개입","85192167858","맥널티커피 핸드드립 버라이어티 원두커피 세트 30개입,커피 5종,커피 5종,2세트,2세트","NO","Food","Coffee & Tea","커피세트","맥널티커피","75600","4","0","37580","75600","0","0","0","0","0","18900.0","2","2","37800.0","100.0","2","2","0","0.0"
"2026-10-06","6636420565","8804645006029","26477367","맥널티 리얼 에스프레소샷 블랙 액상스틱커피 15mlx30개입","85193850360","맥널티커피 리얼 에스프레소 샷 블랙 액상 스틱 커피,15ml,15ml,30개입,30개입,2개,2개","NO","Food","Coffee & Tea","원두커피믹스","맥널티커피","59200","4","0","29552","51627","7573","0","0","29600","2","14800.0","2","2","29600.0","28.57142857142857","7","2","0","0.0"
"2026-10-06","9618053831","18804645005937","25484257","맥널티 아이스 헤이즐넛향 커피 대용량 파우치 1Lx6입","85194073828","맥널티커피 아이스 헤이즐넛향 커피 대용량 파우치,12개,12개,1L,1L","NO","Food","Drinks","커피음료","맥널티커피","0","0","2","0","0","0","0","0","0","0","0.0","1","1","0.0","25.0","4","0","0","0.0"
"2026-10-06","7615212597","8804645005879","24695530","아이스 헤이즐넛향 커피 190mL 10팩","85194178075","맥널티커피 아이스 헤이즐넛향 커피,190ml,190ml,40개,40개","NO","Food","Drinks","커피음료","맥널티커피","21960","4","0","13944","21580","0","380","0","21960","4","5490.0","1","1","21960.0","100.0","1","1","0","0.0"
"2026-10-06","7615212597","8804645005879","24695530","아이스 헤이즐넛향 커피 190mL 10팩","85194178209","맥널티커피 아이스 헤이즐넛향 커피,190ml,190ml,30개,30개","NO","Food","Drinks","커피음료","맥널티커피","16470","3","0","10458","16190","0","280","0","16470","3","5490.0","1","1","16470.0","50.0","2","1","0","0.0"
"2026-10-06","7615212597","8804645005879","24695530","아이스 헤이즐넛향 커피 190mL 10팩","85194179186","맥널티커피 아이스 헤이즐넛향,190ml,190ml,20개,20개","NO","Food","Drinks","커피음료","맥널티커피","36720","6","0","20916","36720","0","0","0","0","0","6120.0","3","3","12240.0","37.5","8","3","0","0.0"
"2026-10-06","7615212597","8804645005879","24695530","아이스 헤이즐넛향 커피 190mL 10팩","85194180272","맥널티커피 아이스 헤이즐넛향 커피,190ml,190ml,50개,50개","NO","Food","Drinks","커피음료","맥널티커피","27450","5","0","17430","27450","0","0","0","0","0","5490.0","1","1","27450.0","33.33333333333333","3","1","1","5.0"
"2026-10-06","8401715066","8804645005855","24695532","아이스 아메리카노 블랙 190mL 10팩","85194731506","맥널티커피 아이스 아메리카노 블랙,190ml,190ml,20개,20개","NO","Food","Drinks","커피음료","맥널티커피","9800","2","0","6972","9800","0","0","0","0","0","4900.0","1","1","9800.0","3.571428571428571","28","1","0","0.0"
"2026-10-06","8401715066","8804645005855","24695532","아이스 아메리카노 블랙 190mL 10팩","85194742596","맥널티커피 아이스 아메리카노 블랙,190ml,190ml,30개,30개","NO","Food","Drinks","커피음료","맥널티커피","15900","3","0","10458","15900","0","0","0","0","0","5300.0","1","1","15900.0","11.11111111111111","9","1","0","0.0"
"2026-10-06","8401715066","8804645005855","24695532","아이스 아메리카노 블랙 190mL 10팩","85194745362","맥널티커피 아이스 아메리카노 블랙,190ml,190ml,50개,50개","NO","Food","Drinks","커피음료","맥널티커피","126440","25","0","87150","126440","0","0","0","0","0","5057.6","4","4","31610.0","80.0","5","5","0","0.0"
"2026-10-06","6557407422","8804645005862","24695531","아이스 아메리카노 스위트 190mL 10팩","85194758257","맥널티커피 아이스 아메리카노 스위트,190ml,190ml,20개,20개","NO","Food","Drinks","커피음료","맥널티커피","45000","10","0","34860","45000","0","0","0","0","0","4500.0","5","5","9000.0","33.33333333333333","15","5","0","0.0"
"2026-10-06","6557407422","8804645005862","24695531","아이스 아메리카노 스위트 190mL 10팩","85194783479","맥널티커피 아이스 아메리카노 스위트,190ml,190ml,30개,30개","NO","Food","Drinks","커피음료","맥널티커피","67500","15","0","52290","67500","0","0","0","0","0","4500.0","5","5","13500.0","38.46153846153847","13","5","0","0.0"
"2026-10-06","6501093720","8804645005886","24752251","복숭아 아이스티 190mL 10팩","85194919180","맥널티커피 복숭아 아이스 티,190ml,190ml,20개,20개","NO","Food","Drinks","차음료","맥널티커피","24000","4","2","13944","24000","0","0","0","0","0","6000.0","3","2","12000.0","33.33333333333333","9","2","0","0.0"
"2026-10-06","6501093720","8804645005886","24752251","복숭아 아이스티 190mL 10팩","85194922161","맥널티커피 복숭아 아이스 티,190ml,190ml,30개,30개","NO","Food","Drinks","차음료","맥널티커피","31800","6","0","20916","29800","0","2000","0","31800","6","5300.0","2","2","15900.0","50.0","4","2","0","0.0"
"2026-10-06","5455241807","8804645002861","15720531","콜롬비아 블랙 100개입","85194922362","맥널티커피 콜롬비아 블랙 원두커피믹스,1g,1g,100개입,100개입,3개,3개","NO","Food","Coffee & Tea","원두커피믹스","맥널티커피","81090","9","0","57105","81090","0","0","0","0","0","9010.0","3","3","27030.0","50.0","6","3","0","0.0"
"2026-10-06","6501093720","8804645005886","24752251","복숭아 아이스티 190mL 10팩","85194924507","맥널티커피 복숭아 아이스 티,190ml,190ml,50개,50개","NO","Food","Drinks","차음료","맥널티커피","79500","15","0","52290","77820","0","1680","0","79500","15","5300.0","1","1","79500.0","33.33333333333333","3","3","0","0.0"
"2026-10-06","6501093721","8804645005909","24752250","블루레몬 에이드 190mL 10팩","85194931571","맥널티커피 블루레몬에이드,190ml,190ml,60개,60개","NO","Food","Drinks","과일음료","맥널티커피","124000","24","0","83664","124000","0","0","0","0","0","5166.666666666667","1","1","124000.0","0.0","0","4","0","0.0"
"2026-10-06","6501093721","8804645005909","24752250","블루레몬 에이드 190mL 10팩","85194936286","맥널티커피 블루레몬에이드,190ml,190ml,20개,20개","NO","Food","Drinks","과일음료","맥널티커피","24000","4","2","13944","24000","0","0","0","0","0","6000.0","3","2","12000.0","300.0","1","2","0","0.0"
"2026-10-06","6501093721","8804645005909","24752250","블루레몬 에이드 190mL 10팩","85194940256","맥널티커피 블루레몬에이드,190ml,190ml,30개,30개","NO","Food","Drinks","과일음료","맥널티커피","15720","3","0","10458","15720","0","0","0","0","0","5240.0","1","1","15720.0","33.33333333333333","3","1","0","0.0"
"2026-10-06","6501093721","8804645005909","24752250","블루레몬 에이드 190mL 10팩","85194946775","맥널티커피 블루레몬에이드,190ml,190ml,40개,40개","NO","Food","Drinks","과일음료","맥널티커피","20950","4","0","13944","20950","0","0","0","0","0","5237.5","1","1","20950.0","33.33333333333333","3","1","0","0.0"
"2026-10-06","5455241807","8804645002861","15720531","콜롬비아 블랙 100개입","85194953537","맥널티커피 콜롬비아 블랙 원두커피믹스,1g,1g,100개입,100개입,2개,2개","NO","Food","Coffee & Tea","원두커피믹스","맥널티커피","136500","14","0","88830","136500","0","0","0","0","0","9750.0","7","7","19500.0","16.666666666666664","42","7","0","0.0"
"2026-10-06","6501088702","8804645005893","24752132","청포도 에이드 190mL 10팩","85195155541","맥널티커피 청포도 에이드,190ml,190ml,20개,20개","NO","Food","Drinks","과일음료","맥널티커피","19600","4","2","13944","19600","0","0","0","0","0","4900.0","3","2","9800.0","33.33333333333333","9","2","0","0.0"
"2026-10-06","6501088702","8804645005893","24752132","청포도 에이드 190mL 10팩","85195160238","맥널티커피 청포도 에이드,190ml,190ml,30개,30개","NO","Food","Drinks","과일음료","맥널티커피","30690","6","0","20916","30690","0","0","0","0","0","5115.0","2","2","15345.0","20.0","10","2","0","0.0"
"2026-10-06","6501088702","8804645005893","24752132","청포도 에이드 190mL 10팩","85195167092","맥널티커피 청포도 에이드,190ml,190ml,60개,60개","NO","Food","Drinks","과일음료","맥널티커피","63960","12","0","41832","63960","0","0","0","0","0","5330.0","1","1","63960.0","100.0","1","2","0","0.0"
"2026-10-06","19272806","8804645000348","3067433","산지별 에티오피아 코케 허니 핸드드립커피 7개입","85322258937","맥널티커피 에티오피아 코케 허니 핸드드립 원두,8g,8g,7개입,7개입,5개,5개","NO","Food","Coffee & Tea","드립백/티백","맥널티커피","27550","5","0","14550","8839","18711","0","0","27550","5","5510.0","1","1","27550.0","100.0","1","1","0","0.0"
"2026-10-06","8243431303","8804645100451","45573","맥널티_블루마운틴스타일원두분쇄커피_500G","85322263250","맥널티커피 시그니처 블루마운틴 블렌드 분쇄 원두 핸드드립,500g,500g,4개,4개","NO","Food","Coffee & Tea","원두","맥널티커피","69900","4","0","44364","68900","0","1000","0","69900","4","17475.0","1","1","69900.0","100.0","1","1","0","0.0"
"2026-10-06","7863543179","8804645006074","25240402","맥널티 스테비아 커피믹스 30개입","85322264850","맥널티커피 스테비아 커피믹스,9.5g,9.5g,30개입,30개입,5개,5개","NO","Food","Coffee & Tea","커피믹스","맥널티커피","36750","5","0","24135","36010","0","740","0","36750","5","7350.0","1","1","36750.0","100.0","1","1","0","0.0"
"2026-10-06","319883678","8804645003066","10812901","맥널티 베트남 로부스타 원두커피 1kg","85322265025","맥널티커피 베트남 로부스타 G1 원두,1kg,1kg,4개,4개","NO","Food","Coffee & Tea","원두","맥널티커피","79600","4","0","46872","78000","0","1600","0","79600","4","19900.0","1","1","79600.0","25.0","4","1","0","0.0"
"2026-10-06","319883678","8804645003066","10812901","맥널티 베트남 로부스타 원두커피 1kg","85322265154","맥널티커피 베트남 로부스타 G1 원두,1kg,1kg,2개,2개","NO","Food","Coffee & Tea","원두","맥널티커피","159200","8","0","93744","156000","0","3200","0","159200","8","19900.0","4","4","39800.0","100.0","4","4","0","0.0"
"2026-10-06","319883678","8804645003066","10812901","맥널티 베트남 로부스타 원두커피 1kg","85322265195","맥널티커피 베트남 로부스타 G1 원두,1kg,1kg,3개,3개","NO","Food","Coffee & Tea","원두","맥널티커피","179100","9","0","105462","175500","0","3600","0","179100","9","19900.0","3","3","59700.0","150.0","2","3","0","0.0"
"2026-10-06","8302239","8804645100215","45571","맥널티_ 자메이카 블루마운틴 블렌드_226G","85322265462","맥널티커피 자메이카 블루마운틴 블렌드 분쇄 원두커피 핸드드립,226g,226g,4개,4개","NO","Food","Coffee & Tea","커피믹스","맥널티커피","36080","4","0","19984","36080","0","0","0","0","0","9020.0","1","1","36080.0","33.33333333333333","3","1","0","0.0"
"2026-10-06","8302244","8804645100208","45570","맥널티_헤이즐넛원두분쇄커피_226G","85322267630","맥널티커피 리치 헤이즐넛향 분쇄 원두커피,226g,226g,4개,4개","NO","Food","Coffee & Tea","원두","맥널티커피","35940","4","0","19968","35940","0","0","0","0","0","8985.0","1","1","35940.0","100.0","1","1","0","0.0"
"2026-10-06","8401715066","18804645005913","25484255","맥널티 아이스 아메리카노 블랙커피 대용량 파우치 1Lx6입","85322267905","맥널티커피 아메리카노 블랙 커피,1L,1L,18개,18개","NO","Food","Drinks","커피음료","맥널티커피","45660","3","0","30756","45660","0","0","0","0","0","15220.0","1","1","45660.0","0.0","0","1","0","0.0"
"2026-10-06","6709735713","8804645000515","2341900","맥널티 iBrew 미니 헤이즐넛향 200개입(200g)","85480600718","아이브루 헤이즐넛향 원두커피믹스,1g,1g,200개입,200개입,2개,2개","NO","Food","Coffee & Tea","커피믹스","아이브루","206350","10","0","99170","176350","30000","0","0","41270","2","20635.0","5","5","41270.0","17.24137931034483","29","5","0","0.0"
"2026-10-06","7268864468","8804645006340","34834818","맥널티 스테비아 제로슈가 핫초코 라떼 30개입 15g","85671431196","맥널티커피 스테비아 제로슈가 핫초코 라떼,15g,15g,30개입,30개입,1개,1개","NO","Food","Coffee & Tea","라떼분말","맥널티커피","471960","38","3","285000","461960","10000","0","0","12420","1","12420.0","39","37","12755.675675675675","15.17509727626459","257","38","1","5.0"
"2026-10-06","6636420565","8804645006029","26477367","맥널티 리얼 에스프레소샷 블랙 액상스틱커피 15mlx30개입","85762356700","맥널티커피 리얼 에스프레소 샷 블랙 액상 스틱 커피,15ml,15ml,30개입,30개입,4개,4개","NO","Food","Coffee & Tea","원두커피믹스","맥널티커피","59200","4","0","29552","57810","0","1390","0","59200","4","14800.0","1","1","59200.0","25.0","4","1","0","0.0"
"2026-10-06","8096962372","8804645100185","10147180","맥널티 행복을 주는 커피 헤이즐넛향 1kg 홀빈","85895495270","맥널티커피 행복을 주는 커피 헤이즐넛향 원두,1kg,1kg,2개,2개,홀빈(분쇄안함),홀빈(분쇄안함)","NO","Food","Coffee & Tea","원두","맥널티커피","119200","4","0","60976","118000","0","1200","0","119200","4","29800.0","1","1","119200.0","100.0","1","2","0","0.0"
"2026-10-06","7268864468","8804645006340","34834818","맥널티 스테비아 제로슈가 핫초코 라떼 30개입 15g","85916848410","맥널티커피 스테비아 제로슈가 핫초코 라떼,15g,15g,30개입,30개입,2개,2개","NO","Food","Coffee & Tea","라떼분말","맥널티커피","74520","6","0","45000","74520","0","0","0","0","0","12420.0","3","3","24840.0","20.0","15","3","0","0.0"
"2026-10-06","7268864468","8804645006340","34834818","맥널티 스테비아 제로슈가 핫초코 라떼 30개입 15g","85916848834","맥널티커피 스테비아 제로슈가 핫초코 라떼,15g,15g,30개입,30개입,3개,3개","NO","Food","Coffee & Tea","라떼분말","맥널티커피","72740","6","0","45000","72740","0","0","0","0","0","12123.333333333334","2","2","36370.0","18.181818181818183","11","2","0","0.0"
"2026-10-06","7757594782","8804645006302","10147177","맥널티 홀빈 블루마운틴 1000g","85995313246","맥널티 홀빈 블루마운틴,홀빈(분쇄안함),홀빈(분쇄안함),1kg,1kg,2개,2개","NO","Food","Coffee & Tea","원두","맥널티커피","215200","8","0","125720","210880","0","4320","0","215200","8","26900.0","4","4","53800.0","30.76923076923077","13","4","0","0.0"
"2026-10-06","7387320683","8804645006791","36669698","제로 아이스티 복숭아, 30개입, 13g","86349682924","맥널티커피 복숭아 아이스티 제로,13g,13g,30개,30개","NO","Food","Drinks","차음료","맥널티커피","19420","2","0","11700","19420","0","0","0","0","0","9710.0","2","2","9710.0","15.384615384615385","13","2","0","0.0"
"2026-10-06","7010199440","18804645006538","36829225","맥널티 제로칼로리 청포도 아이스티 500mlx24입,","86417557917","맥널티커피 청포도 아이스티 제로,500ml,500ml,24개,24개","NO","Food","Drinks","차음료","맥널티커피","53700","3","1","36615","52260","0","1080","0","53700","3","17900.0","4","4","13425.0","14.814814814814813","27","3","0","0.0"
"2026-10-06","7387323458","8804645006807","36829226","제로 아이스티 청포도, 30개입, 13g 1개","86417557932","맥널티커피 청포도 아이스티 제로,390g,390g,30개입,30개입,1개,1개","NO","Food","Drinks","차음료","맥널티커피","7500","1","0","5850","7500","0","0","0","0","0","7500.0","1","1","7500.0","5.88235294117647","17","1","0","0.0"
"2026-10-06","8288508361","8804645006395","36903434","맥널티 아이브루 플러스 헤이즐넛 블랙커피 100개입","86458081778","아이브루 플러스 공정무역 헤이즐넛 블랙커피,1g,1g,100개입,100개입,1개,1개","NO","Food","Coffee & Tea","원두커피믹스","아이브루","1984320","208","11","1585584","1839320","27290","112180","0","1545480","162","9540.0","199","193","10281.450777202073","13.473256601218687","1477","208","12","4.5"
"2026-10-06","7387323458","8804645006807","36829226","제로 아이스티 청포도, 30개입, 13g 1개","86469813969","맥널티커피 청포도 아이스티 제로,390g,390g,30개입,30개입,2개,2개","NO","Food","Drinks","차음료","맥널티커피","29000","4","0","23400","29000","0","0","0","0","0","7250.0","2","2","14500.0","50.0","4","2","0","0.0"
"2026-10-06","181940082","8804645000713","10003517","콜롬비아 핸드드립 블렌드 24개입","86556283131","맥널티커피 콜롬비아 핸드드립 블렌드 드립백커피,8g,8g,24개입,24개입,2개,2개","NO","Food","Coffee & Tea","드립백/티백","맥널티커피","154800","12","2","90816","146558","8242","0","0","25800","2","12900.0","7","7","22114.285714285714","23.333333333333332","30","6","0","0.0"
"2026-10-06","181940082","8804645000713","10003517","콜롬비아 핸드드립 블렌드 24개입","86556283740","맥널티커피 콜롬비아 핸드드립 블렌드 드립백커피,8g,8g,24개입,24개입,3개,3개","NO","Food","Coffee & Tea","드립백/티백","맥널티커피","38700","3","0","22704","38700","0","0","0","0","0","12900.0","1","1","38700.0","25.0","4","1","0","0.0"
"2026-10-06","181940092","8804645000720","10003518","케냐 AA 핸드드립 블렌드 24개입","86569241933","맥널티커피 케냐AA 핸드드립 블렌드커피,8g,8g,24개입,24개입,2개,2개","NO","Food","Coffee & Tea","드립백/티백","맥널티","56640","4","0","27188","56640","0","0","0","0","0","14160.0","2","2","28320.0","100.0","2","2","0","0.0"
"2026-10-06","7387320683","8804645006791","36669698","제로 아이스티 복숭아, 30개입, 13g","86717876713","맥널티커피 복숭아 아이스티 제로,13g,13g,60개,60개","NO","Food","Drinks","차음료","맥널티커피","38640","4","0","23400","38640","0","0","0","0","0","9660.0","2","2","19320.0","66.66666666666666","3","2","0","0.0"
"2026-10-06","8288508361","8804645006395","36903434","맥널티 아이브루 플러스 헤이즐넛 블랙커피 100개입","86717971315","아이브루 플러스 공정무역 헤이즐넛 블랙커피,1g,1g,100개입,100개입,2개,2개","NO","Food","Coffee & Tea","원두커피믹스","아이브루","76320","8","2","60984","70040","0","4710","0","57240","6","9540.0","5","5","15264.0","19.230769230769234","26","4","0","0.0"
"2026-10-06","181940092","8804645006616","37713094","맥널티 핸드드립커피 케냐AA(더블에이) 36개입, 8g, 1개","86776604817","맥널티커피 케냐 AA 핸드드립 원두커피,8g,8g,36개입,36개입,1개,1개","NO","Food","Coffee & Tea","드립백/티백","맥널티커피","59700","3","0","35277","58700","0","1000","0","19900","1","19900.0","3","3","19900.0","10.714285714285714","28","3","0","0.0"
"2026-10-06","8288498794","8804645006623","37713095","맥널티 핸드드립커피 에티오피아 예가체프 36개입, 8g, 1개","86776605106","맥널티커피 핸드드립커피 에티오피아 예가체프,8g,8g,36개입,36개입,1개,1개","NO","Food","Coffee & Tea","드립백/티백","맥널티커피","21510","1","0","10577","21510","0","0","0","0","0","21510.0","1","1","21510.0","14.285714285714285","7","1","0","0.0"
"2026-10-06","7510928153","8804645006074","25240402","맥널티 스테비아 커피믹스 30개입","86785226630","맥널티커피 스테비아 커피믹스,9.5g,9.5g,30개입,30개입,3개,3개","YES","Food","Coffee & Tea","커피믹스","맥널티커피","22050","3","0","14481","21120","0","930","0","22050","3","7350.0","1","1","22050.0","100.0","1","1","0","0.0"
"2026-10-06","8150927749","18804645006873","38262417","복숭아 아이스티 제로, 6개, 1L","86973929516","맥널티커피 복숭아 아이스티 제로,1L,1L,1개입,1개입,6개,6개","NO","Food","Drinks","차음료","맥널티커피","31800","2","0","21154","31800","0","0","0","0","0","15900.0","2","2","15900.0","15.384615384615385","13","2","0","0.0"
"2026-10-06","8179322743","8804645005343","38710870","맥널티 홀빈 커피원두, 콜롬비아 안데스 오리진 1kg, 1개","87098723601","맥널티 홀빈 커피원두 콜롬비아 안데스 오리진,홀빈(분쇄안함),홀빈(분쇄안함),1kg,1kg,1개,1개","NO","Food","Coffee & Tea","원두","맥널티커피","26230","1","0","16364","26230","0","0","0","0","0","26230.0","1","1","26230.0","9.090909090909092","11","1","1","3.0"
"2026-10-06","6974143978","8804645005312","38710872","맥널티 홀빈 커피원두, 시그니처 블렌드 1kg, 1개","87098723620","맥널티 홀빈 커피원두 시그니처 블렌드,1kg,1kg,1개,1개,홀빈(분쇄안함),홀빈(분쇄안함)","NO","Food","Coffee & Tea","원두","맥널티커피","52460","2","0","32728","52460","0","0","0","0","0","26230.0","2","2","26230.0","13.333333333333334","15","2","1","5.0"
"2026-10-06","6703340843","8804645005350","38813491","맥널티 홀빈 원두 1KG, 브라질 산토스 내추럴, 1개","87125220336","맥널티커피 브라질 산토스 내추럴 원두,1kg,1kg,1개,1개","NO","Food","Coffee & Tea","원두","맥널티커피","83520","3","0","34092","81920","0","1600","0","83520","3","27840.0","3","3","27840.0","37.5","8","3","0","0.0"
"2026-10-06","6703340843","8804645005350","38813491","맥널티 홀빈 원두 1KG, 브라질 산토스 내추럴, 1개","87149809753","맥널티커피 브라질 산토스 내추럴 원두,1kg,1kg,2개,2개","NO","Food","Coffee & Tea","원두","맥널티커피","55680","2","0","22728","54570","0","1110","0","55680","2","27840.0","1","1","55680.0","33.33333333333333","3","1","0","0.0"
"2026-10-06","7560423269","8804645006852","38919334","맥널티 에티오피아 예가체프 홀빈 원두, 1kg, 1개","87160473940","맥널티커피 에티오피아 예가체프 원두,홀빈(분쇄안함),홀빈(분쇄안함),1kg,1kg,1개,1개","NO","Food","Coffee & Tea","원두","맥널티커피","82070","3","0","49092","80970","0","1100","0","54900","2","27356.666666666668","3","3","27356.666666666668","7.894736842105263","38","3","1","3.0"
"2026-10-06","7747172789","8804645006890","38933766","맥널티커피 스테비아 디카페인 커피믹스, 1개, 100개입 9.5g","87163172745","맥널티커피 스테비아 디카페인 커피믹스,9.5g,9.5g,100개입,100개입,1개,1개","NO","Food","Coffee & Tea","커피믹스","맥널티커피","1331890","53","2","958452","1331890","0","0","0","0","0","25130.0","54","53","25130.0","9.800362976406534","551","53","3","5.0"
"2026-10-06","7583747209","8804645006906","39149735","맥널티 스테비아 제로슈가 호두 아몬드 율무차, 1개, 30개입, 450g","87227285583","맥널티커피 스테비아 제로슈가 호두 아몬드 율무차,1개,1개,30개입,30개입,15g,15g","NO","Food","Coffee & Tea","율무/견과차","맥널티커피","83300","7","0","47705","81620","0","1680","0","83300","7","11900.0","7","7","11900.0","17.5","40","7","0","0.0"
"2026-10-06","7583747209","8804645006906","39149735","맥널티 스테비아 제로슈가 호두 아몬드 율무차, 1개, 30개입, 450g","87297272943","맥널티커피 스테비아 제로슈가 호두 아몬드 율무차,2개,2개,30개입,30개입,15g,15g","NO","Food","Coffee & Tea","율무/견과차","맥널티커피","23400","2","0","13630","22930","0","470","0","23400","2","11700.0","1","1","23400.0","16.666666666666664","6","1","0","0.0"
"2026-10-06","7612947477","8804645006708","39616646","맥널티 게이샤 블렌드 커피 원두, 홀빈(분쇄안함), 500g, 1개","87417692671","맥널티커피 게이샤 블렌드 커피 원두,홀빈(분쇄안함),홀빈(분쇄안함),500g,500g,1개,1개","NO","Food","Coffee & Tea","원두","맥널티커피","19590","1","0","11400","19200","0","390","0","19590","1","19590.0","1","1","19590.0","11.11111111111111","9","1","0","0.0"
"2026-10-06","7612947477","8804645006708","39616646","맥널티 게이샤 블렌드 커피 원두, 홀빈(분쇄안함), 500g, 1개","87479322633","맥널티커피 게이샤 블렌드 커피 원두,홀빈(분쇄안함),홀빈(분쇄안함),500g,500g,2개,2개","NO","Food","Coffee & Tea","원두","맥널티커피","28900","2","0","22800","21900","6000","1000","0","28900","2","14450.0","1","1","28900.0","10.0","10","1","0","0.0"
"2026-10-06","7612947135","8804645006685","39616647","맥널티 하와이안 코나 블렌드 커피 원두, 홀빈(분쇄안함), 500g, 1개","87479323095","맥널티커피 하와이안 코나 블렌드 커피 원두,홀빈(분쇄안함),홀빈(분쇄안함),500g,500g,2개,2개","NO","Food","Coffee & Tea","원두","맥널티커피","28900","2","0","22800","27900","0","1000","0","28900","2","14450.0","1","1","28900.0","6.25","16","1","0","0.0"
"2026-10-06","7424862697","18804645006835","40520042","맥널티커피 복숭아 아이스티 제로 RTD, 30개, 240ml","87796328234","맥널티커피 복숭아 아이스티 제로 RTD,240ml,240ml,30개,30개","NO","Food","Drinks","차음료","맥널티커피","148880","8","0","70360","148880","0","0","0","0","0","18610.0","8","8","18610.0","57.14285714285714","14","8","0","0.0"
"2026-10-06","7735491631","8804645006029","26477367","맥널티 리얼 에스프레소샷 블랙 액상스틱커피 15mlx30개입","87867002435","맥널티커피 리얼 에스프레소 샷 블랙 액상 스틱 커피,15ml,15ml,30개입,30개입,1개,1개","YES","Food","Coffee & Tea","원두커피믹스","맥널티커피","29600","2","0","14776","29600","0","0","0","0","0","14800.0","2","2","14800.0","11.11111111111111","18","2","0","0.0"
"2026-10-06","7424862697","18804645006835","40520042","맥널티커피 복숭아 아이스티 제로 RTD, 30개, 240ml","87875612097","맥널티커피 복숭아 아이스티 제로 RTD,240ml,240ml,60개,60개","NO","Food","Drinks","차음료","맥널티커피","37220","2","0","17590","37220","0","0","0","0","0","18610.0","1","1","37220.0","100.0","1","1","0","0.0"
"2026-10-06","7747172789","8804645006777","40806729","맥널티 스테비아 디카페인 커피믹스, 1개, 30개입, 285g","87921375710","맥널티커피 스테비아 디카페인 커피믹스,9.5g,9.5g,30개입,30개입,1개,1개","NO","Food","Coffee & Tea","커피믹스","맥널티커피","263120","26","3","164710","245480","0","15960","0","192280","19","10120.0","28","26","10120.0","12.017167381974248","233","26","7","4.6"
"2026-10-06","7747172789","8804645006777","40806729","맥널티 스테비아 디카페인 커피믹스, 1개, 30개입, 285g","87980929539","맥널티커피 스테비아 디카페인 커피믹스,9.5g,9.5g,30개입,30개입,3개,3개","NO","Food","Coffee & Tea","커피믹스","맥널티커피","53700","6","0","38010","52620","0","1080","0","53700","6","8950.0","2","2","26850.0","100.0","2","2","0","0.0"
"2026-10-06","7747172789","8804645006777","40806729","맥널티 스테비아 디카페인 커피믹스, 1개, 30개입, 285g","87980929557","맥널티커피 스테비아 디카페인 커피믹스,9.5g,9.5g,30개입,30개입,2개,2개","NO","Food","Coffee & Tea","커피믹스","맥널티커피","35800","4","0","25340","35080","0","720","0","35800","4","8950.0","2","2","17900.0","16.666666666666664","12","2","0","0.0"
"2026-10-06","7743812297","8804645006951","41175263","맥널티커피 스테비아 꿀 유자차, 1개, 30개입, 450g","88083709912","맥널티커피 스테비아 꿀 유자차,15g,15g,30개입,30개입,1개,1개","NO","Food","Coffee & Tea","기타전통차","맥널티커피","107100","9","0","66492","104940","0","2160","0","107100","9","11900.0","9","9","11900.0","8.49056603773585","106","9","0","0.0"
"2026-10-06","7743812297","8804645006951","41175263","맥널티커피 스테비아 꿀 유자차, 1개, 30개입, 450g","88115662277","맥널티커피 스테비아 꿀 유자차,15g,15g,30개입,30개입,2개,2개","NO","Food","Coffee & Tea","기타전통차","맥널티커피","23800","2","0","14776","23320","0","480","0","23800","2","11900.0","1","1","23800.0","20.0","5","1","0","0.0"
"2026-10-06","7851778797","8804645100208","45570","맥널티_헤이즐넛원두분쇄커피_226G","88459776890","맥널티커피 리치 헤이즐넛향 분쇄 원두 핸드드립,226g,226g,1개,1개,핸드드립,핸드드립","YES","Food","Coffee & Tea","원두","맥널티커피","68600","7","0","34944","67200","0","1400","0","68600","7","9800.0","7","7","9800.0","46.666666666666664","15","7","1","5.0"
"2026-10-06","7851778797","8804645100208","45570","맥널티_헤이즐넛원두분쇄커피_226G","88459776946","맥널티커피 리치 헤이즐넛향 분쇄 원두커피,226g,226g,2개,2개,핸드드립,핸드드립","YES","Food","Coffee & Tea","원두","맥널티커피","18720","2","0","9984","18720","0","0","0","0","0","9360.0","1","1","18720.0","100.0","1","1","0","0.0"
"2026-10-06","7852071135","8804645006340","34834818","맥널티 스테비아 제로슈가 핫초코 라떼 30개입 15g","88460879867","맥널티커피 스테비아 제로슈가 핫초코 라떼,15g,15g,30개입,30개입,1개,1개","YES","Food","Coffee & Tea","라떼분말","맥널티커피","12420","1","0","7500","12420","0","0","0","0","0","12420.0","1","1","12420.0","3.125","32","1","0","0.0"
"2026-10-06","7863543179","8804645006067","25240400","맥널티 스테비아 커피믹스 100개입","88808534284","맥널티커피 스테비아 커피믹스,9.5g,9.5g,100개입,100개입,2개,2개","NO","Food","Coffee & Tea","커피믹스","맥널티커피","251200","12","0","155520","246160","0","5040","0","251200","12","20933.333333333332","6","6","41866.666666666664","22.22222222222222","27","6","0","0.0"
"2026-10-06","7973231891","8804645006890","38933766","맥널티커피 스테비아 디카페인 커피믹스, 1개, 100개입 9.5g","89137626129","맥널티커피 스테비아 디카페인 커피믹스,9.5g,9.5g,100개입,100개입,1개,1개","YES","Food","Coffee & Tea","커피믹스","맥널티커피","50260","2","0","36168","50260","0","0","0","0","0","25130.0","2","2","25130.0","7.6923076923076925","26","2","0","0.0"
"2026-10-06","7973231936","8804645006777","40806729","맥널티 스테비아 디카페인 커피믹스, 1개, 30개입, 285g","89137626209","맥널티커피 스테비아 디카페인 커피믹스,9.5g,9.5g,30개입,30개입,1개,1개","YES","Food","Coffee & Tea","커피믹스","맥널티커피","10120","1","0","6335","9280","0","840","0","10120","1","10120.0","1","1","10120.0","9.090909090909092","11","1","0","0.0"
"2026-10-06","7973231982","8804645006258","26870612","맥널티 핸드드립 버라이어티세트 30개입","89137626303","맥널티커피 핸드드립 버라이어티 원두커피 세트 30개입,커피 5종,커피 5종,1세트,1세트","YES","Food","Coffee & Tea","커피세트","맥널티커피","18900","1","0","9395","18900","0","0","0","0","0","18900.0","1","1","18900.0","8.333333333333332","12","1","0","0.0"
"2026-10-06","8267608006","8804645007071","45580036","맥널티 청매실 에이드 190ml*10개입","89717767133","맥널티커피 청매실 에이드,190ml,190ml,10개,10개","NO","Food","Drinks","과일음료","맥널티커피","6000","1","1","3486","6000","0","0","0","0","0","6000.0","2","1","6000.0","20.0","10","1","1","5.0"
"2026-10-06","8267608006","8804645007071","45580036","맥널티 청매실 에이드 190ml*10개입","89717826438","맥널티커피 청매실 에이드,190ml,190ml,30개,30개","NO","Food","Drinks","과일음료","맥널티커피","14400","3","0","10458","14400","0","0","0","0","0","4800.0","1","1","14400.0","50.0","2","1","0","0.0"
"2026-10-06","8267608006","8804645007071","45580036","맥널티 청매실 에이드 190ml*10개입","89717826614","맥널티커피 청매실 에이드,190ml,190ml,50개,50개","NO","Food","Drinks","과일음료","맥널티커피","47960","10","0","34860","47960","0","0","0","0","0","4796.0","1","1","47960.0","0.0","0","2","0","0.0"
"2026-10-06","8087407248","8804645007118","46534985","아이브루 플러스 디카페인 아메리카노 블랙커피, 1개, 80개입, 80g","90042179336","아이브루 플러스 디카페인 블랙커피,1g,1g,80개입,80개입,1개,1개","NO","Food","Coffee & Tea","원두커피믹스","아이브루","161100","15","0","119460","161100","0","0","0","0","0","10740.0","12","12","13425.0","4.528301886792453","265","15","2","3.5"
"2026-10-06","8135360870","8804645006067","25240400","맥널티 스테비아 커피믹스 100개입","90141923560","맥널티커피 스테비아 커피믹스,9.5g,9.5g,100개입,100개입,1개,1개","YES","Food","Coffee & Tea","커피믹스","맥널티커피","208800","10","0","129600","205020","0","3780","0","208800","10","20880.0","9","9","23200.0","16.071428571428573","56","10","0","0.0"
"2026-10-06","8103370411","8804645007187","47303765","산양유 단백질 프로틴 스테비아 커피믹스, 1개, 100개입, 1000g","90271918990","맥널티커피 산양유 단백질 스테비아 커피믹스,10g,10g,100개입,100개입,1개,1개","NO","Food","Coffee & Tea","커피믹스","맥널티커피","438060","14","1","279832","438060","0","0","0","0","0","31290.0","14","14","31290.0","6.278026905829597","223","14","1","3.0"
"2026-10-06","8191680703","8804645007262","48074657","맥널티 브라질 세라도 분쇄 원두 커피, 1개, 500g","90530021242","맥널티커피 브라질 세라도 싱글 오리진 분쇄 원두 커피,에스프레소,에스프레소,500g,500g,1개,1개","NO","Food","Coffee & Tea","원두","맥널티커피","47700","3","0","28185","46740","0","960","0","47700","3","15900.0","3","3","15900.0","10.714285714285714","28","3","3","5.0"
"2026-10-06","8179322743","8804645007255","48074658","맥널티 콜롬비아 안데스 분쇄 원두 커피, 1개, 500g","90530021252","맥널티커피 콜롬비아 안데스 싱글 오리진 분쇄 원두 커피,에스프레소,에스프레소,500g,500g,1개,1개","NO","Food","Coffee & Tea","원두","맥널티커피","31800","2","0","19972","31160","0","640","0","31800","2","15900.0","2","2","15900.0","15.384615384615385","13","2","0","0.0"
"2026-10-06","8179325783","8804645007231","48074659","맥널티 에티오피아 예가체프 분쇄 원두 커피, 1개, 500g","90530021267","맥널티커피 에티오피아 예가체프 싱글 오리진 분쇄 원두 커피,에스프레소,에스프레소,500g,500g,1개,1개","NO","Food","Coffee & Tea","원두","맥널티커피","333900","21","0","209706","329740","0","4160","0","318000","20","15900.0","14","14","23850.0","18.91891891891892","74","21","1","5.0"
"2026-10-06","8200404313","18804645007290","48466205","맥널티 대용량 제로슈가 스테비아 믹스커피 음료, 12개, 1L","90674710122","맥널티커피 스테비아 커피믹스,1L,1L,12개,12개","NO","Food","Drinks","커피음료","맥널티커피","565800","23","0","392541","542800","0","23000","0","565800","23","24600.0","23","23","24600.0","40.35087719298245","57","23","1","5.0"
"2026-10-06","8172166591","8804645007217","48914233","맥널티 유자 에이드 190ml 10개","90791380054","맥널티커피 유자 에이드,10개,10개,190ml,190ml","NO","Food","Drinks","야채음료","맥널티커피","6000","1","0","3486","6000","0","0","0","0","0","6000.0","1","1","6000.0","10.0","10","1","2","3.0"
"2026-10-06","8172166591","8804645007217","48914233","맥널티 유자 에이드 190ml 10개","90791413042","맥널티커피 유자 에이드,60개,60개,190ml,190ml","NO","Food","Drinks","야채음료","맥널티커피","28200","6","0","20916","28200","0","0","0","0","0","4700.0","1","1","28200.0","100.0","1","1","0","0.0"
"2026-10-06","8172166591","8804645007217","48914233","맥널티 유자 에이드 190ml 10개","90791413044","맥널티커피 유자 에이드,50개,50개,190ml,190ml","NO","Food","Drinks","야채음료","맥널티커피","23500","5","0","17430","23500","0","0","0","0","0","4700.0","1","1","23500.0","100.0","1","1","0","0.0"
"2026-10-06","8316137975","8804645005862","24695531","아이스 아메리카노 스위트 190mL 10팩","91021028383","맥널티커피 아이스 아메리카노 스위트,190ml,190ml,10개,10개","YES","Food","Drinks","커피음료","맥널티커피","18000","4","0","13944","18000","0","0","0","0","0","4500.0","4","4","4500.0","7.547169811320755","53","4","0","0.0"
"2026-10-06","8316137975","8804645005862","24695531","아이스 아메리카노 스위트 190mL 10팩","91021028406","맥널티커피 아이스 아메리카노 스위트,190ml,190ml,20개,20개","YES","Food","Drinks","커피음료","맥널티커피","9000","2","0","6972","9000","0","0","0","0","0","4500.0","1","1","9000.0","100.0","1","1","0","0.0"
"2026-10-06","8316138479","8804645005893","24752132","청포도 에이드 190mL 10팩","91021029561","맥널티커피 청포도 에이드,190ml,190ml,10개,10개","YES","Food","Drinks","과일음료","맥널티커피","4900","1","0","3486","4900","0","0","0","0","0","4900.0","1","1","4900.0","16.666666666666664","6","1","0","0.0"
"2026-10-06","8316138479","8804645005893","24752132","청포도 에이드 190mL 10팩","91021029696","맥널티커피 청포도 에이드,190ml,190ml,30개,30개","YES","Food","Drinks","과일음료","맥널티커피","14700","3","0","10458","14700","0","0","0","0","0","4900.0","1","1","14700.0","50.0","2","1","0","0.0"
"2026-10-06","8333667505","8804645007330","51063548","스테비아 단백질 옥수수 크림 라떼, 1개, 20개입, 18g","91176870638","맥널티커피 스테비아 단백질 옥수수 크림 라떼,1개,1개,20개입,20개입,18g,18g","NO","Food","Coffee & Tea","라떼분말","맥널티커피","10500","1","0","5850","10500","0","0","0","0","0","10500.0","1","1","10500.0","8.333333333333332","12","1","0","0.0"
"2026-10-06","8333669580","8804645007347","51164938","스테비아 단백질 고구마 크림 라떼, 1개, 20개입, 18g","91268841975","맥널티커피 스테비아 단백질 고구마 크림 라떼,4개,4개,20개입,20개입,18g,18g","NO","Food","Coffee & Tea","라떼분말","맥널티커피","39600","4","0","23400","39600","0","0","0","0","0","9900.0","1","1","39600.0","0.0","0","1","0","0.0"
"2026-10-06","8421603857","8804645000348","3067433","산지별 에티오피아 코케 허니 핸드드립커피 7개입","91374530029","맥널티커피 에티오피아 코케 허니 핸드드립 원두,8g,8g,7개입,7개입,1개,1개","YES","Food","Coffee & Tea","드립백/티백","맥널티커피","5870","1","0","2910","5870","0","0","0","0","0","5870.0","1","1","5870.0","33.33333333333333","3","1","0","0.0"
"2026-10-06","8421620494","8804645003929","13277719","맥널티 행복을 주는 커피 콜롬비아 블렌드 1kg","91374592544","맥널티커피 행복을 주는 커피 콜롬비아 블렌드 분쇄 원두,1kg,1kg,1개,1개,핸드드립,핸드드립","YES","Food","Coffee & Tea","원두","맥널티커피","28020","1","0","15599","27680","0","340","0","28020","1","28020.0","1","1","28020.0","25.0","4","1","0","0.0"
"2026-10-06","8421621122","8804645006081","29461862","맥널티 아메리카노 아이스 블랙 100개입","91374594007","맥널티커피 아메리카노 아이스 블랙 커피믹스,1g,1g,100개입,100개입,1개,1개","YES","Food","Coffee & Tea","커피믹스","맥널티커피","10900","1","0","5850","10680","0","220","0","10900","1","10900.0","1","1","10900.0","50.0","2","1","0","0.0"
"2026-10-06","8421622249","8804645006616","37713094","맥널티 핸드드립커피 케냐AA(더블에이) 36개입, 8g, 1개","91374597035","맥널티커피 케냐 AA 핸드드립 원두커피,8g,8g,36개입,36개입,1개,1개","YES","Food","Coffee & Tea","드립백/티백","맥널티커피","19900","1","0","11759","18900","0","1000","0","19900","1","19900.0","1","1","19900.0","33.33333333333333","3","1","0","0.0"
"2026-10-06","8421622441","8804645006395","36903434","맥널티 아이브루 플러스 헤이즐넛 블랙커피 100개입","91374597513","아이브루 플러스 공정무역 헤이즐넛 블랙커피,100개입,100개입,1개,1개,1g,1g","YES","Food","Coffee & Tea","원두커피믹스","아이브루","9540","1","0","7623","8750","0","790","0","9540","1","9540.0","1","1","9540.0","14.285714285714285","7","1","0","0.0"
"2026-10-06","8421635713","8804645005350","38813491","맥널티 홀빈 원두 1KG, 브라질 산토스 내추럴, 1개","91374643183","맥널티커피 브라질 산토스 내추럴 원두,홀빈(분쇄안함),홀빈(분쇄안함),1kg,1kg,1개,1개","YES","Food","Coffee & Tea","원두","맥널티커피","27840","1","0","11364","27290","0","550","0","27840","1","27840.0","1","1","27840.0","14.285714285714285","7","1","0","0.0"
"2026-10-06","8421635713","8804645005350","38813491","맥널티 홀빈 원두 1KG, 브라질 산토스 내추럴, 1개","91374643213","맥널티커피 브라질 산토스 내추럴 원두,홀빈(분쇄안함),홀빈(분쇄안함),1kg,1kg,2개,2개","YES","Food","Coffee & Tea","원두","맥널티커피","55680","2","0","22728","54570","0","1110","0","55680","2","27840.0","1","1","55680.0","14.285714285714285","7","1","0","0.0"
"2026-10-06","8421636778","8804645007118","46534985","아이브루 플러스 디카페인 아메리카노 블랙커피, 1개, 80개입, 80g","91374645033","아이브루 플러스 디카페인 블랙커피,1g,1g,80개입,80개입,1개,1개","YES","Food","Coffee & Tea","원두커피믹스","아이브루","10740","1","0","7964","10740","0","0","0","0","0","10740.0","1","1","10740.0","16.666666666666664","6","1","0","0.0"
"2026-10-06","8421637007","8804645007255","48074658","맥널티 콜롬비아 안데스 분쇄 원두 커피, 1개, 500g","91374645576","맥널티커피 콜롬비아 안데스 분쇄 원두 커피,2개,2개,500g,500g","YES","Food","Coffee & Tea","원두","맥널티커피","31800","2","0","19972","31160","0","640","0","31800","2","15900.0","1","1","31800.0","0.0","0","1","0","0.0"
"2026-10-06","8421637003","8804645007231","48074659","맥널티 에티오피아 예가체프 분쇄 원두 커피, 1개, 500g","91374645656","맥널티커피 에티오피아 예가체프 싱글 오리진 분쇄 원두 커피,에스프레소,에스프레소,500g,500g,1개,1개","YES","Food","Coffee & Tea","원두","맥널티커피","15900","1","0","9986","15580","0","320","0","15900","1","15900.0","1","1","15900.0","20.0","5","1","0","0.0"
"2026-10-06","8414447766","9311931902167","52625820","맥널티 인스턴트 원두 병커피 에스프레소 블랙 50g 1개","91388389549","프라이빗클럽 맥널티 인스턴트 원두 병커피 에스프레소 블랙,50g,50g,3개,3개,1개입,1개입","NO","Food","Coffee & Tea","원두커피믹스","프라이빗클럽","13560","3","0","10458","13560","0","0","0","0","0","4520.0","1","1","13560.0","20.0","5","1","0","0.0"
"2026-10-06","8414447766","9311931902167","52625820","맥널티 인스턴트 원두 병커피 에스프레소 블랙 50g 1개","91388389555","프라이빗클럽 맥널티 인스턴트 원두 병커피 에스프레소 블랙,50g,50g,2개,2개,1개입,1개입","NO","Food","Coffee & Tea","원두커피믹스","프라이빗클럽","85860","18","0","62748","81733","4127","0","0","9540","2","4770.0","9","9","9540.0","1.9396551724137931","464","9","2","5.0"
"2026-10-06","8200404313","8804645007323","54922706","맥널티 대용량 제로슈가 스테비아 믹스커피 음료, 1L, 6개","91673775388","맥널티커피 스테비아 커피믹스,1L,1L,6개,6개","NO","Food","Drinks","커피음료","맥널티커피","1109400","86","2","757230","1087562","1038","20280","0","1057800","82","12900.0","85","85","13051.764705882353","3.891941391941392","2184","86","9","4.1"
"2026-10-06","8200404313","8804645007323","54922706","맥널티 대용량 제로슈가 스테비아 믹스커피 음료, 1L, 6개","91678989988","맥널티커피 스테비아 커피믹스,1L,1L,18개,18개","NO","Food","Drinks","커피음료","맥널티커피","110700","9","0","79245","106980","0","3720","0","110700","9","12300.0","3","3","36900.0","100.0","3","3","0","0.0"
"2026-10-06","8556802120","8804645007484","56214467","맥널티커피 아이브루 카라멜 마끼아또, 12g x 100개입(스틱), 1200g , 1개","91881316191","맥널티커피 아이브루 카라멜 마끼아또 커피믹스,1개,1개,100개입,100개입,12g,12g","NO","Food","Coffee & Tea","커피믹스","맥널티커피","168840","10","0","125430","168840","0","0","0","0","0","16884.0","10","10","16884.0","8.47457627118644","118","10","0","0.0"
"2026-10-06","8556799790","8804645007460","56214466","맥널티커피 아이브루 바닐라 라떼,12g x 100개입(스틱), 1200g , 1개","91881316202","맥널티커피 아이브루 바닐라 라떼 커피믹스,1개,1개,100개입,100개입,12g,12g","NO","Food","Coffee & Tea","커피믹스","맥널티커피","207900","11","0","137973","195720","8000","4180","0","207900","11","18900.0","11","11","18900.0","17.46031746031746","63","11","1","1.0"
"2026-10-06","8664736540","8804645007453","56760693","아이브루 플러스 디카페인 블랙커피 헤이즐넛향 (1g x 80개입), 1개","91973223860","아이브루 플러스 디카페인 헤이즐넛향 블랙커피 원두커피믹스,1g,1g,80개입,80개입,1개,1개","NO","Food","Coffee & Tea","원두커피믹스","아이브루","700800","64","0","509504","693463","7337","0","0","10950","1","10950.0","63","63","11123.809523809523","8.774373259052924","718","64","8","4.5"
"2026-10-06","8664736540","8804645007453","56760693","아이브루 플러스 디카페인 블랙커피 헤이즐넛향 (1g x 80개입), 1개","91979411137","아이브루 플러스 디카페인 헤이즐넛향 블랙커피 원두커피믹스,1g,1g,80개입,80개입,2개,2개","NO","Food","Coffee & Tea","원두커피믹스","아이브루","131400","12","0","95532","131400","0","0","0","0","0","10950.0","6","6","21900.0","22.22222222222222","27","6","0","0.0"
"2026-10-06","8784725489","8804645007590","58338694","티브루 보리차 원액 간편 액상스틱 진액, 30개, 10ml","92219561450","맥널티커피 티브루 보리차 진액,10ml,10ml,30개,30개","NO","Food","Drinks","농축액(음료베이스)","맥널티","422760","52","1","274872","422760","0","0","0","0","0","8130.0","52","51","8289.411764705883","11.926605504587156","436","52","5","4.2"
"2026-10-06","8678251986","8804645007613","58338696","티브루 헛개수 원액 간편 액상스틱 진액, 30개, 10ml","92219561465","맥널티 티브루 헛개차 진액,30개,30개,10ml,10ml","NO","Food","Drinks","농축액(음료베이스)","맥널티","44550","5","2","26335","44550","0","0","0","0","0","8910.0","7","6","7425.0","7.526881720430108","93","5","1","2.0"
"2026-10-06","8796750875","8804645007606","58338695","티브루 옥수수수염차 원액 간편 액상스틱 진액, 30개, 10ml","92219561488","맥널티 티브루 옥수수수염차 진액 액상스틱,10ml,10ml,30개,30개","NO","Food","Drinks","농축액(음료베이스)","맥널티","162600","20","1","105600","162600","0","0","0","0","0","8130.0","20","19","8557.894736842105","20.833333333333336","96","20","2","5.0"
"2026-10-06","8796750875","8804645007606","58338695","티브루 옥수수수염차 원액 간편 액상스틱 진액, 30개, 10ml","92228103775","맥널티 티브루 옥수수수염차 진액 액상스틱,10ml,10ml,60개,60개","NO","Food","Drinks","농축액(음료베이스)","맥널티","102900","14","0","73920","102900","0","0","0","0","0","7350.0","7","7","14700.0","23.333333333333332","30","7","0","0.0"
"2026-10-06","8678251986","8804645007613","58338696","티브루 헛개수 원액 간편 액상스틱 진액, 30개, 10ml","92228103844","맥널티 티브루 헛개차 진액,90개,90개,10ml,10ml","NO","Food","Drinks","농축액(음료베이스)","맥널티","104320","12","0","63204","104320","0","0","0","0","0","8693.333333333334","4","4","26080.0","33.33333333333333","12","4","0","0.0"
"2026-10-06","8678251986","8804645007613","58338696","티브루 헛개수 원액 간편 액상스틱 진액, 30개, 10ml","92228103864","맥널티 티브루 헛개차 진액,60개,60개,10ml,10ml","NO","Food","Drinks","농축액(음료베이스)","맥널티","69560","8","0","42136","69560","0","0","0","0","0","8695.0","4","4","17390.0","14.814814814814813","27","4","0","0.0"
"2026-10-06","8784725489","8804645007590","58338694","티브루 보리차 원액 간편 액상스틱 진액, 30개, 10ml","92228103875","맥널티커피 티브루 보리차 진액,10ml,10ml,60개,60개","NO","Food","Drinks","농축액(음료베이스)","맥널티","226650","30","2","158580","218650","8000","0","0","15110","2","7555.0","16","16","14165.625","21.62162162162162","74","15","0","0.0"
"2026-10-06","8179322743","8804645007552","58681130","콜롬비아 안데스 오리진 분쇄 커피 원두 1개 226g 핸드드립","92277741986","맥널티커피 콜롬비아 안데스 오리진 분쇄 커피 원두,핸드드립(중간),핸드드립(중간),226g,226g,1개,1개","NO","Food","Coffee & Tea","원두","맥널티커피","37500","3","0","21477","36750","0","750","0","37500","3","12500.0","3","3","12500.0","2.18978102189781","137","3","0","0.0"
"2026-10-06","8700740916","8804645007545","58681131","브라질 산토스 오리진 분쇄 커피 원두, 226g, 1개, 핸드드립","92277741990","맥널티커피 브라질 산토스 오리진 분쇄 커피 원두,226g,226g,1개,1개,핸드드립(중간),핸드드립(중간)","NO","Food","Coffee & Tea","원두","맥널티커피","37500","3","0","21477","36750","0","750","0","37500","3","12500.0","3","3","12500.0","8.108108108108109","37","3","0","0.0"
"2026-10-06","8700740916","8804645007545","58681131","브라질 산토스 오리진 분쇄 커피 원두, 226g, 1개, 핸드드립","92285042205","맥널티커피 브라질 산토스 오리진 분쇄 커피 원두,226g,226g,2개,2개,핸드드립(중간),핸드드립(중간)","NO","Food","Coffee & Tea","원두","맥널티커피","0","0","2","0","-500","0","0","0","0","0","0.0","1","1","0.0","10.0","10","0","0","0.0"
"2026-10-06","8700683809","8804645007538","58765770","디카페인 헤이즐넛향 분쇄 커피 원두, 1개, 226g, 핸드드립","92290392544","맥널티커피 디카페인 헤이즐넛향 분쇄 원두 커피,1개,1개,226g,226g,핸드드립(중간),핸드드립(중간)","NO","Food","Coffee & Tea","원두","맥널티커피","40500","3","0","24054","39690","0","810","0","40500","3","13500.0","3","3","13500.0","5.357142857142857","56","3","0","0.0"
"2026-10-06","7612947477","8804645007514","58765769","게이샤 블렌드 분쇄 커피 원두, 1개, 226g, 핸드드립","92290392600","맥널티커피 게이샤 블렌드 분쇄 원두 커피,핸드드립(중간),핸드드립(중간),226g,226g,1개,1개","NO","Food","Coffee & Tea","원두","맥널티커피","13000","1","0","7732","12740","0","260","0","13000","1","13000.0","1","1","13000.0","1.7543859649122806","57","1","0","0.0"
"2026-10-06","8700683809","8804645007538","58765770","디카페인 헤이즐넛향 분쇄 커피 원두, 1개, 226g, 핸드드립","92296505933","맥널티커피 디카페인 헤이즐넛향 분쇄 원두 커피,2개,2개,226g,226g,핸드드립(중간),핸드드립(중간)","NO","Food","Coffee & Tea","원두","맥널티커피","27000","2","0","16036","27000","0","0","0","0","0","13500.0","1","1","27000.0","20.0","5","1","0","0.0"
"2026-10-06","7612947135","8804645007521","58850533","하와이안 코나 블렌드 분쇄 커피 원두, 1개, 226g, 핸드드립","92306876899","맥널티커피 하와이안 코나 블렌드 분쇄 커피 원두,핸드드립(중간),핸드드립(중간),226g,226g,1개,1개","NO","Food","Coffee & Tea","원두","맥널티커피","65000","5","0","38660","63960","0","1040","0","65000","5","13000.0","4","4","16250.0","6.666666666666667","60","5","1","5.0"
"2026-10-06","7757594782","8804645006302","10147177","맥널티 홀빈 블루마운틴 1000g","92556407790","맥널티 홀빈 블루마운틴,홀빈(분쇄안함),홀빈(분쇄안함),1kg,1kg,3개,3개","NO","Food","Coffee & Tea","원두","맥널티커피","161400","6","0","94290","158160","0","3240","0","161400","6","26900.0","2","2","80700.0","66.66666666666666","3","2","0","0.0"
"2026-10-06","8814767699","8804645007453","56760693","아이브루 플러스 디카페인 블랙커피 헤이즐넛향 (1g x 80개입), 1개","92672212799","아이브루 플러스 디카페인 헤이즐넛향 블랙커피 원두커피믹스,1g,1g,80개입,80개입,1개,1개","YES","Food","Coffee & Tea","원두커피믹스","아이브루","10950","1","0","7961","10950","0","0","0","0","0","10950.0","1","1","10950.0","12.5","8","1","0","0.0"
"2026-10-06","8784725489","8804645007590","58338694","티브루 보리차 원액 간편 액상스틱 진액, 30개, 10ml","92680979394","맥널티커피 티브루 보리차 진액,10ml,10ml,180개,180개","NO","Food","Drinks","농축액(음료베이스)","맥널티","82480","12","0","63432","82480","0","0","0","0","0","6873.333333333333","1","1","82480.0","25.0","4","2","0","0.0"
"2026-10-06","8157289284","8804645006739","61673272","맥널티커피 복숭아 아이스티 제로, 1.5L, 1개","92867142451","맥널티커피 복숭아 아이스티 제로,1.5L,1.5L,4개,4개","NO","Food","Drinks","차음료","맥널티커피","8800","4","0","5456","8620","0","180","0","8800","4","2200.0","1","1","8800.0","33.33333333333333","3","1","0","0.0"
"2026-10-06","8157289284","8804645006739","61673272","맥널티커피 복숭아 아이스티 제로, 1.5L, 1개","92867142466","맥널티커피 복숭아 아이스티 제로,1.5L,1.5L,3개,3개","NO","Food","Drinks","차음료","맥널티커피","85800","39","0","53196","83980","0","1820","0","85800","39","2200.0","13","13","6600.0","20.3125","64","13","0","0.0"
"2026-10-06","8157289284","8804645006739","61673272","맥널티커피 복숭아 아이스티 제로, 1.5L, 1개","92867142467","맥널티커피 복숭아 아이스티 제로,1.5L,1.5L,5개,5개","NO","Food","Drinks","차음료","맥널티커피","11000","5","0","6820","10780","0","220","0","11000","5","2200.0","1","1","11000.0","16.666666666666664","6","1","0","0.0"
"2026-10-06","8157289284","8804645006739","61673272","맥널티커피 복숭아 아이스티 제로, 1.5L, 1개","92867142468","맥널티커피 복숭아 아이스티 제로,1.5L,1.5L,6개,6개","NO","Food","Drinks","차음료","맥널티커피","92400","42","0","57288","90510","0","1890","0","92400","42","2200.0","7","7","13200.0","17.073170731707318","41","7","0","0.0"
"2026-10-06","8939057954","8804645007620","62672352","맥널티 아이브루 플러스 스위트 블랙 원두커피믹스 80개입 2.8g","93118697467","맥널티커피 아이브루 플러스 스위트 블랙 원두커피믹스,2.8g,2.8g,80개입,80개입,1개,1개","NO","Food","Coffee & Tea","원두커피믹스","맥널티커피","26280","2","0","15922","26280","0","0","0","0","0","13140.0","2","2","13140.0","1.6260162601626018","123","2","0","0.0"
"2026-10-06","8939057954","8804645007620","62672352","맥널티 아이브루 플러스 스위트 블랙 원두커피믹스 80개입 2.8g","93128849175","맥널티커피 아이브루 플러스 스위트 블랙 원두커피믹스,2.8g,2.8g,80개입,80개입,2개,2개","NO","Food","Coffee & Tea","원두커피믹스","맥널티커피","24900","2","0","15922","24900","0","0","0","0","0","12450.0","1","1","24900.0","16.666666666666664","6","1","0","0.0"
"2026-10-06","8288498794","8804645006920","62821923","맥널티 핸드드립 커피 에티오피아 예가체프 8g 24개입 1개","93160224250","맥널티커피 에티오피아 예가체프 핸드드립 커피,8g,8g,24개입,24개입,1개,1개","NO","Food","Coffee & Tea","드립백/티백","맥널티커피","119200","8","0","77432","119200","0","0","0","0","0","14900.0","5","5","23840.0","11.363636363636363","44","8","1","5.0"
"2026-10-06","8943722025","8804645007651","62882483","티브루 보리차 진액, 1개, 400g","93176192108","맥널티 티브루 보리차 진액,1개,1개,400g,400g","NO","Food","Drinks","농축액(음료베이스)","맥널티커피","38700","3","0","23073","38180","0","520","0","38700","3","12900.0","2","2","19350.0","11.76470588235294","17","3","2","5.0"
"2026-10-06","8943722025","8804645007651","62882483","티브루 보리차 진액, 1개, 400g","93185426248","맥널티 티브루 보리차 진액,2개,2개,400g,400g","NO","Food","Drinks","농축액(음료베이스)","맥널티커피","25800","2","0","15382","24000","0","1800","0","25800","2","12900.0","1","1","25800.0","100.0","1","1","0","0.0"
"2026-10-06","8989222891","8804645007590","58338694","티브루 보리차 원액 간편 액상스틱 진액, 30개, 10ml","93307311391","맥널티커피 티브루 보리차 진액,30개,30개,10ml,10ml","YES","Food","Drinks","농축액(음료베이스)","맥널티","8130","1","0","5286","8130","0","0","0","0","0","8130.0","1","1","8130.0","100.0","1","1","0","0.0"
"2026-10-06","8989425751","8804645005855","24695532","아이스 아메리카노 블랙 190mL 10팩","93308132051","맥널티커피 아이스 아메리카노 블랙,190ml,190ml,10개,10개","YES","Food","Drinks","커피음료","맥널티커피","9800","2","0","6972","9800","0","0","0","0","0","4900.0","2","2","4900.0","22.22222222222222","9","2","1","5.0"
"2026-10-06","8989761224","8804645300950","12491225","맥널티 핸드드립 커피필터 30개입","93308601189","맥널티커피  핸드드립 커피필터,30개입,30개입,1개,1개","YES","Kitchen","Tools & Gadgets","커피필터/여과지","맥널티","4300","1","0","2737","4300","0","0","0","0","0","4300.0","1","1","4300.0","12.5","8","1","0","0.0"
"2026-10-06","8989803786","8804645002861","15720531","콜롬비아 블랙 100개입","93308668047","맥널티커피 콜롬비아 블랙 원두커피믹스,1g,1g,100개입,100개입,1박스,1박스","YES","Food","Coffee & Tea","원두커피믹스","맥널티커피","21800","2","0","12690","21360","0","440","0","21800","2","10900.0","2","2","10900.0","20.0","10","2","0","0.0"
"2026-10-06","8992141532","8804645007637","63447822","스테비아 커피믹스 헤이즐넛향 9.5g 30개입 1개","93318568356","맥널티커피 스테비아 커피믹스 헤이즐넛향,9.5g,9.5g,30개입,30개입,1개,1개","NO","Food","Coffee & Tea","커피믹스","맥널티커피","101010","13","2","62751","101010","0","0","0","0","0","7770.0","14","14","7215.0","6.698564593301436","209","13","2","4.0"
"2026-10-06","9072225100","8804645007675","64842417","티브루 호박팥차 진액 10ml 30개입 1개","93616956467","맥널티 티브루 호박팥차 진액,1개,1개,30개입,30개입,10ml,10ml","NO","Food","Coffee & Tea","율무/견과차","맥널티","603900","61","2","320982","592500","0","11000","0","603900","61","9900.0","57","56","10783.92857142857","10.714285714285714","532","61","3","5.0"
"2026-10-06","9074685478","8804645007668","64859139","맥널티 스테비아 솔티드 카라멜 커피믹스 10g 1개 30개입","93626471781","맥널티커피 스테비아 솔티드 카라멜 커피믹스,10g,10g,30개입,30개입,1개,1개","NO","Food","Coffee & Tea","커피믹스","맥널티커피","37540","4","0","22680","37540","0","0","0","0","0","9385.0","3","3","12513.333333333334","3.6585365853658534","82","4","0","0.0"
"2026-10-06","9074685478","8804645007668","64859139","맥널티 스테비아 솔티드 카라멜 커피믹스 10g 1개 30개입","93634956499","맥널티커피 스테비아 솔티드 카라멜 커피믹스,10g,10g,30개입,30개입,4개,4개","NO","Food","Coffee & Tea","커피믹스","맥널티커피","29600","4","0","22680","29000","0","600","0","29600","4","7400.0","1","1","29600.0","100.0","1","1","0","0.0"
"2026-10-06","9223310411","8804645006739","61673272","맥널티커피 복숭아 아이스티 제로, 1.5L, 1개","94224367818","맥널티커피 복숭아 아이스티 제로,1.5L,1.5L,3개,3개","YES","Food","Drinks","차음료","맥널티커피","33000","15","0","20460","32300","0","700","0","33000","15","2200.0","5","5","6600.0","71.42857142857143","7","5","0","0.0"
"2026-10-06","9223310411","8804645006739","61673272","맥널티커피 복숭아 아이스티 제로, 1.5L, 1개","94224368263","맥널티커피 복숭아 아이스티 제로,1.5L,1.5L,6개,6개","YES","Food","Drinks","차음료","맥널티커피","26400","12","0","16368","25860","0","540","0","26400","12","2200.0","2","2","13200.0","100.0","2","2","0","0.0"
"2026-10-06","9223310411","8804645006739","61673272","맥널티커피 복숭아 아이스티 제로, 1.5L, 1개","94224368460","맥널티커피 복숭아 아이스티 제로,1.5L,1.5L,2개,2개","YES","Food","Drinks","차음료","맥널티커피","13200","6","0","8184","13200","0","0","0","0","0","2200.0","3","3","4400.0","8.333333333333332","36","3","0","0.0"
"2026-10-06","9239306730","8804645007781","67975031","호랭이 커피 오곡향 블랙, 1개, 20개입, 1g","94320932954","맥널티커피 호랭이 커피스틱 오곡향 블랙,4개,4개,20개입,20개입,1g,1g","NO","Food","Coffee & Tea","원두커피믹스","맥널티커피","13100","4","0","11224","11534","1566","0","0","13100","4","3275.0","1","1","13100.0","100.0","1","1","0","0.0"
"2026-10-06","9239306730","8804645007781","67975031","호랭이 커피 오곡향 블랙, 1개, 20개입, 1g","94320932957","맥널티커피 호랭이 커피스틱 오곡향 블랙,6개,6개,20개입,20개입,1g,1g","NO","Food","Coffee & Tea","원두커피믹스","맥널티커피","37800","12","0","33672","32800","5000","0","0","18900","6","3150.0","2","2","18900.0","12.5","16","2","0","0.0"
"2026-10-06","9239306730","8804645007781","67975031","호랭이 커피 오곡향 블랙, 1개, 20개입, 1g","94320932959","맥널티커피 호랭이 커피스틱 오곡향 블랙,2개,2개,20개입,20개입,1g,1g","NO","Food","Coffee & Tea","원두커피믹스","맥널티커피","7300","2","0","5612","7300","0","0","0","0","0","3650.0","1","1","7300.0","7.6923076923076925","13","1","0","0.0"
"2026-10-06","9239306730","8804645007781","67975031","호랭이 커피 오곡향 블랙, 1개, 20개입, 1g","94320932978","맥널티커피 호랭이 커피스틱 오곡향 블랙,3개,3개,20개입,20개입,1g,1g","NO","Food","Coffee & Tea","원두커피믹스","맥널티커피","40800","12","0","33672","40800","0","0","0","0","0","3400.0","4","4","10200.0","36.36363636363637","11","4","0","0.0"
"2026-10-06","8833324061","8804645007491","68778942","아이브루 아메리카노 블랙커피 무라벨 400ML 20개","94529638880","맥널티커피 아이브루 아메리카노 블랙커피 무라벨,400ml,400ml,20개,20개","NO","Food","Drinks","커피음료","맥널티커피","2787300","163","5","1961542","2544074","51226","186000","0","2770200","162","17100.0","163","159","17530.188679245282","13.837011884550085","1178","163","21","4.9"
"2026-10-06","8746655772","18804645007504","68778941","맥널티 아이브루 헤이즐넛향 블랙커피 12개 1L","94529638884","맥널티커피 아이브루 헤이즐넛향 블랙커피,12개,12개,1L,1L","NO","Food","Drinks","커피음료","맥널티커피","687800","38","1","453834","641000","0","45600","0","687800","38","18100.0","39","38","18100.0","13.684210526315791","285","38","7","5.0"
"2026-10-06","8214108205","18804645007306","68778940","맥널티 아이브루 아메리카노 블랙커피 12개 1L","94529638892","맥널티커피 아이브루 아메리카노 블랙커피,1L,1L,12개,12개","NO","Food","Drinks","커피음료","맥널티커피","2751200","152","3","1822480","2554411","16789","176400","0","2751200","152","18100.0","150","149","18464.42953020134","14.381591562799617","1043","152","17","4.8"
"2026-10-06","8746655772","18804645007504","68778941","맥널티 아이브루 헤이즐넛향 블랙커피 12개 1L","94538485437","맥널티커피 아이브루 헤이즐넛향 블랙커피,24개,24개,1L,1L","NO","Food","Drinks","커피음료","맥널티커피","36200","2","0","23886","33800","0","2400","0","36200","2","18100.0","1","1","36200.0","5.263157894736842","19","1","0","0.0"
"2026-10-06","8833324061","8804645007491","68778942","아이브루 아메리카노 블랙커피 무라벨 400ML 20개","94538485465","맥널티커피 아이브루 아메리카노 블랙커피 무라벨,400ml,400ml,60개,60개","NO","Food","Drinks","커피음료","맥널티커피","461700","27","0","324918","443700","0","18000","0","461700","27","17100.0","5","5","92340.0","250.0","2","9","0","0.0"
"2026-10-06","8214108205","18804645007306","68778940","맥널티 아이브루 아메리카노 블랙커피 12개 1L","94538485615","맥널티커피 아이브루 아메리카노 블랙커피,1L,1L,24개,24개","NO","Food","Drinks","커피음료","맥널티커피","438820","26","0","311740","382820","56000","0","0","67530","4","16877.69230769231","13","13","33755.38461538462","39.39393939393939","33","13","2","5.0"
"2026-10-06","8214108205","18804645007306","68778940","맥널티 아이브루 아메리카노 블랙커피 12개 1L","94538485705","맥널티커피 아이브루 아메리카노 블랙커피,1L,1L,48개,48개","NO","Food","Drinks","커피음료","맥널티커피","135050","8","0","95920","135050","0","0","0","0","0","16881.25","2","2","67525.0","33.33333333333333","6","2","0","0.0"
"2026-10-06","8833324061","8804645007491","68778942","아이브루 아메리카노 블랙커피 무라벨 400ML 20개","94538485746","맥널티커피 아이브루 아메리카노 블랙커피 무라벨,400ml,400ml,80개,80개","NO","Food","Drinks","커피음료","맥널티커피","205200","12","0","144408","195600","0","9600","0","205200","12","17100.0","2","2","102600.0","50.0","4","3","0","0.0"
"2026-10-06","8833324061","8804645007491","68778942","아이브루 아메리카노 블랙커피 무라벨 400ML 20개","94538485833","맥널티커피 아이브루 아메리카노 블랙커피 무라벨,400ml,400ml,40개,40개","NO","Food","Drinks","커피음료","맥널티커피","547200","32","2","385088","508800","0","36000","0","513000","30","17100.0","17","16","34200.0","47.22222222222222","36","16","2","5.0"
"2026-10-06","9334231304","8804645007842","69526598","맥널티 갓성비 제로슈가 커피믹스, 1개, 80개입, 9g","94707153018","맥널티커피 갓성비 제로슈가 커피믹스,1개,1개,80개입,80개입,9g,9g","NO","Food","Coffee & Tea","커피믹스","맥널티커피","389200","28","0","247912","389200","0","0","0","0","0","13900.0","27","27","14414.814814814816","6.4593301435406705","418","28","4","4.5"
"2026-10-06","8992141532","8804645007811","69634259","맥널티커피 스테비아 커피믹스 헤이즐넛향, 9.5g, 100개입, 1개","94732664312","맥널티커피 스테비아 커피믹스 헤이즐넛향,9.5g,9.5g,100개입,100개입,1개,1개","NO","Food","Coffee & Tea","커피믹스","맥널티커피","138810","7","0","99827","138810","0","0","0","0","0","19830.0","7","7","19830.0","24.137931034482758","29","7","0","0.0"
"2026-10-06","9393910904","8804645007675","64842417","티브루 호박팥차 진액 10ml 30개입 1개","94856748698","맥널티 티브루 호박팥차 진액,2개,2개,30개입,30개입,10ml,10ml","YES","Food","Coffee & Tea","율무/견과차","맥널티","18900","2","0","10524","18900","0","0","0","0","0","9450.0","1","1","18900.0","6.666666666666667","15","1","0","0.0"
"2026-10-06","9393910904","8804645007675","64842417","티브루 호박팥차 진액 10ml 30개입 1개","94856748700","맥널티 티브루 호박팥차 진액,1개,1개,30개입,30개입,10ml,10ml","YES","Food","Coffee & Tea","율무/견과차","맥널티","39600","4","0","21048","38800","0","800","0","39600","4","9900.0","4","4","9900.0","10.526315789473683","38","4","0","0.0"
"2026-10-06","9393911932","8804645007637","63447822","스테비아 커피믹스 헤이즐넛향 9.5g 30개입 1개","94856750921","맥널티커피 스테비아 커피믹스 헤이즐넛향,9.5g,9.5g,30개입,30개입,1개,1개","YES","Food","Coffee & Tea","커피믹스","맥널티커피","15540","2","0","9654","15540","0","0","0","0","0","7770.0","2","2","7770.0","40.0","5","2","0","0.0"
"2026-10-06","9398358978","8804645007903","70253954","아이브루 디카페인 아메리카노 블랙커피 무라벨, 20개, 400ml","94890161558","아이브루 디카페인 아메리카노 블랙커피 무라벨,20개,20개,400ml,400ml","NO","Food","Drinks","커피음료","아이브루","910800","46","4","621000","883200","8000","18000","0","910800","46","19800.0","50","48","18975.0","10.06036217303823","497","46","7","4.1"
"2026-10-06","9398358978","8804645007903","70253954","아이브루 디카페인 아메리카노 블랙커피 무라벨, 20개, 400ml","94897060778","아이브루 디카페인 아메리카노 블랙커피 무라벨,40개,40개,400ml,400ml","NO","Food","Drinks","커피음료","아이브루","277200","14","0","189000","271600","0","5600","0","277200","14","19800.0","7","7","39600.0","53.84615384615385","13","7","1","3.0"
"2026-10-06","9425537152","9311931902167","52625820","맥널티 인스턴트 원두 병커피 에스프레소 블랙 50g 1개","94975150149","프라이빗클럽 맥널티 인스턴트 원두 병커피 에스프레소 블랙,50g,50g,1개,1개,1개입,1개입","YES","Food","Coffee & Tea","원두커피믹스","프라이빗클럽","4600","1","0","3486","4600","0","0","0","0","0","4600.0","1","1","4600.0","2.272727272727273","44","1","0","0.0"
"2026-10-06","9442108303","8804645007897","71115722","호랭이 커피믹스 고소한 오곡향, 1개, 20개입, 9.5g","95077614086","맥널티커피 호랭이 커피믹스 고소한 오곡향,1개,1개,20개입,20개입,9.5g,9.5g","NO","Food","Coffee & Tea","커피믹스","맥널티커피","11000","2","0","5612","11000","0","0","0","0","0","5500.0","2","2","5500.0","2.3255813953488373","86","2","2","4.0"
"2026-10-06","9442108303","8804645007880","71115721","호랭이 커피믹스 고소한 오곡향, 1개, 160개입, 9.5g","95077614088","맥널티커피 호랭이 커피믹스 고소한 오곡향,1개,1개,160개입,160개입,9.5g,9.5g","NO","Food","Coffee & Tea","커피믹스","맥널티커피","95600","4","0","57044","93680","0","1920","0","95600","4","23900.0","4","4","23900.0","1.646090534979424","243","4","0","0.0"
"2026-10-06","9442108303","8804645007897","71115722","호랭이 커피믹스 고소한 오곡향, 1개, 20개입, 9.5g","95085590532","맥널티커피 호랭이 커피믹스 고소한 오곡향,2개,2개,20개입,20개입,9.5g,9.5g","NO","Food","Coffee & Tea","커피믹스","맥널티커피","29400","6","0","16836","29000","0","400","0","19600","4","4900.0","3","3","9800.0","100.0","3","3","0","0.0"
"2026-10-06","7268864468","8804645006340","34834818","맥널티 스테비아 제로슈가 핫초코 라떼 30개입 15g","95140443522","맥널티커피 스테비아 제로슈가 핫초코 라떼,15g,15g,30개입,30개입,4개,4개","NO","Food","Coffee & Tea","라떼분말","맥널티커피","85380","8","0","60000","85380","0","0","0","0","0","10672.5","2","2","42690.0","50.0","4","2","0","0.0"
"2026-10-06","9454845088","8804645007873","71629331","맥널티 갓성비 아메리카노 블랙커피, 1개, 100개입, 2g","95157094446","맥널티커피 갓성비 아메리카노 블랙커피,1개,1개,100개입,100개입,2g,2g","NO","Food","Coffee & Tea","원두커피믹스","맥널티커피","983400","66","1","563244","983400","0","0","0","0","0","14900.0","60","58","16955.172413793105","7.874015748031496","762","66","6","4.7"
"2026-10-06","9470391723","8804645007934","71636537","맥널티 티브루 호박팥차 무라벨, 20개, 500ml","95157268909","맥널티커피 티브루 호박팥차 무라벨,20개,20개,500ml,500ml","NO","Food","Drinks","농축액(음료베이스)","맥널티커피","141900","11","1","96789","141900","0","0","0","0","0","12900.0","12","12","11825.0","4.918032786885246","244","11","7","4.6"
"2026-10-06","9454845088","8804645007873","71629331","맥널티 갓성비 아메리카노 블랙커피, 1개, 100개입, 2g","95163444213","맥널티커피 갓성비 아메리카노 블랙커피,2개,2개,100개입,100개입,2g,2g","NO","Food","Coffee & Tea","원두커피믹스","맥널티커피","89100","6","0","51204","89100","0","0","0","0","0","14850.0","3","3","29700.0","75.0","4","3","1","5.0"
"2026-10-06","9470391723","8804645007934","71636537","맥널티 티브루 호박팥차 무라벨, 20개, 500ml","95163527425","맥널티커피 티브루 호박팥차 무라벨,40개,40개,500ml,500ml","NO","Food","Drinks","농축액(음료베이스)","맥널티커피","25800","2","0","17598","25800","0","0","0","0","0","12900.0","1","1","25800.0","14.285714285714285","7","1","0","0.0"
"2026-10-06","9244376556","8804645007989","71777603","투비 다크 블랙 블렌드 홀빈 원두 커피, 1kg, 홀빈(분쇄안함), 1개","95182652820","맥널티커피 다크 블랙 원두 블렌드 원두 홀빈,1kg,1kg,1개,1개","NO","Food","Coffee & Tea","원두","맥널티커피","22400","1","0","13115","22010","0","390","0","22400","1","22400.0","1","1","22400.0","3.7037037037037033","27","1","0","0.0"
"2026-10-06","1942501818","8804645300950","12491225","맥널티 핸드드립 커피필터 30개입","95240550975","맥널티커피  핸드드립 커피필터,30개입,30개입,2개,2개","NO","Kitchen","Tools & Gadgets","커피필터/여과지","맥널티","49980","12","0","32844","49980","0","0","0","0","0","4165.0","6","6","8330.0","54.54545454545454","11","6","0","0.0"
"2026-10-06","324195553","9311931105162","3067428","인스턴트 병커피 헤이즐넛향 50g","95298805338","프라이빗클럽 헤이즐넛향 병커피 원두커피믹스,50g,50g,1개입,1개입,6개,6개","NO","Food","Coffee & Tea","커피믹스","프라이빗클럽","170700","36","0","82800","166360","0","4340","0","170700","36","4741.666666666667","5","5","34140.0","18.51851851851852","27","6","1","5.0"
"2026-10-06","324195553","9311931105162","3067428","인스턴트 병커피 헤이즐넛향 50g","95298805339","프라이빗클럽 맥널티 헤이즐넛향 병커피,50g,50g,1개입,1개입,4개,4개","NO","Food","Coffee & Tea","커피믹스","프라이빗클럽","94850","20","0","46000","93170","0","1680","0","94850","20","4742.5","5","5","18970.0","18.51851851851852","27","5","0","0.0"
"2026-10-06","324195553","9311931105162","3067428","인스턴트 병커피 헤이즐넛향 50g","95298805355","프라이빗클럽 맥널티 헤이즐넛향 병커피,50g,50g,1개입,1개입,3개,3개","NO","Food","Coffee & Tea","커피믹스","프라이빗클럽","29400","6","0","13800","28800","0","600","0","29400","6","4900.0","2","2","14700.0","20.0","10","2","0","0.0"
"2026-10-06","324195553","9311931105162","3067428","인스턴트 병커피 헤이즐넛향 50g","95298805390","프라이빗클럽 맥널티 헤이즐넛향 병커피,50g,50g,1개입,1개입,5개,5개","NO","Food","Coffee & Tea","커피믹스","프라이빗클럽","23710","5","0","11500","23240","0","470","0","23710","5","4742.0","1","1","23710.0","14.285714285714285","7","1","0","0.0"
"2026-10-06","6501093720","8804645007965","73944650","맥널티 복숭아 아이스티 대용량 파우치, 1개, 2.1L","95467325453","맥널티커피 대용량 복숭아 아이스티 파우치,2.1L,2.1L,1개,1개","NO","Food","Drinks","차음료","맥널티커피","30000","6","0","14478","30000","0","0","0","0","0","5000.0","6","6","5000.0","40.0","15","6","0","0.0"
"2026-10-06","6501093720","8804645007965","73944650","맥널티 복숭아 아이스티 대용량 파우치, 1개, 2.1L","95474357016","맥널티커피 대용량 복숭아 아이스티 파우치,2.1L,2.1L,3개,3개","NO","Food","Drinks","차음료","맥널티커피","11370","3","6","7239","11370","0","0","0","0","0","3790.0","3","2","5685.0","21.428571428571427","14","1","0","0.0"
"2026-10-06","6501093720","8804645007965","73944650","맥널티 복숭아 아이스티 대용량 파우치, 1개, 2.1L","95474357017","맥널티커피 대용량 복숭아 아이스티 파우치,2.1L,2.1L,2개,2개","NO","Food","Drinks","차음료","맥널티커피","60640","16","0","38608","60640","0","0","0","0","0","3790.0","8","8","7580.0","11.11111111111111","72","8","1","3.0"
"2026-10-06","6501093720","8804645007965","73944650","맥널티 복숭아 아이스티 대용량 파우치, 1개, 2.1L","95474357062","맥널티커피 대용량 복숭아 아이스티 파우치,2.1L,2.1L,6개,6개","NO","Food","Drinks","차음료","맥널티커피","-22740","-6","30","-14478","-22740","0","-312","0","0","0","3790.0","4","4","-5685.0","200.0","2","-1","1","5.0"
"2026-10-06","6501093720","8804645007965","73944650","맥널티 복숭아 아이스티 대용량 파우치, 1개, 2.1L","95474357066","맥널티커피 대용량 복숭아 아이스티 파우치,2.1L,2.1L,4개,4개","NO","Food","Drinks","차음료","맥널티커피","15160","4","0","9652","15160","0","0","0","0","0","3790.0","1","1","15160.0","25.0","4","1","0","0.0"
"2026-10-06","8401715066","8804645007958","73951791","맥널티 아이스 아메리카노 블랙 커피 대용량 파우치, 1개, 2.1L","95474484555","맥널티커피 아이스 아메리카노 블랙 대용량 파우치,2.1L,2.1L,3개,3개","NO","Food","Drinks","커피음료","맥널티커피","136440","36","3","86868","136440","0","0","0","0","0","3790.0","13","13","10495.384615384615","56.52173913043478","23","12","0","0.0"
"2026-10-06","8401715066","8804645007958","73951791","맥널티 아이스 아메리카노 블랙 커피 대용량 파우치, 1개, 2.1L","95474484558","맥널티커피 아이스 아메리카노 블랙 대용량 파우치,2.1L,2.1L,6개,6개","NO","Food","Drinks","커피음료","맥널티커피","318360","84","6","202692","318360","0","0","0","0","0","3790.0","13","13","24489.23076923077","130.0","10","14","1","4.0"
"2026-10-06","8401715066","8804645007958","73951791","맥널티 아이스 아메리카노 블랙 커피 대용량 파우치, 1개, 2.1L","95474484589","맥널티커피 아이스 아메리카노 블랙 대용량 파우치,2.1L,2.1L,2개,2개","NO","Food","Drinks","커피음료","맥널티커피","416900","110","4","265430","413900","3000","0","0","7580","2","3790.0","55","55","7580.0","22.08835341365462","249","55","11","4.0"
"2026-10-06","8401715066","8804645007958","73951791","맥널티 아이스 아메리카노 블랙 커피 대용량 파우치, 1개, 2.1L","95474484591","맥널티커피 아이스 아메리카노 블랙 대용량 파우치,2.1L,2.1L,4개,4개","NO","Food","Drinks","커피음료","맥널티커피","136440","36","0","86868","136440","0","0","0","0","0","3790.0","8","8","17055.0","25.0","32","9","3","5.0"
"2026-10-06","8401715066","8804645007958","73951791","맥널티 아이스 아메리카노 블랙 커피 대용량 파우치, 1개, 2.1L","95475891925","맥널티커피 아이스 아메리카노 블랙 대용량 파우치,2.1L,2.1L,2개,2개","NO","Food","Drinks","커피음료","맥널티커피","613980","162","0","390906","613980","0","0","0","0","0","3790.0","74","74","8297.027027027027","11.195158850226928","661","81","4","5.0"
"2026-10-06","6501093720","8804645007965","73944650","맥널티 복숭아 아이스티 대용량 파우치, 1개, 2.1L","95475892070","맥널티커피 대용량 복숭아 아이스티 파우치,2.1L,2.1L,2개,2개","NO","Food","Drinks","차음료","맥널티커피","174340","46","0","110998","174340","0","0","0","0","0","3790.0","22","22","7924.545454545455","9.606986899563319","229","23","1","5.0"
"2026-10-06","8401715066","8804645005916","75683093","맥널티 아이스 아메리카노 블랙 1리터, 1L, 1개","95668824741","맥널티커피 아이스 아메리카노 블랙,1L,1L,3개,3개","NO","Food","Drinks","커피음료","맥널티커피","8700","3","0","5142","8700","0","0","0","0","0","2900.0","1","1","8700.0","0.0","0","1","0","0.0"
"2026-10-06","8401715066","8804645005916","75683093","맥널티 아이스 아메리카노 블랙 1리터, 1L, 1개","95668824742","맥널티커피 아이스 아메리카노 블랙,1L,1L,2개,2개","NO","Food","Drinks","커피음료","맥널티커피","11600","4","0","6856","11600","0","0","0","0","0","2900.0","2","2","5800.0","8.0","25","2","1","4.0"
"2026-10-06","9618053831","8804645005930","75694561","맥널티커피 아이스 아메리카노 헤이즐넛, 1개, 1L","95669972217","맥널티커피 아이스 아메리카노 헤이즐넛,2개,2개,1L,1L","NO","Food","Drinks","커피음료","맥널티커피","18860","4","0","6856","18860","0","0","0","0","0","4715.0","1","1","18860.0","33.33333333333333","3","2","1","5.0"
"2026-10-06","6557407422","8804645005923","75765043","맥널티 아이스아메리카노 스위트, 1개, 1L","95687240424","맥널티커피 아이스 아메리카노 스위트,1L,1L,4개,4개","NO","Food","Drinks","커피음료","맥널티커피","23200","8","0","13712","23200","0","0","0","0","0","2900.0","2","2","11600.0","33.33333333333333","6","2","0","0.0"
"2026-10-06","6557407422","8804645005923","75765043","맥널티 아이스아메리카노 스위트, 1개, 1L","95687240434","맥널티커피 아이스 아메리카노 스위트,1L,1L,2개,2개","NO","Food","Drinks","커피음료","맥널티커피","59000","20","4","34280","54508","4492","0","0","5900","2","2950.0","12","12","4916.666666666667","21.052631578947366","57","10","1","4.0"
"2026-10-06","6557407422","8804645005923","75765043","맥널티 아이스아메리카노 스위트, 1개, 1L","95687240435","맥널티커피 아이스 아메리카노 스위트,1L,1L,3개,3개","NO","Food","Drinks","커피음료","맥널티커피","8700","3","3","5142","8700","0","-200","0","0","0","2900.0","2","2","4350.0","25.0","8","1","0","0.0"
"2026-10-06","6517973078","8804645005954","75850021","맥널티 허니자몽 블랙티, 1L, 1개","95700394798","맥널티커피 허니자몽 블랙티,1L,1L,4개,4개","NO","Food","Drinks","차음료","맥널티커피","11600","4","0","6856","11600","0","0","0","0","0","2900.0","1","1","11600.0","50.0","2","1","0","0.0"
"2026-10-06","6517973078","8804645005954","75850021","맥널티 허니자몽 블랙티, 1L, 1개","95700394916","맥널티커피 허니자몽 블랙티,1L,1L,2개,2개","NO","Food","Drinks","차음료","맥널티커피","46400","16","0","27424","46400","0","0","0","0","0","2900.0","8","8","5800.0","22.857142857142858","35","8","2","5.0"
"2026-10-06","8943722025","8804645007996","76230458","맥널티 진 보리차 1개 1kg","95739490220","맥널티커피 진 보리차,1개,1개,1kg,1kg","NO","Food","Coffee & Tea","둥글레/옥수수/보리/결명자차","맥널티커피","35800","2","0","30418","35800","0","0","0","0","0","17900.0","2","2","17900.0","40.0","5","2","0","0.0"
"2026-10-06","7052326812","8804645006425","76443755","맥널티 브라질 세라도 NY.2 원두 1kg, 1개","95767959676","맥널티커피 브라질 세라도 NY.2 원두,1kg,1kg,1개,1개","NO","Food","Coffee & Tea","원두","브랜드없음","48700","2","0","35218","24350","24350","0","0","24350","1","24350.0","2","2","24350.0","6.896551724137931","29","2","1","5.0"
"2026-10-06","7052326812","8804645006425","76443755","맥널티 브라질 세라도 NY.2 원두 1kg, 1개","95774269487","맥널티커피 브라질 세라도 NY.2 원두,1kg,1kg,2개,2개","NO","Food","Coffee & Tea","원두","브랜드없음","48700","2","0","35218","48700","0","0","0","0","0","24350.0","1","1","48700.0","0.0","0","1","0","0.0"
"2026-10-06","9629201786","18804645008013","76540319","맥널티 호랭이 마일드 라떼 캔커피, 30개, 175ml","95780789743","맥널티 호랭이 마일드 라떼 캔커피,30개,30개,175ml,175ml","NO","Food","Drinks","커피음료","맥널티커피","1049600","82","2","698886","973600","0","0","74000","960000","75","12800.0","83","81","12958.024691358025","8.49539406345957","977","82","13","4.7"
"2026-10-06","9629201786","18804645008013","76540319","맥널티 호랭이 마일드 라떼 캔커피, 30개, 175ml","95786605266","맥널티 호랭이 마일드 라떼 캔커피,60개,60개,175ml,175ml","NO","Food","Drinks","커피음료","맥널티커피","204800","16","0","136368","190800","0","0","14000","179200","14","12800.0","8","8","25600.0","72.72727272727273","11","8","1","5.0"
"2026-10-06","9629201786","18804645008013","76540319","맥널티 호랭이 마일드 라떼 캔커피, 30개, 175ml","95786605279","맥널티 호랭이 마일드 라떼 캔커피,120개,120개,175ml,175ml","NO","Food","Drinks","커피음료","맥널티커피","51200","4","0","34092","47200","0","0","4000","51200","4","12800.0","1","1","51200.0","25.0","4","1","0","0.0"
"2026-10-06","9618053831","8804645008030","77572705","맥널티 아이스 아메리카노 헤이즐넛, 1개, 2.1L","95883431972","맥널티커피 아이스 아메리카노 헤이즐넛,1개,1개,2.1L,2.1L","NO","Food","Drinks","커피음료","맥널티커피","27500","5","0","12065","27500","0","0","0","0","0","5500.0","5","5","5500.0","25.0","20","5","0","0.0"
"2026-10-06","9618053831","8804645008030","77572705","맥널티 아이스 아메리카노 헤이즐넛, 1개, 2.1L","95888645025","맥널티커피 아이스 아메리카노 헤이즐넛,2개,2개,2.1L,2.1L","NO","Food","Drinks","커피음료","맥널티커피","613980","162","4","390906","613980","0","0","0","0","0","3790.0","80","79","7771.898734177215","12.519561815336463","639","81","9","4.8"
"2026-10-06","9618053831","8804645008030","77572705","맥널티 아이스 아메리카노 헤이즐넛, 1개, 2.1L","95888645050","맥널티커피 아이스 아메리카노 헤이즐넛,3개,3개,2.1L,2.1L","NO","Food","Drinks","커피음료","맥널티커피","79590","21","0","50673","79590","0","0","0","0","0","3790.0","7","7","11370.0","53.84615384615385","13","7","0","0.0"
"2026-10-06","9618053831","8804645008030","77572705","맥널티 아이스 아메리카노 헤이즐넛, 1개, 2.1L","95888645057","맥널티커피 아이스 아메리카노 헤이즐넛,5개,5개,2.1L,2.1L","NO","Food","Drinks","커피음료","맥널티커피","18950","5","0","12065","18950","0","0","0","0","0","3790.0","1","1","18950.0","0.0","0","1","1","5.0"
"2026-10-06","9618053831","8804645008030","77572705","맥널티 아이스 아메리카노 헤이즐넛, 1개, 2.1L","95888645116","맥널티커피 아이스 아메리카노 헤이즐넛,6개,6개,2.1L,2.1L","NO","Food","Drinks","커피음료","맥널티커피","272880","72","0","173736","272880","0","0","0","0","0","3790.0","11","11","24807.272727272728","100.0","11","12","0","0.0"
"2026-10-06","7747172789","8804645006890","38933766","맥널티커피 스테비아 디카페인 커피믹스, 1개, 100개입 9.5g","95912625882","맥널티커피 스테비아 디카페인 커피믹스,9.5g,9.5g,100개입,100개입,2개,2개","NO","Food","Coffee & Tea","커피믹스","맥널티커피","50260","2","0","36168","50260","0","0","0","0","0","25130.0","1","1","50260.0","10.0","10","1","0","0.0"
"2026-10-06","9709158118","8804645007958","73951791","맥널티 아이스 아메리카노 블랙 커피 대용량 파우치, 1개, 2.1L","95975560291","맥널티커피 아이스 아메리카노 블랙 대용량 파우치,2.1L,2.1L,1개,1개","YES","Food","Drinks","커피음료","맥널티커피","156000","40","0","96520","155597","403","0","0","7800","2","3900.0","36","36","4333.333333333333","17.733990147783253","203","40","1","1.0"
"2026-10-06","9709158118","8804645007958","73951791","맥널티 아이스 아메리카노 블랙 커피 대용량 파우치, 1개, 2.1L","95975560324","맥널티커피 아이스 아메리카노 블랙 대용량 파우치,2.1L,2.1L,2개,2개","YES","Food","Drinks","커피음료","맥널티커피","60640","16","4","38608","60640","0","0","0","0","0","3790.0","8","8","7580.0","16.666666666666664","48","8","0","0.0"
"2026-10-06","9730607617","8804645005930","75694561","맥널티커피 아이스 아메리카노 헤이즐넛, 1개, 1L","96042897453","맥널티커피 아이스 아메리카노 헤이즐넛,1개,1개,1L,1L","YES","Food","Drinks","커피음료","맥널티커피","14160","3","1","5142","14160","0","0","0","0","0","4720.0","4","4","3540.0","36.36363636363637","11","3","0","0.0"
"2026-10-06","9720265693","8804645000010","80552849","맥널티 천연펄프 무표백 핸드드립 커피필터 여과지(2~4인용), 1개, 100개입","96070715955","맥널티커피 펄프 무표백 핸드드립 커피필터 여과지 2~4인용,1개,1개,100개입,100개입","NO","Kitchen","Tools & Gadgets","커피필터/여과지","맥널티커피","77000","22","1","53196","77000","0","0","0","0","0","3500.0","22","22","3500.0","18.96551724137931","116","22","0","0.0"
"2026-10-06","7554533915","8804645006869","80661387","베트남 로부스타 G1 싱글오리진 커피 원두, 1개, 1kg","96076191457","맥널티커피 베트남 G1 싱글오리진 커피 원두,1개,1개,1kg,1kg","NO","Food","Coffee & Tea","원두","맥널티커피","262010","18","0","193338","262010","0","0","0","0","0","14556.111111111111","11","11","23819.090909090908","10.576923076923077","104","18","0","0.0"
"2026-10-06","9715158893","8804645008023","80686777","맥널티 투비 데일리 블렌드 홀빈 원두 커피 고소한 너티 로스팅, 1개, 1kg","96084698645","맥널티커피 투비커피 개인카페용 데일리 블렌드 홀빈 원두,1개,1개,1kg,1kg","NO","Food","Coffee & Tea","원두","맥널티커피","79600","4","0","61508","78000","0","1600","0","79600","4","19900.0","4","4","19900.0","8.88888888888889","45","4","0","0.0"
"2026-10-06","7322281780","8804645006432","80855134","맥널티 콜롬비아 수프리모 후일라 커피 원두, 1kg, 1개","96089417521","맥널티커피 콜롬비아 수프리모 후일라 싱글오리진 홀빈 커피 원두,1개,1개,1개,1개","NO","Food","Coffee & Tea","원두","맥널티커피","27900","1","0","25423","27340","0","560","0","27900","1","27900.0","1","1","27900.0","33.33333333333333","3","1","0","0.0"
"2026-10-06","5066205124","8804645006449","80855137","맥널티 에티오피아 예가체프 G2 원두 1kg, 1개, 홀빈(분쇄안함)","96089417533","맥널티커피 에티오피아 예가체프 G2 홀빈 커피 원두,1kg,1kg,1개,1개,홀빈(분쇄안함),홀빈(분쇄안함)","NO","Food","Coffee & Tea","원두","맥널티커피","89100","3","0","66996","87510","0","1590","0","89100","3","29700.0","3","3","29700.0","17.647058823529413","17","3","0","0.0"
"2026-10-06","9738793964","8804645008054","80881317","맥널티 갓성비 더블샷 라떼, 1개, 50개입, 14.9g","96089665216","맥널티커피 갓성비 더블샷 라떼,1개,1개,50개입,50개입,14.9g,14.9g","NO","Food","Coffee & Tea","커피믹스","맥널티커피","15050","1","0","9986","15050","0","0","0","0","0","15050.0","1","1","15050.0","2.380952380952381","42","1","0","0.0"
"2026-10-06","7863543179","8804645006067","25240400","맥널티 스테비아 커피믹스 100개입","96113514064","맥널티커피 스테비아 커피믹스,9.5g,9.5g,100개입,100개입,3개,3개","NO","Food","Coffee & Tea","커피믹스","맥널티커피","52540","3","0","38880","52540","0","0","0","0","0","17513.333333333332","1","1","52540.0","9.090909090909092","11","1","0","0.0"
"2026-10-06","8664736540","8804645007453","56760693","아이브루 플러스 디카페인 블랙커피 헤이즐넛향 (1g x 80개입), 1개","96118077889","아이브루 플러스 디카페인 헤이즐넛향 블랙커피 원두커피믹스,1g,1g,80개입,80개입,5개,5개","NO","Food","Coffee & Tea","원두커피믹스","아이브루","54750","5","0","39805","54750","0","0","0","0","0","10950.0","1","1","54750.0","25.0","4","1","0","0.0"
"2026-10-06","8157289284","8804645006739","61673272","맥널티커피 복숭아 아이스티 제로, 1.5L, 1개","96118178435","맥널티커피 복숭아 아이스티 제로,1.5L,1.5L,10개,10개","NO","Food","Drinks","차음료","맥널티커피","110000","50","0","68200","107800","0","2200","0","110000","50","2200.0","5","5","22000.0","62.5","8","5","0","0.0"
"2026-10-06","7863543179","8804645006074","25240402","맥널티 스테비아 커피믹스 30개입","96118308339","맥널티커피 스테비아 커피믹스,9.5g,9.5g,30개입,30개입,10개,10개","NO","Food","Coffee & Tea","커피믹스","맥널티커피","52540","10","0","48270","52540","0","0","0","0","0","5254.0","1","1","52540.0","100.0","1","1","0","0.0"
