"날짜","상품 카테고리","하위 카테고리","세부 카테고리","브랜드","센터","SKU ID","SKU 명","바코드","발주가능상태","발주가능상태_세부","입고수량","출고수량","현재재고수량","매입원가","발주대비 납품율","확정대비 납품율","회송율","회송사유","품절여부","세부카테고리 품절율"
"20261006","CE","Kitchen Appliance","커피머신","맥널티커피","FC","31602405","맥널티 2in1 핫앤콜드 진공추출 커피메이커 MCM-065B MCM-065B","8804645006296","발주가능","정상","5","2","11","30859","1","1","0","","NO","0.802"
"20261006","Food","Coffee & Tea","기타전통차","맥널티커피","FC","39149736","맥널티 스테비아 침향 쌍화차, 1개, 30개입, 450g","8804645006913","발주가능","정상","0","1","212","8536","0","0","0","","NO","0.726"
"20261006","Food","Coffee & Tea","기타전통차","맥널티커피","FC","41175263","맥널티커피 스테비아 꿀 유자차, 1개, 30개입, 450g","8804645006951","발주가능","정상","0","16","405","7388","0","0","0","","NO","0.726"
"20261006","Food","Coffee & Tea","둥글레/옥수수/보리/결명자차","맥널티커피","FC","76230458","맥널티 진 보리차 1개 1kg","8804645007996","발주가능","정상","20","3","26","15209","1","1","0","","NO","0.620"
"20261006","Food","Coffee & Tea","드립백/티백","맥널티","FC","3067432","산지별 콜롬비아 슈프리모 핸드드립커피 7개입","8804645000324","발주가능","정상","0","0","141","3043","0","0","0","","NO","0.744"
"20261006","Food","Coffee & Tea","드립백/티백","맥널티","FC","10003518","케냐 AA 핸드드립 블렌드 24개입","8804645000720","발주가능","정상","0","9","317","8534","0","0","0","","NO","0.744"
"20261006","Food","Coffee & Tea","드립백/티백","맥널티커피","FC","3067429","산지별 브라질 세라도 NY2 핸드드립커피 7개입","8804645000300","발주가능","정상","0","0","53","2887","0","0","0","","NO","0.744"
"20261006","Food","Coffee & Tea","드립백/티백","맥널티커피","FC","3067430","산지별 케냐 AA 핸드드립커피 7개입","8804645000355","발주가능","정상","0","1","120","3062","0","0","0","","NO","0.744"
"20261006","Food","Coffee & Tea","드립백/티백","맥널티커피","FC","3067433","산지별 에티오피아 코케 허니 핸드드립커피 7개입","8804645000348","발주가능","정상","0","12","42","2910","0","0","0","","NO","0.744"
"20261006","Food","Coffee & Tea","드립백/티백","맥널티커피","FC","3067434","산지별 에티오피아 예가체프 핸드드립커피 7개입","8804645000331","발주가능","정상","80","5","97","3184","1","1","0","","NO","0.744"
"20261006","Food","Coffee & Tea","드립백/티백","맥널티커피","FC","10003517","콜롬비아 핸드드립 블렌드 24개입","8804645000713","발주가능","정상","180","20","236","8534","1","1","0","","NO","0.744"
"20261006","Food","Coffee & Tea","드립백/티백","맥널티커피","FC","23400108","맥널티 디카페인100% 핸드드립 원두커피 24개입","8804645005732","발주가능","정상","72","13","97","9395","1","1","0","","NO","0.744"
"20261006","Food","Coffee & Tea","드립백/티백","맥널티커피","FC","37713094","맥널티 핸드드립커피 케냐AA(더블에이) 36개입, 8g, 1개","8804645006616","발주가능","정상","0","6","36","11759","0","0","0","","NO","0.744"
"20261006","Food","Coffee & Tea","드립백/티백","맥널티커피","FC","37713095","맥널티 핸드드립커피 에티오피아 예가체프 36개입, 8g, 1개","8804645006623","발주가능","정상","12","1","49","10577","1","1","0","","NO","0.744"
"20261006","Food","Coffee & Tea","드립백/티백","맥널티커피","FC","41391235","맥널티 행복을주는커피 시그니처 블렌드 핸드드립 커피 20개입, 1개, 8g","8804645003653","발주가능","정상","48","2","48","6795","1","1","0","","YES","0.744"
"20261006","Food","Coffee & Tea","드립백/티백","맥널티커피","FC","62821923","맥널티 핸드드립 커피 에티오피아 예가체프 8g 24개입 1개","8804645006920","발주가능","정상","18","8","65","9679","1","1","0","","NO","0.744"
"20261006","Food","Coffee & Tea","드립백/티백","맥널티커피","FC","68147033","베니스브루 스페셜티 핸드드립 가향 커피 오렌지 벨벳, 1개, 7개입, 12g","8804645007712","발주가능","정상","0","0","12","5143","0","0","0","","NO","0.744"
"20261006","Food","Coffee & Tea","드립백/티백","맥널티커피","FC","68147034","베니스브루 스페셜티 핸드드립 가향 커피 쇼콜라 모카, 1개, 7개입, 12g","8804645007729","발주가능","정상","6","1","9","5143","1","1","0","","NO","0.744"
"20261006","Food","Coffee & Tea","드립백/티백","맥널티커피","FC","68777449","베니스브루 베리 블로썸 드립백 커피 12g 1개 7개입","8804645007705","발주가능","정상","0","0","23","5143","0","0","0","","NO","0.744"
"20261006","Food","Coffee & Tea","라떼분말","맥널티커피","FC","34834818","맥널티 스테비아 제로슈가 핫초코 라떼 30개입 15g","8804645006340","발주가능","정상","0","45","1531","7500","0","0","0","","NO","0.611"
"20261006","Food","Coffee & Tea","라떼분말","맥널티커피","FC","51063548","스테비아 단백질 옥수수 크림 라떼, 1개, 20개입, 18g","8804645007330","발주가능","정상","0","1","56","5850","0","0","0","","NO","0.611"
"20261006","Food","Coffee & Tea","라떼분말","맥널티커피","FC","51164938","스테비아 단백질 고구마 크림 라떼, 1개, 20개입, 18g","8804645007347","발주가능","정상","0","5","86","5850","0","0","0","","NO","0.611"
"20261006","Food","Coffee & Tea","원두","N_A","FC","76443755","맥널티 브라질 세라도 NY.2 원두 1kg, 1개","8804645006425","발주가능","정상","0","1","193","17609","0","0","0","","NO","0.912"
"20261006","Food","Coffee & Tea","원두","맥널티커피","대구4","45570","맥널티_헤이즐넛원두분쇄커피_226G","8804645100208","발주가능","정상","0","0","3","5000","0","0","0","","NO","0.912"
"20261006","Food","Coffee & Tea","원두","맥널티커피","SFJEJ2","45570","맥널티_헤이즐넛원두분쇄커피_226G","8804645100208","발주가능","정상","0","0","5","5000","0","0","0","","NO","0.912"
"20261006","Food","Coffee & Tea","원두","맥널티커피","FC","45570","맥널티_헤이즐넛원두분쇄커피_226G","8804645100208","발주가능","정상","0","109","1033","5000","0","0","0","","NO","0.912"
"20261006","Food","Coffee & Tea","원두","맥널티커피","RC","45570","맥널티_헤이즐넛원두분쇄커피_226G","8804645100208","발주가능","정상","0","0","2176","5000","0","0","0","","NO","0.912"
"20261006","Food","Coffee & Tea","원두","맥널티커피","용인5","45570","맥널티_헤이즐넛원두분쇄커피_226G","8804645100208","발주가능","정상","0","5","0","5000","0","0","0","","NO","0.912"
"20261006","Food","Coffee & Tea","원두","맥널티커피","FC","45572","맥널티_헤이즐넛원두분쇄커피_500G","8804645100468","발주가능","정상","0","56","1042","7960","0","0","0","","NO","0.912"
"20261006","Food","Coffee & Tea","원두","맥널티커피","SFSPA3","45572","맥널티_헤이즐넛원두분쇄커피_500G","8804645100468","발주가능","정상","0","4","6","7960","0","0","0","","NO","0.912"
"20261006","Food","Coffee & Tea","원두","맥널티커피","FC","45573","맥널티_블루마운틴스타일원두분쇄커피_500G","8804645100451","발주가능","정상","0","27","1612","11091","0","0","0","","NO","0.912"
"20261006","Food","Coffee & Tea","원두","맥널티커피","FC","5344648","맥널티 원두 에스프레소 블랙 1개, 1kg","8804645001239","발주불가","단종","0","0","1","9156","0","0","0","","YES","0.912"
"20261006","Food","Coffee & Tea","원두","맥널티커피","FC","10147177","맥널티 홀빈 블루마운틴 1000g","8804645006302","발주가능","정상","120","27","133","15715","1","1","0","","NO","0.912"
"20261006","Food","Coffee & Tea","원두","맥널티커피","FC","10147180","맥널티 행복을 주는 커피 헤이즐넛향 1kg 홀빈","8804645100185","발주가능","정상","96","13","127","15244","1","1","0","","NO","0.912"
"20261006","Food","Coffee & Tea","원두","맥널티커피","FC","10812901","맥널티 베트남 로부스타 원두커피 1kg","8804645003066","발주가능","정상","0","23","317","11700","1","1","0","","NO","0.912"
"20261006","Food","Coffee & Tea","원두","맥널티커피","RC","10812901","맥널티 베트남 로부스타 원두커피 1kg","8804645003066","발주가능","정상","400","0","800","11700","1","1","0","","NO","0.912"
"20261006","Food","Coffee & Tea","원두","맥널티커피","FC","11849981","행복을 주는 커피 블루마운틴 블렌드 분쇄 원두 커피 1kg","8804645003486","발주가능","정상","108","2","164","16364","1","1","0","","NO","0.912"
"20261006","Food","Coffee & Tea","원두","맥널티커피","RC","12521866","맥널티 행복을 주는 커피 시그니처 헤이즐넛향 원두 커피 1Kg","8804645003493","발주가능","정상","0","0","216","16364","1","1","0","","NO","0.912"
"20261006","Food","Coffee & Tea","원두","맥널티커피","FC","12521866","맥널티 행복을 주는 커피 시그니처 헤이즐넛향 원두 커피 1Kg","8804645003493","발주가능","정상","216","38","389","16364","1","1","0","","NO","0.912"
"20261006","Food","Coffee & Tea","원두","맥널티커피","FC","13277718","맥널티 행복을 주는 커피 브라질 산토스 1kg","8804645003936","발주가능","정상","80","14","104","14091","1","1","0","","NO","0.912"
"20261006","Food","Coffee & Tea","원두","맥널티커피","FC","13277719","맥널티 행복을 주는 커피 콜롬비아 블렌드 1kg","8804645003929","발주가능","정상","250","30","382","15599","1","1","0","","NO","0.912"
"20261006","Food","Coffee & Tea","원두","맥널티커피","FC","37733154","맥널티 원두 홀빈(분쇄안함) 마일드 미디움 블렌드 200g, 1개","8804645005374","발주가능","정상","0","0","15","5791","0","0","0","","NO","0.912"
"20261006","Food","Coffee & Tea","원두","맥널티커피","FC","38710869","맥널티 홀빈 커피원두, 마일드 미디움 블렌드 1kg, 1개","8804645005329","발주가능","정상","0","0","12","16364","0","0","0","","NO","0.912"
"20261006","Food","Coffee & Tea","원두","맥널티커피","FC","38710870","맥널티 홀빈 커피원두, 콜롬비아 안데스 오리진 1kg, 1개","8804645005343","발주가능","정상","12","0","34","16364","1","1","0","","NO","0.912"
"20261006","Food","Coffee & Tea","원두","맥널티커피","FC","38710872","맥널티 홀빈 커피원두, 시그니처 블렌드 1kg, 1개","8804645005312","발주가능","정상","6","2","39","16364","1","1","0","","NO","0.912"
"20261006","Food","Coffee & Tea","원두","맥널티커피","FC","38813491","맥널티 홀빈 원두 1KG, 브라질 산토스 내추럴, 1개","8804645005350","발주가능","정상","0","6","186","11364","0","0","0","","NO","0.912"
"20261006","Food","Coffee & Tea","원두","맥널티커피","FC","38919334","맥널티 에티오피아 예가체프 홀빈 원두, 1kg, 1개","8804645006852","발주가능","정상","0","5","120","16364","0","0","0","","NO","0.912"
"20261006","Food","Coffee & Tea","원두","맥널티커피","FC","39616644","맥널티 예맨 모카 블렌드 커피 원두, 홀빈(분쇄안함), 500g, 1개","8804645006692","발주가능","정상","0","0","10","11400","0","0","0","","NO","0.912"
"20261006","Food","Coffee & Tea","원두","맥널티커피","FC","39616645","맥널티 시그니처 디카페인 커피 원두, 홀빈(분쇄안함), 500g, 1개","8804645006937","발주가능","정상","0","0","165","12545","0","0","0","","NO","0.912"
"20261006","Food","Coffee & Tea","원두","맥널티커피","FC","39616646","맥널티 게이샤 블렌드 커피 원두, 홀빈(분쇄안함), 500g, 1개","8804645006708","발주가능","정상","8","3","23","11400","1","1","0","","NO","0.912"
"20261006","Food","Coffee & Tea","원두","맥널티커피","FC","39616647","맥널티 하와이안 코나 블렌드 커피 원두, 홀빈(분쇄안함), 500g, 1개","8804645006685","발주가능","정상","8","4","37","11400","1","1","0","","NO","0.912"
"20261006","Food","Coffee & Tea","원두","맥널티커피","FC","48074657","맥널티 브라질 세라도 분쇄 원두 커피, 1개, 500g","8804645007262","발주가능","정상","0","1","67","9395","0","0","0","","NO","0.912"
"20261006","Food","Coffee & Tea","원두","맥널티커피","FC","48074658","맥널티 콜롬비아 안데스 분쇄 원두 커피, 1개, 500g","8804645007255","발주가능","정상","0","2","93","9986","0","0","0","","NO","0.912"
"20261006","Food","Coffee & Tea","원두","맥널티커피","FC","48074659","맥널티 에티오피아 예가체프 분쇄 원두 커피, 1개, 500g","8804645007231","발주가능","정상","48","20","98","9986","1","1","0","","NO","0.912"
"20261006","Food","Coffee & Tea","원두","맥널티커피","FC","58681130","콜롬비아 안데스 오리진 분쇄 커피 원두 1개 226g 핸드드립","8804645007552","발주가능","정상","32","2","30","7159","1","1","0","","YES","0.912"
"20261006","Food","Coffee & Tea","원두","맥널티커피","FC","58681131","브라질 산토스 오리진 분쇄 커피 원두, 226g, 1개, 핸드드립","8804645007545","발주가능","정상","24","4","27","7159","1","1","0","","NO","0.912"
"20261006","Food","Coffee & Tea","원두","맥널티커피","FC","58765769","게이샤 블렌드 분쇄 커피 원두, 1개, 226g, 핸드드립","8804645007514","발주가능","정상","0","3","20","7732","0","0","0","","NO","0.912"
"20261006","Food","Coffee & Tea","원두","맥널티커피","FC","58765770","디카페인 헤이즐넛향 분쇄 커피 원두, 1개, 226g, 핸드드립","8804645007538","발주가능","정상","16","3","97","8018","1","1","0","","NO","0.912"
"20261006","Food","Coffee & Tea","원두","맥널티커피","FC","58850533","하와이안 코나 블렌드 분쇄 커피 원두, 1개, 226g, 핸드드립","8804645007521","발주가능","정상","32","8","33","7732","1","1","0","","YES","0.912"
"20261006","Food","Coffee & Tea","원두","맥널티커피","FC","71777603","투비 다크 블랙 블렌드 홀빈 원두 커피, 1kg, 홀빈(분쇄안함), 1개","8804645007989","발주가능","정상","0","3","154","13115","0","0","0","","NO","0.912"
"20261006","Food","Coffee & Tea","원두","맥널티커피","FC","76697770","투비커피 너티초코 아메리카노 블렌드 홀빈 원두 커피, 1kg, 홀빈(분쇄안함), 1개","8804645008047","발주가능","정상","0","0","34","17125","0","0","0","","NO","0.912"
"20261006","Food","Coffee & Tea","원두","맥널티커피","FC","80661387","베트남 로부스타 G1 싱글오리진 커피 원두, 1개, 1kg","8804645006869","발주가능","정상","0","4","46","10741","0","0","0","","NO","0.912"
"20261006","Food","Coffee & Tea","원두","맥널티커피","FC","80686777","맥널티 투비 데일리 블렌드 홀빈 원두 커피 고소한 너티 로스팅, 1개, 1kg","8804645008023","발주가능","정상","0","4","38","15377","0","0","0","","NO","0.912"
"20261006","Food","Coffee & Tea","원두","맥널티커피","FC","80855134","맥널티 콜롬비아 수프리모 후일라 커피 원두, 1kg, 1개","8804645006432","발주가능","정상","0","1","23","25423","0","0","0","","NO","0.912"
"20261006","Food","Coffee & Tea","원두","맥널티커피","FC","80855137","맥널티 에티오피아 예가체프 G2 원두 1kg, 1개, 홀빈(분쇄안함)","8804645006449","발주가능","정상","6","0","20","22332","1","1","0","","NO","0.912"
"20261006","Food","Coffee & Tea","원두커피믹스","맥널티","FC","10003529","아이브루 클래식 100T","8804645002465","발주불가","규격 외","0","0","1","6068","0","0","0","","NO","0.611"
"20261006","Food","Coffee & Tea","원두커피믹스","맥널티","FC","11019882","맥널티 아이브루 다크 블렌드 200T","8804645003219","발주가능","정상","0","7","149","13096","0","0","0","","NO","0.611"
"20261006","Food","Coffee & Tea","원두커피믹스","맥널티커피","FC","11019883","맥널티 아이브루 모카 블랙 200T","8804645003226","발주가능","정상","0","9","165","11687","0","0","0","","NO","0.611"
"20261006","Food","Coffee & Tea","원두커피믹스","맥널티커피","FC","13777565","맥널티 아이브루 모카블랙 70T","8804645003912","발주가능","정상","16","1","49","6519","1","1","0","","NO","0.611"
"20261006","Food","Coffee & Tea","원두커피믹스","맥널티커피","FC","15720531","콜롬비아 블랙 100개입","8804645002861","발주가능","정상","384","62","1161","6345","1","1","0","","NO","0.611"
"20261006","Food","Coffee & Tea","원두커피믹스","맥널티커피","SFJEJ2","15720531","콜롬비아 블랙 100개입","8804645002861","발주가능","정상","0","0","5","6345","1","1","0","","NO","0.611"
"20261006","Food","Coffee & Tea","원두커피믹스","맥널티커피","FC","26477367","맥널티 리얼 에스프레소샷 블랙 액상스틱커피 15mlx30개입","8804645006029","발주가능","정상","80","29","263","7388","1","1","0","","NO","0.611"
"20261006","Food","Coffee & Tea","원두커피믹스","맥널티커피","FC","62672352","맥널티 아이브루 플러스 스위트 블랙 원두커피믹스 80개입 2.8g","8804645007620","발주가능","정상","0","7","8","7961","0","0","0","","NO","0.611"
"20261006","Food","Coffee & Tea","원두커피믹스","맥널티커피","FC","67975031","호랭이 커피 오곡향 블랙, 1개, 20개입, 1g","8804645007781","발주가능","정상","160","38","202","2806","1","1","0","","NO","0.611"
"20261006","Food","Coffee & Tea","원두커피믹스","맥널티커피","FC","71629331","맥널티 갓성비 아메리카노 블랙커피, 1개, 100개입, 2g","8804645007873","발주가능","정상","360","86","1138","8534","1","1","0","","NO","0.611"
"20261006","Food","Coffee & Tea","원두커피믹스","아이브루","FC","36903434","맥널티 아이브루 플러스 헤이즐넛 블랙커피 100개입","8804645006395","발주불가","규격 외","440","191","609","7623","0.5238","0.5238","0","","NO","0.611"
"20261006","Food","Coffee & Tea","원두커피믹스","아이브루","SFJEJ2","36903434","맥널티 아이브루 플러스 헤이즐넛 블랙커피 100개입","8804645006395","발주불가","규격 외","0","0","12","7623","0.5238","0.5238","0","","NO","0.611"
"20261006","Food","Coffee & Tea","원두커피믹스","아이브루","FC","36903435","맥널티 아이브루 플러스 오리지널 블랙커피 100개입","8804645006388","발주불가","규격 외","0","0","0","7623","0","0","0","","NO","0.611"
"20261006","Food","Coffee & Tea","원두커피믹스","아이브루","FC","46534985","아이브루 플러스 디카페인 아메리카노 블랙커피, 1개, 80개입, 80g","8804645007118","발주가능","정상","160","12","148","7964","1","1","0","","YES","0.611"
"20261006","Food","Coffee & Tea","원두커피믹스","아이브루","SFJEJ2","56760693","아이브루 플러스 디카페인 블랙커피 헤이즐넛향 (1g x 80개입), 1개","8804645007453","발주가능","정상","0","0","2","7961","1","1","0","","NO","0.611"
"20261006","Food","Coffee & Tea","원두커피믹스","아이브루","FC","56760693","아이브루 플러스 디카페인 블랙커피 헤이즐넛향 (1g x 80개입), 1개","8804645007453","발주가능","정상","400","77","658","7961","1","1","0","","NO","0.611"
"20261006","Food","Coffee & Tea","원두커피믹스","프라이빗클럽","FC","10837643","맥널티 병커피 헤이즐넛향 50gx10개","19311931309161","발주가능","정상","0","6","98","23000","0","0","0","","NO","0.611"
"20261006","Food","Coffee & Tea","원두커피믹스","프라이빗클럽","FC","12091997","Box_입소문난 아이리쉬 50G 10병","19311931311164","발주가능","정상","0","0","34","32309","0","0","0","","NO","0.611"
"20261006","Food","Coffee & Tea","원두커피믹스","프라이빗클럽","FC","52625820","맥널티 인스턴트 원두 병커피 에스프레소 블랙 50g 1개","9311931902167","발주가능","정상","210","17","197","3486","0.8077","0.8077","0","","YES","0.611"
"20261006","Food","Coffee & Tea","율무/견과차","맥널티","SFJEJ2","64842417","티브루 호박팥차 진액 10ml 30개입 1개","8804645007675","발주가능","정상","0","1","2","5259","0","0","0","","NO","0.718"
"20261006","Food","Coffee & Tea","율무/견과차","맥널티","SFDCH1","64842417","티브루 호박팥차 진액 10ml 30개입 1개","8804645007675","발주가능","정상","0","0","2","5259","0","0","0","","NO","0.718"
"20261006","Food","Coffee & Tea","율무/견과차","맥널티","FC","64842417","티브루 호박팥차 진액 10ml 30개입 1개","8804645007675","발주가능","정상","0","73","2308","5259","0","0","0","","NO","0.718"
"20261006","Food","Coffee & Tea","율무/견과차","맥널티","SFSSU1","64842417","티브루 호박팥차 진액 10ml 30개입 1개","8804645007675","발주가능","정상","0","0","2","5259","0","0","0","","NO","0.718"
"20261006","Food","Coffee & Tea","율무/견과차","맥널티커피","FC","39149735","맥널티 스테비아 제로슈가 호두 아몬드 율무차, 1개, 30개입, 450g","8804645006906","발주가능","정상","0","9","476","6815","0","0","0","","NO","0.718"
"20261006","Food","Coffee & Tea","차세트","맥널티커피","FC","78654824","맥널티 스테비아 전통차 선물세트, 1세트, 율무차(30개) + 쌍화차(30개)","8804645008092","발주가능","정상","0","1","267","19091","0","0","0","","NO","0.905"
"20261006","Food","Coffee & Tea","커피믹스","맥널티커피","FC","45571","맥널티_ 자메이카 블루마운틴 블렌드_226G","8804645100215","발주가능","정상","1024","68","1702","5000","1","1","0","","NO","0.732"
"20261006","Food","Coffee & Tea","커피믹스","맥널티커피","용인5","45571","맥널티_ 자메이카 블루마운틴 블렌드_226G","8804645100215","발주가능","정상","0","1","9","5000","1","1","0","","NO","0.732"
"20261006","Food","Coffee & Tea","커피믹스","맥널티커피","SFSPA3","25240400","맥널티 스테비아 커피믹스 100개입","8804645006067","발주가능","정상","0","0","8","12941","0","0","0","","NO","0.732"
"20261006","Food","Coffee & Tea","커피믹스","맥널티커피","RC","25240400","맥널티 스테비아 커피믹스 100개입","8804645006067","발주가능","정상","0","0","1080","12941","0","0","0","","NO","0.732"
"20261006","Food","Coffee & Tea","커피믹스","맥널티커피","SFJEJ2","25240400","맥널티 스테비아 커피믹스 100개입","8804645006067","발주가능","정상","0","0","1","12941","0","0","0","","NO","0.732"
"20261006","Food","Coffee & Tea","커피믹스","맥널티커피","FC","25240400","맥널티 스테비아 커피믹스 100개입","8804645006067","발주가능","정상","0","93","390","12941","0","0","0","","NO","0.732"
"20261006","Food","Coffee & Tea","커피믹스","맥널티커피","FC","25240402","맥널티 스테비아 커피믹스 30개입","8804645006074","발주가능","정상","0","57","321","4827","0","0","0","","NO","0.732"
"20261006","Food","Coffee & Tea","커피믹스","맥널티커피","SFSPA3","25240402","맥널티 스테비아 커피믹스 30개입","8804645006074","발주가능","정상","0","0","1","4827","0","0","0","","NO","0.732"
"20261006","Food","Coffee & Tea","커피믹스","맥널티커피","SFSSU1","25240402","맥널티 스테비아 커피믹스 30개입","8804645006074","발주가능","정상","0","0","2","4827","0","0","0","","NO","0.732"
"20261006","Food","Coffee & Tea","커피믹스","맥널티커피","FC","29461862","맥널티 아메리카노 아이스 블랙 100개입","8804645006081","발주가능","정상","120","35","242","5850","1","1","0","","NO","0.732"
"20261006","Food","Coffee & Tea","커피믹스","맥널티커피","SFSSU1","38933766","맥널티커피 스테비아 디카페인 커피믹스, 1개, 100개입 9.5g","8804645006890","발주가능","정상","0","0","2","15979","1","1","0","","NO","0.732"
"20261006","Food","Coffee & Tea","커피믹스","맥널티커피","SFJEJ2","38933766","맥널티커피 스테비아 디카페인 커피믹스, 1개, 100개입 9.5g","8804645006890","발주가능","정상","0","0","1","15979","1","1","0","","NO","0.732"
"20261006","Food","Coffee & Tea","커피믹스","맥널티커피","FC","38933766","맥널티커피 스테비아 디카페인 커피믹스, 1개, 100개입 9.5g","8804645006890","발주가능","정상","144","57","762","15979","1","1","0","","NO","0.732"
"20261006","Food","Coffee & Tea","커피믹스","맥널티커피","FC","40806729","맥널티 스테비아 디카페인 커피믹스, 1개, 30개입, 285g","8804645006777","발주가능","정상","0","32","643","5670","0","0","0","","NO","0.732"
"20261006","Food","Coffee & Tea","커피믹스","맥널티커피","FC","46730880","산양유 단백질 프로틴 스테비아 커피믹스, 1개, 30개입, 300g","8804645007194","발주가능","정상","0","0","0","6243","0","0","0","","YES","0.732"
"20261006","Food","Coffee & Tea","커피믹스","맥널티커피","FC","47303765","산양유 단백질 프로틴 스테비아 커피믹스, 1개, 100개입, 1000g","8804645007187","발주가능","정상","128","13","191","19988","1","1","0","","NO","0.732"
"20261006","Food","Coffee & Tea","커피믹스","맥널티커피","FC","56214466","맥널티커피 아이브루 바닐라 라떼,12g x 100개입(스틱), 1200g , 1개","8804645007460","발주가능","정상","40","6","68","12543","1","1","0","","NO","0.732"
"20261006","Food","Coffee & Tea","커피믹스","맥널티커피","FC","56214467","맥널티커피 아이브루 카라멜 마끼아또, 12g x 100개입(스틱), 1200g , 1개","8804645007484","발주가능","정상","64","4","110","12543","1","1","0","","NO","0.732"
"20261006","Food","Coffee & Tea","커피믹스","맥널티커피","FC","63447822","스테비아 커피믹스 헤이즐넛향 9.5g 30개입 1개","8804645007637","발주가능","정상","0","18","172","4827","0","0","0","","NO","0.732"
"20261006","Food","Coffee & Tea","커피믹스","맥널티커피","FC","64859139","맥널티 스테비아 솔티드 카라멜 커피믹스 10g 1개 30개입","8804645007668","발주가능","정상","24","8","64","5670","1","1","0","","NO","0.732"
"20261006","Food","Coffee & Tea","커피믹스","맥널티커피","FC","69526598","맥널티 갓성비 제로슈가 커피믹스, 1개, 80개입, 9g","8804645007842","발주가능","정상","360","33","780","8805","1","1","0","","NO","0.732"
"20261006","Food","Coffee & Tea","커피믹스","맥널티커피","FC","69634259","맥널티커피 스테비아 커피믹스 헤이즐넛향, 9.5g, 100개입, 1개","8804645007811","발주가능","정상","48","2","46","14261","1","1","0","","YES","0.732"
"20261006","Food","Coffee & Tea","커피믹스","맥널티커피","FC","71115721","호랭이 커피믹스 고소한 오곡향, 1개, 160개입, 9.5g","8804645007880","발주가능","정상","24","8","67","14261","1","1","0","","NO","0.732"
"20261006","Food","Coffee & Tea","커피믹스","맥널티커피","FC","71115722","호랭이 커피믹스 고소한 오곡향, 1개, 20개입, 9.5g","8804645007897","발주가능","정상","48","6","80","2806","1","1","0","","NO","0.732"
"20261006","Food","Coffee & Tea","커피믹스","맥널티커피","FC","80881317","맥널티 갓성비 더블샷 라떼, 1개, 50개입, 14.9g","8804645008054","발주가능","정상","0","0","91","9986","0","0","0","","NO","0.732"
"20261006","Food","Coffee & Tea","커피믹스","아이브루","SFSPA3","2341900","맥널티 iBrew 미니 헤이즐넛향 200개입(200g)","8804645000515","발주가능","정상","0","1","6","9917","0","0","0","","NO","0.732"
"20261006","Food","Coffee & Tea","커피믹스","아이브루","SFODD2","2341900","맥널티 iBrew 미니 헤이즐넛향 200개입(200g)","8804645000515","발주가능","정상","0","0","2","9917","0","0","0","","NO","0.732"
"20261006","Food","Coffee & Tea","커피믹스","아이브루","FC","2341900","맥널티 iBrew 미니 헤이즐넛향 200개입(200g)","8804645000515","발주가능","정상","0","50","816","9917","0","0","0","","NO","0.732"
"20261006","Food","Coffee & Tea","커피믹스","아이브루","RC","2341900","맥널티 iBrew 미니 헤이즐넛향 200개입(200g)","8804645000515","발주가능","정상","0","0","360","9917","0","0","0","","NO","0.732"
"20261006","Food","Coffee & Tea","커피믹스","아이브루","FC","3067423","아이브루 헤이즐넛향 70개입","8804645000706","발주가능","정상","0","13","292","4025","0","0","0","","NO","0.732"
"20261006","Food","Coffee & Tea","커피믹스","아이브루","FC","3067424","아이브루 케냐AA 블렌드 70개입","8804645000690","발주가능","정상","0","1","43","6205","0","0","0","","NO","0.732"
"20261006","Food","Coffee & Tea","커피믹스","아이브루","FC","3067425","아이브루 예가체프 블렌드 70개입","8804645000683","발주가능","정상","16","3","19","6205","1","1","0","","NO","0.732"
"20261006","Food","Coffee & Tea","커피믹스","프라이빗클럽","FC","3067426","인스턴트 병커피 아이리쉬크림 50g","9311931901160","발주가능","정상","40","23","95","3322","0.6667","0.6667","0","","NO","0.732"
"20261006","Food","Coffee & Tea","커피믹스","프라이빗클럽","FC","3067428","인스턴트 병커피 헤이즐넛향 50g","9311931105162","발주가능","정상","0","194","1531","2300","0","0","0","","NO","0.732"
"20261006","Food","Coffee & Tea","커피세트","맥널티커피","FC","26870612","맥널티 핸드드립 버라이어티세트 30개입","8804645006258","발주가능","정상","0","12","1060","9395","0","0","0","","NO","0.903"
"20261006","Food","Coffee & Tea","커피세트","맥널티커피","FC","54651094","인스턴트 원두 병커피 맥널티커피 선물세트 50g x 4개입(에스프레소 2병+헤이즐넛 2병), 1세트","8804645007408","발주가능","정상","0","0","0","15305","0","0","0","","YES","0.903"
"20261006","Food","Drinks","과일음료","맥널티커피","SFJEJ2","24752132","청포도 에이드 190mL 10팩","8804645005893","발주가능","정상","0","0","1","3486","1","1","0","","NO","0.802"
"20261006","Food","Drinks","과일음료","맥널티커피","RC","24752132","청포도 에이드 190mL 10팩","8804645005893","발주가능","정상","273","0","273","3486","1","1","0","","NO","0.802"
"20261006","Food","Drinks","과일음료","맥널티커피","FC","24752132","청포도 에이드 190mL 10팩","8804645005893","발주가능","정상","0","25","375","3486","1","1","0","","NO","0.802"
"20261006","Food","Drinks","과일음료","맥널티커피","RC","24752250","블루레몬 에이드 190mL 10팩","8804645005909","발주가능","정상","0","0","237","3486","0","0","0","","NO","0.802"
"20261006","Food","Drinks","과일음료","맥널티커피","FC","24752250","블루레몬 에이드 190mL 10팩","8804645005909","발주가능","정상","0","36","239","3486","0","0","0","","NO","0.802"
"20261006","Food","Drinks","과일음료","맥널티커피","FC","45580036","맥널티 청매실 에이드 190ml*10개입","8804645007071","발주가능","정상","75","15","219","3486","1","1","0","","NO","0.802"
"20261006","Food","Drinks","농축액(음료베이스)","맥널티","FC","51983601","물 한방울 섞이지 않은 김토끼 유기농 레몬즙, 10개, 20g","8804645007361","발주가능","정상","0","0","42","4077","0","0","0","","NO","0.720"
"20261006","Food","Drinks","농축액(음료베이스)","맥널티","FC","58338694","티브루 보리차 원액 간편 액상스틱 진액, 30개, 10ml","8804645007590","발주가능","정상","640","91","1197","5259","1","1","0","","NO","0.720"
"20261006","Food","Drinks","농축액(음료베이스)","맥널티","FC","58338695","티브루 옥수수수염차 원액 간편 액상스틱 진액, 30개, 10ml","8804645007606","발주가능","정상","0","37","351","5259","0","0","0","","NO","0.720"
"20261006","Food","Drinks","농축액(음료베이스)","맥널티","FC","58338696","티브루 헛개수 원액 간편 액상스틱 진액, 30개, 10ml","8804645007613","발주가능","정상","240","29","256","5259","1","1","0","","NO","0.720"
"20261006","Food","Drinks","농축액(음료베이스)","맥널티커피","FC","62882483","티브루 보리차 진액, 1개, 400g","8804645007651","발주가능","정상","80","4","123","7623","1","1","0","","NO","0.720"
"20261006","Food","Drinks","농축액(음료베이스)","맥널티커피","FC","71636537","맥널티 티브루 호박팥차 무라벨, 20개, 500ml","8804645007934","발주가능","정상","66","15","835","8795","1","1","0","","NO","0.720"
"20261006","Food","Drinks","야채음료","맥널티커피","FC","48914233","맥널티 유자 에이드 190ml 10개","8804645007217","발주가능","정상","0","7","144","3486","0","0","0","","NO","0.630"
"20261006","Food","Drinks","차음료","맥널티커피","SFDCH1","24752251","복숭아 아이스티 190mL 10팩","8804645005886","발주가능","정상","0","0","2","3486","0","0","0","","NO","0.693"
"20261006","Food","Drinks","차음료","맥널티커피","FC","24752251","복숭아 아이스티 190mL 10팩","8804645005886","발주가능","정상","0","37","567","3486","0","0","0","","NO","0.693"
"20261006","Food","Drinks","차음료","맥널티커피","SFSSU1","24752251","복숭아 아이스티 190mL 10팩","8804645005886","발주가능","정상","0","0","2","3486","0","0","0","","NO","0.693"
"20261006","Food","Drinks","차음료","맥널티커피","FC","24944267","맥널티 허니자몽 블랙티 대용량 파우치 1Lx6입","18804645005951","발주가능","정상","0","1","35","10252","0","0","0","","NO","0.693"
"20261006","Food","Drinks","차음료","맥널티커피","FC","24944268","맥널티 복숭아 아이스티 대용량 파우치 1Lx6입","18804645005944","발주가능","정상","0","1","113","10252","0","0","0","","NO","0.693"
"20261006","Food","Drinks","차음료","맥널티커피","FC","26889711","맥널티 제로칼로리 복숭아 아이스티 500ml 24입","18804645006101","발주가능","정상","0","7","186","12205","0","0","0","","NO","0.693"
"20261006","Food","Drinks","차음료","맥널티커피","FC","36669698","제로 아이스티 복숭아, 30개입, 13g","8804645006791","발주가능","정상","16","7","57","5850","1","1","0","","NO","0.693"
"20261006","Food","Drinks","차음료","맥널티커피","FC","36829225","맥널티 제로칼로리 청포도 아이스티 500mlx24입,","18804645006538","발주가능","정상","10","0","59","12205","1","1","0","","NO","0.693"
"20261006","Food","Drinks","차음료","맥널티커피","FC","36829226","제로 아이스티 청포도, 30개입, 13g 1개","8804645006807","발주가능","정상","16","4","60","5850","1","1","0","","NO","0.693"
"20261006","Food","Drinks","차음료","맥널티커피","FC","38262417","복숭아 아이스티 제로, 6개, 1L","18804645006873","발주가능","정상","0","0","24","10577","0","0","0","","NO","0.693"
"20261006","Food","Drinks","차음료","맥널티커피","FC","40520042","맥널티커피 복숭아 아이스티 제로 RTD, 30개, 240ml","18804645006835","발주가능","정상","0","5","216","8795","0","0","0","","NO","0.693"
"20261006","Food","Drinks","차음료","맥널티커피","광주3","61673272","맥널티커피 복숭아 아이스티 제로, 1.5L, 1개","8804645006739","발주가능","정상","0","13","13","1364","1","1","0","","NO","0.693"
"20261006","Food","Drinks","차음료","맥널티커피","FC","61673272","맥널티커피 복숭아 아이스티 제로, 1.5L, 1개","8804645006739","발주가능","정상","516","182","1330","1364","1","1","0","","NO","0.693"
"20261006","Food","Drinks","차음료","맥널티커피","CHW2","61673272","맥널티커피 복숭아 아이스티 제로, 1.5L, 1개","8804645006739","발주가능","정상","0","11","20","1364","1","1","0","","NO","0.693"
"20261006","Food","Drinks","차음료","맥널티커피","RC","61673272","맥널티커피 복숭아 아이스티 제로, 1.5L, 1개","8804645006739","발주가능","정상","0","0","1248","1364","1","1","0","","NO","0.693"
"20261006","Food","Drinks","차음료","맥널티커피","SFSPA3","61673272","맥널티커피 복숭아 아이스티 제로, 1.5L, 1개","8804645006739","발주가능","정상","0","3","1","1364","1","1","0","","NO","0.693"
"20261006","Food","Drinks","차음료","맥널티커피","RC","73944650","맥널티 복숭아 아이스티 대용량 파우치, 1개, 2.1L","8804645007965","발주가능","정상","396","0","792","2413","0.9703","0.9703","0","","NO","0.693"
"20261006","Food","Drinks","차음료","맥널티커피","SFJEJ2","73944650","맥널티 복숭아 아이스티 대용량 파우치, 1개, 2.1L","8804645007965","발주가능","정상","0","0","0","2413","0.9703","0.9703","0","","NO","0.693"
"20261006","Food","Drinks","차음료","맥널티커피","SFSPA3","73944650","맥널티 복숭아 아이스티 대용량 파우치, 1개, 2.1L","8804645007965","발주가능","정상","0","0","4","2413","0.9703","0.9703","0","","NO","0.693"
"20261006","Food","Drinks","차음료","맥널티커피","FC","73944650","맥널티 복숭아 아이스티 대용량 파우치, 1개, 2.1L","8804645007965","발주가능","정상","291","125","766","2413","0.9703","0.9703","0","","NO","0.693"
"20261006","Food","Drinks","차음료","맥널티커피","FC","75850021","맥널티 허니자몽 블랙티, 1L, 1개","8804645005954","발주가능","정상","90","10","160","1714","0.8824","0.8824","0","","NO","0.693"
"20261006","Food","Drinks","커피음료","맥널티커피","SFJEJ2","24695530","아이스 헤이즐넛향 커피 190mL 10팩","8804645005879","발주가능","정상","0","1","1","3486","0","0","0","","NO","0.703"
"20261006","Food","Drinks","커피음료","맥널티커피","FC","24695530","아이스 헤이즐넛향 커피 190mL 10팩","8804645005879","발주가능","정상","0","52","281","3486","0","0","0","","NO","0.703"
"20261006","Food","Drinks","커피음료","맥널티커피","FC","24695531","아이스 아메리카노 스위트 190mL 10팩","8804645005862","발주가능","정상","0","45","220","3486","0","0","0","","NO","0.703"
"20261006","Food","Drinks","커피음료","맥널티커피","SFSPA3","24695531","아이스 아메리카노 스위트 190mL 10팩","8804645005862","발주가능","정상","0","0","4","3486","0","0","0","","NO","0.703"
"20261006","Food","Drinks","커피음료","맥널티커피","SFJEJ2","24695531","아이스 아메리카노 스위트 190mL 10팩","8804645005862","발주가능","정상","0","0","0","3486","0","0","0","","NO","0.703"
"20261006","Food","Drinks","커피음료","맥널티커피","RC","24695531","아이스 아메리카노 스위트 190mL 10팩","8804645005862","발주가능","정상","0","0","546","3486","0","0","0","","NO","0.703"
"20261006","Food","Drinks","커피음료","맥널티커피","RC","24695532","아이스 아메리카노 블랙 190mL 10팩","8804645005855","발주가능","정상","0","0","273","3486","0","0","0","","NO","0.703"
"20261006","Food","Drinks","커피음료","맥널티커피","FC","24695532","아이스 아메리카노 블랙 190mL 10팩","8804645005855","발주가능","정상","0","31","135","3486","0","0","0","","NO","0.703"
"20261006","Food","Drinks","커피음료","맥널티커피","SFODD2","24695532","아이스 아메리카노 블랙 190mL 10팩","8804645005855","발주가능","정상","0","0","1","3486","0","0","0","","NO","0.703"
"20261006","Food","Drinks","커피음료","맥널티커피","FC","25484251","맥널티커피 아메리카노 스위트 1Lx6입","18804645005920","발주가능","정상","0","1","45","10252","0","0","0","","NO","0.703"
"20261006","Food","Drinks","커피음료","맥널티커피","FC","25484255","맥널티 아이스 아메리카노 블랙커피 대용량 파우치 1Lx6입","18804645005913","발주가능","정상","0","6","14","10252","0","0","0","","NO","0.703"
"20261006","Food","Drinks","커피음료","맥널티커피","FC","25484257","맥널티 아이스 헤이즐넛향 커피 대용량 파우치 1Lx6입","18804645005937","발주가능","정상","96","0","124","10252","1","1","0","","NO","0.703"
"20261006","Food","Drinks","커피음료","맥널티커피","FC","48466205","맥널티 대용량 제로슈가 스테비아 믹스커피 음료, 12개, 1L","18804645007290","발주가능","정상","0","20","66","17067","0","0","0","","NO","0.703"
"20261006","Food","Drinks","커피음료","맥널티커피","FC","54922706","맥널티 대용량 제로슈가 스테비아 믹스커피 음료, 1L, 6개","8804645007323","발주가능","정상","480","69","579","8805","1","1","0","","NO","0.703"
"20261006","Food","Drinks","커피음료","맥널티커피","RC","68778940","맥널티 아이브루 아메리카노 블랙커피 12개 1L","18804645007306","발주가능","정상","0","0","400","12205","0","0","0","","NO","0.703"
"20261006","Food","Drinks","커피음료","맥널티커피","FC","68778940","맥널티 아이브루 아메리카노 블랙커피 12개 1L","18804645007306","발주가능","정상","0","144","1384","12205","0","0","0","","NO","0.703"
"20261006","Food","Drinks","커피음료","맥널티커피","FC","68778941","맥널티 아이브루 헤이즐넛향 블랙커피 12개 1L","18804645007504","발주가능","정상","240","27","467","12205","1","1","0","","NO","0.703"
"20261006","Food","Drinks","커피음료","맥널티커피","FC","68778942","아이브루 아메리카노 블랙커피 무라벨 400ML 20개","8804645007491","발주가능","정상","0","252","1191","12205","0","0","0","","NO","0.703"
"20261006","Food","Drinks","커피음료","맥널티커피","SFSPA3","73951791","맥널티 아이스 아메리카노 블랙 커피 대용량 파우치, 1개, 2.1L","8804645007958","발주가능","정상","0","14","30","2413","0","0","0","","NO","0.703"
"20261006","Food","Drinks","커피음료","맥널티커피","FC","73951791","맥널티 아이스 아메리카노 블랙 커피 대용량 파우치, 1개, 2.1L","8804645007958","발주가능","정상","0","397","1800","2413","0","0","0","","NO","0.703"
"20261006","Food","Drinks","커피음료","맥널티커피","RC","73951791","맥널티 아이스 아메리카노 블랙 커피 대용량 파우치, 1개, 2.1L","8804645007958","발주가능","정상","0","0","5504","2413","0","0","0","","NO","0.703"
"20261006","Food","Drinks","커피음료","맥널티커피","SFSSU1","73951791","맥널티 아이스 아메리카노 블랙 커피 대용량 파우치, 1개, 2.1L","8804645007958","발주가능","정상","0","0","2","2413","0","0","0","","NO","0.703"
"20261006","Food","Drinks","커피음료","맥널티커피","SFJEJ2","73951791","맥널티 아이스 아메리카노 블랙 커피 대용량 파우치, 1개, 2.1L","8804645007958","발주가능","정상","0","1","6","2413","0","0","0","","NO","0.703"
"20261006","Food","Drinks","커피음료","맥널티커피","SFDCH1","73951791","맥널티 아이스 아메리카노 블랙 커피 대용량 파우치, 1개, 2.1L","8804645007958","발주가능","정상","0","0","3","2413","0","0","0","","NO","0.703"
"20261006","Food","Drinks","커피음료","맥널티커피","SFSPA3","75683093","맥널티 아이스 아메리카노 블랙 1리터, 1L, 1개","8804645005916","발주가능","정상","0","0","1","1714","0","0","0","","NO","0.703"
"20261006","Food","Drinks","커피음료","맥널티커피","FC","75683093","맥널티 아이스 아메리카노 블랙 1리터, 1L, 1개","8804645005916","발주가능","정상","0","13","731","1714","0","0","0","","NO","0.703"
"20261006","Food","Drinks","커피음료","맥널티커피","SFJEJ2","75683093","맥널티 아이스 아메리카노 블랙 1리터, 1L, 1개","8804645005916","발주가능","정상","0","0","1","1714","0","0","0","","NO","0.703"
"20261006","Food","Drinks","커피음료","맥널티커피","FC","75694561","맥널티커피 아이스 아메리카노 헤이즐넛, 1개, 1L","8804645005930","발주가능","정상","0","15","1249","1714","0","0","0","","NO","0.703"
"20261006","Food","Drinks","커피음료","맥널티커피","FC","75765043","맥널티 아이스아메리카노 스위트, 1개, 1L","8804645005923","발주가능","정상","0","48","758","1714","0","0","0","","NO","0.703"
"20261006","Food","Drinks","커피음료","맥널티커피","FC","76540319","맥널티 호랭이 마일드 라떼 캔커피, 30개, 175ml","18804645008013","발주가능","정상","572","112","795","8523","1","1","0","","NO","0.703"
"20261006","Food","Drinks","커피음료","맥널티커피","SFSPA3","77572705","맥널티 아이스 아메리카노 헤이즐넛, 1개, 2.1L","8804645008030","발주가능","정상","0","11","9","2413","0.9982","0.9982","0","","NO","0.703"
"20261006","Food","Drinks","커피음료","맥널티커피","RC","77572705","맥널티 아이스 아메리카노 헤이즐넛, 1개, 2.1L","8804645008030","발주가능","정상","0","0","0","2413","0.9982","0.9982","0","","NO","0.703"
"20261006","Food","Drinks","커피음료","맥널티커피","FC","77572705","맥널티 아이스 아메리카노 헤이즐넛, 1개, 2.1L","8804645008030","발주가능","정상","559","264","1404","2413","0.9982","0.9982","0","","NO","0.703"
"20261006","Food","Drinks","커피음료","맥널티커피","SFJEJ2","77572705","맥널티 아이스 아메리카노 헤이즐넛, 1개, 2.1L","8804645008030","발주가능","정상","0","2","5","2413","0.9982","0.9982","0","","NO","0.703"
"20261006","Food","Drinks","커피음료","아이브루","FC","70253954","아이브루 디카페인 아메리카노 블랙커피 무라벨, 20개, 400ml","8804645007903","발주가능","정상","273","42","728","13500","1","1","0","","NO","0.703"
"20261006","Kitchen","Tools & Gadgets","드립주전자/포트","맥널티커피","FC","15333511","맥널티 드립 주전자 350ml","8804645004490","발주가능","정상","0","0","233","5044","0","0","0","","NO","0.790"
"20261006","Kitchen","Tools & Gadgets","커피필터/여과지","맥널티","FC","12491225","맥널티 핸드드립 커피필터 30개입","8804645300950","발주가능","정상","0","70","949","2642","0","0","0","","NO","0.519"
"20261006","Kitchen","Tools & Gadgets","커피필터/여과지","맥널티","SFJEJ2","12491225","맥널티 핸드드립 커피필터 30개입","8804645300950","발주가능","정상","0","1","2","2642","0","0","0","","NO","0.519"
"20261006","Kitchen","Tools & Gadgets","커피필터/여과지","맥널티커피","FC","80552848","맥널티 천연펄프 무표백 핸드드립 커피필터 여과지(5~7인용), 1개, 100개입","8804645000027","발주가능","정상","0","0","7","2864","0","0","0","","YES","0.519"
"20261006","Kitchen","Tools & Gadgets","커피필터/여과지","맥널티커피","FC","80552849","맥널티 천연펄프 무표백 핸드드립 커피필터 여과지(2~4인용), 1개, 100개입","8804645000010","발주가능","정상","0","21","30","2418","0","0","0","","NO","0.519"
"20261005","CE","Kitchen Appliance","커피머신","맥널티커피","FC","31602405","맥널티 2in1 핫앤콜드 진공추출 커피메이커 MCM-065B MCM-065B","8804645006296","발주가능","정상","0","1","8","30859","0","0","0","","NO","0.798"
"20261005","Food","Coffee & Tea","기타전통차","맥널티커피","FC","39149736","맥널티 스테비아 침향 쌍화차, 1개, 30개입, 450g","8804645006913","발주가능","정상","0","2","213","8536","0","0","0","","NO","0.725"
"20261005","Food","Coffee & Tea","기타전통차","맥널티커피","FC","41175263","맥널티커피 스테비아 꿀 유자차, 1개, 30개입, 450g","8804645006951","발주가능","정상","0","2","421","7388","0","0","0","","NO","0.725"
"20261005","Food","Coffee & Tea","둥글레/옥수수/보리/결명자차","맥널티커피","FC","76230458","맥널티 진 보리차 1개 1kg","8804645007996","발주가능","정상","0","1","9","15209","0","0","0","","NO","0.615"
"20261005","Food","Coffee & Tea","드립백/티백","맥널티","FC","3067432","산지별 콜롬비아 슈프리모 핸드드립커피 7개입","8804645000324","발주가능","정상","0","6","141","3043","0","0","0","","NO","0.745"
"20261005","Food","Coffee & Tea","드립백/티백","맥널티","FC","10003518","케냐 AA 핸드드립 블렌드 24개입","8804645000720","발주가능","정상","0","8","327","8534","0","0","0","","NO","0.745"
"20261005","Food","Coffee & Tea","드립백/티백","맥널티커피","FC","3067429","산지별 브라질 세라도 NY2 핸드드립커피 7개입","8804645000300","발주가능","정상","0","3","53","2887","0","0","0","","NO","0.745"
"20261005","Food","Coffee & Tea","드립백/티백","맥널티커피","FC","3067430","산지별 케냐 AA 핸드드립커피 7개입","8804645000355","발주가능","정상","0","10","121","3062","0","0","0","","NO","0.745"
"20261005","Food","Coffee & Tea","드립백/티백","맥널티커피","FC","3067433","산지별 에티오피아 코케 허니 핸드드립커피 7개입","8804645000348","발주가능","정상","0","11","54","2910","0","0","0","","NO","0.745"
"20261005","Food","Coffee & Tea","드립백/티백","맥널티커피","FC","3067434","산지별 에티오피아 예가체프 핸드드립커피 7개입","8804645000331","발주가능","정상","0","16","22","3184","0","0","0","","NO","0.745"
"20261005","Food","Coffee & Tea","드립백/티백","맥널티커피","FC","10003517","콜롬비아 핸드드립 블렌드 24개입","8804645000713","발주가능","정상","0","24","76","8534","0","0","0","","NO","0.745"
"20261005","Food","Coffee & Tea","드립백/티백","맥널티커피","FC","23400108","맥널티 디카페인100% 핸드드립 원두커피 24개입","8804645005732","발주가능","정상","0","14","38","9395","0","0","0","","NO","0.745"
"20261005","Food","Coffee & Tea","드립백/티백","맥널티커피","FC","37713094","맥널티 핸드드립커피 케냐AA(더블에이) 36개입, 8g, 1개","8804645006616","발주가능","정상","0","2","42","11759","0","0","0","","NO","0.745"
"20261005","Food","Coffee & Tea","드립백/티백","맥널티커피","FC","37713095","맥널티 핸드드립커피 에티오피아 예가체프 36개입, 8g, 1개","8804645006623","발주가능","정상","0","2","38","10577","0","0","0","","NO","0.745"
"20261005","Food","Coffee & Tea","드립백/티백","맥널티커피","FC","41391235","맥널티 행복을주는커피 시그니처 블렌드 핸드드립 커피 20개입, 1개, 8g","8804645003653","발주가능","정상","0","21","2","6795","0","0","0","","YES","0.745"
"20261005","Food","Coffee & Tea","드립백/티백","맥널티커피","FC","62821923","맥널티 핸드드립 커피 에티오피아 예가체프 8g 24개입 1개","8804645006920","발주가능","정상","0","4","55","9679","0","0","0","","NO","0.745"
"20261005","Food","Coffee & Tea","드립백/티백","맥널티커피","FC","68147033","베니스브루 스페셜티 핸드드립 가향 커피 오렌지 벨벳, 1개, 7개입, 12g","8804645007712","발주가능","정상","0","0","12","5143","0","0","0","","NO","0.745"
"20261005","Food","Coffee & Tea","드립백/티백","맥널티커피","FC","68147034","베니스브루 스페셜티 핸드드립 가향 커피 쇼콜라 모카, 1개, 7개입, 12g","8804645007729","발주가능","정상","0","1","4","5143","0","0","0","","NO","0.745"
"20261005","Food","Coffee & Tea","드립백/티백","맥널티커피","FC","68777449","베니스브루 베리 블로썸 드립백 커피 12g 1개 7개입","8804645007705","발주가능","정상","0","0","23","5143","0","0","0","","NO","0.745"
"20261005","Food","Coffee & Tea","라떼분말","맥널티커피","FC","34834818","맥널티 스테비아 제로슈가 핫초코 라떼 30개입 15g","8804645006340","발주가능","정상","0","43","1576","7500","0","0","0","","NO","0.604"
"20261005","Food","Coffee & Tea","라떼분말","맥널티커피","FC","51063548","스테비아 단백질 옥수수 크림 라떼, 1개, 20개입, 18g","8804645007330","발주가능","정상","0","0","57","5850","0","0","0","","NO","0.604"
"20261005","Food","Coffee & Tea","라떼분말","맥널티커피","FC","51164938","스테비아 단백질 고구마 크림 라떼, 1개, 20개입, 18g","8804645007347","발주가능","정상","0","1","91","5850","0","0","0","","NO","0.604"
"20261005","Food","Coffee & Tea","원두","N_A","FC","76443755","맥널티 브라질 세라도 NY.2 원두 1kg, 1개","8804645006425","발주가능","정상","0","2","194","17609","0","0","0","","NO","0.911"
"20261005","Food","Coffee & Tea","원두","맥널티커피","RC","45570","맥널티_헤이즐넛원두분쇄커피_226G","8804645100208","발주가능","정상","0","0","2176","5000","0","0","0","","NO","0.911"
"20261005","Food","Coffee & Tea","원두","맥널티커피","SFSPA3","45570","맥널티_헤이즐넛원두분쇄커피_226G","8804645100208","발주가능","정상","0","1","0","5000","0","0","0","","NO","0.911"
"20261005","Food","Coffee & Tea","원두","맥널티커피","용인5","45570","맥널티_헤이즐넛원두분쇄커피_226G","8804645100208","발주가능","정상","0","3","5","5000","0","0","0","","NO","0.911"
"20261005","Food","Coffee & Tea","원두","맥널티커피","SFJEJ2","45570","맥널티_헤이즐넛원두분쇄커피_226G","8804645100208","발주가능","정상","0","1","4","5000","0","0","0","","NO","0.911"
"20261005","Food","Coffee & Tea","원두","맥널티커피","FC","45570","맥널티_헤이즐넛원두분쇄커피_226G","8804645100208","발주가능","정상","0","90","1139","5000","0","0","0","","NO","0.911"
"20261005","Food","Coffee & Tea","원두","맥널티커피","FC","45572","맥널티_헤이즐넛원두분쇄커피_500G","8804645100468","발주가능","정상","0","41","1102","7960","0","0","0","","NO","0.911"
"20261005","Food","Coffee & Tea","원두","맥널티커피","SFSPA3","45572","맥널티_헤이즐넛원두분쇄커피_500G","8804645100468","발주가능","정상","0","1","6","7960","0","0","0","","NO","0.911"
"20261005","Food","Coffee & Tea","원두","맥널티커피","FC","45573","맥널티_블루마운틴스타일원두분쇄커피_500G","8804645100451","발주가능","정상","0","14","1639","11091","0","0","0","","NO","0.911"
"20261005","Food","Coffee & Tea","원두","맥널티커피","FC","5344648","맥널티 원두 에스프레소 블랙 1개, 1kg","8804645001239","발주불가","단종","0","0","1","9156","0","0","0","","YES","0.911"
"20261005","Food","Coffee & Tea","원두","맥널티커피","FC","10147177","맥널티 홀빈 블루마운틴 1000g","8804645006302","발주가능","정상","0","24","40","15715","0","0","0","","NO","0.911"
"20261005","Food","Coffee & Tea","원두","맥널티커피","FC","10147180","맥널티 행복을 주는 커피 헤이즐넛향 1kg 홀빈","8804645100185","발주가능","정상","0","17","44","15244","0","0","0","","NO","0.911"
"20261005","Food","Coffee & Tea","원두","맥널티커피","FC","10812901","맥널티 베트남 로부스타 원두커피 1kg","8804645003066","발주가능","정상","0","42","340","11700","0","0","0","","NO","0.911"
"20261005","Food","Coffee & Tea","원두","맥널티커피","RC","10812901","맥널티 베트남 로부스타 원두커피 1kg","8804645003066","발주가능","정상","0","0","400","11700","0","0","0","","NO","0.911"
"20261005","Food","Coffee & Tea","원두","맥널티커피","FC","11849981","행복을 주는 커피 블루마운틴 블렌드 분쇄 원두 커피 1kg","8804645003486","발주가능","정상","0","12","58","16364","0","0","0","","NO","0.911"
"20261005","Food","Coffee & Tea","원두","맥널티커피","FC","12521866","맥널티 행복을 주는 커피 시그니처 헤이즐넛향 원두 커피 1Kg","8804645003493","발주가능","정상","0","25","208","16364","0","0","0","","NO","0.911"
"20261005","Food","Coffee & Tea","원두","맥널티커피","RC","12521866","맥널티 행복을 주는 커피 시그니처 헤이즐넛향 원두 커피 1Kg","8804645003493","발주가능","정상","0","0","216","16364","0","0","0","","NO","0.911"
"20261005","Food","Coffee & Tea","원두","맥널티커피","FC","13277718","맥널티 행복을 주는 커피 브라질 산토스 1kg","8804645003936","발주가능","정상","0","12","38","14091","0","0","0","","NO","0.911"
"20261005","Food","Coffee & Tea","원두","맥널티커피","FC","13277719","맥널티 행복을 주는 커피 콜롬비아 블렌드 1kg","8804645003929","발주가능","정상","0","21","162","15599","0","0","0","","NO","0.911"
"20261005","Food","Coffee & Tea","원두","맥널티커피","FC","37733154","맥널티 원두 홀빈(분쇄안함) 마일드 미디움 블렌드 200g, 1개","8804645005374","발주가능","정상","0","1","15","5791","0","0","0","","NO","0.911"
"20261005","Food","Coffee & Tea","원두","맥널티커피","FC","38710869","맥널티 홀빈 커피원두, 마일드 미디움 블렌드 1kg, 1개","8804645005329","발주가능","정상","0","1","12","16364","0","0","0","","NO","0.911"
"20261005","Food","Coffee & Tea","원두","맥널티커피","FC","38710870","맥널티 홀빈 커피원두, 콜롬비아 안데스 오리진 1kg, 1개","8804645005343","발주가능","정상","0","0","21","16364","0","0","0","","NO","0.911"
"20261005","Food","Coffee & Tea","원두","맥널티커피","FC","38710872","맥널티 홀빈 커피원두, 시그니처 블렌드 1kg, 1개","8804645005312","발주가능","정상","0","1","35","16364","0","0","0","","NO","0.911"
"20261005","Food","Coffee & Tea","원두","맥널티커피","FC","38813491","맥널티 홀빈 원두 1KG, 브라질 산토스 내추럴, 1개","8804645005350","발주가능","정상","0","7","192","11364","0","0","0","","NO","0.911"
"20261005","Food","Coffee & Tea","원두","맥널티커피","FC","38919334","맥널티 에티오피아 예가체프 홀빈 원두, 1kg, 1개","8804645006852","발주가능","정상","0","2","125","16364","0","0","0","","NO","0.911"
"20261005","Food","Coffee & Tea","원두","맥널티커피","FC","39616644","맥널티 예맨 모카 블렌드 커피 원두, 홀빈(분쇄안함), 500g, 1개","8804645006692","발주가능","정상","0","0","10","11400","0","0","0","","NO","0.911"
"20261005","Food","Coffee & Tea","원두","맥널티커피","FC","39616645","맥널티 시그니처 디카페인 커피 원두, 홀빈(분쇄안함), 500g, 1개","8804645006937","발주가능","정상","0","5","165","12545","0","0","0","","NO","0.911"
"20261005","Food","Coffee & Tea","원두","맥널티커피","FC","39616646","맥널티 게이샤 블렌드 커피 원두, 홀빈(분쇄안함), 500g, 1개","8804645006708","발주가능","정상","0","2","18","11400","0","0","0","","NO","0.911"
"20261005","Food","Coffee & Tea","원두","맥널티커피","FC","39616647","맥널티 하와이안 코나 블렌드 커피 원두, 홀빈(분쇄안함), 500g, 1개","8804645006685","발주가능","정상","0","12","33","11400","0","0","0","","NO","0.911"
"20261005","Food","Coffee & Tea","원두","맥널티커피","FC","48074657","맥널티 브라질 세라도 분쇄 원두 커피, 1개, 500g","8804645007262","발주가능","정상","0","0","67","9395","0","0","0","","NO","0.911"
"20261005","Food","Coffee & Tea","원두","맥널티커피","FC","48074658","맥널티 콜롬비아 안데스 분쇄 원두 커피, 1개, 500g","8804645007255","발주가능","정상","0","3","95","9986","0","0","0","","NO","0.911"
"20261005","Food","Coffee & Tea","원두","맥널티커피","FC","48074659","맥널티 에티오피아 예가체프 분쇄 원두 커피, 1개, 500g","8804645007231","발주가능","정상","0","14","70","9986","0","0","0","","NO","0.911"
"20261005","Food","Coffee & Tea","원두","맥널티커피","FC","58681130","콜롬비아 안데스 오리진 분쇄 커피 원두 1개 226g 핸드드립","8804645007552","발주가능","정상","0","1","0","7159","0","0","0","","YES","0.911"
"20261005","Food","Coffee & Tea","원두","맥널티커피","FC","58681131","브라질 산토스 오리진 분쇄 커피 원두, 226g, 1개, 핸드드립","8804645007545","발주가능","정상","0","6","7","7159","0","0","0","","NO","0.911"
"20261005","Food","Coffee & Tea","원두","맥널티커피","FC","58765769","게이샤 블렌드 분쇄 커피 원두, 1개, 226g, 핸드드립","8804645007514","발주가능","정상","0","4","23","7732","0","0","0","","NO","0.911"
"20261005","Food","Coffee & Tea","원두","맥널티커피","FC","58765770","디카페인 헤이즐넛향 분쇄 커피 원두, 1개, 226g, 핸드드립","8804645007538","발주가능","정상","0","18","84","8018","0","0","0","","NO","0.911"
"20261005","Food","Coffee & Tea","원두","맥널티커피","FC","58850533","하와이안 코나 블렌드 분쇄 커피 원두, 1개, 226g, 핸드드립","8804645007521","발주가능","정상","0","15","9","7732","0","0","0","","NO","0.911"
"20261005","Food","Coffee & Tea","원두","맥널티커피","FC","71777603","투비 다크 블랙 블렌드 홀빈 원두 커피, 1kg, 홀빈(분쇄안함), 1개","8804645007989","발주가능","정상","0","2","157","13115","0","0","0","","NO","0.911"
"20261005","Food","Coffee & Tea","원두","맥널티커피","FC","76697770","투비커피 너티초코 아메리카노 블렌드 홀빈 원두 커피, 1kg, 홀빈(분쇄안함), 1개","8804645008047","발주가능","정상","0","0","34","17125","0","0","0","","NO","0.911"
"20261005","Food","Coffee & Tea","원두","맥널티커피","FC","80661387","베트남 로부스타 G1 싱글오리진 커피 원두, 1개, 1kg","8804645006869","발주가능","정상","0","0","50","10741","0","0","0","","NO","0.911"
"20261005","Food","Coffee & Tea","원두","맥널티커피","FC","80686777","맥널티 투비 데일리 블렌드 홀빈 원두 커피 고소한 너티 로스팅, 1개, 1kg","8804645008023","발주가능","정상","0","1","42","15377","0","0","0","","NO","0.911"
"20261005","Food","Coffee & Tea","원두","맥널티커피","FC","80855134","맥널티 콜롬비아 수프리모 후일라 커피 원두, 1kg, 1개","8804645006432","발주가능","정상","0","0","24","25423","0","0","0","","NO","0.911"
"20261005","Food","Coffee & Tea","원두","맥널티커피","FC","80855137","맥널티 에티오피아 예가체프 G2 원두 1kg, 1개, 홀빈(분쇄안함)","8804645006449","발주가능","정상","0","0","14","22332","0","0","0","","NO","0.911"
"20261005","Food","Coffee & Tea","원두커피믹스","맥널티","FC","10003529","아이브루 클래식 100T","8804645002465","발주불가","규격 외","0","0","1","6068","0","0","0","","NO","0.608"
"20261005","Food","Coffee & Tea","원두커피믹스","맥널티","FC","11019882","맥널티 아이브루 다크 블렌드 200T","8804645003219","발주가능","정상","0","5","156","13096","0","0","0","","NO","0.608"
"20261005","Food","Coffee & Tea","원두커피믹스","맥널티커피","FC","11019883","맥널티 아이브루 모카 블랙 200T","8804645003226","발주가능","정상","0","10","174","11687","0","0","0","","NO","0.608"
"20261005","Food","Coffee & Tea","원두커피믹스","맥널티커피","FC","13777565","맥널티 아이브루 모카블랙 70T","8804645003912","발주가능","정상","0","1","34","6519","0","0","0","","NO","0.608"
"20261005","Food","Coffee & Tea","원두커피믹스","맥널티커피","SFJEJ2","15720531","콜롬비아 블랙 100개입","8804645002861","발주가능","정상","0","0","5","6345","0","0","0","","NO","0.608"
"20261005","Food","Coffee & Tea","원두커피믹스","맥널티커피","FC","15720531","콜롬비아 블랙 100개입","8804645002861","발주가능","정상","0","59","839","6345","0","0","0","","NO","0.608"
"20261005","Food","Coffee & Tea","원두커피믹스","맥널티커피","FC","26477367","맥널티 리얼 에스프레소샷 블랙 액상스틱커피 15mlx30개입","8804645006029","발주가능","정상","0","27","212","7388","0","0","0","","NO","0.608"
"20261005","Food","Coffee & Tea","원두커피믹스","맥널티커피","FC","62672352","맥널티 아이브루 플러스 스위트 블랙 원두커피믹스 80개입 2.8g","8804645007620","발주가능","정상","0","6","15","7961","0","0","0","","NO","0.608"
"20261005","Food","Coffee & Tea","원두커피믹스","맥널티커피","FC","67975031","호랭이 커피 오곡향 블랙, 1개, 20개입, 1g","8804645007781","발주가능","정상","0","9","80","2806","0","0","0","","NO","0.608"
"20261005","Food","Coffee & Tea","원두커피믹스","맥널티커피","FC","71629331","맥널티 갓성비 아메리카노 블랙커피, 1개, 100개입, 2g","8804645007873","발주가능","정상","0","80","866","8534","0","0","0","","NO","0.608"
"20261005","Food","Coffee & Tea","원두커피믹스","아이브루","FC","36903434","맥널티 아이브루 플러스 헤이즐넛 블랙커피 100개입","8804645006395","발주가능","정상","0","195","370","7623","0","0","0","","NO","0.608"
"20261005","Food","Coffee & Tea","원두커피믹스","아이브루","SFJEJ2","36903434","맥널티 아이브루 플러스 헤이즐넛 블랙커피 100개입","8804645006395","발주가능","정상","0","0","2","7623","0","0","0","","NO","0.608"
"20261005","Food","Coffee & Tea","원두커피믹스","아이브루","FC","36903435","맥널티 아이브루 플러스 오리지널 블랙커피 100개입","8804645006388","발주불가","규격 외","0","0","0","7623","0","0","0","","NO","0.608"
"20261005","Food","Coffee & Tea","원두커피믹스","아이브루","FC","46534985","아이브루 플러스 디카페인 아메리카노 블랙커피, 1개, 80개입, 80g","8804645007118","발주가능","정상","0","1","0","7964","0","0","0","","YES","0.608"
"20261005","Food","Coffee & Tea","원두커피믹스","아이브루","FC","56760693","아이브루 플러스 디카페인 블랙커피 헤이즐넛향 (1g x 80개입), 1개","8804645007453","발주가능","정상","0","77","337","7961","0","0","0","","NO","0.608"
"20261005","Food","Coffee & Tea","원두커피믹스","아이브루","SFJEJ2","56760693","아이브루 플러스 디카페인 블랙커피 헤이즐넛향 (1g x 80개입), 1개","8804645007453","발주가능","정상","0","0","2","7961","0","0","0","","NO","0.608"
"20261005","Food","Coffee & Tea","원두커피믹스","프라이빗클럽","FC","10837643","맥널티 병커피 헤이즐넛향 50gx10개","19311931309161","발주가능","정상","0","2","104","23000","0","0","0","","NO","0.608"
"20261005","Food","Coffee & Tea","원두커피믹스","프라이빗클럽","FC","12091997","Box_입소문난 아이리쉬 50G 10병","19311931311164","발주가능","정상","0","1","34","32309","0","0","0","","NO","0.608"
"20261005","Food","Coffee & Tea","원두커피믹스","프라이빗클럽","FC","52625820","맥널티 인스턴트 원두 병커피 에스프레소 블랙 50g 1개","9311931902167","발주가능","정상","0","2","0","3486","0","0","0","","YES","0.608"
"20261005","Food","Coffee & Tea","율무/견과차","맥널티","SFJEJ2","64842417","티브루 호박팥차 진액 10ml 30개입 1개","8804645007675","발주가능","정상","0","1","1","5259","0","0","0","","NO","0.714"
"20261005","Food","Coffee & Tea","율무/견과차","맥널티","SFDCH1","64842417","티브루 호박팥차 진액 10ml 30개입 1개","8804645007675","발주가능","정상","0","0","2","5259","0","0","0","","NO","0.714"
"20261005","Food","Coffee & Tea","율무/견과차","맥널티","SFSSU1","64842417","티브루 호박팥차 진액 10ml 30개입 1개","8804645007675","발주가능","정상","0","0","2","5259","0","0","0","","NO","0.714"
"20261005","Food","Coffee & Tea","율무/견과차","맥널티","FC","64842417","티브루 호박팥차 진액 10ml 30개입 1개","8804645007675","발주가능","정상","0","75","2383","5259","0","0","0","","NO","0.714"
"20261005","Food","Coffee & Tea","율무/견과차","맥널티커피","FC","39149735","맥널티 스테비아 제로슈가 호두 아몬드 율무차, 1개, 30개입, 450g","8804645006906","발주가능","정상","0","4","483","6815","0","0","0","","NO","0.714"
"20261005","Food","Coffee & Tea","차세트","맥널티커피","FC","78654824","맥널티 스테비아 전통차 선물세트, 1세트, 율무차(30개) + 쌍화차(30개)","8804645008092","발주가능","정상","0","0","268","19091","0","0","0","","NO","0.904"
"20261005","Food","Coffee & Tea","커피믹스","맥널티커피","용인5","45571","맥널티_ 자메이카 블루마운틴 블렌드_226G","8804645100215","발주가능","정상","0","4","10","5000","0","0","0","","NO","0.730"
"20261005","Food","Coffee & Tea","커피믹스","맥널티커피","FC","45571","맥널티_ 자메이카 블루마운틴 블렌드_226G","8804645100215","발주가능","정상","0","84","746","5000","0","0","0","","NO","0.730"
"20261005","Food","Coffee & Tea","커피믹스","맥널티커피","FC","25240400","맥널티 스테비아 커피믹스 100개입","8804645006067","발주가능","정상","0","140","482","12941","0","0","0","","NO","0.730"
"20261005","Food","Coffee & Tea","커피믹스","맥널티커피","SFSPA3","25240400","맥널티 스테비아 커피믹스 100개입","8804645006067","발주가능","정상","0","0","8","12941","0","0","0","","NO","0.730"
"20261005","Food","Coffee & Tea","커피믹스","맥널티커피","SFJEJ2","25240400","맥널티 스테비아 커피믹스 100개입","8804645006067","발주가능","정상","0","3","1","12941","0","0","0","","NO","0.730"
"20261005","Food","Coffee & Tea","커피믹스","맥널티커피","RC","25240400","맥널티 스테비아 커피믹스 100개입","8804645006067","발주가능","정상","0","0","1080","12941","0","0","0","","NO","0.730"
"20261005","Food","Coffee & Tea","커피믹스","맥널티커피","SFSSU1","25240402","맥널티 스테비아 커피믹스 30개입","8804645006074","발주가능","정상","0","0","2","4827","0","0","0","","NO","0.730"
"20261005","Food","Coffee & Tea","커피믹스","맥널티커피","FC","25240402","맥널티 스테비아 커피믹스 30개입","8804645006074","발주가능","정상","0","35","379","4827","0","0","0","","NO","0.730"
"20261005","Food","Coffee & Tea","커피믹스","맥널티커피","FC","29461862","맥널티 아메리카노 아이스 블랙 100개입","8804645006081","발주가능","정상","0","34","157","5850","0","0","0","","NO","0.730"
"20261005","Food","Coffee & Tea","커피믹스","맥널티커피","FC","38933766","맥널티커피 스테비아 디카페인 커피믹스, 1개, 100개입 9.5g","8804645006890","발주가능","정상","0","60","676","15979","0","0","0","","NO","0.730"
"20261005","Food","Coffee & Tea","커피믹스","맥널티커피","SFSSU1","38933766","맥널티커피 스테비아 디카페인 커피믹스, 1개, 100개입 9.5g","8804645006890","발주가능","정상","0","0","2","15979","0","0","0","","NO","0.730"
"20261005","Food","Coffee & Tea","커피믹스","맥널티커피","FC","40806729","맥널티 스테비아 디카페인 커피믹스, 1개, 30개입, 285g","8804645006777","발주가능","정상","0","33","674","5670","0","0","0","","NO","0.730"
"20261005","Food","Coffee & Tea","커피믹스","맥널티커피","FC","46730880","산양유 단백질 프로틴 스테비아 커피믹스, 1개, 30개입, 300g","8804645007194","발주가능","정상","0","0","0","6243","0","0","0","","YES","0.730"
"20261005","Food","Coffee & Tea","커피믹스","맥널티커피","FC","47303765","산양유 단백질 프로틴 스테비아 커피믹스, 1개, 100개입, 1000g","8804645007187","발주가능","정상","0","16","76","19988","0","0","0","","NO","0.730"
"20261005","Food","Coffee & Tea","커피믹스","맥널티커피","FC","56214466","맥널티커피 아이브루 바닐라 라떼,12g x 100개입(스틱), 1200g , 1개","8804645007460","발주가능","정상","0","7","34","12543","0","0","0","","NO","0.730"
"20261005","Food","Coffee & Tea","커피믹스","맥널티커피","FC","56214467","맥널티커피 아이브루 카라멜 마끼아또, 12g x 100개입(스틱), 1200g , 1개","8804645007484","발주가능","정상","0","9","50","12543","0","0","0","","NO","0.730"
"20261005","Food","Coffee & Tea","커피믹스","맥널티커피","FC","63447822","스테비아 커피믹스 헤이즐넛향 9.5g 30개입 1개","8804645007637","발주가능","정상","0","29","189","4827","0","0","0","","NO","0.730"
"20261005","Food","Coffee & Tea","커피믹스","맥널티커피","FC","64859139","맥널티 스테비아 솔티드 카라멜 커피믹스 10g 1개 30개입","8804645007668","발주가능","정상","0","7","48","5670","0","0","0","","NO","0.730"
"20261005","Food","Coffee & Tea","커피믹스","맥널티커피","FC","69526598","맥널티 갓성비 제로슈가 커피믹스, 1개, 80개입, 9g","8804645007842","발주가능","정상","0","43","453","8805","0","0","0","","NO","0.730"
"20261005","Food","Coffee & Tea","커피믹스","맥널티커피","FC","69634259","맥널티커피 스테비아 커피믹스 헤이즐넛향, 9.5g, 100개입, 1개","8804645007811","발주가능","정상","0","0","0","14261","0","0","0","","YES","0.730"
"20261005","Food","Coffee & Tea","커피믹스","맥널티커피","FC","71115721","호랭이 커피믹스 고소한 오곡향, 1개, 160개입, 9.5g","8804645007880","발주가능","정상","0","2","51","14261","0","0","0","","NO","0.730"
"20261005","Food","Coffee & Tea","커피믹스","맥널티커피","FC","71115722","호랭이 커피믹스 고소한 오곡향, 1개, 20개입, 9.5g","8804645007897","발주가능","정상","0","4","38","2806","0","0","0","","NO","0.730"
"20261005","Food","Coffee & Tea","커피믹스","맥널티커피","FC","80881317","맥널티 갓성비 더블샷 라떼, 1개, 50개입, 14.9g","8804645008054","발주가능","정상","0","0","91","9986","0","0","0","","NO","0.730"
"20261005","Food","Coffee & Tea","커피믹스","아이브루","RC","2341900","맥널티 iBrew 미니 헤이즐넛향 200개입(200g)","8804645000515","발주가능","정상","0","0","360","9917","0","0","0","","NO","0.730"
"20261005","Food","Coffee & Tea","커피믹스","아이브루","SFSPA3","2341900","맥널티 iBrew 미니 헤이즐넛향 200개입(200g)","8804645000515","발주가능","정상","0","3","4","9917","0","0","0","","NO","0.730"
"20261005","Food","Coffee & Tea","커피믹스","아이브루","FC","2341900","맥널티 iBrew 미니 헤이즐넛향 200개입(200g)","8804645000515","발주가능","정상","0","43","868","9917","0","0","0","","NO","0.730"
"20261005","Food","Coffee & Tea","커피믹스","아이브루","SFODD2","2341900","맥널티 iBrew 미니 헤이즐넛향 200개입(200g)","8804645000515","발주가능","정상","0","0","2","9917","0","0","0","","NO","0.730"
"20261005","Food","Coffee & Tea","커피믹스","아이브루","FC","3067423","아이브루 헤이즐넛향 70개입","8804645000706","발주가능","정상","0","14","305","4025","0","0","0","","NO","0.730"
"20261005","Food","Coffee & Tea","커피믹스","아이브루","FC","3067424","아이브루 케냐AA 블렌드 70개입","8804645000690","발주가능","정상","0","2","44","6205","0","0","0","","NO","0.730"
"20261005","Food","Coffee & Tea","커피믹스","아이브루","FC","3067425","아이브루 예가체프 블렌드 70개입","8804645000683","발주가능","정상","0","3","6","6205","0","0","0","","NO","0.730"
"20261005","Food","Coffee & Tea","커피믹스","프라이빗클럽","FC","3067426","인스턴트 병커피 아이리쉬크림 50g","9311931901160","발주가능","정상","0","20","78","3322","0","0","0","","NO","0.730"
"20261005","Food","Coffee & Tea","커피믹스","프라이빗클럽","FC","3067428","인스턴트 병커피 헤이즐넛향 50g","9311931105162","발주가능","정상","0","221","1723","2300","0","0","0","","NO","0.730"
"20261005","Food","Coffee & Tea","커피세트","맥널티커피","FC","26870612","맥널티 핸드드립 버라이어티세트 30개입","8804645006258","발주가능","정상","0","5","1070","9395","0","0","0","","NO","0.899"
"20261005","Food","Coffee & Tea","커피세트","맥널티커피","FC","54651094","인스턴트 원두 병커피 맥널티커피 선물세트 50g x 4개입(에스프레소 2병+헤이즐넛 2병), 1세트","8804645007408","발주가능","정상","0","0","0","15305","0","0","0","","YES","0.899"
"20261005","Food","Drinks","과일음료","맥널티커피","SFJEJ2","24752132","청포도 에이드 190mL 10팩","8804645005893","발주가능","정상","0","0","1","3486","0","0","0","","NO","0.798"
"20261005","Food","Drinks","과일음료","맥널티커피","FC","24752132","청포도 에이드 190mL 10팩","8804645005893","발주가능","정상","0","5","400","3486","0","0","0","","NO","0.798"
"20261005","Food","Drinks","과일음료","맥널티커피","RC","24752250","블루레몬 에이드 190mL 10팩","8804645005909","발주가능","정상","0","0","237","3486","0","0","0","","NO","0.798"
"20261005","Food","Drinks","과일음료","맥널티커피","FC","24752250","블루레몬 에이드 190mL 10팩","8804645005909","발주가능","정상","0","9","275","3486","0","0","0","","NO","0.798"
"20261005","Food","Drinks","과일음료","맥널티커피","FC","45580036","맥널티 청매실 에이드 190ml*10개입","8804645007071","발주가능","정상","0","2","159","3486","0","0","0","","NO","0.798"
"20261005","Food","Drinks","농축액(음료베이스)","맥널티","FC","51983601","물 한방울 섞이지 않은 김토끼 유기농 레몬즙, 10개, 20g","8804645007361","발주가능","정상","0","0","42","4077","0","0","0","","NO","0.717"
"20261005","Food","Drinks","농축액(음료베이스)","맥널티","FC","58338694","티브루 보리차 원액 간편 액상스틱 진액, 30개, 10ml","8804645007590","발주가능","정상","0","67","648","5259","0","0","0","","NO","0.717"
"20261005","Food","Drinks","농축액(음료베이스)","맥널티","FC","58338695","티브루 옥수수수염차 원액 간편 액상스틱 진액, 30개, 10ml","8804645007606","발주가능","정상","0","28","388","5259","0","0","0","","NO","0.717"
"20261005","Food","Drinks","농축액(음료베이스)","맥널티","FC","58338696","티브루 헛개수 원액 간편 액상스틱 진액, 30개, 10ml","8804645007613","발주가능","정상","0","57","45","5259","0","0","0","","NO","0.717"
"20261005","Food","Drinks","농축액(음료베이스)","맥널티커피","FC","62882483","티브루 보리차 진액, 1개, 400g","8804645007651","발주가능","정상","0","3","47","7623","0","0","0","","NO","0.717"
"20261005","Food","Drinks","농축액(음료베이스)","맥널티커피","FC","71636537","맥널티 티브루 호박팥차 무라벨, 20개, 500ml","8804645007934","발주가능","정상","0","27","784","8795","0","0","0","","NO","0.717"
"20261005","Food","Drinks","야채음료","맥널티커피","FC","48914233","맥널티 유자 에이드 190ml 10개","8804645007217","발주가능","정상","0","2","151","3486","0","0","0","","NO","0.624"
"20261005","Food","Drinks","차음료","맥널티커피","FC","24752251","복숭아 아이스티 190mL 10팩","8804645005886","발주가능","정상","0","17","604","3486","0","0","0","","NO","0.689"
"20261005","Food","Drinks","차음료","맥널티커피","SFDCH1","24752251","복숭아 아이스티 190mL 10팩","8804645005886","발주가능","정상","0","0","2","3486","0","0","0","","NO","0.689"
"20261005","Food","Drinks","차음료","맥널티커피","SFSSU1","24752251","복숭아 아이스티 190mL 10팩","8804645005886","발주가능","정상","0","0","2","3486","0","0","0","","NO","0.689"
"20261005","Food","Drinks","차음료","맥널티커피","FC","24944267","맥널티 허니자몽 블랙티 대용량 파우치 1Lx6입","18804645005951","발주가능","정상","0","1","36","10252","0","0","0","","NO","0.689"
"20261005","Food","Drinks","차음료","맥널티커피","FC","24944268","맥널티 복숭아 아이스티 대용량 파우치 1Lx6입","18804645005944","발주가능","정상","0","3","114","10252","0","0","0","","NO","0.689"
"20261005","Food","Drinks","차음료","맥널티커피","FC","26889711","맥널티 제로칼로리 복숭아 아이스티 500ml 24입","18804645006101","발주가능","정상","0","9","193","12205","0","0","0","","NO","0.689"
"20261005","Food","Drinks","차음료","맥널티커피","FC","36669698","제로 아이스티 복숭아, 30개입, 13g","8804645006791","발주가능","정상","0","11","48","5850","0","0","0","","NO","0.689"
"20261005","Food","Drinks","차음료","맥널티커피","FC","36829225","맥널티 제로칼로리 청포도 아이스티 500mlx24입,","18804645006538","발주가능","정상","0","7","49","12205","0","0","0","","NO","0.689"
"20261005","Food","Drinks","차음료","맥널티커피","FC","36829226","제로 아이스티 청포도, 30개입, 13g 1개","8804645006807","발주가능","정상","0","4","48","5850","0","0","0","","NO","0.689"
"20261005","Food","Drinks","차음료","맥널티커피","FC","38262417","복숭아 아이스티 제로, 6개, 1L","18804645006873","발주가능","정상","0","1","24","10577","0","0","0","","NO","0.689"
"20261005","Food","Drinks","차음료","맥널티커피","FC","40520042","맥널티커피 복숭아 아이스티 제로 RTD, 30개, 240ml","18804645006835","발주가능","정상","0","1","221","8795","0","0","0","","NO","0.689"
"20261005","Food","Drinks","차음료","맥널티커피","광주3","61673272","맥널티커피 복숭아 아이스티 제로, 1.5L, 1개","8804645006739","발주가능","정상","0","0","12","1364","0","0","0","","NO","0.689"
"20261005","Food","Drinks","차음료","맥널티커피","RC","61673272","맥널티커피 복숭아 아이스티 제로, 1.5L, 1개","8804645006739","발주가능","정상","0","0","1248","1364","0","0","0","","NO","0.689"
"20261005","Food","Drinks","차음료","맥널티커피","FC","61673272","맥널티커피 복숭아 아이스티 제로, 1.5L, 1개","8804645006739","발주가능","정상","0","133","1011","1364","0","0","0","","NO","0.689"
"20261005","Food","Drinks","차음료","맥널티커피","SFSPA3","61673272","맥널티커피 복숭아 아이스티 제로, 1.5L, 1개","8804645006739","발주가능","정상","0","0","4","1364","0","0","0","","NO","0.689"
"20261005","Food","Drinks","차음료","맥널티커피","CHW2","61673272","맥널티커피 복숭아 아이스티 제로, 1.5L, 1개","8804645006739","발주가능","정상","0","0","19","1364","0","0","0","","NO","0.689"
"20261005","Food","Drinks","차음료","맥널티커피","RC","73944650","맥널티 복숭아 아이스티 대용량 파우치, 1개, 2.1L","8804645007965","발주가능","정상","0","0","396","2413","0","0","0","","NO","0.689"
"20261005","Food","Drinks","차음료","맥널티커피","SFJEJ2","73944650","맥널티 복숭아 아이스티 대용량 파우치, 1개, 2.1L","8804645007965","발주가능","정상","0","2","0","2413","0","0","0","","NO","0.689"
"20261005","Food","Drinks","차음료","맥널티커피","FC","73944650","맥널티 복숭아 아이스티 대용량 파우치, 1개, 2.1L","8804645007965","발주가능","정상","0","115","607","2413","0","0","0","","NO","0.689"
"20261005","Food","Drinks","차음료","맥널티커피","SFSPA3","73944650","맥널티 복숭아 아이스티 대용량 파우치, 1개, 2.1L","8804645007965","발주가능","정상","0","0","0","2413","0","0","0","","NO","0.689"
"20261005","Food","Drinks","차음료","맥널티커피","FC","75850021","맥널티 허니자몽 블랙티, 1L, 1개","8804645005954","발주가능","정상","0","7","80","1714","0","0","0","","NO","0.689"
"20261005","Food","Drinks","커피음료","맥널티커피","SFJEJ2","24695530","아이스 헤이즐넛향 커피 190mL 10팩","8804645005879","발주가능","정상","0","0","1","3486","0","0","0","","NO","0.699"
"20261005","Food","Drinks","커피음료","맥널티커피","FC","24695530","아이스 헤이즐넛향 커피 190mL 10팩","8804645005879","발주가능","정상","0","32","334","3486","0","0","0","","NO","0.699"
"20261005","Food","Drinks","커피음료","맥널티커피","SFJEJ2","24695531","아이스 아메리카노 스위트 190mL 10팩","8804645005862","발주가능","정상","0","0","0","3486","0","0","0","","NO","0.699"
"20261005","Food","Drinks","커피음료","맥널티커피","RC","24695531","아이스 아메리카노 스위트 190mL 10팩","8804645005862","발주가능","정상","0","0","546","3486","0","0","0","","NO","0.699"
"20261005","Food","Drinks","커피음료","맥널티커피","FC","24695531","아이스 아메리카노 스위트 190mL 10팩","8804645005862","발주가능","정상","0","75","265","3486","0","0","0","","NO","0.699"
"20261005","Food","Drinks","커피음료","맥널티커피","SFSPA3","24695531","아이스 아메리카노 스위트 190mL 10팩","8804645005862","발주가능","정상","0","0","4","3486","0","0","0","","NO","0.699"
"20261005","Food","Drinks","커피음료","맥널티커피","RC","24695532","아이스 아메리카노 블랙 190mL 10팩","8804645005855","발주가능","정상","0","0","273","3486","0","0","0","","NO","0.699"
"20261005","Food","Drinks","커피음료","맥널티커피","SFODD2","24695532","아이스 아메리카노 블랙 190mL 10팩","8804645005855","발주가능","정상","0","0","1","3486","0","0","0","","NO","0.699"
"20261005","Food","Drinks","커피음료","맥널티커피","FC","24695532","아이스 아메리카노 블랙 190mL 10팩","8804645005855","발주가능","정상","0","30","166","3486","0","0","0","","NO","0.699"
"20261005","Food","Drinks","커피음료","맥널티커피","FC","25484251","맥널티커피 아메리카노 스위트 1Lx6입","18804645005920","발주가능","정상","0","2","46","10252","0","0","0","","NO","0.699"
"20261005","Food","Drinks","커피음료","맥널티커피","FC","25484255","맥널티 아이스 아메리카노 블랙커피 대용량 파우치 1Lx6입","18804645005913","발주가능","정상","0","1","20","10252","0","0","0","","NO","0.699"
"20261005","Food","Drinks","커피음료","맥널티커피","FC","25484257","맥널티 아이스 헤이즐넛향 커피 대용량 파우치 1Lx6입","18804645005937","발주가능","정상","0","2","28","10252","0","0","0","","NO","0.699"
"20261005","Food","Drinks","커피음료","맥널티커피","FC","48466205","맥널티 대용량 제로슈가 스테비아 믹스커피 음료, 12개, 1L","18804645007290","발주가능","정상","0","24","86","17067","0","0","0","","NO","0.699"
"20261005","Food","Drinks","커피음료","맥널티커피","FC","54922706","맥널티 대용량 제로슈가 스테비아 믹스커피 음료, 1L, 6개","8804645007323","발주가능","정상","0","112","168","8805","0","0","0","","NO","0.699"
"20261005","Food","Drinks","커피음료","맥널티커피","RC","68778940","맥널티 아이브루 아메리카노 블랙커피 12개 1L","18804645007306","발주가능","정상","0","0","400","12205","0","0","0","","NO","0.699"
"20261005","Food","Drinks","커피음료","맥널티커피","FC","68778940","맥널티 아이브루 아메리카노 블랙커피 12개 1L","18804645007306","발주가능","정상","0","206","1527","12205","0","0","0","","NO","0.699"
"20261005","Food","Drinks","커피음료","맥널티커피","FC","68778941","맥널티 아이브루 헤이즐넛향 블랙커피 12개 1L","18804645007504","발주가능","정상","0","34","254","12205","0","0","0","","NO","0.699"
"20261005","Food","Drinks","커피음료","맥널티커피","FC","68778942","아이브루 아메리카노 블랙커피 무라벨 400ML 20개","8804645007491","발주가능","정상","0","175","1442","12205","0","0","0","","NO","0.699"
"20261005","Food","Drinks","커피음료","맥널티커피","FC","73951791","맥널티 아이스 아메리카노 블랙 커피 대용량 파우치, 1개, 2.1L","8804645007958","발주가능","정상","0","439","1369","2413","0","0","0","","NO","0.699"
"20261005","Food","Drinks","커피음료","맥널티커피","SFSPA3","73951791","맥널티 아이스 아메리카노 블랙 커피 대용량 파우치, 1개, 2.1L","8804645007958","발주가능","정상","0","10","44","2413","0","0","0","","NO","0.699"
"20261005","Food","Drinks","커피음료","맥널티커피","SFJEJ2","73951791","맥널티 아이스 아메리카노 블랙 커피 대용량 파우치, 1개, 2.1L","8804645007958","발주가능","정상","0","20","1","2413","0","0","0","","NO","0.699"
"20261005","Food","Drinks","커피음료","맥널티커피","RC","73951791","맥널티 아이스 아메리카노 블랙 커피 대용량 파우치, 1개, 2.1L","8804645007958","발주가능","정상","0","0","6332","2413","0","0","0","","NO","0.699"
"20261005","Food","Drinks","커피음료","맥널티커피","SFSSU1","73951791","맥널티 아이스 아메리카노 블랙 커피 대용량 파우치, 1개, 2.1L","8804645007958","발주가능","정상","0","0","2","2413","0","0","0","","NO","0.699"
"20261005","Food","Drinks","커피음료","맥널티커피","SFDCH1","73951791","맥널티 아이스 아메리카노 블랙 커피 대용량 파우치, 1개, 2.1L","8804645007958","발주가능","정상","0","0","3","2413","0","0","0","","NO","0.699"
"20261005","Food","Drinks","커피음료","맥널티커피","SFJEJ2","75683093","맥널티 아이스 아메리카노 블랙 1리터, 1L, 1개","8804645005916","발주가능","정상","0","0","1","1714","0","0","0","","NO","0.699"
"20261005","Food","Drinks","커피음료","맥널티커피","SFSPA3","75683093","맥널티 아이스 아메리카노 블랙 1리터, 1L, 1개","8804645005916","발주가능","정상","0","0","1","1714","0","0","0","","NO","0.699"
"20261005","Food","Drinks","커피음료","맥널티커피","FC","75683093","맥널티 아이스 아메리카노 블랙 1리터, 1L, 1개","8804645005916","발주가능","정상","0","17","744","1714","0","0","0","","NO","0.699"
"20261005","Food","Drinks","커피음료","맥널티커피","FC","75694561","맥널티커피 아이스 아메리카노 헤이즐넛, 1개, 1L","8804645005930","발주가능","정상","0","23","1264","1714","0","0","0","","NO","0.699"
"20261005","Food","Drinks","커피음료","맥널티커피","FC","75765043","맥널티 아이스아메리카노 스위트, 1개, 1L","8804645005923","발주가능","정상","0","68","804","1714","0","0","0","","NO","0.699"
"20261005","Food","Drinks","커피음료","맥널티커피","FC","76540319","맥널티 호랭이 마일드 라떼 캔커피, 30개, 175ml","18804645008013","발주가능","정상","0","92","335","8523","0","0","0","","NO","0.699"
"20261005","Food","Drinks","커피음료","맥널티커피","SFSPA3","77572705","맥널티 아이스 아메리카노 헤이즐넛, 1개, 2.1L","8804645008030","발주가능","정상","0","5","20","2413","0","0","0","","NO","0.699"
"20261005","Food","Drinks","커피음료","맥널티커피","FC","77572705","맥널티 아이스 아메리카노 헤이즐넛, 1개, 2.1L","8804645008030","발주가능","정상","0","206","1119","2413","0","0","0","","NO","0.699"
"20261005","Food","Drinks","커피음료","맥널티커피","RC","77572705","맥널티 아이스 아메리카노 헤이즐넛, 1개, 2.1L","8804645008030","발주가능","정상","0","0","0","2413","0","0","0","","NO","0.699"
"20261005","Food","Drinks","커피음료","맥널티커피","SFJEJ2","77572705","맥널티 아이스 아메리카노 헤이즐넛, 1개, 2.1L","8804645008030","발주가능","정상","0","6","7","2413","0","0","0","","NO","0.699"
"20261005","Food","Drinks","커피음료","아이브루","FC","70253954","아이브루 디카페인 아메리카노 블랙커피 무라벨, 20개, 400ml","8804645007903","발주가능","정상","0","41","497","13500","0","0","0","","NO","0.699"
"20261005","Kitchen","Tools & Gadgets","드립주전자/포트","맥널티커피","FC","15333511","맥널티 드립 주전자 350ml","8804645004490","발주가능","정상","0","0","233","5044","0","0","0","","NO","0.790"
"20261005","Kitchen","Tools & Gadgets","커피필터/여과지","맥널티","FC","12491225","맥널티 핸드드립 커피필터 30개입","8804645300950","발주가능","정상","0","72","1020","2642","0","0","0","","NO","0.510"
"20261005","Kitchen","Tools & Gadgets","커피필터/여과지","맥널티","SFJEJ2","12491225","맥널티 핸드드립 커피필터 30개입","8804645300950","발주가능","정상","0","1","1","2642","0","0","0","","NO","0.510"
"20261005","Kitchen","Tools & Gadgets","커피필터/여과지","맥널티커피","FC","80552848","맥널티 천연펄프 무표백 핸드드립 커피필터 여과지(5~7인용), 1개, 100개입","8804645000027","발주가능","정상","7","0","7","2864","0","0","0","","YES","0.510"
"20261005","Kitchen","Tools & Gadgets","커피필터/여과지","맥널티커피","FC","80552849","맥널티 천연펄프 무표백 핸드드립 커피필터 여과지(2~4인용), 1개, 100개입","8804645000010","발주가능","정상","0","27","51","2418","0","0","0","","NO","0.510"
"20261004","CE","Kitchen Appliance","커피머신","맥널티커피","FC","31602405","맥널티 2in1 핫앤콜드 진공추출 커피메이커 MCM-065B MCM-065B","8804645006296","발주가능","정상","0","2","9","30859","0","0","0","","NO","0.801"
"20261004","Food","Coffee & Tea","기타전통차","맥널티커피","FC","39149736","맥널티 스테비아 침향 쌍화차, 1개, 30개입, 450g","8804645006913","발주가능","정상","0","0","215","8536","0","0","0","","NO","0.724"
"20261004","Food","Coffee & Tea","기타전통차","맥널티커피","FC","41175263","맥널티커피 스테비아 꿀 유자차, 1개, 30개입, 450g","8804645006951","발주가능","정상","0","7","423","7388","0","0","0","","NO","0.724"
"20261004","Food","Coffee & Tea","둥글레/옥수수/보리/결명자차","맥널티커피","FC","76230458","맥널티 진 보리차 1개 1kg","8804645007996","발주가능","정상","0","4","10","15209","0","0","0","","NO","0.617"
"20261004","Food","Coffee & Tea","드립백/티백","맥널티","FC","3067432","산지별 콜롬비아 슈프리모 핸드드립커피 7개입","8804645000324","발주가능","정상","0","3","147","3043","0","0","0","","NO","0.742"
"20261004","Food","Coffee & Tea","드립백/티백","맥널티","FC","10003518","케냐 AA 핸드드립 블렌드 24개입","8804645000720","발주가능","정상","0","15","335","8534","0","0","0","","NO","0.742"
"20261004","Food","Coffee & Tea","드립백/티백","맥널티커피","FC","3067429","산지별 브라질 세라도 NY2 핸드드립커피 7개입","8804645000300","발주가능","정상","0","1","56","2887","0","0","0","","NO","0.742"
"20261004","Food","Coffee & Tea","드립백/티백","맥널티커피","FC","3067430","산지별 케냐 AA 핸드드립커피 7개입","8804645000355","발주가능","정상","0","5","131","3062","0","0","0","","NO","0.742"
"20261004","Food","Coffee & Tea","드립백/티백","맥널티커피","FC","3067433","산지별 에티오피아 코케 허니 핸드드립커피 7개입","8804645000348","발주가능","정상","0","12","65","2910","0","0","0","","NO","0.742"
"20261004","Food","Coffee & Tea","드립백/티백","맥널티커피","FC","3067434","산지별 에티오피아 예가체프 핸드드립커피 7개입","8804645000331","발주가능","정상","0","1","38","3184","0","0","0","","NO","0.742"
"20261004","Food","Coffee & Tea","드립백/티백","맥널티커피","FC","10003517","콜롬비아 핸드드립 블렌드 24개입","8804645000713","발주가능","정상","0","19","100","8534","0","0","0","","NO","0.742"
"20261004","Food","Coffee & Tea","드립백/티백","맥널티커피","FC","23400108","맥널티 디카페인100% 핸드드립 원두커피 24개입","8804645005732","발주가능","정상","0","16","52","9395","0","0","0","","NO","0.742"
"20261004","Food","Coffee & Tea","드립백/티백","맥널티커피","FC","37713094","맥널티 핸드드립커피 케냐AA(더블에이) 36개입, 8g, 1개","8804645006616","발주가능","정상","0","5","44","11759","0","0","0","","NO","0.742"
"20261004","Food","Coffee & Tea","드립백/티백","맥널티커피","FC","37713095","맥널티 핸드드립커피 에티오피아 예가체프 36개입, 8g, 1개","8804645006623","발주가능","정상","0","2","40","10577","0","0","0","","NO","0.742"
"20261004","Food","Coffee & Tea","드립백/티백","맥널티커피","FC","41391235","맥널티 행복을주는커피 시그니처 블렌드 핸드드립 커피 20개입, 1개, 8g","8804645003653","발주가능","정상","0","15","23","6795","0","0","0","","NO","0.742"
"20261004","Food","Coffee & Tea","드립백/티백","맥널티커피","FC","62821923","맥널티 핸드드립 커피 에티오피아 예가체프 8g 24개입 1개","8804645006920","발주가능","정상","0","4","59","9679","0","0","0","","NO","0.742"
"20261004","Food","Coffee & Tea","드립백/티백","맥널티커피","FC","68147033","베니스브루 스페셜티 핸드드립 가향 커피 오렌지 벨벳, 1개, 7개입, 12g","8804645007712","발주가능","정상","0","2","12","5143","0","0","0","","NO","0.742"
"20261004","Food","Coffee & Tea","드립백/티백","맥널티커피","FC","68147034","베니스브루 스페셜티 핸드드립 가향 커피 쇼콜라 모카, 1개, 7개입, 12g","8804645007729","발주가능","정상","0","4","5","5143","0","0","0","","NO","0.742"
"20261004","Food","Coffee & Tea","드립백/티백","맥널티커피","FC","68777449","베니스브루 베리 블로썸 드립백 커피 12g 1개 7개입","8804645007705","발주가능","정상","0","0","23","5143","0","0","0","","NO","0.742"
"20261004","Food","Coffee & Tea","라떼분말","맥널티커피","FC","34834818","맥널티 스테비아 제로슈가 핫초코 라떼 30개입 15g","8804645006340","발주가능","정상","0","16","1619","7500","0","0","0","","NO","0.608"
"20261004","Food","Coffee & Tea","라떼분말","맥널티커피","FC","51063548","스테비아 단백질 옥수수 크림 라떼, 1개, 20개입, 18g","8804645007330","발주가능","정상","0","0","57","5850","0","0","0","","NO","0.608"
"20261004","Food","Coffee & Tea","라떼분말","맥널티커피","FC","51164938","스테비아 단백질 고구마 크림 라떼, 1개, 20개입, 18g","8804645007347","발주가능","정상","0","1","92","5850","0","0","0","","NO","0.608"
"20261004","Food","Coffee & Tea","원두","N_A","FC","76443755","맥널티 브라질 세라도 NY.2 원두 1kg, 1개","8804645006425","발주가능","정상","0","5","196","17609","0","0","0","","NO","0.907"
"20261004","Food","Coffee & Tea","원두","맥널티커피","용인5","45570","맥널티_헤이즐넛원두분쇄커피_226G","8804645100208","발주가능","정상","0","0","8","5000","0","0","0","","NO","0.907"
"20261004","Food","Coffee & Tea","원두","맥널티커피","SFJEJ2","45570","맥널티_헤이즐넛원두분쇄커피_226G","8804645100208","발주가능","정상","0","0","3","5000","0","0","0","","NO","0.907"
"20261004","Food","Coffee & Tea","원두","맥널티커피","RC","45570","맥널티_헤이즐넛원두분쇄커피_226G","8804645100208","발주가능","정상","0","0","2176","5000","0","0","0","","NO","0.907"
"20261004","Food","Coffee & Tea","원두","맥널티커피","FC","45570","맥널티_헤이즐넛원두분쇄커피_226G","8804645100208","발주가능","정상","0","96","1238","5000","0","0","0","","NO","0.907"
"20261004","Food","Coffee & Tea","원두","맥널티커피","SFSPA3","45570","맥널티_헤이즐넛원두분쇄커피_226G","8804645100208","발주가능","정상","0","3","1","5000","0","0","0","","NO","0.907"
"20261004","Food","Coffee & Tea","원두","맥널티커피","FC","45572","맥널티_헤이즐넛원두분쇄커피_500G","8804645100468","발주가능","정상","0","66","504","7960","0","0","0","","NO","0.907"
"20261004","Food","Coffee & Tea","원두","맥널티커피","SFSPA3","45572","맥널티_헤이즐넛원두분쇄커피_500G","8804645100468","발주가능","정상","0","2","5","7960","0","0","0","","NO","0.907"
"20261004","Food","Coffee & Tea","원두","맥널티커피","RC","45572","맥널티_헤이즐넛원두분쇄커피_500G","8804645100468","발주가능","정상","0","0","640","7960","0","0","0","","NO","0.907"
"20261004","Food","Coffee & Tea","원두","맥널티커피","FC","45573","맥널티_블루마운틴스타일원두분쇄커피_500G","8804645100451","발주가능","정상","0","21","1652","11091","0","0","0","","NO","0.907"
"20261004","Food","Coffee & Tea","원두","맥널티커피","FC","5344648","맥널티 원두 에스프레소 블랙 1개, 1kg","8804645001239","발주불가","단종","0","0","1","9156","0","0","0","","YES","0.907"
"20261004","Food","Coffee & Tea","원두","맥널티커피","FC","10147177","맥널티 홀빈 블루마운틴 1000g","8804645006302","발주가능","정상","0","3","64","15715","0","0","0","","NO","0.907"
"20261004","Food","Coffee & Tea","원두","맥널티커피","FC","10147180","맥널티 행복을 주는 커피 헤이즐넛향 1kg 홀빈","8804645100185","발주가능","정상","0","8","61","15244","0","0","0","","NO","0.907"
"20261004","Food","Coffee & Tea","원두","맥널티커피","FC","10812901","맥널티 베트남 로부스타 원두커피 1kg","8804645003066","발주가능","정상","0","37","382","11700","0","0","0","","NO","0.907"
"20261004","Food","Coffee & Tea","원두","맥널티커피","RC","10812901","맥널티 베트남 로부스타 원두커피 1kg","8804645003066","발주가능","정상","0","0","400","11700","0","0","0","","NO","0.907"
"20261004","Food","Coffee & Tea","원두","맥널티커피","FC","11849981","행복을 주는 커피 블루마운틴 블렌드 분쇄 원두 커피 1kg","8804645003486","발주가능","정상","0","4","70","16364","0","0","0","","NO","0.907"
"20261004","Food","Coffee & Tea","원두","맥널티커피","RC","12521866","맥널티 행복을 주는 커피 시그니처 헤이즐넛향 원두 커피 1Kg","8804645003493","발주가능","정상","0","0","216","16364","0","0","0","","NO","0.907"
"20261004","Food","Coffee & Tea","원두","맥널티커피","FC","12521866","맥널티 행복을 주는 커피 시그니처 헤이즐넛향 원두 커피 1Kg","8804645003493","발주가능","정상","0","27","233","16364","0","0","0","","NO","0.907"
"20261004","Food","Coffee & Tea","원두","맥널티커피","FC","13277718","맥널티 행복을 주는 커피 브라질 산토스 1kg","8804645003936","발주가능","정상","0","4","50","14091","0","0","0","","NO","0.907"
"20261004","Food","Coffee & Tea","원두","맥널티커피","FC","13277719","맥널티 행복을 주는 커피 콜롬비아 블렌드 1kg","8804645003929","발주가능","정상","0","20","183","15599","0","0","0","","NO","0.907"
"20261004","Food","Coffee & Tea","원두","맥널티커피","FC","37733154","맥널티 원두 홀빈(분쇄안함) 마일드 미디움 블렌드 200g, 1개","8804645005374","발주가능","정상","0","0","16","5791","0","0","0","","NO","0.907"
"20261004","Food","Coffee & Tea","원두","맥널티커피","FC","38710869","맥널티 홀빈 커피원두, 마일드 미디움 블렌드 1kg, 1개","8804645005329","발주가능","정상","0","1","13","16364","0","0","0","","NO","0.907"
"20261004","Food","Coffee & Tea","원두","맥널티커피","FC","38710870","맥널티 홀빈 커피원두, 콜롬비아 안데스 오리진 1kg, 1개","8804645005343","발주가능","정상","0","5","21","16364","0","0","0","","NO","0.907"
"20261004","Food","Coffee & Tea","원두","맥널티커피","FC","38710872","맥널티 홀빈 커피원두, 시그니처 블렌드 1kg, 1개","8804645005312","발주가능","정상","0","1","36","16364","0","0","0","","NO","0.907"
"20261004","Food","Coffee & Tea","원두","맥널티커피","FC","38813491","맥널티 홀빈 원두 1KG, 브라질 산토스 내추럴, 1개","8804645005350","발주가능","정상","0","2","199","11364","0","0","0","","NO","0.907"
"20261004","Food","Coffee & Tea","원두","맥널티커피","FC","38919334","맥널티 에티오피아 예가체프 홀빈 원두, 1kg, 1개","8804645006852","발주가능","정상","0","4","127","16364","0","0","0","","NO","0.907"
"20261004","Food","Coffee & Tea","원두","맥널티커피","FC","39616644","맥널티 예맨 모카 블렌드 커피 원두, 홀빈(분쇄안함), 500g, 1개","8804645006692","발주가능","정상","0","0","10","11400","0","0","0","","NO","0.907"
"20261004","Food","Coffee & Tea","원두","맥널티커피","FC","39616645","맥널티 시그니처 디카페인 커피 원두, 홀빈(분쇄안함), 500g, 1개","8804645006937","발주가능","정상","0","4","170","12545","0","0","0","","NO","0.907"
"20261004","Food","Coffee & Tea","원두","맥널티커피","FC","39616646","맥널티 게이샤 블렌드 커피 원두, 홀빈(분쇄안함), 500g, 1개","8804645006708","발주가능","정상","0","3","20","11400","0","0","0","","NO","0.907"
"20261004","Food","Coffee & Tea","원두","맥널티커피","FC","39616647","맥널티 하와이안 코나 블렌드 커피 원두, 홀빈(분쇄안함), 500g, 1개","8804645006685","발주가능","정상","0","2","45","11400","0","0","0","","NO","0.907"
"20261004","Food","Coffee & Tea","원두","맥널티커피","FC","48074657","맥널티 브라질 세라도 분쇄 원두 커피, 1개, 500g","8804645007262","발주가능","정상","0","5","67","9395","0","0","0","","NO","0.907"
"20261004","Food","Coffee & Tea","원두","맥널티커피","FC","48074658","맥널티 콜롬비아 안데스 분쇄 원두 커피, 1개, 500g","8804645007255","발주가능","정상","0","2","98","9986","0","0","0","","NO","0.907"
"20261004","Food","Coffee & Tea","원두","맥널티커피","FC","48074659","맥널티 에티오피아 예가체프 분쇄 원두 커피, 1개, 500g","8804645007231","발주가능","정상","0","7","84","9986","0","0","0","","NO","0.907"
"20261004","Food","Coffee & Tea","원두","맥널티커피","FC","58681130","콜롬비아 안데스 오리진 분쇄 커피 원두 1개 226g 핸드드립","8804645007552","발주가능","정상","0","6","1","7159","0","0","0","","YES","0.907"
"20261004","Food","Coffee & Tea","원두","맥널티커피","FC","58681131","브라질 산토스 오리진 분쇄 커피 원두, 226g, 1개, 핸드드립","8804645007545","발주가능","정상","0","5","12","7159","0","0","0","","NO","0.907"
"20261004","Food","Coffee & Tea","원두","맥널티커피","FC","58765769","게이샤 블렌드 분쇄 커피 원두, 1개, 226g, 핸드드립","8804645007514","발주가능","정상","0","6","27","7732","0","0","0","","NO","0.907"
"20261004","Food","Coffee & Tea","원두","맥널티커피","FC","58765770","디카페인 헤이즐넛향 분쇄 커피 원두, 1개, 226g, 핸드드립","8804645007538","발주가능","정상","0","8","102","8018","0","0","0","","NO","0.907"
"20261004","Food","Coffee & Tea","원두","맥널티커피","FC","58850533","하와이안 코나 블렌드 분쇄 커피 원두, 1개, 226g, 핸드드립","8804645007521","발주가능","정상","0","5","24","7732","0","0","0","","NO","0.907"
"20261004","Food","Coffee & Tea","원두","맥널티커피","FC","71777603","투비 다크 블랙 블렌드 홀빈 원두 커피, 1kg, 홀빈(분쇄안함), 1개","8804645007989","발주가능","정상","0","10","159","13115","0","0","0","","NO","0.907"
"20261004","Food","Coffee & Tea","원두","맥널티커피","FC","76697770","투비커피 너티초코 아메리카노 블렌드 홀빈 원두 커피, 1kg, 홀빈(분쇄안함), 1개","8804645008047","발주가능","정상","0","0","34","17125","0","0","0","","NO","0.907"
"20261004","Food","Coffee & Tea","원두","맥널티커피","FC","80661387","베트남 로부스타 G1 싱글오리진 커피 원두, 1개, 1kg","8804645006869","발주가능","정상","0","0","50","10741","0","0","0","","NO","0.907"
"20261004","Food","Coffee & Tea","원두","맥널티커피","FC","80686777","맥널티 투비 데일리 블렌드 홀빈 원두 커피 고소한 너티 로스팅, 1개, 1kg","8804645008023","발주가능","정상","0","1","43","15377","0","0","0","","NO","0.907"
"20261004","Food","Coffee & Tea","원두","맥널티커피","FC","80855134","맥널티 콜롬비아 수프리모 후일라 커피 원두, 1kg, 1개","8804645006432","발주가능","정상","0","0","24","25423","0","0","0","","NO","0.907"
"20261004","Food","Coffee & Tea","원두","맥널티커피","FC","80855137","맥널티 에티오피아 예가체프 G2 원두 1kg, 1개, 홀빈(분쇄안함)","8804645006449","발주가능","정상","0","3","14","22332","0","0","0","","NO","0.907"
"20261004","Food","Coffee & Tea","원두커피믹스","맥널티","FC","10003529","아이브루 클래식 100T","8804645002465","발주불가","규격 외","0","0","1","6068","0","0","0","","NO","0.603"
"20261004","Food","Coffee & Tea","원두커피믹스","맥널티","FC","11019882","맥널티 아이브루 다크 블렌드 200T","8804645003219","발주가능","정상","0","6","161","13096","0","0","0","","NO","0.603"
"20261004","Food","Coffee & Tea","원두커피믹스","맥널티커피","FC","11019883","맥널티 아이브루 모카 블랙 200T","8804645003226","발주가능","정상","0","2","184","11687","0","0","0","","NO","0.603"
"20261004","Food","Coffee & Tea","원두커피믹스","맥널티커피","FC","13777565","맥널티 아이브루 모카블랙 70T","8804645003912","발주가능","정상","0","0","35","6519","0","0","0","","NO","0.603"
"20261004","Food","Coffee & Tea","원두커피믹스","맥널티커피","SFJEJ2","15720531","콜롬비아 블랙 100개입","8804645002861","발주가능","정상","0","1","5","6345","0","0","0","","NO","0.603"
"20261004","Food","Coffee & Tea","원두커피믹스","맥널티커피","FC","15720531","콜롬비아 블랙 100개입","8804645002861","발주가능","정상","0","58","898","6345","0","0","0","","NO","0.603"
"20261004","Food","Coffee & Tea","원두커피믹스","맥널티커피","FC","26477367","맥널티 리얼 에스프레소샷 블랙 액상스틱커피 15mlx30개입","8804645006029","발주가능","정상","0","29","239","7388","0","0","0","","NO","0.603"
"20261004","Food","Coffee & Tea","원두커피믹스","맥널티커피","FC","62672352","맥널티 아이브루 플러스 스위트 블랙 원두커피믹스 80개입 2.8g","8804645007620","발주가능","정상","0","4","21","7961","0","0","0","","NO","0.603"
"20261004","Food","Coffee & Tea","원두커피믹스","맥널티커피","FC","67975031","호랭이 커피 오곡향 블랙, 1개, 20개입, 1g","8804645007781","발주가능","정상","0","22","89","2806","0","0","0","","NO","0.603"
"20261004","Food","Coffee & Tea","원두커피믹스","맥널티커피","FC","71629331","맥널티 갓성비 아메리카노 블랙커피, 1개, 100개입, 2g","8804645007873","발주가능","정상","0","76","948","8534","0","0","0","","NO","0.603"
"20261004","Food","Coffee & Tea","원두커피믹스","아이브루","FC","36903434","맥널티 아이브루 플러스 헤이즐넛 블랙커피 100개입","8804645006395","발주가능","정상","0","152","565","7623","0","0","0","","YES","0.603"
"20261004","Food","Coffee & Tea","원두커피믹스","아이브루","FC","36903435","맥널티 아이브루 플러스 오리지널 블랙커피 100개입","8804645006388","발주불가","규격 외","0","0","0","7623","0","0","0","","NO","0.603"
"20261004","Food","Coffee & Tea","원두커피믹스","아이브루","FC","46534985","아이브루 플러스 디카페인 아메리카노 블랙커피, 1개, 80개입, 80g","8804645007118","발주가능","정상","0","30","1","7964","0","0","0","","YES","0.603"
"20261004","Food","Coffee & Tea","원두커피믹스","아이브루","FC","56760693","아이브루 플러스 디카페인 블랙커피 헤이즐넛향 (1g x 80개입), 1개","8804645007453","발주가능","정상","0","92","415","7961","0","0","0","","NO","0.603"
"20261004","Food","Coffee & Tea","원두커피믹스","프라이빗클럽","FC","10837643","맥널티 병커피 헤이즐넛향 50gx10개","19311931309161","발주가능","정상","0","3","106","23000","0","0","0","","NO","0.603"
"20261004","Food","Coffee & Tea","원두커피믹스","프라이빗클럽","FC","12091997","Box_입소문난 아이리쉬 50G 10병","19311931311164","발주가능","정상","0","0","35","32309","0","0","0","","NO","0.603"
"20261004","Food","Coffee & Tea","원두커피믹스","프라이빗클럽","FC","52625820","맥널티 인스턴트 원두 병커피 에스프레소 블랙 50g 1개","9311931902167","발주가능","정상","0","25","2","3486","0","0","0","","YES","0.603"
"20261004","Food","Coffee & Tea","율무/견과차","맥널티","SFJEJ2","64842417","티브루 호박팥차 진액 10ml 30개입 1개","8804645007675","발주가능","정상","0","0","2","5259","0","0","0","","NO","0.712"
"20261004","Food","Coffee & Tea","율무/견과차","맥널티","FC","64842417","티브루 호박팥차 진액 10ml 30개입 1개","8804645007675","발주가능","정상","0","46","2457","5259","0","0","0","","NO","0.712"
"20261004","Food","Coffee & Tea","율무/견과차","맥널티","SFDCH1","64842417","티브루 호박팥차 진액 10ml 30개입 1개","8804645007675","발주가능","정상","0","0","2","5259","0","0","0","","NO","0.712"
"20261004","Food","Coffee & Tea","율무/견과차","맥널티","SFSSU1","64842417","티브루 호박팥차 진액 10ml 30개입 1개","8804645007675","발주가능","정상","0","0","2","5259","0","0","0","","NO","0.712"
"20261004","Food","Coffee & Tea","율무/견과차","맥널티커피","FC","39149735","맥널티 스테비아 제로슈가 호두 아몬드 율무차, 1개, 30개입, 450g","8804645006906","발주가능","정상","0","9","487","6815","0","0","0","","NO","0.712"
"20261004","Food","Coffee & Tea","차세트","맥널티커피","FC","78654824","맥널티 스테비아 전통차 선물세트, 1세트, 율무차(30개) + 쌍화차(30개)","8804645008092","발주가능","정상","0","0","268","19091","0","0","0","","NO","0.903"
"20261004","Food","Coffee & Tea","커피믹스","맥널티커피","용인5","45571","맥널티_ 자메이카 블루마운틴 블렌드_226G","8804645100215","발주가능","정상","0","0","8","5000","0","0","0","","NO","0.728"
"20261004","Food","Coffee & Tea","커피믹스","맥널티커피","FC","45571","맥널티_ 자메이카 블루마운틴 블렌드_226G","8804645100215","발주가능","정상","0","62","832","5000","0","0","0","","NO","0.728"
"20261004","Food","Coffee & Tea","커피믹스","맥널티커피","RC","25240400","맥널티 스테비아 커피믹스 100개입","8804645006067","발주가능","정상","0","0","1080","12941","0","0","0","","NO","0.728"
"20261004","Food","Coffee & Tea","커피믹스","맥널티커피","SFJEJ2","25240400","맥널티 스테비아 커피믹스 100개입","8804645006067","발주가능","정상","0","2","4","12941","0","0","0","","NO","0.728"
"20261004","Food","Coffee & Tea","커피믹스","맥널티커피","FC","25240400","맥널티 스테비아 커피믹스 100개입","8804645006067","발주가능","정상","0","80","628","12941","0","0","0","","NO","0.728"
"20261004","Food","Coffee & Tea","커피믹스","맥널티커피","SFSPA3","25240400","맥널티 스테비아 커피믹스 100개입","8804645006067","발주가능","정상","0","1","0","12941","0","0","0","","NO","0.728"
"20261004","Food","Coffee & Tea","커피믹스","맥널티커피","SFSSU1","25240402","맥널티 스테비아 커피믹스 30개입","8804645006074","발주가능","정상","0","0","2","4827","0","0","0","","NO","0.728"
"20261004","Food","Coffee & Tea","커피믹스","맥널티커피","FC","25240402","맥널티 스테비아 커피믹스 30개입","8804645006074","발주가능","정상","0","29","414","4827","0","0","0","","NO","0.728"
"20261004","Food","Coffee & Tea","커피믹스","맥널티커피","FC","29461862","맥널티 아메리카노 아이스 블랙 100개입","8804645006081","발주가능","정상","0","31","191","5850","0","0","0","","NO","0.728"
"20261004","Food","Coffee & Tea","커피믹스","맥널티커피","SFSSU1","38933766","맥널티커피 스테비아 디카페인 커피믹스, 1개, 100개입 9.5g","8804645006890","발주가능","정상","0","0","2","15979","0","0","0","","NO","0.728"
"20261004","Food","Coffee & Tea","커피믹스","맥널티커피","FC","38933766","맥널티커피 스테비아 디카페인 커피믹스, 1개, 100개입 9.5g","8804645006890","발주가능","정상","16","41","735","15979","0","0","0","","NO","0.728"
"20261004","Food","Coffee & Tea","커피믹스","맥널티커피","SFJEJ2","38933766","맥널티커피 스테비아 디카페인 커피믹스, 1개, 100개입 9.5g","8804645006890","발주가능","정상","0","1","0","15979","0","0","0","","NO","0.728"
"20261004","Food","Coffee & Tea","커피믹스","맥널티커피","FC","40806729","맥널티 스테비아 디카페인 커피믹스, 1개, 30개입, 285g","8804645006777","발주가능","정상","0","23","707","5670","0","0","0","","NO","0.728"
"20261004","Food","Coffee & Tea","커피믹스","맥널티커피","FC","46730880","산양유 단백질 프로틴 스테비아 커피믹스, 1개, 30개입, 300g","8804645007194","발주가능","정상","0","0","0","6243","0","0","0","","YES","0.728"
"20261004","Food","Coffee & Tea","커피믹스","맥널티커피","FC","47303765","산양유 단백질 프로틴 스테비아 커피믹스, 1개, 100개입, 1000g","8804645007187","발주가능","정상","0","12","92","19988","0","0","0","","NO","0.728"
"20261004","Food","Coffee & Tea","커피믹스","맥널티커피","FC","56214466","맥널티커피 아이브루 바닐라 라떼,12g x 100개입(스틱), 1200g , 1개","8804645007460","발주가능","정상","0","5","41","12543","0","0","0","","NO","0.728"
"20261004","Food","Coffee & Tea","커피믹스","맥널티커피","FC","56214467","맥널티커피 아이브루 카라멜 마끼아또, 12g x 100개입(스틱), 1200g , 1개","8804645007484","발주가능","정상","0","16","59","12543","0","0","0","","NO","0.728"
"20261004","Food","Coffee & Tea","커피믹스","맥널티커피","FC","63447822","스테비아 커피믹스 헤이즐넛향 9.5g 30개입 1개","8804645007637","발주가능","정상","0","21","218","4827","0","0","0","","NO","0.728"
"20261004","Food","Coffee & Tea","커피믹스","맥널티커피","FC","64859139","맥널티 스테비아 솔티드 카라멜 커피믹스 10g 1개 30개입","8804645007668","발주가능","정상","0","4","55","5670","0","0","0","","NO","0.728"
"20261004","Food","Coffee & Tea","커피믹스","맥널티커피","FC","69526598","맥널티 갓성비 제로슈가 커피믹스, 1개, 80개입, 9g","8804645007842","발주가능","정상","0","28","496","8805","0","0","0","","NO","0.728"
"20261004","Food","Coffee & Tea","커피믹스","맥널티커피","FC","69634259","맥널티커피 스테비아 커피믹스 헤이즐넛향, 9.5g, 100개입, 1개","8804645007811","발주가능","정상","0","7","0","14261","0","0","0","","YES","0.728"
"20261004","Food","Coffee & Tea","커피믹스","맥널티커피","FC","71115721","호랭이 커피믹스 고소한 오곡향, 1개, 160개입, 9.5g","8804645007880","발주가능","정상","0","5","53","14261","0","0","0","","NO","0.728"
"20261004","Food","Coffee & Tea","커피믹스","맥널티커피","FC","71115722","호랭이 커피믹스 고소한 오곡향, 1개, 20개입, 9.5g","8804645007897","발주가능","정상","0","6","42","2806","0","0","0","","NO","0.728"
"20261004","Food","Coffee & Tea","커피믹스","맥널티커피","FC","80881317","맥널티 갓성비 더블샷 라떼, 1개, 50개입, 14.9g","8804645008054","발주가능","정상","0","0","91","9986","0","0","0","","NO","0.728"
"20261004","Food","Coffee & Tea","커피믹스","아이브루","SFSPA3","2341900","맥널티 iBrew 미니 헤이즐넛향 200개입(200g)","8804645000515","발주가능","정상","0","0","5","9917","0","0","0","","NO","0.728"
"20261004","Food","Coffee & Tea","커피믹스","아이브루","FC","2341900","맥널티 iBrew 미니 헤이즐넛향 200개입(200g)","8804645000515","발주가능","정상","0","37","911","9917","0","0","0","","NO","0.728"
"20261004","Food","Coffee & Tea","커피믹스","아이브루","SFODD2","2341900","맥널티 iBrew 미니 헤이즐넛향 200개입(200g)","8804645000515","발주가능","정상","0","0","2","9917","0","0","0","","NO","0.728"
"20261004","Food","Coffee & Tea","커피믹스","아이브루","RC","2341900","맥널티 iBrew 미니 헤이즐넛향 200개입(200g)","8804645000515","발주가능","정상","0","0","360","9917","0","0","0","","NO","0.728"
"20261004","Food","Coffee & Tea","커피믹스","아이브루","FC","3067423","아이브루 헤이즐넛향 70개입","8804645000706","발주가능","정상","0","17","319","4025","0","0","0","","NO","0.728"
"20261004","Food","Coffee & Tea","커피믹스","아이브루","FC","3067424","아이브루 케냐AA 블렌드 70개입","8804645000690","발주가능","정상","0","0","46","6205","0","0","0","","NO","0.728"
"20261004","Food","Coffee & Tea","커피믹스","아이브루","FC","3067425","아이브루 예가체프 블렌드 70개입","8804645000683","발주가능","정상","0","2","9","6205","0","0","0","","NO","0.728"
"20261004","Food","Coffee & Tea","커피믹스","프라이빗클럽","FC","3067426","인스턴트 병커피 아이리쉬크림 50g","9311931901160","발주가능","정상","0","13","98","3322","0","0","0","","NO","0.728"
"20261004","Food","Coffee & Tea","커피믹스","프라이빗클럽","FC","3067428","인스턴트 병커피 헤이즐넛향 50g","9311931105162","발주가능","정상","0","190","1941","2300","0","0","0","","NO","0.728"
"20261004","Food","Coffee & Tea","커피세트","맥널티커피","FC","26870612","맥널티 핸드드립 버라이어티세트 30개입","8804645006258","발주가능","정상","0","1","1073","9395","0","0","0","","NO","0.898"
"20261004","Food","Coffee & Tea","커피세트","맥널티커피","FC","54651094","인스턴트 원두 병커피 맥널티커피 선물세트 50g x 4개입(에스프레소 2병+헤이즐넛 2병), 1세트","8804645007408","발주가능","정상","0","0","0","15305","0","0","0","","YES","0.898"
"20261004","Food","Drinks","과일음료","맥널티커피","FC","24752132","청포도 에이드 190mL 10팩","8804645005893","발주가능","정상","0","18","405","3486","0","0","0","","NO","0.797"
"20261004","Food","Drinks","과일음료","맥널티커피","SFJEJ2","24752132","청포도 에이드 190mL 10팩","8804645005893","발주가능","정상","0","1","1","3486","0","0","0","","NO","0.797"
"20261004","Food","Drinks","과일음료","맥널티커피","RC","24752250","블루레몬 에이드 190mL 10팩","8804645005909","발주가능","정상","0","0","237","3486","0","0","0","","NO","0.797"
"20261004","Food","Drinks","과일음료","맥널티커피","FC","24752250","블루레몬 에이드 190mL 10팩","8804645005909","발주가능","정상","0","0","284","3486","0","0","0","","NO","0.797"
"20261004","Food","Drinks","과일음료","맥널티커피","FC","45580036","맥널티 청매실 에이드 190ml*10개입","8804645007071","발주가능","정상","0","9","161","3486","0","0","0","","NO","0.797"
"20261004","Food","Drinks","농축액(음료베이스)","맥널티","FC","51983601","물 한방울 섞이지 않은 김토끼 유기농 레몬즙, 10개, 20g","8804645007361","발주가능","정상","0","0","42","4077","0","0","0","","NO","0.711"
"20261004","Food","Drinks","농축액(음료베이스)","맥널티","FC","58338694","티브루 보리차 원액 간편 액상스틱 진액, 30개, 10ml","8804645007590","발주가능","정상","0","49","712","5259","0","0","0","","NO","0.711"
"20261004","Food","Drinks","농축액(음료베이스)","맥널티","FC","58338695","티브루 옥수수수염차 원액 간편 액상스틱 진액, 30개, 10ml","8804645007606","발주가능","정상","0","22","416","5259","0","0","0","","NO","0.711"
"20261004","Food","Drinks","농축액(음료베이스)","맥널티","FC","58338696","티브루 헛개수 원액 간편 액상스틱 진액, 30개, 10ml","8804645007613","발주가능","정상","0","33","102","5259","0","0","0","","NO","0.711"
"20261004","Food","Drinks","농축액(음료베이스)","맥널티커피","FC","62882483","티브루 보리차 진액, 1개, 400g","8804645007651","발주가능","정상","0","2","50","7623","0","0","0","","NO","0.711"
"20261004","Food","Drinks","농축액(음료베이스)","맥널티커피","FC","71636537","맥널티 티브루 호박팥차 무라벨, 20개, 500ml","8804645007934","발주가능","정상","0","16","811","8795","0","0","0","","NO","0.711"
"20261004","Food","Drinks","야채음료","맥널티커피","FC","48914233","맥널티 유자 에이드 190ml 10개","8804645007217","발주가능","정상","0","1","153","3486","0","0","0","","NO","0.616"
"20261004","Food","Drinks","차음료","맥널티커피","SFDCH1","24752251","복숭아 아이스티 190mL 10팩","8804645005886","발주가능","정상","0","0","2","3486","0","0","0","","NO","0.688"
"20261004","Food","Drinks","차음료","맥널티커피","FC","24752251","복숭아 아이스티 190mL 10팩","8804645005886","발주가능","정상","0","18","621","3486","0","0","0","","NO","0.688"
"20261004","Food","Drinks","차음료","맥널티커피","SFSSU1","24752251","복숭아 아이스티 190mL 10팩","8804645005886","발주가능","정상","0","0","2","3486","0","0","0","","NO","0.688"
"20261004","Food","Drinks","차음료","맥널티커피","FC","24944267","맥널티 허니자몽 블랙티 대용량 파우치 1Lx6입","18804645005951","발주가능","정상","0","1","37","10252","0","0","0","","NO","0.688"
"20261004","Food","Drinks","차음료","맥널티커피","FC","24944268","맥널티 복숭아 아이스티 대용량 파우치 1Lx6입","18804645005944","발주가능","정상","0","3","117","10252","0","0","0","","NO","0.688"
"20261004","Food","Drinks","차음료","맥널티커피","FC","26889711","맥널티 제로칼로리 복숭아 아이스티 500ml 24입","18804645006101","발주가능","정상","0","14","202","12205","0","0","0","","NO","0.688"
"20261004","Food","Drinks","차음료","맥널티커피","FC","36669698","제로 아이스티 복숭아, 30개입, 13g","8804645006791","발주가능","정상","0","6","59","5850","0","0","0","","NO","0.688"
"20261004","Food","Drinks","차음료","맥널티커피","FC","36829225","맥널티 제로칼로리 청포도 아이스티 500mlx24입,","18804645006538","발주가능","정상","0","0","56","12205","0","0","0","","NO","0.688"
"20261004","Food","Drinks","차음료","맥널티커피","FC","36829226","제로 아이스티 청포도, 30개입, 13g 1개","8804645006807","발주가능","정상","0","2","52","5850","0","0","0","","NO","0.688"
"20261004","Food","Drinks","차음료","맥널티커피","FC","38262417","복숭아 아이스티 제로, 6개, 1L","18804645006873","발주가능","정상","0","2","25","10577","0","0","0","","NO","0.688"
"20261004","Food","Drinks","차음료","맥널티커피","FC","40520042","맥널티커피 복숭아 아이스티 제로 RTD, 30개, 240ml","18804645006835","발주가능","정상","0","3","221","8795","0","0","0","","NO","0.688"
"20261004","Food","Drinks","차음료","맥널티커피","CHW2","61673272","맥널티커피 복숭아 아이스티 제로, 1.5L, 1개","8804645006739","발주가능","정상","0","0","12","1364","0","0","0","","NO","0.688"
"20261004","Food","Drinks","차음료","맥널티커피","RC","61673272","맥널티커피 복숭아 아이스티 제로, 1.5L, 1개","8804645006739","발주가능","정상","0","0","1248","1364","0","0","0","","NO","0.688"
"20261004","Food","Drinks","차음료","맥널티커피","SFSPA3","61673272","맥널티커피 복숭아 아이스티 제로, 1.5L, 1개","8804645006739","발주가능","정상","0","0","4","1364","0","0","0","","NO","0.688"
"20261004","Food","Drinks","차음료","맥널티커피","광주3","61673272","맥널티커피 복숭아 아이스티 제로, 1.5L, 1개","8804645006739","발주가능","정상","0","0","12","1364","0","0","0","","NO","0.688"
"20261004","Food","Drinks","차음료","맥널티커피","FC","61673272","맥널티커피 복숭아 아이스티 제로, 1.5L, 1개","8804645006739","발주가능","정상","0","162","1151","1364","0","0","0","","NO","0.688"
"20261004","Food","Drinks","차음료","맥널티커피","SFSPA3","73944650","맥널티 복숭아 아이스티 대용량 파우치, 1개, 2.1L","8804645007965","발주가능","정상","0","0","0","2413","0","0","0","","NO","0.688"
"20261004","Food","Drinks","차음료","맥널티커피","RC","73944650","맥널티 복숭아 아이스티 대용량 파우치, 1개, 2.1L","8804645007965","발주가능","정상","0","0","396","2413","0","0","0","","NO","0.688"
"20261004","Food","Drinks","차음료","맥널티커피","FC","73944650","맥널티 복숭아 아이스티 대용량 파우치, 1개, 2.1L","8804645007965","발주가능","정상","0","112","716","2413","0","0","0","","NO","0.688"
"20261004","Food","Drinks","차음료","맥널티커피","SFJEJ2","73944650","맥널티 복숭아 아이스티 대용량 파우치, 1개, 2.1L","8804645007965","발주가능","정상","0","0","0","2413","0","0","0","","NO","0.688"
"20261004","Food","Drinks","차음료","맥널티커피","FC","75850021","맥널티 허니자몽 블랙티, 1L, 1개","8804645005954","발주가능","정상","0","8","87","1714","0","0","0","","NO","0.688"
"20261004","Food","Drinks","커피음료","맥널티커피","SFJEJ2","24695530","아이스 헤이즐넛향 커피 190mL 10팩","8804645005879","발주가능","정상","0","1","1","3486","0","0","0","","NO","0.697"
"20261004","Food","Drinks","커피음료","맥널티커피","FC","24695530","아이스 헤이즐넛향 커피 190mL 10팩","8804645005879","발주가능","정상","0","36","366","3486","0","0","0","","NO","0.697"
"20261004","Food","Drinks","커피음료","맥널티커피","SFSPA3","24695531","아이스 아메리카노 스위트 190mL 10팩","8804645005862","발주가능","정상","0","2","4","3486","0","0","0","","NO","0.697"
"20261004","Food","Drinks","커피음료","맥널티커피","SFJEJ2","24695531","아이스 아메리카노 스위트 190mL 10팩","8804645005862","발주가능","정상","0","0","0","3486","0","0","0","","NO","0.697"
"20261004","Food","Drinks","커피음료","맥널티커피","FC","24695531","아이스 아메리카노 스위트 190mL 10팩","8804645005862","발주가능","정상","0","23","341","3486","0","0","0","","NO","0.697"
"20261004","Food","Drinks","커피음료","맥널티커피","RC","24695531","아이스 아메리카노 스위트 190mL 10팩","8804645005862","발주가능","정상","0","0","546","3486","0","0","0","","NO","0.697"
"20261004","Food","Drinks","커피음료","맥널티커피","RC","24695532","아이스 아메리카노 블랙 190mL 10팩","8804645005855","발주가능","정상","0","0","273","3486","0","0","0","","NO","0.697"
"20261004","Food","Drinks","커피음료","맥널티커피","SFODD2","24695532","아이스 아메리카노 블랙 190mL 10팩","8804645005855","발주가능","정상","0","0","1","3486","0","0","0","","NO","0.697"
"20261004","Food","Drinks","커피음료","맥널티커피","FC","24695532","아이스 아메리카노 블랙 190mL 10팩","8804645005855","발주가능","정상","0","33","194","3486","0","0","0","","NO","0.697"
"20261004","Food","Drinks","커피음료","맥널티커피","FC","25484251","맥널티커피 아메리카노 스위트 1Lx6입","18804645005920","발주가능","정상","0","0","48","10252","0","0","0","","NO","0.697"
"20261004","Food","Drinks","커피음료","맥널티커피","FC","25484255","맥널티 아이스 아메리카노 블랙커피 대용량 파우치 1Lx6입","18804645005913","발주가능","정상","0","0","21","10252","0","0","0","","NO","0.697"
"20261004","Food","Drinks","커피음료","맥널티커피","FC","25484257","맥널티 아이스 헤이즐넛향 커피 대용량 파우치 1Lx6입","18804645005937","발주가능","정상","0","0","30","10252","0","0","0","","NO","0.697"
"20261004","Food","Drinks","커피음료","맥널티커피","FC","48466205","맥널티 대용량 제로슈가 스테비아 믹스커피 음료, 12개, 1L","18804645007290","발주가능","정상","0","17","110","17067","0","0","0","","NO","0.697"
"20261004","Food","Drinks","커피음료","맥널티커피","FC","54922706","맥널티 대용량 제로슈가 스테비아 믹스커피 음료, 1L, 6개","8804645007323","발주가능","정상","0","110","280","8805","0","0","0","","NO","0.697"
"20261004","Food","Drinks","커피음료","맥널티커피","FC","68778940","맥널티 아이브루 아메리카노 블랙커피 12개 1L","18804645007306","발주가능","정상","0","139","1733","12205","0","0","0","","NO","0.697"
"20261004","Food","Drinks","커피음료","맥널티커피","RC","68778940","맥널티 아이브루 아메리카노 블랙커피 12개 1L","18804645007306","발주가능","정상","0","0","400","12205","0","0","0","","NO","0.697"
"20261004","Food","Drinks","커피음료","맥널티커피","FC","68778941","맥널티 아이브루 헤이즐넛향 블랙커피 12개 1L","18804645007504","발주가능","정상","0","46","288","12205","0","0","0","","NO","0.697"
"20261004","Food","Drinks","커피음료","맥널티커피","FC","68778942","아이브루 아메리카노 블랙커피 무라벨 400ML 20개","8804645007491","발주가능","정상","0","129","1617","12205","0","0","0","","NO","0.697"
"20261004","Food","Drinks","커피음료","맥널티커피","SFSSU1","73951791","맥널티 아이스 아메리카노 블랙 커피 대용량 파우치, 1개, 2.1L","8804645007958","발주가능","정상","0","0","2","2413","0","0","0","","NO","0.697"
"20261004","Food","Drinks","커피음료","맥널티커피","FC","73951791","맥널티 아이스 아메리카노 블랙 커피 대용량 파우치, 1개, 2.1L","8804645007958","발주가능","정상","0","418","1322","2413","0","0","0","","NO","0.697"
"20261004","Food","Drinks","커피음료","맥널티커피","SFDCH1","73951791","맥널티 아이스 아메리카노 블랙 커피 대용량 파우치, 1개, 2.1L","8804645007958","발주가능","정상","0","0","2","2413","0","0","0","","NO","0.697"
"20261004","Food","Drinks","커피음료","맥널티커피","RC","73951791","맥널티 아이스 아메리카노 블랙 커피 대용량 파우치, 1개, 2.1L","8804645007958","발주가능","정상","0","0","6560","2413","0","0","0","","NO","0.697"
"20261004","Food","Drinks","커피음료","맥널티커피","SFJEJ2","73951791","맥널티 아이스 아메리카노 블랙 커피 대용량 파우치, 1개, 2.1L","8804645007958","발주가능","정상","0","0","21","2413","0","0","0","","NO","0.697"
"20261004","Food","Drinks","커피음료","맥널티커피","SFSPA3","73951791","맥널티 아이스 아메리카노 블랙 커피 대용량 파우치, 1개, 2.1L","8804645007958","발주가능","정상","0","0","24","2413","0","0","0","","NO","0.697"
"20261004","Food","Drinks","커피음료","맥널티커피","SFJEJ2","75683093","맥널티 아이스 아메리카노 블랙 1리터, 1L, 1개","8804645005916","발주가능","정상","0","0","1","1714","0","0","0","","NO","0.697"
"20261004","Food","Drinks","커피음료","맥널티커피","FC","75683093","맥널티 아이스 아메리카노 블랙 1리터, 1L, 1개","8804645005916","발주가능","정상","0","18","761","1714","0","0","0","","NO","0.697"
"20261004","Food","Drinks","커피음료","맥널티커피","SFSPA3","75683093","맥널티 아이스 아메리카노 블랙 1리터, 1L, 1개","8804645005916","발주가능","정상","0","0","1","1714","0","0","0","","NO","0.697"
"20261004","Food","Drinks","커피음료","맥널티커피","FC","75694561","맥널티커피 아이스 아메리카노 헤이즐넛, 1개, 1L","8804645005930","발주가능","정상","0","29","1287","1714","0","0","0","","NO","0.697"
"20261004","Food","Drinks","커피음료","맥널티커피","FC","75765043","맥널티 아이스아메리카노 스위트, 1개, 1L","8804645005923","발주가능","정상","0","34","872","1714","0","0","0","","NO","0.697"
"20261004","Food","Drinks","커피음료","맥널티커피","FC","76540319","맥널티 호랭이 마일드 라떼 캔커피, 30개, 175ml","18804645008013","발주가능","정상","0","80","426","8523","0","0","0","","NO","0.697"
"20261004","Food","Drinks","커피음료","맥널티커피","FC","77572705","맥널티 아이스 아메리카노 헤이즐넛, 1개, 2.1L","8804645008030","발주가능","정상","0","261","1332","2413","0","0","0","","NO","0.697"
"20261004","Food","Drinks","커피음료","맥널티커피","SFSPA3","77572705","맥널티 아이스 아메리카노 헤이즐넛, 1개, 2.1L","8804645008030","발주가능","정상","0","4","16","2413","0","0","0","","NO","0.697"
"20261004","Food","Drinks","커피음료","맥널티커피","RC","77572705","맥널티 아이스 아메리카노 헤이즐넛, 1개, 2.1L","8804645008030","발주가능","정상","0","0","0","2413","0","0","0","","NO","0.697"
"20261004","Food","Drinks","커피음료","맥널티커피","SFJEJ2","77572705","맥널티 아이스 아메리카노 헤이즐넛, 1개, 2.1L","8804645008030","발주가능","정상","0","0","13","2413","0","0","0","","NO","0.697"
"20261004","Food","Drinks","커피음료","아이브루","FC","70253954","아이브루 디카페인 아메리카노 블랙커피 무라벨, 20개, 400ml","8804645007903","발주가능","정상","0","51","538","13500","0","0","0","","NO","0.697"
"20261004","Kitchen","Tools & Gadgets","드립주전자/포트","맥널티커피","FC","15333511","맥널티 드립 주전자 350ml","8804645004490","발주가능","정상","0","0","233","5044","0","0","0","","NO","0.790"
"20261004","Kitchen","Tools & Gadgets","커피필터/여과지","맥널티","SFJEJ2","12491225","맥널티 핸드드립 커피필터 30개입","8804645300950","발주가능","정상","0","2","2","2642","0","0","0","","NO","0.506"
"20261004","Kitchen","Tools & Gadgets","커피필터/여과지","맥널티","FC","12491225","맥널티 핸드드립 커피필터 30개입","8804645300950","발주가능","정상","0","79","1092","2642","0","0","0","","NO","0.506"
"20261004","Kitchen","Tools & Gadgets","커피필터/여과지","맥널티커피","FC","80552849","맥널티 천연펄프 무표백 핸드드립 커피필터 여과지(2~4인용), 1개, 100개입","8804645000010","발주가능","정상","0","20","78","2418","0","0","0","","NO","0.506"
"20261003","CE","Kitchen Appliance","커피머신","맥널티커피","FC","31602405","맥널티 2in1 핫앤콜드 진공추출 커피메이커 MCM-065B MCM-065B","8804645006296","발주가능","정상","1","0","11","30859","0","0","0","","NO","0.797"
"20261003","Food","Coffee & Tea","기타전통차","맥널티커피","FC","39149736","맥널티 스테비아 침향 쌍화차, 1개, 30개입, 450g","8804645006913","발주가능","정상","0","1","215","8536","0","0","0","","NO","0.725"
"20261003","Food","Coffee & Tea","기타전통차","맥널티커피","FC","41175263","맥널티커피 스테비아 꿀 유자차, 1개, 30개입, 450g","8804645006951","발주가능","정상","0","6","429","7388","0","0","0","","NO","0.725"
"20261003","Food","Coffee & Tea","둥글레/옥수수/보리/결명자차","맥널티커피","FC","76230458","맥널티 진 보리차 1개 1kg","8804645007996","발주가능","정상","0","1","14","15209","0","0","0","","NO","0.613"
"20261003","Food","Coffee & Tea","드립백/티백","맥널티","FC","3067432","산지별 콜롬비아 슈프리모 핸드드립커피 7개입","8804645000324","발주가능","정상","0","15","150","3043","0","0","0","","NO","0.741"
"20261003","Food","Coffee & Tea","드립백/티백","맥널티","FC","10003518","케냐 AA 핸드드립 블렌드 24개입","8804645000720","발주가능","정상","0","10","350","8534","0","0","0","","NO","0.741"
"20261003","Food","Coffee & Tea","드립백/티백","맥널티커피","FC","3067429","산지별 브라질 세라도 NY2 핸드드립커피 7개입","8804645000300","발주가능","정상","0","0","57","2887","0","0","0","","NO","0.741"
"20261003","Food","Coffee & Tea","드립백/티백","맥널티커피","FC","3067430","산지별 케냐 AA 핸드드립커피 7개입","8804645000355","발주가능","정상","0","0","136","3062","0","0","0","","NO","0.741"
"20261003","Food","Coffee & Tea","드립백/티백","맥널티커피","FC","3067433","산지별 에티오피아 코케 허니 핸드드립커피 7개입","8804645000348","발주가능","정상","0","4","77","2910","0","0","0","","NO","0.741"
"20261003","Food","Coffee & Tea","드립백/티백","맥널티커피","FC","3067434","산지별 에티오피아 예가체프 핸드드립커피 7개입","8804645000331","발주가능","정상","0","1","39","3184","0","0","0","","NO","0.741"
"20261003","Food","Coffee & Tea","드립백/티백","맥널티커피","FC","10003517","콜롬비아 핸드드립 블렌드 24개입","8804645000713","발주가능","정상","0","13","119","8534","0","0","0","","NO","0.741"
"20261003","Food","Coffee & Tea","드립백/티백","맥널티커피","FC","23400108","맥널티 디카페인100% 핸드드립 원두커피 24개입","8804645005732","발주가능","정상","0","9","68","9395","0","0","0","","NO","0.741"
"20261003","Food","Coffee & Tea","드립백/티백","맥널티커피","FC","37713094","맥널티 핸드드립커피 케냐AA(더블에이) 36개입, 8g, 1개","8804645006616","발주가능","정상","0","1","49","11759","0","0","0","","NO","0.741"
"20261003","Food","Coffee & Tea","드립백/티백","맥널티커피","FC","37713095","맥널티 핸드드립커피 에티오피아 예가체프 36개입, 8g, 1개","8804645006623","발주가능","정상","0","1","42","10577","0","0","0","","NO","0.741"
"20261003","Food","Coffee & Tea","드립백/티백","맥널티커피","FC","41391235","맥널티 행복을주는커피 시그니처 블렌드 핸드드립 커피 20개입, 1개, 8g","8804645003653","발주가능","정상","0","11","38","6795","0","0","0","","NO","0.741"
"20261003","Food","Coffee & Tea","드립백/티백","맥널티커피","FC","62821923","맥널티 핸드드립 커피 에티오피아 예가체프 8g 24개입 1개","8804645006920","발주가능","정상","0","7","63","9679","0","0","0","","NO","0.741"
"20261003","Food","Coffee & Tea","드립백/티백","맥널티커피","FC","68147033","베니스브루 스페셜티 핸드드립 가향 커피 오렌지 벨벳, 1개, 7개입, 12g","8804645007712","발주가능","정상","0","0","14","5143","0","0","0","","NO","0.741"
"20261003","Food","Coffee & Tea","드립백/티백","맥널티커피","FC","68147034","베니스브루 스페셜티 핸드드립 가향 커피 쇼콜라 모카, 1개, 7개입, 12g","8804645007729","발주가능","정상","0","0","9","5143","0","0","0","","NO","0.741"
"20261003","Food","Coffee & Tea","드립백/티백","맥널티커피","FC","68777449","베니스브루 베리 블로썸 드립백 커피 12g 1개 7개입","8804645007705","발주가능","정상","0","0","23","5143","0","0","0","","NO","0.741"
"20261003","Food","Coffee & Tea","라떼분말","맥널티커피","FC","34834818","맥널티 스테비아 제로슈가 핫초코 라떼 30개입 15g","8804645006340","발주가능","정상","0","29","1635","7500","0","0","0","","NO","0.604"
"20261003","Food","Coffee & Tea","라떼분말","맥널티커피","FC","51063548","스테비아 단백질 옥수수 크림 라떼, 1개, 20개입, 18g","8804645007330","발주가능","정상","0","0","57","5850","0","0","0","","NO","0.604"
"20261003","Food","Coffee & Tea","라떼분말","맥널티커피","FC","51164938","스테비아 단백질 고구마 크림 라떼, 1개, 20개입, 18g","8804645007347","발주가능","정상","0","0","93","5850","0","0","0","","NO","0.604"
"20261003","Food","Coffee & Tea","원두","N_A","FC","76443755","맥널티 브라질 세라도 NY.2 원두 1kg, 1개","8804645006425","발주가능","정상","0","1","201","17609","0","0","0","","NO","0.902"
"20261003","Food","Coffee & Tea","원두","맥널티커피","RC","45570","맥널티_헤이즐넛원두분쇄커피_226G","8804645100208","발주가능","정상","0","0","2176","5000","0","0","0","","NO","0.902"
"20261003","Food","Coffee & Tea","원두","맥널티커피","SFSPA3","45570","맥널티_헤이즐넛원두분쇄커피_226G","8804645100208","발주가능","정상","0","4","4","5000","0","0","0","","NO","0.902"
"20261003","Food","Coffee & Tea","원두","맥널티커피","FC","45570","맥널티_헤이즐넛원두분쇄커피_226G","8804645100208","발주가능","정상","0","69","1337","5000","0","0","0","","NO","0.902"
"20261003","Food","Coffee & Tea","원두","맥널티커피","SFJEJ2","45570","맥널티_헤이즐넛원두분쇄커피_226G","8804645100208","발주가능","정상","0","4","0","5000","0","0","0","","NO","0.902"
"20261003","Food","Coffee & Tea","원두","맥널티커피","용인5","45570","맥널티_헤이즐넛원두분쇄커피_226G","8804645100208","발주가능","정상","0","0","8","5000","0","0","0","","NO","0.902"
"20261003","Food","Coffee & Tea","원두","맥널티커피","SFSPA3","45572","맥널티_헤이즐넛원두분쇄커피_500G","8804645100468","발주가능","정상","0","1","3","7960","0","0","0","","NO","0.902"
"20261003","Food","Coffee & Tea","원두","맥널티커피","RC","45572","맥널티_헤이즐넛원두분쇄커피_500G","8804645100468","발주가능","정상","0","0","640","7960","0","0","0","","NO","0.902"
"20261003","Food","Coffee & Tea","원두","맥널티커피","FC","45572","맥널티_헤이즐넛원두분쇄커피_500G","8804645100468","발주가능","정상","0","36","571","7960","0","0","0","","NO","0.902"
"20261003","Food","Coffee & Tea","원두","맥널티커피","FC","45573","맥널티_블루마운틴스타일원두분쇄커피_500G","8804645100451","발주가능","정상","0","24","1673","11091","0","0","0","","NO","0.902"
"20261003","Food","Coffee & Tea","원두","맥널티커피","FC","5344648","맥널티 원두 에스프레소 블랙 1개, 1kg","8804645001239","발주불가","단종","0","0","1","9156","0","0","0","","YES","0.902"
"20261003","Food","Coffee & Tea","원두","맥널티커피","FC","10147177","맥널티 홀빈 블루마운틴 1000g","8804645006302","발주가능","정상","0","8","67","15715","0","0","0","","NO","0.902"
"20261003","Food","Coffee & Tea","원두","맥널티커피","FC","10147180","맥널티 행복을 주는 커피 헤이즐넛향 1kg 홀빈","8804645100185","발주가능","정상","0","12","69","15244","0","0","0","","NO","0.902"
"20261003","Food","Coffee & Tea","원두","맥널티커피","RC","10812901","맥널티 베트남 로부스타 원두커피 1kg","8804645003066","발주가능","정상","0","0","400","11700","0","0","0","","NO","0.902"
"20261003","Food","Coffee & Tea","원두","맥널티커피","FC","10812901","맥널티 베트남 로부스타 원두커피 1kg","8804645003066","발주가능","정상","0","16","419","11700","0","0","0","","NO","0.902"
"20261003","Food","Coffee & Tea","원두","맥널티커피","FC","11849981","행복을 주는 커피 블루마운틴 블렌드 분쇄 원두 커피 1kg","8804645003486","발주가능","정상","0","10","74","16364","0","0","0","","NO","0.902"
"20261003","Food","Coffee & Tea","원두","맥널티커피","RC","12521866","맥널티 행복을 주는 커피 시그니처 헤이즐넛향 원두 커피 1Kg","8804645003493","발주가능","정상","0","0","216","16364","0","0","0","","NO","0.902"
"20261003","Food","Coffee & Tea","원두","맥널티커피","FC","12521866","맥널티 행복을 주는 커피 시그니처 헤이즐넛향 원두 커피 1Kg","8804645003493","발주가능","정상","0","24","260","16364","0","0","0","","NO","0.902"
"20261003","Food","Coffee & Tea","원두","맥널티커피","FC","13277718","맥널티 행복을 주는 커피 브라질 산토스 1kg","8804645003936","발주가능","정상","0","10","54","14091","0","0","0","","NO","0.902"
"20261003","Food","Coffee & Tea","원두","맥널티커피","FC","13277719","맥널티 행복을 주는 커피 콜롬비아 블렌드 1kg","8804645003929","발주가능","정상","0","18","203","15599","0","0","0","","NO","0.902"
"20261003","Food","Coffee & Tea","원두","맥널티커피","FC","37733154","맥널티 원두 홀빈(분쇄안함) 마일드 미디움 블렌드 200g, 1개","8804645005374","발주가능","정상","0","0","16","5791","0","0","0","","NO","0.902"
"20261003","Food","Coffee & Tea","원두","맥널티커피","FC","38710869","맥널티 홀빈 커피원두, 마일드 미디움 블렌드 1kg, 1개","8804645005329","발주가능","정상","0","0","14","16364","0","0","0","","NO","0.902"
"20261003","Food","Coffee & Tea","원두","맥널티커피","FC","38710870","맥널티 홀빈 커피원두, 콜롬비아 안데스 오리진 1kg, 1개","8804645005343","발주가능","정상","0","1","26","16364","0","0","0","","NO","0.902"
"20261003","Food","Coffee & Tea","원두","맥널티커피","FC","38710872","맥널티 홀빈 커피원두, 시그니처 블렌드 1kg, 1개","8804645005312","발주가능","정상","0","3","37","16364","0","0","0","","NO","0.902"
"20261003","Food","Coffee & Tea","원두","맥널티커피","FC","38813491","맥널티 홀빈 원두 1KG, 브라질 산토스 내추럴, 1개","8804645005350","발주가능","정상","0","2","201","11364","0","0","0","","NO","0.902"
"20261003","Food","Coffee & Tea","원두","맥널티커피","FC","38919334","맥널티 에티오피아 예가체프 홀빈 원두, 1kg, 1개","8804645006852","발주가능","정상","0","6","131","16364","0","0","0","","NO","0.902"
"20261003","Food","Coffee & Tea","원두","맥널티커피","FC","39616644","맥널티 예맨 모카 블렌드 커피 원두, 홀빈(분쇄안함), 500g, 1개","8804645006692","발주가능","정상","0","0","10","11400","0","0","0","","NO","0.902"
"20261003","Food","Coffee & Tea","원두","맥널티커피","FC","39616645","맥널티 시그니처 디카페인 커피 원두, 홀빈(분쇄안함), 500g, 1개","8804645006937","발주가능","정상","0","8","174","12545","0","0","0","","NO","0.902"
"20261003","Food","Coffee & Tea","원두","맥널티커피","FC","39616646","맥널티 게이샤 블렌드 커피 원두, 홀빈(분쇄안함), 500g, 1개","8804645006708","발주가능","정상","0","11","23","11400","0","0","0","","NO","0.902"
"20261003","Food","Coffee & Tea","원두","맥널티커피","FC","39616647","맥널티 하와이안 코나 블렌드 커피 원두, 홀빈(분쇄안함), 500g, 1개","8804645006685","발주가능","정상","0","4","47","11400","0","0","0","","NO","0.902"
"20261003","Food","Coffee & Tea","원두","맥널티커피","FC","48074657","맥널티 브라질 세라도 분쇄 원두 커피, 1개, 500g","8804645007262","발주가능","정상","0","10","72","9395","0","0","0","","NO","0.902"
"20261003","Food","Coffee & Tea","원두","맥널티커피","FC","48074658","맥널티 콜롬비아 안데스 분쇄 원두 커피, 1개, 500g","8804645007255","발주가능","정상","0","3","100","9986","0","0","0","","NO","0.902"
"20261003","Food","Coffee & Tea","원두","맥널티커피","FC","48074659","맥널티 에티오피아 예가체프 분쇄 원두 커피, 1개, 500g","8804645007231","발주가능","정상","0","5","91","9986","0","0","0","","NO","0.902"
"20261003","Food","Coffee & Tea","원두","맥널티커피","FC","58681130","콜롬비아 안데스 오리진 분쇄 커피 원두 1개 226g 핸드드립","8804645007552","발주가능","정상","0","10","7","7159","0","0","0","","NO","0.902"
"20261003","Food","Coffee & Tea","원두","맥널티커피","FC","58681131","브라질 산토스 오리진 분쇄 커피 원두, 226g, 1개, 핸드드립","8804645007545","발주가능","정상","0","0","18","7159","0","0","0","","NO","0.902"
"20261003","Food","Coffee & Tea","원두","맥널티커피","FC","58765769","게이샤 블렌드 분쇄 커피 원두, 1개, 226g, 핸드드립","8804645007514","발주가능","정상","0","1","33","7732","0","0","0","","NO","0.902"
"20261003","Food","Coffee & Tea","원두","맥널티커피","FC","58765770","디카페인 헤이즐넛향 분쇄 커피 원두, 1개, 226g, 핸드드립","8804645007538","발주가능","정상","0","11","110","8018","0","0","0","","NO","0.902"
"20261003","Food","Coffee & Tea","원두","맥널티커피","FC","58850533","하와이안 코나 블렌드 분쇄 커피 원두, 1개, 226g, 핸드드립","8804645007521","발주가능","정상","0","9","29","7732","0","0","0","","NO","0.902"
"20261003","Food","Coffee & Tea","원두","맥널티커피","FC","71777603","투비 다크 블랙 블렌드 홀빈 원두 커피, 1kg, 홀빈(분쇄안함), 1개","8804645007989","발주가능","정상","0","3","168","13115","0","0","0","","NO","0.902"
"20261003","Food","Coffee & Tea","원두","맥널티커피","FC","76697770","투비커피 너티초코 아메리카노 블렌드 홀빈 원두 커피, 1kg, 홀빈(분쇄안함), 1개","8804645008047","발주가능","정상","0","0","34","17125","0","0","0","","NO","0.902"
"20261003","Food","Coffee & Tea","원두","맥널티커피","FC","80661387","베트남 로부스타 G1 싱글오리진 커피 원두, 1개, 1kg","8804645006869","발주가능","정상","0","0","50","10741","0","0","0","","NO","0.902"
"20261003","Food","Coffee & Tea","원두","맥널티커피","FC","80686777","맥널티 투비 데일리 블렌드 홀빈 원두 커피 고소한 너티 로스팅, 1개, 1kg","8804645008023","발주가능","정상","0","1","44","15377","0","0","0","","NO","0.902"
"20261003","Food","Coffee & Tea","원두","맥널티커피","FC","80855134","맥널티 콜롬비아 수프리모 후일라 커피 원두, 1kg, 1개","8804645006432","발주가능","정상","0","6","24","25423","0","0","0","","NO","0.902"
"20261003","Food","Coffee & Tea","원두","맥널티커피","FC","80855137","맥널티 에티오피아 예가체프 G2 원두 1kg, 1개, 홀빈(분쇄안함)","8804645006449","발주가능","정상","0","2","17","22332","0","0","0","","NO","0.902"
"20261003","Food","Coffee & Tea","원두커피믹스","맥널티","FC","10003529","아이브루 클래식 100T","8804645002465","발주불가","규격 외","0","0","1","6068","0","0","0","","NO","0.595"
"20261003","Food","Coffee & Tea","원두커피믹스","맥널티","FC","11019882","맥널티 아이브루 다크 블렌드 200T","8804645003219","발주가능","정상","0","3","167","13096","0","0","0","","NO","0.595"
"20261003","Food","Coffee & Tea","원두커피믹스","맥널티커피","FC","11019883","맥널티 아이브루 모카 블랙 200T","8804645003226","발주가능","정상","0","8","186","11687","0","0","0","","NO","0.595"
"20261003","Food","Coffee & Tea","원두커피믹스","맥널티커피","FC","13777565","맥널티 아이브루 모카블랙 70T","8804645003912","발주가능","정상","0","0","35","6519","0","0","0","","NO","0.595"
"20261003","Food","Coffee & Tea","원두커피믹스","맥널티커피","SFJEJ2","15720531","콜롬비아 블랙 100개입","8804645002861","발주가능","정상","0","0","6","6345","0","0","0","","NO","0.595"
"20261003","Food","Coffee & Tea","원두커피믹스","맥널티커피","FC","15720531","콜롬비아 블랙 100개입","8804645002861","발주가능","정상","0","51","955","6345","0","0","0","","NO","0.595"
"20261003","Food","Coffee & Tea","원두커피믹스","맥널티커피","FC","26477367","맥널티 리얼 에스프레소샷 블랙 액상스틱커피 15mlx30개입","8804645006029","발주가능","정상","0","27","267","7388","0","0","0","","NO","0.595"
"20261003","Food","Coffee & Tea","원두커피믹스","맥널티커피","FC","62672352","맥널티 아이브루 플러스 스위트 블랙 원두커피믹스 80개입 2.8g","8804645007620","발주가능","정상","0","8","25","7961","0","0","0","","NO","0.595"
"20261003","Food","Coffee & Tea","원두커피믹스","맥널티커피","FC","67975031","호랭이 커피 오곡향 블랙, 1개, 20개입, 1g","8804645007781","발주가능","정상","0","7","111","2806","0","0","0","","NO","0.595"
"20261003","Food","Coffee & Tea","원두커피믹스","맥널티커피","FC","71629331","맥널티 갓성비 아메리카노 블랙커피, 1개, 100개입, 2g","8804645007873","발주가능","정상","0","65","1024","8534","0","0","0","","NO","0.595"
"20261003","Food","Coffee & Tea","원두커피믹스","아이브루","FC","36903434","맥널티 아이브루 플러스 헤이즐넛 블랙커피 100개입","8804645006395","발주가능","정상","0","100","715","7623","0","0","0","","NO","0.595"
"20261003","Food","Coffee & Tea","원두커피믹스","아이브루","FC","36903435","맥널티 아이브루 플러스 오리지널 블랙커피 100개입","8804645006388","발주불가","규격 외","0","0","0","7623","0","0","0","","NO","0.595"
"20261003","Food","Coffee & Tea","원두커피믹스","아이브루","FC","46534985","아이브루 플러스 디카페인 아메리카노 블랙커피, 1개, 80개입, 80g","8804645007118","발주가능","정상","0","32","31","7964","0","0","0","","NO","0.595"
"20261003","Food","Coffee & Tea","원두커피믹스","아이브루","FC","56760693","아이브루 플러스 디카페인 블랙커피 헤이즐넛향 (1g x 80개입), 1개","8804645007453","발주가능","정상","0","71","506","7961","0","0","0","","NO","0.595"
"20261003","Food","Coffee & Tea","원두커피믹스","프라이빗클럽","FC","10837643","맥널티 병커피 헤이즐넛향 50gx10개","19311931309161","발주가능","정상","0","2","109","23000","0","0","0","","NO","0.595"
"20261003","Food","Coffee & Tea","원두커피믹스","프라이빗클럽","FC","12091997","Box_입소문난 아이리쉬 50G 10병","19311931311164","발주가능","정상","0","0","35","32309","0","0","0","","NO","0.595"
"20261003","Food","Coffee & Tea","원두커피믹스","프라이빗클럽","FC","52625820","맥널티 인스턴트 원두 병커피 에스프레소 블랙 50g 1개","9311931902167","발주가능","정상","0","59","27","3486","0","0","0","","NO","0.595"
"20261003","Food","Coffee & Tea","율무/견과차","맥널티","SFDCH1","64842417","티브루 호박팥차 진액 10ml 30개입 1개","8804645007675","발주가능","정상","0","0","2","5259","0","0","0","","NO","0.715"
"20261003","Food","Coffee & Tea","율무/견과차","맥널티","FC","64842417","티브루 호박팥차 진액 10ml 30개입 1개","8804645007675","발주가능","정상","0","76","2504","5259","0","0","0","","NO","0.715"
"20261003","Food","Coffee & Tea","율무/견과차","맥널티","SFSSU1","64842417","티브루 호박팥차 진액 10ml 30개입 1개","8804645007675","발주가능","정상","0","0","2","5259","0","0","0","","NO","0.715"
"20261003","Food","Coffee & Tea","율무/견과차","맥널티","SFJEJ2","64842417","티브루 호박팥차 진액 10ml 30개입 1개","8804645007675","발주가능","정상","0","0","1","5259","0","0","0","","NO","0.715"
"20261003","Food","Coffee & Tea","율무/견과차","맥널티커피","FC","39149735","맥널티 스테비아 제로슈가 호두 아몬드 율무차, 1개, 30개입, 450g","8804645006906","발주가능","정상","0","2","496","6815","0","0","0","","NO","0.715"
"20261003","Food","Coffee & Tea","차세트","맥널티커피","FC","78654824","맥널티 스테비아 전통차 선물세트, 1세트, 율무차(30개) + 쌍화차(30개)","8804645008092","발주가능","정상","0","0","266","19091","0","0","0","","NO","0.902"
"20261003","Food","Coffee & Tea","커피믹스","맥널티커피","FC","45571","맥널티_ 자메이카 블루마운틴 블렌드_226G","8804645100215","발주가능","정상","0","89","896","5000","0","0","0","","NO","0.725"
"20261003","Food","Coffee & Tea","커피믹스","맥널티커피","용인5","45571","맥널티_ 자메이카 블루마운틴 블렌드_226G","8804645100215","발주가능","정상","0","0","8","5000","0","0","0","","NO","0.725"
"20261003","Food","Coffee & Tea","커피믹스","맥널티커피","FC","25240400","맥널티 스테비아 커피믹스 100개입","8804645006067","발주가능","정상","0","85","708","12941","0","0","0","","NO","0.725"
"20261003","Food","Coffee & Tea","커피믹스","맥널티커피","SFSPA3","25240400","맥널티 스테비아 커피믹스 100개입","8804645006067","발주가능","정상","0","1","1","12941","0","0","0","","NO","0.725"
"20261003","Food","Coffee & Tea","커피믹스","맥널티커피","SFJEJ2","25240400","맥널티 스테비아 커피믹스 100개입","8804645006067","발주가능","정상","0","1","6","12941","0","0","0","","NO","0.725"
"20261003","Food","Coffee & Tea","커피믹스","맥널티커피","RC","25240400","맥널티 스테비아 커피믹스 100개입","8804645006067","발주가능","정상","0","0","1080","12941","0","0","0","","NO","0.725"
"20261003","Food","Coffee & Tea","커피믹스","맥널티커피","SFSSU1","25240402","맥널티 스테비아 커피믹스 30개입","8804645006074","발주가능","정상","0","0","2","4827","0","0","0","","NO","0.725"
"20261003","Food","Coffee & Tea","커피믹스","맥널티커피","FC","25240402","맥널티 스테비아 커피믹스 30개입","8804645006074","발주가능","정상","0","46","443","4827","0","0","0","","NO","0.725"
"20261003","Food","Coffee & Tea","커피믹스","맥널티커피","FC","29461862","맥널티 아메리카노 아이스 블랙 100개입","8804645006081","발주가능","정상","0","31","221","5850","0","0","0","","NO","0.725"
"20261003","Food","Coffee & Tea","커피믹스","맥널티커피","FC","38933766","맥널티커피 스테비아 디카페인 커피믹스, 1개, 100개입 9.5g","8804645006890","발주가능","정상","56","42","759","15979","0","0","0","","NO","0.725"
"20261003","Food","Coffee & Tea","커피믹스","맥널티커피","SFJEJ2","38933766","맥널티커피 스테비아 디카페인 커피믹스, 1개, 100개입 9.5g","8804645006890","발주가능","정상","0","2","1","15979","0","0","0","","NO","0.725"
"20261003","Food","Coffee & Tea","커피믹스","맥널티커피","SFSSU1","38933766","맥널티커피 스테비아 디카페인 커피믹스, 1개, 100개입 9.5g","8804645006890","발주가능","정상","0","0","2","15979","0","0","0","","NO","0.725"
"20261003","Food","Coffee & Tea","커피믹스","맥널티커피","FC","40806729","맥널티 스테비아 디카페인 커피믹스, 1개, 30개입, 285g","8804645006777","발주가능","정상","0","24","730","5670","0","0","0","","NO","0.725"
"20261003","Food","Coffee & Tea","커피믹스","맥널티커피","FC","46730880","산양유 단백질 프로틴 스테비아 커피믹스, 1개, 30개입, 300g","8804645007194","발주가능","정상","0","0","0","6243","0","0","0","","YES","0.725"
"20261003","Food","Coffee & Tea","커피믹스","맥널티커피","FC","47303765","산양유 단백질 프로틴 스테비아 커피믹스, 1개, 100개입, 1000g","8804645007187","발주가능","정상","0","1","104","19988","0","0","0","","NO","0.725"
"20261003","Food","Coffee & Tea","커피믹스","맥널티커피","FC","56214466","맥널티커피 아이브루 바닐라 라떼,12g x 100개입(스틱), 1200g , 1개","8804645007460","발주가능","정상","0","7","46","12543","0","0","0","","NO","0.725"
"20261003","Food","Coffee & Tea","커피믹스","맥널티커피","FC","56214467","맥널티커피 아이브루 카라멜 마끼아또, 12g x 100개입(스틱), 1200g , 1개","8804645007484","발주가능","정상","0","11","75","12543","0","0","0","","NO","0.725"
"20261003","Food","Coffee & Tea","커피믹스","맥널티커피","FC","63447822","스테비아 커피믹스 헤이즐넛향 9.5g 30개입 1개","8804645007637","발주가능","정상","0","11","239","4827","0","0","0","","NO","0.725"
"20261003","Food","Coffee & Tea","커피믹스","맥널티커피","FC","64859139","맥널티 스테비아 솔티드 카라멜 커피믹스 10g 1개 30개입","8804645007668","발주가능","정상","0","8","59","5670","0","0","0","","NO","0.725"
"20261003","Food","Coffee & Tea","커피믹스","맥널티커피","FC","69526598","맥널티 갓성비 제로슈가 커피믹스, 1개, 80개입, 9g","8804645007842","발주가능","정상","0","37","524","8805","0","0","0","","NO","0.725"
"20261003","Food","Coffee & Tea","커피믹스","맥널티커피","FC","69634259","맥널티커피 스테비아 커피믹스 헤이즐넛향, 9.5g, 100개입, 1개","8804645007811","발주가능","정상","0","13","7","14261","0","0","0","","NO","0.725"
"20261003","Food","Coffee & Tea","커피믹스","맥널티커피","FC","71115721","호랭이 커피믹스 고소한 오곡향, 1개, 160개입, 9.5g","8804645007880","발주가능","정상","0","3","58","14261","0","0","0","","NO","0.725"
"20261003","Food","Coffee & Tea","커피믹스","맥널티커피","FC","71115722","호랭이 커피믹스 고소한 오곡향, 1개, 20개입, 9.5g","8804645007897","발주가능","정상","0","8","48","2806","0","0","0","","NO","0.725"
"20261003","Food","Coffee & Tea","커피믹스","맥널티커피","FC","80881317","맥널티 갓성비 더블샷 라떼, 1개, 50개입, 14.9g","8804645008054","발주가능","정상","0","1","91","9986","0","0","0","","NO","0.725"
"20261003","Food","Coffee & Tea","커피믹스","아이브루","FC","2341900","맥널티 iBrew 미니 헤이즐넛향 200개입(200g)","8804645000515","발주가능","정상","0","36","948","9917","0","0","0","","NO","0.725"
"20261003","Food","Coffee & Tea","커피믹스","아이브루","SFODD2","2341900","맥널티 iBrew 미니 헤이즐넛향 200개입(200g)","8804645000515","발주가능","정상","0","0","2","9917","0","0","0","","NO","0.725"
"20261003","Food","Coffee & Tea","커피믹스","아이브루","SFSPA3","2341900","맥널티 iBrew 미니 헤이즐넛향 200개입(200g)","8804645000515","발주가능","정상","0","0","5","9917","0","0","0","","NO","0.725"
"20261003","Food","Coffee & Tea","커피믹스","아이브루","RC","2341900","맥널티 iBrew 미니 헤이즐넛향 200개입(200g)","8804645000515","발주가능","정상","0","0","360","9917","0","0","0","","NO","0.725"
"20261003","Food","Coffee & Tea","커피믹스","아이브루","FC","3067423","아이브루 헤이즐넛향 70개입","8804645000706","발주가능","정상","0","16","335","4025","0","0","0","","NO","0.725"
"20261003","Food","Coffee & Tea","커피믹스","아이브루","FC","3067424","아이브루 케냐AA 블렌드 70개입","8804645000690","발주가능","정상","0","6","46","6205","0","0","0","","NO","0.725"
"20261003","Food","Coffee & Tea","커피믹스","아이브루","FC","3067425","아이브루 예가체프 블렌드 70개입","8804645000683","발주가능","정상","0","3","11","6205","0","0","0","","NO","0.725"
"20261003","Food","Coffee & Tea","커피믹스","프라이빗클럽","FC","3067426","인스턴트 병커피 아이리쉬크림 50g","9311931901160","발주가능","정상","0","17","111","3322","0","0","0","","NO","0.725"
"20261003","Food","Coffee & Tea","커피믹스","프라이빗클럽","FC","3067428","인스턴트 병커피 헤이즐넛향 50g","9311931105162","발주가능","정상","0","228","2126","2300","0","0","0","","NO","0.725"
"20261003","Food","Coffee & Tea","커피세트","맥널티커피","FC","26870612","맥널티 핸드드립 버라이어티세트 30개입","8804645006258","발주가능","정상","0","4","1070","9395","0","0","0","","NO","0.898"
"20261003","Food","Coffee & Tea","커피세트","맥널티커피","FC","54651094","인스턴트 원두 병커피 맥널티커피 선물세트 50g x 4개입(에스프레소 2병+헤이즐넛 2병), 1세트","8804645007408","발주가능","정상","0","0","0","15305","0","0","0","","YES","0.898"
"20261003","Food","Drinks","과일음료","맥널티커피","FC","24752132","청포도 에이드 190mL 10팩","8804645005893","발주가능","정상","0","21","423","3486","0","0","0","","NO","0.794"
"20261003","Food","Drinks","과일음료","맥널티커피","SFJEJ2","24752132","청포도 에이드 190mL 10팩","8804645005893","발주가능","정상","0","1","2","3486","0","0","0","","NO","0.794"
"20261003","Food","Drinks","과일음료","맥널티커피","FC","24752250","블루레몬 에이드 190mL 10팩","8804645005909","발주가능","정상","0","8","284","3486","0","0","0","","NO","0.794"
"20261003","Food","Drinks","과일음료","맥널티커피","RC","24752250","블루레몬 에이드 190mL 10팩","8804645005909","발주가능","정상","0","0","237","3486","0","0","0","","NO","0.794"
"20261003","Food","Drinks","과일음료","맥널티커피","FC","45580036","맥널티 청매실 에이드 190ml*10개입","8804645007071","발주가능","정상","0","10","170","3486","0","0","0","","NO","0.794"
"20261003","Food","Drinks","농축액(음료베이스)","맥널티","FC","51983601","물 한방울 섞이지 않은 김토끼 유기농 레몬즙, 10개, 20g","8804645007361","발주가능","정상","0","0","42","4077","0","0","0","","NO","0.711"
"20261003","Food","Drinks","농축액(음료베이스)","맥널티","FC","58338694","티브루 보리차 원액 간편 액상스틱 진액, 30개, 10ml","8804645007590","발주가능","정상","0","72","761","5259","0","0","0","","NO","0.711"
"20261003","Food","Drinks","농축액(음료베이스)","맥널티","FC","58338695","티브루 옥수수수염차 원액 간편 액상스틱 진액, 30개, 10ml","8804645007606","발주가능","정상","0","19","438","5259","0","0","0","","NO","0.711"
"20261003","Food","Drinks","농축액(음료베이스)","맥널티","FC","58338696","티브루 헛개수 원액 간편 액상스틱 진액, 30개, 10ml","8804645007613","발주가능","정상","0","44","135","5259","0","0","0","","NO","0.711"
"20261003","Food","Drinks","농축액(음료베이스)","맥널티커피","FC","62882483","티브루 보리차 진액, 1개, 400g","8804645007651","발주가능","정상","0","4","52","7623","0","0","0","","NO","0.711"
"20261003","Food","Drinks","농축액(음료베이스)","맥널티커피","FC","71636537","맥널티 티브루 호박팥차 무라벨, 20개, 500ml","8804645007934","발주가능","정상","0","9","827","8795","0","0","0","","NO","0.711"
"20261003","Food","Drinks","야채음료","맥널티커피","FC","48914233","맥널티 유자 에이드 190ml 10개","8804645007217","발주가능","정상","0","7","154","3486","0","0","0","","NO","0.613"
"20261003","Food","Drinks","차음료","맥널티커피","SFDCH1","24752251","복숭아 아이스티 190mL 10팩","8804645005886","발주가능","정상","0","0","2","3486","0","0","0","","NO","0.682"
"20261003","Food","Drinks","차음료","맥널티커피","FC","24752251","복숭아 아이스티 190mL 10팩","8804645005886","발주가능","정상","0","17","639","3486","0","0","0","","NO","0.682"
"20261003","Food","Drinks","차음료","맥널티커피","SFSSU1","24752251","복숭아 아이스티 190mL 10팩","8804645005886","발주가능","정상","0","0","2","3486","0","0","0","","NO","0.682"
"20261003","Food","Drinks","차음료","맥널티커피","FC","24944267","맥널티 허니자몽 블랙티 대용량 파우치 1Lx6입","18804645005951","발주가능","정상","0","2","38","10252","0","0","0","","NO","0.682"
"20261003","Food","Drinks","차음료","맥널티커피","FC","24944268","맥널티 복숭아 아이스티 대용량 파우치 1Lx6입","18804645005944","발주가능","정상","0","1","120","10252","0","0","0","","NO","0.682"
"20261003","Food","Drinks","차음료","맥널티커피","FC","26889711","맥널티 제로칼로리 복숭아 아이스티 500ml 24입","18804645006101","발주가능","정상","0","13","216","12205","0","0","0","","NO","0.682"
"20261003","Food","Drinks","차음료","맥널티커피","FC","36669698","제로 아이스티 복숭아, 30개입, 13g","8804645006791","발주가능","정상","0","7","65","5850","0","0","0","","NO","0.682"
"20261003","Food","Drinks","차음료","맥널티커피","FC","36829225","맥널티 제로칼로리 청포도 아이스티 500mlx24입,","18804645006538","발주가능","정상","0","2","56","12205","0","0","0","","NO","0.682"
"20261003","Food","Drinks","차음료","맥널티커피","FC","36829226","제로 아이스티 청포도, 30개입, 13g 1개","8804645006807","발주가능","정상","0","3","54","5850","0","0","0","","NO","0.682"
"20261003","Food","Drinks","차음료","맥널티커피","FC","38262417","복숭아 아이스티 제로, 6개, 1L","18804645006873","발주가능","정상","0","0","27","10577","0","0","0","","NO","0.682"
"20261003","Food","Drinks","차음료","맥널티커피","FC","40520042","맥널티커피 복숭아 아이스티 제로 RTD, 30개, 240ml","18804645006835","발주가능","정상","0","5","224","8795","0","0","0","","NO","0.682"
"20261003","Food","Drinks","차음료","맥널티커피","FC","61673272","맥널티커피 복숭아 아이스티 제로, 1.5L, 1개","8804645006739","발주가능","정상","0","197","1347","1364","0","0","0","","NO","0.682"
"20261003","Food","Drinks","차음료","맥널티커피","RC","61673272","맥널티커피 복숭아 아이스티 제로, 1.5L, 1개","8804645006739","발주가능","정상","0","0","1248","1364","0","0","0","","NO","0.682"
"20261003","Food","Drinks","차음료","맥널티커피","SFSPA3","61673272","맥널티커피 복숭아 아이스티 제로, 1.5L, 1개","8804645006739","발주가능","정상","0","11","4","1364","0","0","0","","NO","0.682"
"20261003","Food","Drinks","차음료","맥널티커피","SFSPA3","73944650","맥널티 복숭아 아이스티 대용량 파우치, 1개, 2.1L","8804645007965","발주가능","정상","0","0","0","2413","0","0","0","","NO","0.682"
"20261003","Food","Drinks","차음료","맥널티커피","SFJEJ2","73944650","맥널티 복숭아 아이스티 대용량 파우치, 1개, 2.1L","8804645007965","발주가능","정상","0","3","0","2413","0","0","0","","NO","0.682"
"20261003","Food","Drinks","차음료","맥널티커피","RC","73944650","맥널티 복숭아 아이스티 대용량 파우치, 1개, 2.1L","8804645007965","발주가능","정상","0","0","396","2413","0","0","0","","NO","0.682"
"20261003","Food","Drinks","차음료","맥널티커피","FC","73944650","맥널티 복숭아 아이스티 대용량 파우치, 1개, 2.1L","8804645007965","발주가능","정상","0","126","828","2413","0","0","0","","NO","0.682"
"20261003","Food","Drinks","차음료","맥널티커피","FC","75850021","맥널티 허니자몽 블랙티, 1L, 1개","8804645005954","발주가능","정상","0","10","95","1714","0","0","0","","NO","0.682"
"20261003","Food","Drinks","커피음료","맥널티커피","FC","24695530","아이스 헤이즐넛향 커피 190mL 10팩","8804645005879","발주가능","정상","0","20","403","3486","0","0","0","","NO","0.695"
"20261003","Food","Drinks","커피음료","맥널티커피","SFJEJ2","24695530","아이스 헤이즐넛향 커피 190mL 10팩","8804645005879","발주가능","정상","0","0","1","3486","0","0","0","","NO","0.695"
"20261003","Food","Drinks","커피음료","맥널티커피","SFJEJ2","24695531","아이스 아메리카노 스위트 190mL 10팩","8804645005862","발주가능","정상","0","0","0","3486","0","0","0","","NO","0.695"
"20261003","Food","Drinks","커피음료","맥널티커피","FC","24695531","아이스 아메리카노 스위트 190mL 10팩","8804645005862","발주가능","정상","0","51","364","3486","0","0","0","","NO","0.695"
"20261003","Food","Drinks","커피음료","맥널티커피","SFSPA3","24695531","아이스 아메리카노 스위트 190mL 10팩","8804645005862","발주가능","정상","0","0","6","3486","0","0","0","","NO","0.695"
"20261003","Food","Drinks","커피음료","맥널티커피","RC","24695531","아이스 아메리카노 스위트 190mL 10팩","8804645005862","발주가능","정상","0","0","546","3486","0","0","0","","NO","0.695"
"20261003","Food","Drinks","커피음료","맥널티커피","RC","24695532","아이스 아메리카노 블랙 190mL 10팩","8804645005855","발주가능","정상","0","0","273","3486","0","0","0","","NO","0.695"
"20261003","Food","Drinks","커피음료","맥널티커피","FC","24695532","아이스 아메리카노 블랙 190mL 10팩","8804645005855","발주가능","정상","0","17","227","3486","0","0","0","","NO","0.695"
"20261003","Food","Drinks","커피음료","맥널티커피","SFODD2","24695532","아이스 아메리카노 블랙 190mL 10팩","8804645005855","발주가능","정상","0","0","1","3486","0","0","0","","NO","0.695"
"20261003","Food","Drinks","커피음료","맥널티커피","FC","25484251","맥널티커피 아메리카노 스위트 1Lx6입","18804645005920","발주가능","정상","0","3","48","10252","0","0","0","","NO","0.695"
"20261003","Food","Drinks","커피음료","맥널티커피","FC","25484255","맥널티 아이스 아메리카노 블랙커피 대용량 파우치 1Lx6입","18804645005913","발주가능","정상","0","0","21","10252","0","0","0","","NO","0.695"
"20261003","Food","Drinks","커피음료","맥널티커피","FC","25484257","맥널티 아이스 헤이즐넛향 커피 대용량 파우치 1Lx6입","18804645005937","발주가능","정상","0","2","30","10252","0","0","0","","NO","0.695"
"20261003","Food","Drinks","커피음료","맥널티커피","FC","48466205","맥널티 대용량 제로슈가 스테비아 믹스커피 음료, 12개, 1L","18804645007290","발주가능","정상","0","34","127","17067","0","0","0","","NO","0.695"
"20261003","Food","Drinks","커피음료","맥널티커피","FC","54922706","맥널티 대용량 제로슈가 스테비아 믹스커피 음료, 1L, 6개","8804645007323","발주가능","정상","0","94","390","8805","0","0","0","","NO","0.695"
"20261003","Food","Drinks","커피음료","맥널티커피","FC","68778940","맥널티 아이브루 아메리카노 블랙커피 12개 1L","18804645007306","발주가능","정상","0","167","1872","12205","0","0","0","","NO","0.695"
"20261003","Food","Drinks","커피음료","맥널티커피","RC","68778940","맥널티 아이브루 아메리카노 블랙커피 12개 1L","18804645007306","발주가능","정상","0","0","400","12205","0","0","0","","NO","0.695"
"20261003","Food","Drinks","커피음료","맥널티커피","FC","68778941","맥널티 아이브루 헤이즐넛향 블랙커피 12개 1L","18804645007504","발주가능","정상","0","38","334","12205","0","0","0","","NO","0.695"
"20261003","Food","Drinks","커피음료","맥널티커피","FC","68778942","아이브루 아메리카노 블랙커피 무라벨 400ML 20개","8804645007491","발주가능","정상","0","143","1745","12205","0","0","0","","NO","0.695"
"20261003","Food","Drinks","커피음료","맥널티커피","RC","73951791","맥널티 아이스 아메리카노 블랙 커피 대용량 파우치, 1개, 2.1L","8804645007958","발주가능","정상","0","0","6944","2413","0","0","0","","NO","0.695"
"20261003","Food","Drinks","커피음료","맥널티커피","SFSSU1","73951791","맥널티 아이스 아메리카노 블랙 커피 대용량 파우치, 1개, 2.1L","8804645007958","발주가능","정상","0","0","2","2413","0","0","0","","NO","0.695"
"20261003","Food","Drinks","커피음료","맥널티커피","SFDCH1","73951791","맥널티 아이스 아메리카노 블랙 커피 대용량 파우치, 1개, 2.1L","8804645007958","발주가능","정상","0","0","2","2413","0","0","0","","NO","0.695"
"20261003","Food","Drinks","커피음료","맥널티커피","SFSPA3","73951791","맥널티 아이스 아메리카노 블랙 커피 대용량 파우치, 1개, 2.1L","8804645007958","발주가능","정상","0","0","0","2413","0","0","0","","NO","0.695"
"20261003","Food","Drinks","커피음료","맥널티커피","SFJEJ2","73951791","맥널티 아이스 아메리카노 블랙 커피 대용량 파우치, 1개, 2.1L","8804645007958","발주가능","정상","0","0","21","2413","0","0","0","","NO","0.695"
"20261003","Food","Drinks","커피음료","맥널티커피","FC","73951791","맥널티 아이스 아메리카노 블랙 커피 대용량 파우치, 1개, 2.1L","8804645007958","발주가능","정상","0","375","1694","2413","0","0","0","","NO","0.695"
"20261003","Food","Drinks","커피음료","맥널티커피","SFJEJ2","75683093","맥널티 아이스 아메리카노 블랙 1리터, 1L, 1개","8804645005916","발주가능","정상","0","0","1","1714","0","0","0","","NO","0.695"
"20261003","Food","Drinks","커피음료","맥널티커피","FC","75683093","맥널티 아이스 아메리카노 블랙 1리터, 1L, 1개","8804645005916","발주가능","정상","0","25","777","1714","0","0","0","","NO","0.695"
"20261003","Food","Drinks","커피음료","맥널티커피","SFSPA3","75683093","맥널티 아이스 아메리카노 블랙 1리터, 1L, 1개","8804645005916","발주가능","정상","0","0","1","1714","0","0","0","","NO","0.695"
"20261003","Food","Drinks","커피음료","맥널티커피","FC","75694561","맥널티커피 아이스 아메리카노 헤이즐넛, 1개, 1L","8804645005930","발주가능","정상","0","25","1316","1714","0","0","0","","NO","0.695"
"20261003","Food","Drinks","커피음료","맥널티커피","FC","75765043","맥널티 아이스아메리카노 스위트, 1개, 1L","8804645005923","발주가능","정상","0","60","906","1714","0","0","0","","NO","0.695"
"20261003","Food","Drinks","커피음료","맥널티커피","FC","76540319","맥널티 호랭이 마일드 라떼 캔커피, 30개, 175ml","18804645008013","발주가능","정상","0","81","506","8523","0","0","0","","NO","0.695"
"20261003","Food","Drinks","커피음료","맥널티커피","SFSPA3","77572705","맥널티 아이스 아메리카노 헤이즐넛, 1개, 2.1L","8804645008030","발주가능","정상","0","0","20","2413","0","0","0","","NO","0.695"
"20261003","Food","Drinks","커피음료","맥널티커피","SFJEJ2","77572705","맥널티 아이스 아메리카노 헤이즐넛, 1개, 2.1L","8804645008030","발주가능","정상","0","0","12","2413","0","0","0","","NO","0.695"
"20261003","Food","Drinks","커피음료","맥널티커피","RC","77572705","맥널티 아이스 아메리카노 헤이즐넛, 1개, 2.1L","8804645008030","발주가능","정상","0","0","0","2413","0","0","0","","NO","0.695"
"20261003","Food","Drinks","커피음료","맥널티커피","FC","77572705","맥널티 아이스 아메리카노 헤이즐넛, 1개, 2.1L","8804645008030","발주가능","정상","0","203","1606","2413","0","0","0","","NO","0.695"
"20261003","Food","Drinks","커피음료","아이브루","FC","70253954","아이브루 디카페인 아메리카노 블랙커피 무라벨, 20개, 400ml","8804645007903","발주가능","정상","91","39","589","13500","0","0","0","","NO","0.695"
"20261003","Kitchen","Tools & Gadgets","드립주전자/포트","맥널티커피","FC","15333511","맥널티 드립 주전자 350ml","8804645004490","발주가능","정상","0","0","233","5044","0","0","0","","NO","0.788"
"20261003","Kitchen","Tools & Gadgets","커피필터/여과지","맥널티","SFJEJ2","12491225","맥널티 핸드드립 커피필터 30개입","8804645300950","발주가능","정상","0","2","4","2642","0","0","0","","NO","0.501"
"20261003","Kitchen","Tools & Gadgets","커피필터/여과지","맥널티","FC","12491225","맥널티 핸드드립 커피필터 30개입","8804645300950","발주가능","정상","0","80","1171","2642","0","0","0","","NO","0.501"
"20261003","Kitchen","Tools & Gadgets","커피필터/여과지","맥널티커피","FC","80552849","맥널티 천연펄프 무표백 핸드드립 커피필터 여과지(2~4인용), 1개, 100개입","8804645000010","발주가능","정상","0","9","98","2418","0","0","0","","NO","0.501"
"20261002","CE","Kitchen Appliance","커피머신","맥널티커피","FC","31602405","맥널티 2in1 핫앤콜드 진공추출 커피메이커 MCM-065B MCM-065B","8804645006296","발주가능","정상","0","1","10","30859","0","0","0","","NO","0.801"
"20261002","Food","Coffee & Tea","기타전통차","맥널티커피","FC","39149736","맥널티 스테비아 침향 쌍화차, 1개, 30개입, 450g","8804645006913","발주가능","정상","0","0","216","8536","0","0","0","","NO","0.724"
"20261002","Food","Coffee & Tea","기타전통차","맥널티커피","FC","41175263","맥널티커피 스테비아 꿀 유자차, 1개, 30개입, 450g","8804645006951","발주가능","정상","0","4","435","7388","0","0","0","","NO","0.724"
"20261002","Food","Coffee & Tea","둥글레/옥수수/보리/결명자차","맥널티커피","FC","76230458","맥널티 진 보리차 1개 1kg","8804645007996","발주가능","정상","0","5","15","15209","0","0","0","","NO","0.613"
"20261002","Food","Coffee & Tea","드립백/티백","맥널티","FC","3067432","산지별 콜롬비아 슈프리모 핸드드립커피 7개입","8804645000324","발주가능","정상","0","5","165","3043","0","0","0","","NO","0.733"
"20261002","Food","Coffee & Tea","드립백/티백","맥널티","FC","10003518","케냐 AA 핸드드립 블렌드 24개입","8804645000720","발주가능","정상","120","7","360","8534","0","0","0","","NO","0.733"
"20261002","Food","Coffee & Tea","드립백/티백","맥널티커피","FC","3067429","산지별 브라질 세라도 NY2 핸드드립커피 7개입","8804645000300","발주가능","정상","0","2","57","2887","0","0","0","","NO","0.733"
"20261002","Food","Coffee & Tea","드립백/티백","맥널티커피","FC","3067430","산지별 케냐 AA 핸드드립커피 7개입","8804645000355","발주가능","정상","0","1","136","3062","0","0","0","","NO","0.733"
"20261002","Food","Coffee & Tea","드립백/티백","맥널티커피","FC","3067433","산지별 에티오피아 코케 허니 핸드드립커피 7개입","8804645000348","발주가능","정상","0","6","81","2910","0","0","0","","NO","0.733"
"20261002","Food","Coffee & Tea","드립백/티백","맥널티커피","FC","3067434","산지별 에티오피아 예가체프 핸드드립커피 7개입","8804645000331","발주가능","정상","0","5","40","3184","0","0","0","","NO","0.733"
"20261002","Food","Coffee & Tea","드립백/티백","맥널티커피","FC","10003517","콜롬비아 핸드드립 블렌드 24개입","8804645000713","발주가능","정상","0","18","132","8534","0","0","0","","NO","0.733"
"20261002","Food","Coffee & Tea","드립백/티백","맥널티커피","FC","23400108","맥널티 디카페인100% 핸드드립 원두커피 24개입","8804645005732","발주가능","정상","0","10","77","9395","0","0","0","","NO","0.733"
"20261002","Food","Coffee & Tea","드립백/티백","맥널티커피","FC","37713094","맥널티 핸드드립커피 케냐AA(더블에이) 36개입, 8g, 1개","8804645006616","발주가능","정상","0","5","50","11759","0","0","0","","NO","0.733"
"20261002","Food","Coffee & Tea","드립백/티백","맥널티커피","FC","37713095","맥널티 핸드드립커피 에티오피아 예가체프 36개입, 8g, 1개","8804645006623","발주가능","정상","0","1","43","10577","0","0","0","","NO","0.733"
"20261002","Food","Coffee & Tea","드립백/티백","맥널티커피","FC","41391235","맥널티 행복을주는커피 시그니처 블렌드 핸드드립 커피 20개입, 1개, 8g","8804645003653","발주가능","정상","0","14","49","6795","0","0","0","","NO","0.733"
"20261002","Food","Coffee & Tea","드립백/티백","맥널티커피","FC","62821923","맥널티 핸드드립 커피 에티오피아 예가체프 8g 24개입 1개","8804645006920","발주가능","정상","0","3","70","9679","0","0","0","","NO","0.733"
"20261002","Food","Coffee & Tea","드립백/티백","맥널티커피","FC","68147033","베니스브루 스페셜티 핸드드립 가향 커피 오렌지 벨벳, 1개, 7개입, 12g","8804645007712","발주가능","정상","0","0","14","5143","0","0","0","","NO","0.733"
"20261002","Food","Coffee & Tea","드립백/티백","맥널티커피","FC","68147034","베니스브루 스페셜티 핸드드립 가향 커피 쇼콜라 모카, 1개, 7개입, 12g","8804645007729","발주가능","정상","0","2","9","5143","0","0","0","","NO","0.733"
"20261002","Food","Coffee & Tea","드립백/티백","맥널티커피","FC","68777449","베니스브루 베리 블로썸 드립백 커피 12g 1개 7개입","8804645007705","발주가능","정상","0","0","23","5143","0","0","0","","NO","0.733"
"20261002","Food","Coffee & Tea","라떼분말","맥널티커피","FC","34834818","맥널티 스테비아 제로슈가 핫초코 라떼 30개입 15g","8804645006340","발주가능","정상","0","24","1664","7500","0","0","0","","NO","0.599"
"20261002","Food","Coffee & Tea","라떼분말","맥널티커피","FC","51063548","스테비아 단백질 옥수수 크림 라떼, 1개, 20개입, 18g","8804645007330","발주가능","정상","0","1","57","5850","0","0","0","","NO","0.599"
"20261002","Food","Coffee & Tea","라떼분말","맥널티커피","FC","51164938","스테비아 단백질 고구마 크림 라떼, 1개, 20개입, 18g","8804645007347","발주가능","정상","0","4","93","5850","0","0","0","","NO","0.599"
"20261002","Food","Coffee & Tea","원두","N_A","FC","76443755","맥널티 브라질 세라도 NY.2 원두 1kg, 1개","8804645006425","발주가능","정상","0","4","202","17609","0","0","0","","NO","0.899"
"20261002","Food","Coffee & Tea","원두","맥널티커피","SFJEJ2","45570","맥널티_헤이즐넛원두분쇄커피_226G","8804645100208","발주가능","정상","0","0","4","5000","0","0","0","","NO","0.899"
"20261002","Food","Coffee & Tea","원두","맥널티커피","FC","45570","맥널티_헤이즐넛원두분쇄커피_226G","8804645100208","발주가능","정상","0","72","1415","5000","0","0","0","","NO","0.899"
"20261002","Food","Coffee & Tea","원두","맥널티커피","SFSPA3","45570","맥널티_헤이즐넛원두분쇄커피_226G","8804645100208","발주가능","정상","0","0","8","5000","0","0","0","","NO","0.899"
"20261002","Food","Coffee & Tea","원두","맥널티커피","RC","45570","맥널티_헤이즐넛원두분쇄커피_226G","8804645100208","발주가능","정상","0","0","2176","5000","0","0","0","","NO","0.899"
"20261002","Food","Coffee & Tea","원두","맥널티커피","FC","45572","맥널티_헤이즐넛원두분쇄커피_500G","8804645100468","발주가능","정상","0","45","609","7960","0","0","0","","NO","0.899"
"20261002","Food","Coffee & Tea","원두","맥널티커피","RC","45572","맥널티_헤이즐넛원두분쇄커피_500G","8804645100468","발주가능","정상","0","0","640","7960","0","0","0","","NO","0.899"
"20261002","Food","Coffee & Tea","원두","맥널티커피","SFSPA3","45572","맥널티_헤이즐넛원두분쇄커피_500G","8804645100468","발주가능","정상","0","2","2","7960","0","0","0","","NO","0.899"
"20261002","Food","Coffee & Tea","원두","맥널티커피","FC","45573","맥널티_블루마운틴스타일원두분쇄커피_500G","8804645100451","발주가능","정상","0","21","1697","11091","0","0","0","","NO","0.899"
"20261002","Food","Coffee & Tea","원두","맥널티커피","FC","5344648","맥널티 원두 에스프레소 블랙 1개, 1kg","8804645001239","발주불가","단종","0","0","1","9156","0","0","0","","YES","0.899"
"20261002","Food","Coffee & Tea","원두","맥널티커피","FC","10147177","맥널티 홀빈 블루마운틴 1000g","8804645006302","발주가능","정상","0","19","75","15715","0","0","0","","NO","0.899"
"20261002","Food","Coffee & Tea","원두","맥널티커피","FC","10147180","맥널티 행복을 주는 커피 헤이즐넛향 1kg 홀빈","8804645100185","발주가능","정상","0","12","81","15244","0","0","0","","NO","0.899"
"20261002","Food","Coffee & Tea","원두","맥널티커피","FC","10812901","맥널티 베트남 로부스타 원두커피 1kg","8804645003066","발주가능","정상","0","53","435","11700","0","0","0","","NO","0.899"
"20261002","Food","Coffee & Tea","원두","맥널티커피","RC","10812901","맥널티 베트남 로부스타 원두커피 1kg","8804645003066","발주가능","정상","0","0","400","11700","0","0","0","","NO","0.899"
"20261002","Food","Coffee & Tea","원두","맥널티커피","FC","11849981","행복을 주는 커피 블루마운틴 블렌드 분쇄 원두 커피 1kg","8804645003486","발주가능","정상","0","6","84","16364","0","0","0","","NO","0.899"
"20261002","Food","Coffee & Tea","원두","맥널티커피","FC","12521866","맥널티 행복을 주는 커피 시그니처 헤이즐넛향 원두 커피 1Kg","8804645003493","발주가능","정상","0","20","284","16364","0","0","0","","NO","0.899"
"20261002","Food","Coffee & Tea","원두","맥널티커피","RC","12521866","맥널티 행복을 주는 커피 시그니처 헤이즐넛향 원두 커피 1Kg","8804645003493","발주가능","정상","0","0","216","16364","0","0","0","","NO","0.899"
"20261002","Food","Coffee & Tea","원두","맥널티커피","FC","13277718","맥널티 행복을 주는 커피 브라질 산토스 1kg","8804645003936","발주가능","정상","0","11","65","14091","0","0","0","","NO","0.899"
"20261002","Food","Coffee & Tea","원두","맥널티커피","FC","13277719","맥널티 행복을 주는 커피 콜롬비아 블렌드 1kg","8804645003929","발주가능","정상","0","24","221","15599","0","0","0","","NO","0.899"
"20261002","Food","Coffee & Tea","원두","맥널티커피","FC","37733154","맥널티 원두 홀빈(분쇄안함) 마일드 미디움 블렌드 200g, 1개","8804645005374","발주가능","정상","0","0","16","5791","0","0","0","","NO","0.899"
"20261002","Food","Coffee & Tea","원두","맥널티커피","FC","38710869","맥널티 홀빈 커피원두, 마일드 미디움 블렌드 1kg, 1개","8804645005329","발주가능","정상","0","0","14","16364","0","0","0","","NO","0.899"
"20261002","Food","Coffee & Tea","원두","맥널티커피","FC","38710870","맥널티 홀빈 커피원두, 콜롬비아 안데스 오리진 1kg, 1개","8804645005343","발주가능","정상","0","8","27","16364","0","0","0","","NO","0.899"
"20261002","Food","Coffee & Tea","원두","맥널티커피","FC","38710872","맥널티 홀빈 커피원두, 시그니처 블렌드 1kg, 1개","8804645005312","발주가능","정상","0","0","40","16364","0","0","0","","NO","0.899"
"20261002","Food","Coffee & Tea","원두","맥널티커피","FC","38813491","맥널티 홀빈 원두 1KG, 브라질 산토스 내추럴, 1개","8804645005350","발주가능","정상","0","9","203","11364","0","0","0","","NO","0.899"
"20261002","Food","Coffee & Tea","원두","맥널티커피","FC","38919334","맥널티 에티오피아 예가체프 홀빈 원두, 1kg, 1개","8804645006852","발주가능","정상","0","10","137","16364","0","0","0","","NO","0.899"
"20261002","Food","Coffee & Tea","원두","맥널티커피","FC","39616644","맥널티 예맨 모카 블렌드 커피 원두, 홀빈(분쇄안함), 500g, 1개","8804645006692","발주가능","정상","0","1","10","11400","0","0","0","","NO","0.899"
"20261002","Food","Coffee & Tea","원두","맥널티커피","FC","39616645","맥널티 시그니처 디카페인 커피 원두, 홀빈(분쇄안함), 500g, 1개","8804645006937","발주가능","정상","0","6","182","12545","0","0","0","","NO","0.899"
"20261002","Food","Coffee & Tea","원두","맥널티커피","FC","39616646","맥널티 게이샤 블렌드 커피 원두, 홀빈(분쇄안함), 500g, 1개","8804645006708","발주가능","정상","0","8","34","11400","0","0","0","","NO","0.899"
"20261002","Food","Coffee & Tea","원두","맥널티커피","FC","39616647","맥널티 하와이안 코나 블렌드 커피 원두, 홀빈(분쇄안함), 500g, 1개","8804645006685","발주가능","정상","0","1","51","11400","0","0","0","","NO","0.899"
"20261002","Food","Coffee & Tea","원두","맥널티커피","FC","48074657","맥널티 브라질 세라도 분쇄 원두 커피, 1개, 500g","8804645007262","발주가능","정상","0","12","82","9395","0","0","0","","NO","0.899"
"20261002","Food","Coffee & Tea","원두","맥널티커피","FC","48074658","맥널티 콜롬비아 안데스 분쇄 원두 커피, 1개, 500g","8804645007255","발주가능","정상","0","7","103","9986","0","0","0","","NO","0.899"
"20261002","Food","Coffee & Tea","원두","맥널티커피","FC","48074659","맥널티 에티오피아 예가체프 분쇄 원두 커피, 1개, 500g","8804645007231","발주가능","정상","0","7","95","9986","0","0","0","","NO","0.899"
"20261002","Food","Coffee & Tea","원두","맥널티커피","FC","58681130","콜롬비아 안데스 오리진 분쇄 커피 원두 1개 226g 핸드드립","8804645007552","발주가능","정상","0","4","17","7159","0","0","0","","NO","0.899"
"20261002","Food","Coffee & Tea","원두","맥널티커피","FC","58681131","브라질 산토스 오리진 분쇄 커피 원두, 226g, 1개, 핸드드립","8804645007545","발주가능","정상","0","3","18","7159","0","0","0","","NO","0.899"
"20261002","Food","Coffee & Tea","원두","맥널티커피","FC","58765769","게이샤 블렌드 분쇄 커피 원두, 1개, 226g, 핸드드립","8804645007514","발주가능","정상","0","2","34","7732","0","0","0","","NO","0.899"
"20261002","Food","Coffee & Tea","원두","맥널티커피","FC","58765770","디카페인 헤이즐넛향 분쇄 커피 원두, 1개, 226g, 핸드드립","8804645007538","발주가능","정상","0","9","121","8018","0","0","0","","NO","0.899"
"20261002","Food","Coffee & Tea","원두","맥널티커피","FC","58850533","하와이안 코나 블렌드 분쇄 커피 원두, 1개, 226g, 핸드드립","8804645007521","발주가능","정상","0","3","38","7732","0","0","0","","NO","0.899"
"20261002","Food","Coffee & Tea","원두","맥널티커피","FC","71777603","투비 다크 블랙 블렌드 홀빈 원두 커피, 1kg, 홀빈(분쇄안함), 1개","8804645007989","발주가능","정상","0","2","171","13115","0","0","0","","NO","0.899"
"20261002","Food","Coffee & Tea","원두","맥널티커피","FC","76697770","투비커피 너티초코 아메리카노 블렌드 홀빈 원두 커피, 1kg, 홀빈(분쇄안함), 1개","8804645008047","발주가능","정상","0","0","34","17125","0","0","0","","NO","0.899"
"20261002","Food","Coffee & Tea","원두","맥널티커피","FC","80661387","베트남 로부스타 G1 싱글오리진 커피 원두, 1개, 1kg","8804645006869","발주가능","정상","18","0","50","10741","0","0","0","","NO","0.899"
"20261002","Food","Coffee & Tea","원두","맥널티커피","FC","80686777","맥널티 투비 데일리 블렌드 홀빈 원두 커피 고소한 너티 로스팅, 1개, 1kg","8804645008023","발주가능","정상","0","0","45","15377","0","0","0","","NO","0.899"
"20261002","Food","Coffee & Tea","원두","맥널티커피","FC","80855134","맥널티 콜롬비아 수프리모 후일라 커피 원두, 1kg, 1개","8804645006432","발주가능","정상","0","0","30","25423","0","0","0","","NO","0.899"
"20261002","Food","Coffee & Tea","원두","맥널티커피","FC","80855137","맥널티 에티오피아 예가체프 G2 원두 1kg, 1개, 홀빈(분쇄안함)","8804645006449","발주가능","정상","0","3","19","22332","0","0","0","","NO","0.899"
"20261002","Food","Coffee & Tea","원두커피믹스","맥널티","FC","10003529","아이브루 클래식 100T","8804645002465","발주불가","규격 외","0","0","1","6068","0","0","0","","NO","0.596"
"20261002","Food","Coffee & Tea","원두커피믹스","맥널티","FC","11019882","맥널티 아이브루 다크 블렌드 200T","8804645003219","발주가능","정상","0","10","170","13096","0","0","0","","NO","0.596"
"20261002","Food","Coffee & Tea","원두커피믹스","맥널티커피","FC","11019883","맥널티 아이브루 모카 블랙 200T","8804645003226","발주가능","정상","0","5","194","11687","0","0","0","","NO","0.596"
"20261002","Food","Coffee & Tea","원두커피믹스","맥널티커피","FC","13777565","맥널티 아이브루 모카블랙 70T","8804645003912","발주가능","정상","0","0","35","6519","0","0","0","","NO","0.596"
"20261002","Food","Coffee & Tea","원두커피믹스","맥널티커피","SFJEJ2","15720531","콜롬비아 블랙 100개입","8804645002861","발주가능","정상","0","0","7","6345","0","0","0","","NO","0.596"
"20261002","Food","Coffee & Tea","원두커피믹스","맥널티커피","FC","15720531","콜롬비아 블랙 100개입","8804645002861","발주가능","정상","384","69","1006","6345","0","0","0","","NO","0.596"
"20261002","Food","Coffee & Tea","원두커피믹스","맥널티커피","FC","26477367","맥널티 리얼 에스프레소샷 블랙 액상스틱커피 15mlx30개입","8804645006029","발주가능","정상","160","16","294","7388","0","0","0","","NO","0.596"
"20261002","Food","Coffee & Tea","원두커피믹스","맥널티커피","FC","62672352","맥널티 아이브루 플러스 스위트 블랙 원두커피믹스 80개입 2.8g","8804645007620","발주가능","정상","0","1","33","7961","0","0","0","","NO","0.596"
"20261002","Food","Coffee & Tea","원두커피믹스","맥널티커피","FC","67975031","호랭이 커피 오곡향 블랙, 1개, 20개입, 1g","8804645007781","발주가능","정상","80","11","118","2806","0","0","0","","NO","0.596"
"20261002","Food","Coffee & Tea","원두커피믹스","맥널티커피","FC","71629331","맥널티 갓성비 아메리카노 블랙커피, 1개, 100개입, 2g","8804645007873","발주가능","정상","0","70","1090","8534","0","0","0","","NO","0.596"
"20261002","Food","Coffee & Tea","원두커피믹스","아이브루","FC","36903434","맥널티 아이브루 플러스 헤이즐넛 블랙커피 100개입","8804645006395","발주가능","정상","0","163","814","7623","0","0","0","","NO","0.596"
"20261002","Food","Coffee & Tea","원두커피믹스","아이브루","FC","36903435","맥널티 아이브루 플러스 오리지널 블랙커피 100개입","8804645006388","발주불가","규격 외","0","0","0","7623","0","0","0","","NO","0.596"
"20261002","Food","Coffee & Tea","원두커피믹스","아이브루","FC","46534985","아이브루 플러스 디카페인 아메리카노 블랙커피, 1개, 80개입, 80g","8804645007118","발주가능","정상","0","35","63","7964","0","0","0","","NO","0.596"
"20261002","Food","Coffee & Tea","원두커피믹스","아이브루","FC","56760693","아이브루 플러스 디카페인 블랙커피 헤이즐넛향 (1g x 80개입), 1개","8804645007453","발주가능","정상","240","75","577","7961","0","0","0","","NO","0.596"
"20261002","Food","Coffee & Tea","원두커피믹스","프라이빗클럽","FC","10837643","맥널티 병커피 헤이즐넛향 50gx10개","19311931309161","발주가능","정상","0","2","111","23000","0","0","0","","NO","0.596"
"20261002","Food","Coffee & Tea","원두커피믹스","프라이빗클럽","FC","12091997","Box_입소문난 아이리쉬 50G 10병","19311931311164","발주가능","정상","0","0","35","32309","0","0","0","","NO","0.596"
"20261002","Food","Coffee & Tea","원두커피믹스","프라이빗클럽","FC","52625820","맥널티 인스턴트 원두 병커피 에스프레소 블랙 50g 1개","9311931902167","발주가능","정상","70","50","85","3486","0","0","0","","NO","0.596"
"20261002","Food","Coffee & Tea","율무/견과차","맥널티","SFJEJ2","64842417","티브루 호박팥차 진액 10ml 30개입 1개","8804645007675","발주가능","정상","0","0","1","5259","0","0","0","","NO","0.718"
"20261002","Food","Coffee & Tea","율무/견과차","맥널티","FC","64842417","티브루 호박팥차 진액 10ml 30개입 1개","8804645007675","발주가능","정상","0","69","2582","5259","0","0","0","","NO","0.718"
"20261002","Food","Coffee & Tea","율무/견과차","맥널티","SFDCH1","64842417","티브루 호박팥차 진액 10ml 30개입 1개","8804645007675","발주가능","정상","0","0","2","5259","0","0","0","","NO","0.718"
"20261002","Food","Coffee & Tea","율무/견과차","맥널티커피","FC","39149735","맥널티 스테비아 제로슈가 호두 아몬드 율무차, 1개, 30개입, 450g","8804645006906","발주가능","정상","0","3","498","6815","0","0","0","","NO","0.718"
"20261002","Food","Coffee & Tea","차세트","맥널티커피","FC","78654824","맥널티 스테비아 전통차 선물세트, 1세트, 율무차(30개) + 쌍화차(30개)","8804645008092","발주가능","정상","0","0","266","19091","0","0","0","","NO","0.902"
"20261002","Food","Coffee & Tea","커피믹스","맥널티커피","FC","45571","맥널티_ 자메이카 블루마운틴 블렌드_226G","8804645100215","발주가능","정상","0","58","993","5000","0","0","0","","NO","0.726"
"20261002","Food","Coffee & Tea","커피믹스","맥널티커피","RC","25240400","맥널티 스테비아 커피믹스 100개입","8804645006067","발주가능","정상","0","0","1080","12941","0","0","0","","NO","0.726"
"20261002","Food","Coffee & Tea","커피믹스","맥널티커피","FC","25240400","맥널티 스테비아 커피믹스 100개입","8804645006067","발주가능","정상","0","69","792","12941","0","0","0","","NO","0.726"
"20261002","Food","Coffee & Tea","커피믹스","맥널티커피","SFJEJ2","25240400","맥널티 스테비아 커피믹스 100개입","8804645006067","발주가능","정상","0","0","5","12941","0","0","0","","NO","0.726"
"20261002","Food","Coffee & Tea","커피믹스","맥널티커피","SFSPA3","25240400","맥널티 스테비아 커피믹스 100개입","8804645006067","발주가능","정상","0","0","2","12941","0","0","0","","NO","0.726"
"20261002","Food","Coffee & Tea","커피믹스","맥널티커피","FC","25240402","맥널티 스테비아 커피믹스 30개입","8804645006074","발주가능","정상","144","35","491","4827","0","0","0","","NO","0.726"
"20261002","Food","Coffee & Tea","커피믹스","맥널티커피","FC","29461862","맥널티 아메리카노 아이스 블랙 100개입","8804645006081","발주가능","정상","0","26","252","5850","0","0","0","","NO","0.726"
"20261002","Food","Coffee & Tea","커피믹스","맥널티커피","FC","38933766","맥널티커피 스테비아 디카페인 커피믹스, 1개, 100개입 9.5g","8804645006890","발주가능","정상","56","70","747","15979","0","0","0","","NO","0.726"
"20261002","Food","Coffee & Tea","커피믹스","맥널티커피","SFJEJ2","38933766","맥널티커피 스테비아 디카페인 커피믹스, 1개, 100개입 9.5g","8804645006890","발주가능","정상","0","0","3","15979","0","0","0","","NO","0.726"
"20261002","Food","Coffee & Tea","커피믹스","맥널티커피","FC","40806729","맥널티 스테비아 디카페인 커피믹스, 1개, 30개입, 285g","8804645006777","발주가능","정상","0","31","752","5670","0","0","0","","NO","0.726"
"20261002","Food","Coffee & Tea","커피믹스","맥널티커피","FC","46730880","산양유 단백질 프로틴 스테비아 커피믹스, 1개, 30개입, 300g","8804645007194","발주가능","정상","0","0","0","6243","0","0","0","","YES","0.726"
"20261002","Food","Coffee & Tea","커피믹스","맥널티커피","FC","47303765","산양유 단백질 프로틴 스테비아 커피믹스, 1개, 100개입, 1000g","8804645007187","발주가능","정상","0","3","105","19988","0","0","0","","NO","0.726"
"20261002","Food","Coffee & Tea","커피믹스","맥널티커피","FC","56214466","맥널티커피 아이브루 바닐라 라떼,12g x 100개입(스틱), 1200g , 1개","8804645007460","발주가능","정상","0","8","53","12543","0","0","0","","NO","0.726"
"20261002","Food","Coffee & Tea","커피믹스","맥널티커피","FC","56214467","맥널티커피 아이브루 카라멜 마끼아또, 12g x 100개입(스틱), 1200g , 1개","8804645007484","발주가능","정상","0","6","86","12543","0","0","0","","NO","0.726"
"20261002","Food","Coffee & Tea","커피믹스","맥널티커피","FC","63447822","스테비아 커피믹스 헤이즐넛향 9.5g 30개입 1개","8804645007637","발주가능","정상","96","22","250","4827","0","0","0","","NO","0.726"
"20261002","Food","Coffee & Tea","커피믹스","맥널티커피","FC","64859139","맥널티 스테비아 솔티드 카라멜 커피믹스 10g 1개 30개입","8804645007668","발주가능","정상","0","4","63","5670","0","0","0","","NO","0.726"
"20261002","Food","Coffee & Tea","커피믹스","맥널티커피","FC","69526598","맥널티 갓성비 제로슈가 커피믹스, 1개, 80개입, 9g","8804645007842","발주가능","정상","0","33","560","8805","0","0","0","","NO","0.726"
"20261002","Food","Coffee & Tea","커피믹스","맥널티커피","FC","69634259","맥널티커피 스테비아 커피믹스 헤이즐넛향, 9.5g, 100개입, 1개","8804645007811","발주가능","정상","8","10","20","14261","0","0","0","","NO","0.726"
"20261002","Food","Coffee & Tea","커피믹스","맥널티커피","FC","71115721","호랭이 커피믹스 고소한 오곡향, 1개, 160개입, 9.5g","8804645007880","발주가능","정상","12","5","61","14261","0","0","0","","NO","0.726"
"20261002","Food","Coffee & Tea","커피믹스","맥널티커피","FC","71115722","호랭이 커피믹스 고소한 오곡향, 1개, 20개입, 9.5g","8804645007897","발주가능","정상","0","10","56","2806","0","0","0","","NO","0.726"
"20261002","Food","Coffee & Tea","커피믹스","맥널티커피","FC","80881317","맥널티 갓성비 더블샷 라떼, 1개, 50개입, 14.9g","8804645008054","발주가능","신규","92","0","92","9986","0","0","0","","YES","0.726"
"20261002","Food","Coffee & Tea","커피믹스","아이브루","SFSPA3","2341900","맥널티 iBrew 미니 헤이즐넛향 200개입(200g)","8804645000515","발주가능","정상","0","1","5","9917","0","0","0","","NO","0.726"
"20261002","Food","Coffee & Tea","커피믹스","아이브루","SFODD2","2341900","맥널티 iBrew 미니 헤이즐넛향 200개입(200g)","8804645000515","발주가능","정상","0","0","2","9917","0","0","0","","NO","0.726"
"20261002","Food","Coffee & Tea","커피믹스","아이브루","RC","2341900","맥널티 iBrew 미니 헤이즐넛향 200개입(200g)","8804645000515","발주가능","정상","0","0","360","9917","0","0","0","","NO","0.726"
"20261002","Food","Coffee & Tea","커피믹스","아이브루","FC","2341900","맥널티 iBrew 미니 헤이즐넛향 200개입(200g)","8804645000515","발주가능","정상","0","53","984","9917","0","0","0","","NO","0.726"
"20261002","Food","Coffee & Tea","커피믹스","아이브루","FC","3067423","아이브루 헤이즐넛향 70개입","8804645000706","발주가능","정상","0","14","351","4025","0","0","0","","NO","0.726"
"20261002","Food","Coffee & Tea","커피믹스","아이브루","FC","3067424","아이브루 케냐AA 블렌드 70개입","8804645000690","발주가능","정상","0","4","52","6205","0","0","0","","NO","0.726"
"20261002","Food","Coffee & Tea","커피믹스","아이브루","FC","3067425","아이브루 예가체프 블렌드 70개입","8804645000683","발주가능","정상","0","1","14","6205","0","0","0","","NO","0.726"
"20261002","Food","Coffee & Tea","커피믹스","프라이빗클럽","FC","3067426","인스턴트 병커피 아이리쉬크림 50g","9311931901160","발주가능","정상","40","10","128","3322","0","0","0","","NO","0.726"
"20261002","Food","Coffee & Tea","커피믹스","프라이빗클럽","FC","3067428","인스턴트 병커피 헤이즐넛향 50g","9311931105162","발주가능","정상","0","145","2357","2300","0","0","0","","NO","0.726"
"20261002","Food","Coffee & Tea","커피세트","맥널티커피","FC","26870612","맥널티 핸드드립 버라이어티세트 30개입","8804645006258","발주가능","정상","0","4","1074","9395","0","0","0","","NO","0.899"
"20261002","Food","Coffee & Tea","커피세트","맥널티커피","FC","54651094","인스턴트 원두 병커피 맥널티커피 선물세트 50g x 4개입(에스프레소 2병+헤이즐넛 2병), 1세트","8804645007408","발주가능","정상","0","0","0","15305","0","0","0","","YES","0.899"
"20261002","Food","Drinks","과일음료","맥널티커피","SFJEJ2","24752132","청포도 에이드 190mL 10팩","8804645005893","발주가능","정상","0","0","2","3486","0","0","0","","NO","0.796"
"20261002","Food","Drinks","과일음료","맥널티커피","RC","24752132","청포도 에이드 190mL 10팩","8804645005893","발주가능","정상","0","0","273","3486","0","0","0","","NO","0.796"
"20261002","Food","Drinks","과일음료","맥널티커피","FC","24752132","청포도 에이드 190mL 10팩","8804645005893","발주가능","정상","0","13","172","3486","0","0","0","","NO","0.796"
"20261002","Food","Drinks","과일음료","맥널티커피","FC","24752250","블루레몬 에이드 190mL 10팩","8804645005909","발주가능","정상","0","5","292","3486","0","0","0","","NO","0.796"
"20261002","Food","Drinks","과일음료","맥널티커피","RC","24752250","블루레몬 에이드 190mL 10팩","8804645005909","발주가능","정상","0","0","237","3486","0","0","0","","NO","0.796"
"20261002","Food","Drinks","과일음료","맥널티커피","FC","45580036","맥널티 청매실 에이드 190ml*10개입","8804645007071","발주가능","정상","0","16","180","3486","0","0","0","","NO","0.796"
"20261002","Food","Drinks","농축액(음료베이스)","맥널티","FC","51983601","물 한방울 섞이지 않은 김토끼 유기농 레몬즙, 10개, 20g","8804645007361","발주가능","정상","0","0","42","4077","0","0","0","","NO","0.712"
"20261002","Food","Drinks","농축액(음료베이스)","맥널티","FC","58338694","티브루 보리차 원액 간편 액상스틱 진액, 30개, 10ml","8804645007590","발주가능","정상","0","99","834","5259","0","0","0","","NO","0.712"
"20261002","Food","Drinks","농축액(음료베이스)","맥널티","FC","58338695","티브루 옥수수수염차 원액 간편 액상스틱 진액, 30개, 10ml","8804645007606","발주가능","정상","0","19","457","5259","0","0","0","","NO","0.712"
"20261002","Food","Drinks","농축액(음료베이스)","맥널티","FC","58338696","티브루 헛개수 원액 간편 액상스틱 진액, 30개, 10ml","8804645007613","발주가능","정상","0","43","177","5259","0","0","0","","NO","0.712"
"20261002","Food","Drinks","농축액(음료베이스)","맥널티커피","FC","62882483","티브루 보리차 진액, 1개, 400g","8804645007651","발주가능","정상","20","10","54","7623","0","0","0","","NO","0.712"
"20261002","Food","Drinks","농축액(음료베이스)","맥널티커피","FC","71636537","맥널티 티브루 호박팥차 무라벨, 20개, 500ml","8804645007934","발주가능","정상","0","20","836","8795","0","0","0","","NO","0.712"
"20261002","Food","Drinks","야채음료","맥널티커피","FC","48914233","맥널티 유자 에이드 190ml 10개","8804645007217","발주가능","정상","0","15","161","3486","0","0","0","","NO","0.616"
"20261002","Food","Drinks","차음료","맥널티커피","FC","24752251","복숭아 아이스티 190mL 10팩","8804645005886","발주가능","정상","0","27","658","3486","0","0","0","","NO","0.682"
"20261002","Food","Drinks","차음료","맥널티커피","SFDCH1","24752251","복숭아 아이스티 190mL 10팩","8804645005886","발주가능","정상","0","0","2","3486","0","0","0","","NO","0.682"
"20261002","Food","Drinks","차음료","맥널티커피","FC","24944267","맥널티 허니자몽 블랙티 대용량 파우치 1Lx6입","18804645005951","발주가능","정상","0","1","40","10252","0","0","0","","NO","0.682"
"20261002","Food","Drinks","차음료","맥널티커피","FC","24944268","맥널티 복숭아 아이스티 대용량 파우치 1Lx6입","18804645005944","발주가능","정상","0","2","121","10252","0","0","0","","NO","0.682"
"20261002","Food","Drinks","차음료","맥널티커피","FC","26889711","맥널티 제로칼로리 복숭아 아이스티 500ml 24입","18804645006101","발주가능","정상","0","7","229","12205","0","0","0","","NO","0.682"
"20261002","Food","Drinks","차음료","맥널티커피","FC","36669698","제로 아이스티 복숭아, 30개입, 13g","8804645006791","발주가능","정상","0","5","72","5850","0","0","0","","NO","0.682"
"20261002","Food","Drinks","차음료","맥널티커피","FC","36829225","맥널티 제로칼로리 청포도 아이스티 500mlx24입,","18804645006538","발주가능","정상","0","0","58","12205","0","0","0","","NO","0.682"
"20261002","Food","Drinks","차음료","맥널티커피","FC","36829226","제로 아이스티 청포도, 30개입, 13g 1개","8804645006807","발주가능","정상","0","3","57","5850","0","0","0","","NO","0.682"
"20261002","Food","Drinks","차음료","맥널티커피","FC","38262417","복숭아 아이스티 제로, 6개, 1L","18804645006873","발주가능","정상","0","0","27","10577","0","0","0","","NO","0.682"
"20261002","Food","Drinks","차음료","맥널티커피","FC","40520042","맥널티커피 복숭아 아이스티 제로 RTD, 30개, 240ml","18804645006835","발주가능","정상","0","4","229","8795","0","0","0","","NO","0.682"
"20261002","Food","Drinks","차음료","맥널티커피","SFSPA3","61673272","맥널티커피 복숭아 아이스티 제로, 1.5L, 1개","8804645006739","발주가능","정상","0","0","15","1364","0","0","0","","NO","0.682"
"20261002","Food","Drinks","차음료","맥널티커피","FC","61673272","맥널티커피 복숭아 아이스티 제로, 1.5L, 1개","8804645006739","발주가능","정상","0","143","920","1364","0","0","0","","NO","0.682"
"20261002","Food","Drinks","차음료","맥널티커피","RC","61673272","맥널티커피 복숭아 아이스티 제로, 1.5L, 1개","8804645006739","발주가능","정상","0","0","1872","1364","0","0","0","","NO","0.682"
"20261002","Food","Drinks","차음료","맥널티커피","SFSPA3","73944650","맥널티 복숭아 아이스티 대용량 파우치, 1개, 2.1L","8804645007965","발주가능","정상","0","0","0","2413","0","0","0","","NO","0.682"
"20261002","Food","Drinks","차음료","맥널티커피","FC","73944650","맥널티 복숭아 아이스티 대용량 파우치, 1개, 2.1L","8804645007965","발주가능","정상","40","132","951","2413","0","0","0","","NO","0.682"
"20261002","Food","Drinks","차음료","맥널티커피","RC","73944650","맥널티 복숭아 아이스티 대용량 파우치, 1개, 2.1L","8804645007965","발주가능","정상","0","0","396","2413","0","0","0","","NO","0.682"
"20261002","Food","Drinks","차음료","맥널티커피","SFJEJ2","73944650","맥널티 복숭아 아이스티 대용량 파우치, 1개, 2.1L","8804645007965","발주가능","정상","0","0","3","2413","0","0","0","","NO","0.682"
"20261002","Food","Drinks","차음료","맥널티커피","FC","75850021","맥널티 허니자몽 블랙티, 1L, 1개","8804645005954","발주가능","정상","42","18","105","1714","0","0","0","","NO","0.682"
"20261002","Food","Drinks","커피음료","맥널티커피","FC","24695530","아이스 헤이즐넛향 커피 190mL 10팩","8804645005879","발주가능","정상","0","31","423","3486","0","0","0","","NO","0.693"
"20261002","Food","Drinks","커피음료","맥널티커피","SFJEJ2","24695530","아이스 헤이즐넛향 커피 190mL 10팩","8804645005879","발주가능","정상","0","1","1","3486","0","0","0","","NO","0.693"
"20261002","Food","Drinks","커피음료","맥널티커피","FC","24695531","아이스 아메리카노 스위트 190mL 10팩","8804645005862","발주가능","정상","0","18","415","3486","0","0","0","","NO","0.693"
"20261002","Food","Drinks","커피음료","맥널티커피","SFSPA3","24695531","아이스 아메리카노 스위트 190mL 10팩","8804645005862","발주가능","정상","0","0","6","3486","0","0","0","","NO","0.693"
"20261002","Food","Drinks","커피음료","맥널티커피","SFJEJ2","24695531","아이스 아메리카노 스위트 190mL 10팩","8804645005862","발주가능","정상","0","0","0","3486","0","0","0","","NO","0.693"
"20261002","Food","Drinks","커피음료","맥널티커피","RC","24695531","아이스 아메리카노 스위트 190mL 10팩","8804645005862","발주가능","정상","0","0","546","3486","0","0","0","","NO","0.693"
"20261002","Food","Drinks","커피음료","맥널티커피","SFODD2","24695532","아이스 아메리카노 블랙 190mL 10팩","8804645005855","발주가능","정상","0","0","1","3486","0","0","0","","NO","0.693"
"20261002","Food","Drinks","커피음료","맥널티커피","RC","24695532","아이스 아메리카노 블랙 190mL 10팩","8804645005855","발주가능","정상","0","0","273","3486","0","0","0","","NO","0.693"
"20261002","Food","Drinks","커피음료","맥널티커피","FC","24695532","아이스 아메리카노 블랙 190mL 10팩","8804645005855","발주가능","정상","0","23","244","3486","0","0","0","","NO","0.693"
"20261002","Food","Drinks","커피음료","맥널티커피","FC","25484251","맥널티커피 아메리카노 스위트 1Lx6입","18804645005920","발주가능","정상","0","5","51","10252","0","0","0","","NO","0.693"
"20261002","Food","Drinks","커피음료","맥널티커피","FC","25484255","맥널티 아이스 아메리카노 블랙커피 대용량 파우치 1Lx6입","18804645005913","발주가능","정상","0","3","21","10252","0","0","0","","NO","0.693"
"20261002","Food","Drinks","커피음료","맥널티커피","FC","25484257","맥널티 아이스 헤이즐넛향 커피 대용량 파우치 1Lx6입","18804645005937","발주가능","정상","0","3","32","10252","0","0","0","","NO","0.693"
"20261002","Food","Drinks","커피음료","맥널티커피","FC","48466205","맥널티 대용량 제로슈가 스테비아 믹스커피 음료, 12개, 1L","18804645007290","발주가능","정상","0","6","161","17067","0","0","0","","NO","0.693"
"20261002","Food","Drinks","커피음료","맥널티커피","FC","54922706","맥널티 대용량 제로슈가 스테비아 믹스커피 음료, 1L, 6개","8804645007323","발주가능","정상","0","111","484","8805","0","0","0","","NO","0.693"
"20261002","Food","Drinks","커피음료","맥널티커피","FC","68778940","맥널티 아이브루 아메리카노 블랙커피 12개 1L","18804645007306","발주가능","정상","0","166","2039","12205","0","0","0","","NO","0.693"
"20261002","Food","Drinks","커피음료","맥널티커피","RC","68778940","맥널티 아이브루 아메리카노 블랙커피 12개 1L","18804645007306","발주가능","정상","0","0","400","12205","0","0","0","","NO","0.693"
"20261002","Food","Drinks","커피음료","맥널티커피","FC","68778941","맥널티 아이브루 헤이즐넛향 블랙커피 12개 1L","18804645007504","발주가능","정상","0","49","372","12205","0","0","0","","NO","0.693"
"20261002","Food","Drinks","커피음료","맥널티커피","FC","68778942","아이브루 아메리카노 블랙커피 무라벨 400ML 20개","8804645007491","발주가능","정상","0","173","1888","12205","0","0","0","","NO","0.693"
"20261002","Food","Drinks","커피음료","맥널티커피","SFSPA3","73951791","맥널티 아이스 아메리카노 블랙 커피 대용량 파우치, 1개, 2.1L","8804645007958","발주가능","정상","0","0","0","2413","0","0","0","","NO","0.693"
"20261002","Food","Drinks","커피음료","맥널티커피","SFDCH1","73951791","맥널티 아이스 아메리카노 블랙 커피 대용량 파우치, 1개, 2.1L","8804645007958","발주가능","정상","0","1","0","2413","0","0","0","","NO","0.693"
"20261002","Food","Drinks","커피음료","맥널티커피","SFJEJ2","73951791","맥널티 아이스 아메리카노 블랙 커피 대용량 파우치, 1개, 2.1L","8804645007958","발주가능","정상","0","0","0","2413","0","0","0","","NO","0.693"
"20261002","Food","Drinks","커피음료","맥널티커피","FC","73951791","맥널티 아이스 아메리카노 블랙 커피 대용량 파우치, 1개, 2.1L","8804645007958","발주가능","정상","0","425","1714","2413","0","0","0","","NO","0.693"
"20261002","Food","Drinks","커피음료","맥널티커피","RC","73951791","맥널티 아이스 아메리카노 블랙 커피 대용량 파우치, 1개, 2.1L","8804645007958","발주가능","정상","0","0","7328","2413","0","0","0","","NO","0.693"
"20261002","Food","Drinks","커피음료","맥널티커피","SFSPA3","75683093","맥널티 아이스 아메리카노 블랙 1리터, 1L, 1개","8804645005916","발주가능","정상","0","0","1","1714","0","0","0","","NO","0.693"
"20261002","Food","Drinks","커피음료","맥널티커피","SFJEJ2","75683093","맥널티 아이스 아메리카노 블랙 1리터, 1L, 1개","8804645005916","발주가능","정상","0","0","1","1714","0","0","0","","NO","0.693"
"20261002","Food","Drinks","커피음료","맥널티커피","FC","75683093","맥널티 아이스 아메리카노 블랙 1리터, 1L, 1개","8804645005916","발주가능","정상","0","45","802","1714","0","0","0","","NO","0.693"
"20261002","Food","Drinks","커피음료","맥널티커피","FC","75694561","맥널티커피 아이스 아메리카노 헤이즐넛, 1개, 1L","8804645005930","발주가능","정상","0","16","1341","1714","0","0","0","","NO","0.693"
"20261002","Food","Drinks","커피음료","맥널티커피","FC","75765043","맥널티 아이스아메리카노 스위트, 1개, 1L","8804645005923","발주가능","정상","0","62","966","1714","0","0","0","","NO","0.693"
"20261002","Food","Drinks","커피음료","맥널티커피","FC","76540319","맥널티 호랭이 마일드 라떼 캔커피, 30개, 175ml","18804645008013","발주가능","정상","0","99","587","8523","0","0","0","","NO","0.693"
"20261002","Food","Drinks","커피음료","맥널티커피","FC","77572705","맥널티 아이스 아메리카노 헤이즐넛, 1개, 2.1L","8804645008030","발주가능","정상","0","214","1829","2413","0","0","0","","NO","0.693"
"20261002","Food","Drinks","커피음료","맥널티커피","SFJEJ2","77572705","맥널티 아이스 아메리카노 헤이즐넛, 1개, 2.1L","8804645008030","발주가능","정상","0","0","12","2413","0","0","0","","NO","0.693"
"20261002","Food","Drinks","커피음료","맥널티커피","RC","77572705","맥널티 아이스 아메리카노 헤이즐넛, 1개, 2.1L","8804645008030","발주가능","정상","0","0","0","2413","0","0","0","","NO","0.693"
"20261002","Food","Drinks","커피음료","아이브루","FC","70253954","아이브루 디카페인 아메리카노 블랙커피 무라벨, 20개, 400ml","8804645007903","발주가능","정상","0","41","537","13500","0","0","0","","NO","0.693"
"20261002","Kitchen","Tools & Gadgets","드립주전자/포트","맥널티커피","FC","15333511","맥널티 드립 주전자 350ml","8804645004490","발주가능","정상","104","2","233","5044","0","0","0","","NO","0.792"
"20261002","Kitchen","Tools & Gadgets","커피필터/여과지","맥널티","FC","12491225","맥널티 핸드드립 커피필터 30개입","8804645300950","발주가능","정상","640","71","1251","2642","0","0","0","","NO","0.514"
"20261002","Kitchen","Tools & Gadgets","커피필터/여과지","맥널티","SFJEJ2","12491225","맥널티 핸드드립 커피필터 30개입","8804645300950","발주가능","정상","0","0","6","2642","0","0","0","","NO","0.514"
"20261002","Kitchen","Tools & Gadgets","커피필터/여과지","맥널티커피","FC","80552849","맥널티 천연펄프 무표백 핸드드립 커피필터 여과지(2~4인용), 1개, 100개입","8804645000010","발주가능","정상","109","2","107","2418","0","0","0","","YES","0.514"
"20261001","CE","Kitchen Appliance","커피머신","맥널티커피","FC","31602405","맥널티 2in1 핫앤콜드 진공추출 커피메이커 MCM-065B MCM-065B","8804645006296","발주가능","정상","0","1","11","30859","0","0","0","","NO","0.802"
"20261001","Food","Coffee & Tea","기타전통차","맥널티커피","FC","39149736","맥널티 스테비아 침향 쌍화차, 1개, 30개입, 450g","8804645006913","발주가능","정상","128","0","216","8536","1","1","0","","NO","0.725"
"20261001","Food","Coffee & Tea","기타전통차","맥널티커피","FC","41175263","맥널티커피 스테비아 꿀 유자차, 1개, 30개입, 450g","8804645006951","발주가능","정상","360","9","439","7388","1","1","0","","NO","0.725"
"20261001","Food","Coffee & Tea","둥글레/옥수수/보리/결명자차","맥널티커피","FC","76230458","맥널티 진 보리차 1개 1kg","8804645007996","발주가능","정상","0","0","20","15209","0","0","0","","NO","0.612"
"20261001","Food","Coffee & Tea","드립백/티백","맥널티","FC","3067432","산지별 콜롬비아 슈프리모 핸드드립커피 7개입","8804645000324","발주가능","정상","0","7","170","3043","0","0","0","","NO","0.731"
"20261001","Food","Coffee & Tea","드립백/티백","맥널티","FC","10003518","케냐 AA 핸드드립 블렌드 24개입","8804645000720","발주가능","정상","0","21","247","6068","1","1","0","","NO","0.731"
"20261001","Food","Coffee & Tea","드립백/티백","맥널티커피","FC","3067429","산지별 브라질 세라도 NY2 핸드드립커피 7개입","8804645000300","발주가능","정상","0","1","59","2887","0","0","0","","NO","0.731"
"20261001","Food","Coffee & Tea","드립백/티백","맥널티커피","FC","3067430","산지별 케냐 AA 핸드드립커피 7개입","8804645000355","발주가능","정상","0","1","137","3062","0","0","0","","NO","0.731"
"20261001","Food","Coffee & Tea","드립백/티백","맥널티커피","FC","3067433","산지별 에티오피아 코케 허니 핸드드립커피 7개입","8804645000348","발주가능","정상","0","6","87","2910","0","0","0","","NO","0.731"
"20261001","Food","Coffee & Tea","드립백/티백","맥널티커피","FC","3067434","산지별 에티오피아 예가체프 핸드드립커피 7개입","8804645000331","발주가능","정상","0","4","45","3184","0","0","0","","NO","0.731"
"20261001","Food","Coffee & Tea","드립백/티백","맥널티커피","FC","10003517","콜롬비아 핸드드립 블렌드 24개입","8804645000713","발주가능","정상","0","21","150","8534","0","0","0","","NO","0.731"
"20261001","Food","Coffee & Tea","드립백/티백","맥널티커피","FC","23400108","맥널티 디카페인100% 핸드드립 원두커피 24개입","8804645005732","발주가능","정상","0","19","87","9395","0","0","0","","NO","0.731"
"20261001","Food","Coffee & Tea","드립백/티백","맥널티커피","FC","37713094","맥널티 핸드드립커피 케냐AA(더블에이) 36개입, 8g, 1개","8804645006616","발주가능","정상","0","7","55","11759","0","0","0","","NO","0.731"
"20261001","Food","Coffee & Tea","드립백/티백","맥널티커피","FC","37713095","맥널티 핸드드립커피 에티오피아 예가체프 36개입, 8g, 1개","8804645006623","발주가능","정상","0","1","44","10577","0","0","0","","NO","0.731"
"20261001","Food","Coffee & Tea","드립백/티백","맥널티커피","FC","41391235","맥널티 행복을주는커피 시그니처 블렌드 핸드드립 커피 20개입, 1개, 8g","8804645003653","발주가능","정상","0","2","63","6795","0","0","0","","NO","0.731"
"20261001","Food","Coffee & Tea","드립백/티백","맥널티커피","FC","62821923","맥널티 핸드드립 커피 에티오피아 예가체프 8g 24개입 1개","8804645006920","발주가능","정상","42","2","73","9679","1","1","0","","NO","0.731"
"20261001","Food","Coffee & Tea","드립백/티백","맥널티커피","FC","68147033","베니스브루 스페셜티 핸드드립 가향 커피 오렌지 벨벳, 1개, 7개입, 12g","8804645007712","발주가능","정상","0","0","14","5143","0","0","0","","NO","0.731"
"20261001","Food","Coffee & Tea","드립백/티백","맥널티커피","FC","68147034","베니스브루 스페셜티 핸드드립 가향 커피 쇼콜라 모카, 1개, 7개입, 12g","8804645007729","발주가능","정상","0","2","11","5143","0","0","0","","NO","0.731"
"20261001","Food","Coffee & Tea","드립백/티백","맥널티커피","FC","68777449","베니스브루 베리 블로썸 드립백 커피 12g 1개 7개입","8804645007705","발주가능","정상","0","0","23","5143","0","0","0","","NO","0.731"
"20261001","Food","Coffee & Tea","라떼분말","맥널티커피","FC","34834818","맥널티 스테비아 제로슈가 핫초코 라떼 30개입 15g","8804645006340","발주가능","정상","1260","32","1688","7500","1","1","0","","NO","0.604"
"20261001","Food","Coffee & Tea","라떼분말","맥널티커피","FC","51063548","스테비아 단백질 옥수수 크림 라떼, 1개, 20개입, 18g","8804645007330","발주가능","정상","36","1","58","5850","1","1","0","","NO","0.604"
"20261001","Food","Coffee & Tea","라떼분말","맥널티커피","FC","51164938","스테비아 단백질 고구마 크림 라떼, 1개, 20개입, 18g","8804645007347","발주가능","정상","84","2","97","5850","1","1","0","","NO","0.604"
"20261001","Food","Coffee & Tea","원두","N_A","FC","76443755","맥널티 브라질 세라도 NY.2 원두 1kg, 1개","8804645006425","발주가능","정상","0","0","206","17609","0","0","0","","NO","0.899"
"20261001","Food","Coffee & Tea","원두","맥널티커피","RC","45570","맥널티_헤이즐넛원두분쇄커피_226G","8804645100208","발주가능","정상","0","0","2176","5000","0","0","0","","NO","0.899"
"20261001","Food","Coffee & Tea","원두","맥널티커피","FC","45570","맥널티_헤이즐넛원두분쇄커피_226G","8804645100208","발주가능","정상","0","114","1494","5000","0","0","0","","NO","0.899"
"20261001","Food","Coffee & Tea","원두","맥널티커피","SFSPA3","45570","맥널티_헤이즐넛원두분쇄커피_226G","8804645100208","발주가능","정상","0","2","0","5000","0","0","0","","NO","0.899"
"20261001","Food","Coffee & Tea","원두","맥널티커피","SFJEJ2","45570","맥널티_헤이즐넛원두분쇄커피_226G","8804645100208","발주가능","정상","0","0","4","5000","0","0","0","","NO","0.899"
"20261001","Food","Coffee & Tea","원두","맥널티커피","FC","45572","맥널티_헤이즐넛원두분쇄커피_500G","8804645100468","발주가능","정상","0","48","654","7960","0","0","0","","NO","0.899"
"20261001","Food","Coffee & Tea","원두","맥널티커피","SFSPA3","45572","맥널티_헤이즐넛원두분쇄커피_500G","8804645100468","발주가능","정상","0","1","4","7960","0","0","0","","NO","0.899"
"20261001","Food","Coffee & Tea","원두","맥널티커피","RC","45572","맥널티_헤이즐넛원두분쇄커피_500G","8804645100468","발주가능","정상","0","0","640","7960","0","0","0","","NO","0.899"
"20261001","Food","Coffee & Tea","원두","맥널티커피","FC","45573","맥널티_블루마운틴스타일원두분쇄커피_500G","8804645100451","발주가능","정상","0","25","1717","11091","0","0","0","","NO","0.899"
"20261001","Food","Coffee & Tea","원두","맥널티커피","FC","5344648","맥널티 원두 에스프레소 블랙 1개, 1kg","8804645001239","발주불가","단종","0","0","1","9156","0","0","0","","YES","0.899"
"20261001","Food","Coffee & Tea","원두","맥널티커피","FC","10147177","맥널티 홀빈 블루마운틴 1000g","8804645006302","발주가능","정상","0","25","94","15715","0","0","0","","NO","0.899"
"20261001","Food","Coffee & Tea","원두","맥널티커피","FC","10147180","맥널티 행복을 주는 커피 헤이즐넛향 1kg 홀빈","8804645100185","발주가능","정상","0","23","93","15244","0","0","0","","NO","0.899"
"20261001","Food","Coffee & Tea","원두","맥널티커피","RC","10812901","맥널티 베트남 로부스타 원두커피 1kg","8804645003066","발주가능","정상","0","0","400","11700","0","0","0","","NO","0.899"
"20261001","Food","Coffee & Tea","원두","맥널티커피","FC","10812901","맥널티 베트남 로부스타 원두커피 1kg","8804645003066","발주가능","정상","0","19","488","11700","0","0","0","","NO","0.899"
"20261001","Food","Coffee & Tea","원두","맥널티커피","FC","11849981","행복을 주는 커피 블루마운틴 블렌드 분쇄 원두 커피 1kg","8804645003486","발주가능","정상","0","17","90","16364","0","0","0","","NO","0.899"
"20261001","Food","Coffee & Tea","원두","맥널티커피","FC","12521866","맥널티 행복을 주는 커피 시그니처 헤이즐넛향 원두 커피 1Kg","8804645003493","발주가능","정상","0","34","303","16364","0","0","0","","NO","0.899"
"20261001","Food","Coffee & Tea","원두","맥널티커피","RC","12521866","맥널티 행복을 주는 커피 시그니처 헤이즐넛향 원두 커피 1Kg","8804645003493","발주가능","정상","0","0","216","16364","0","0","0","","NO","0.899"
"20261001","Food","Coffee & Tea","원두","맥널티커피","FC","13277718","맥널티 행복을 주는 커피 브라질 산토스 1kg","8804645003936","발주가능","정상","0","12","76","14091","0","0","0","","NO","0.899"
"20261001","Food","Coffee & Tea","원두","맥널티커피","FC","13277719","맥널티 행복을 주는 커피 콜롬비아 블렌드 1kg","8804645003929","발주가능","정상","0","34","245","15599","0","0","0","","NO","0.899"
"20261001","Food","Coffee & Tea","원두","맥널티커피","FC","37733154","맥널티 원두 홀빈(분쇄안함) 마일드 미디움 블렌드 200g, 1개","8804645005374","발주가능","정상","0","0","16","5791","0","0","0","","NO","0.899"
"20261001","Food","Coffee & Tea","원두","맥널티커피","FC","38710869","맥널티 홀빈 커피원두, 마일드 미디움 블렌드 1kg, 1개","8804645005329","발주가능","정상","0","0","14","16364","0","0","0","","NO","0.899"
"20261001","Food","Coffee & Tea","원두","맥널티커피","FC","38710870","맥널티 홀빈 커피원두, 콜롬비아 안데스 오리진 1kg, 1개","8804645005343","발주가능","정상","12","4","35","16364","1","1","0","","NO","0.899"
"20261001","Food","Coffee & Tea","원두","맥널티커피","FC","38710872","맥널티 홀빈 커피원두, 시그니처 블렌드 1kg, 1개","8804645005312","발주가능","정상","0","7","40","16364","0","0","0","","NO","0.899"
"20261001","Food","Coffee & Tea","원두","맥널티커피","FC","38813491","맥널티 홀빈 원두 1KG, 브라질 산토스 내추럴, 1개","8804645005350","발주가능","정상","0","11","212","11364","0","0","0","","NO","0.899"
"20261001","Food","Coffee & Tea","원두","맥널티커피","FC","38919334","맥널티 에티오피아 예가체프 홀빈 원두, 1kg, 1개","8804645006852","발주가능","정상","0","3","147","16364","0","0","0","","NO","0.899"
"20261001","Food","Coffee & Tea","원두","맥널티커피","FC","39616644","맥널티 예맨 모카 블렌드 커피 원두, 홀빈(분쇄안함), 500g, 1개","8804645006692","발주가능","정상","0","0","11","11400","0","0","0","","NO","0.899"
"20261001","Food","Coffee & Tea","원두","맥널티커피","FC","39616645","맥널티 시그니처 디카페인 커피 원두, 홀빈(분쇄안함), 500g, 1개","8804645006937","발주가능","정상","0","6","188","12545","0","0","0","","NO","0.899"
"20261001","Food","Coffee & Tea","원두","맥널티커피","FC","39616646","맥널티 게이샤 블렌드 커피 원두, 홀빈(분쇄안함), 500g, 1개","8804645006708","발주가능","정상","0","4","42","11400","0","0","0","","NO","0.899"
"20261001","Food","Coffee & Tea","원두","맥널티커피","FC","39616647","맥널티 하와이안 코나 블렌드 커피 원두, 홀빈(분쇄안함), 500g, 1개","8804645006685","발주가능","정상","0","10","52","11400","0","0","0","","NO","0.899"
"20261001","Food","Coffee & Tea","원두","맥널티커피","FC","48074657","맥널티 브라질 세라도 분쇄 원두 커피, 1개, 500g","8804645007262","발주가능","정상","0","8","94","9395","0","0","0","","NO","0.899"
"20261001","Food","Coffee & Tea","원두","맥널티커피","FC","48074658","맥널티 콜롬비아 안데스 분쇄 원두 커피, 1개, 500g","8804645007255","발주가능","정상","0","4","110","9986","0","0","0","","NO","0.899"
"20261001","Food","Coffee & Tea","원두","맥널티커피","FC","48074659","맥널티 에티오피아 예가체프 분쇄 원두 커피, 1개, 500g","8804645007231","발주가능","정상","0","19","102","9986","0","0","0","","NO","0.899"
"20261001","Food","Coffee & Tea","원두","맥널티커피","FC","58681130","콜롬비아 안데스 오리진 분쇄 커피 원두 1개 226g 핸드드립","8804645007552","발주가능","정상","24","3","21","7159","1","1","0","","YES","0.899"
"20261001","Food","Coffee & Tea","원두","맥널티커피","FC","58681131","브라질 산토스 오리진 분쇄 커피 원두, 226g, 1개, 핸드드립","8804645007545","발주가능","정상","0","2","21","7159","0","0","0","","NO","0.899"
"20261001","Food","Coffee & Tea","원두","맥널티커피","FC","58765769","게이샤 블렌드 분쇄 커피 원두, 1개, 226g, 핸드드립","8804645007514","발주가능","정상","16","3","36","7732","1","1","0","","NO","0.899"
"20261001","Food","Coffee & Tea","원두","맥널티커피","FC","58765770","디카페인 헤이즐넛향 분쇄 커피 원두, 1개, 226g, 핸드드립","8804645007538","발주가능","정상","0","14","130","8018","0","0","0","","NO","0.899"
"20261001","Food","Coffee & Tea","원두","맥널티커피","FC","58850533","하와이안 코나 블렌드 분쇄 커피 원두, 1개, 226g, 핸드드립","8804645007521","발주가능","정상","32","4","41","7732","1","1","0","","NO","0.899"
"20261001","Food","Coffee & Tea","원두","맥널티커피","FC","71777603","투비 다크 블랙 블렌드 홀빈 원두 커피, 1kg, 홀빈(분쇄안함), 1개","8804645007989","발주가능","정상","0","14","173","13115","0","0","0","","NO","0.899"
"20261001","Food","Coffee & Tea","원두","맥널티커피","FC","76697770","투비커피 너티초코 아메리카노 블렌드 홀빈 원두 커피, 1kg, 홀빈(분쇄안함), 1개","8804645008047","발주가능","정상","0","0","34","17125","0","0","0","","NO","0.899"
"20261001","Food","Coffee & Tea","원두","맥널티커피","FC","80661387","베트남 로부스타 G1 싱글오리진 커피 원두, 1개, 1kg","8804645006869","발주가능","정상","0","1","32","10741","1","1","0","","NO","0.899"
"20261001","Food","Coffee & Tea","원두","맥널티커피","FC","80686777","맥널티 투비 데일리 블렌드 홀빈 원두 커피 고소한 너티 로스팅, 1개, 1kg","8804645008023","발주가능","정상","0","0","45","15377","0","0","0","","NO","0.899"
"20261001","Food","Coffee & Tea","원두","맥널티커피","FC","80855134","맥널티 콜롬비아 수프리모 후일라 커피 원두, 1kg, 1개","8804645006432","발주가능","정상","0","0","30","25423","0","0","0","","NO","0.899"
"20261001","Food","Coffee & Tea","원두","맥널티커피","FC","80855137","맥널티 에티오피아 예가체프 G2 원두 1kg, 1개, 홀빈(분쇄안함)","8804645006449","발주가능","정상","0","2","22","22332","0","0","0","","NO","0.899"
"20261001","Food","Coffee & Tea","원두커피믹스","맥널티","FC","10003529","아이브루 클래식 100T","8804645002465","발주불가","규격 외","0","0","1","6068","0","0","0","","NO","0.594"
"20261001","Food","Coffee & Tea","원두커피믹스","맥널티","FC","11019882","맥널티 아이브루 다크 블렌드 200T","8804645003219","발주가능","정상","0","5","180","13096","0","0","0","","NO","0.594"
"20261001","Food","Coffee & Tea","원두커피믹스","맥널티커피","FC","11019883","맥널티 아이브루 모카 블랙 200T","8804645003226","발주가능","정상","0","16","199","11687","0","0","0","","NO","0.594"
"20261001","Food","Coffee & Tea","원두커피믹스","맥널티커피","FC","13777565","맥널티 아이브루 모카블랙 70T","8804645003912","발주가능","정상","0","0","35","6519","0","0","0","","NO","0.594"
"20261001","Food","Coffee & Tea","원두커피믹스","맥널티커피","SFJEJ2","15720531","콜롬비아 블랙 100개입","8804645002861","발주가능","정상","0","1","7","6345","1","1","0","","NO","0.594"
"20261001","Food","Coffee & Tea","원두커피믹스","맥널티커피","FC","15720531","콜롬비아 블랙 100개입","8804645002861","발주가능","정상","0","77","691","6345","1","1","0","","NO","0.594"
"20261001","Food","Coffee & Tea","원두커피믹스","맥널티커피","FC","26477367","맥널티 리얼 에스프레소샷 블랙 액상스틱커피 15mlx30개입","8804645006029","발주가능","정상","0","28","150","7388","1","1","0","","NO","0.594"
"20261001","Food","Coffee & Tea","원두커피믹스","맥널티커피","FC","62672352","맥널티 아이브루 플러스 스위트 블랙 원두커피믹스 80개입 2.8g","8804645007620","발주가능","정상","0","4","34","7961","0","0","0","","NO","0.594"
"20261001","Food","Coffee & Tea","원두커피믹스","맥널티커피","FC","67975031","호랭이 커피 오곡향 블랙, 1개, 20개입, 1g","8804645007781","발주가능","정상","0","42","49","2806","1","1","0","","NO","0.594"
"20261001","Food","Coffee & Tea","원두커피믹스","맥널티커피","FC","71629331","맥널티 갓성비 아메리카노 블랙커피, 1개, 100개입, 2g","8804645007873","발주가능","정상","360","96","1160","8534","1","1","0","","NO","0.594"
"20261001","Food","Coffee & Tea","원두커피믹스","아이브루","FC","36903434","맥널티 아이브루 플러스 헤이즐넛 블랙커피 100개입","8804645006395","발주가능","정상","560","212","980","7623","1","1","0","","NO","0.594"
"20261001","Food","Coffee & Tea","원두커피믹스","아이브루","FC","36903435","맥널티 아이브루 플러스 오리지널 블랙커피 100개입","8804645006388","발주불가","규격 외","0","0","0","7623","0","0","0","","NO","0.594"
"20261001","Food","Coffee & Tea","원두커피믹스","아이브루","FC","46534985","아이브루 플러스 디카페인 아메리카노 블랙커피, 1개, 80개입, 80g","8804645007118","발주가능","정상","0","39","98","7964","0","0","0","","NO","0.594"
"20261001","Food","Coffee & Tea","원두커피믹스","아이브루","FC","56760693","아이브루 플러스 디카페인 블랙커피 헤이즐넛향 (1g x 80개입), 1개","8804645007453","발주가능","정상","0","87","412","7961","0","0","0","","NO","0.594"
"20261001","Food","Coffee & Tea","원두커피믹스","프라이빗클럽","FC","10837643","맥널티 병커피 헤이즐넛향 50gx10개","19311931309161","발주가능","정상","0","0","113","23000","0","0","0","","NO","0.594"
"20261001","Food","Coffee & Tea","원두커피믹스","프라이빗클럽","FC","12091997","Box_입소문난 아이리쉬 50G 10병","19311931311164","발주가능","정상","0","0","35","32309","0","0","0","","NO","0.594"
"20261001","Food","Coffee & Tea","원두커피믹스","프라이빗클럽","FC","52625820","맥널티 인스턴트 원두 병커피 에스프레소 블랙 50g 1개","9311931902167","발주가능","정상","0","58","66","3486","0.5714","0.5714","0","","NO","0.594"
"20261001","Food","Coffee & Tea","율무/견과차","맥널티","SFDCH1","64842417","티브루 호박팥차 진액 10ml 30개입 1개","8804645007675","발주가능","정상","0","0","2","5259","1","1","0","","NO","0.718"
"20261001","Food","Coffee & Tea","율무/견과차","맥널티","FC","64842417","티브루 호박팥차 진액 10ml 30개입 1개","8804645007675","발주가능","정상","1260","71","2651","5259","1","1","0","","NO","0.718"
"20261001","Food","Coffee & Tea","율무/견과차","맥널티커피","FC","39149735","맥널티 스테비아 제로슈가 호두 아몬드 율무차, 1개, 30개입, 450g","8804645006906","발주가능","정상","300","8","501","6815","1","1","0","","NO","0.718"
"20261001","Food","Coffee & Tea","차세트","맥널티커피","FC","78654824","[2026 추석세트] 맥널티 스테비아 전통차 선물세트, 1세트, 율무차(30개) + 쌍화차(30개)","8804645008092","발주가능","정상","0","0","266","19091","0","0","0","","NO","0.902"
"20261001","Food","Coffee & Tea","커피믹스","맥널티커피","FC","45571","맥널티_ 자메이카 블루마운틴 블렌드_226G","8804645100215","발주가능","정상","0","56","1045","5000","0","0","0","","NO","0.727"
"20261001","Food","Coffee & Tea","커피믹스","맥널티커피","FC","25240400","맥널티 스테비아 커피믹스 100개입","8804645006067","발주가능","정상","0","110","508","12941","0","0","0","","NO","0.727"
"20261001","Food","Coffee & Tea","커피믹스","맥널티커피","RC","25240400","맥널티 스테비아 커피믹스 100개입","8804645006067","발주가능","정상","0","0","1440","12941","0","0","0","","NO","0.727"
"20261001","Food","Coffee & Tea","커피믹스","맥널티커피","FC","25240402","맥널티 스테비아 커피믹스 30개입","8804645006074","발주가능","정상","0","46","382","4827","1","1","0","","NO","0.727"
"20261001","Food","Coffee & Tea","커피믹스","맥널티커피","FC","29461862","맥널티 아메리카노 아이스 블랙 100개입","8804645006081","발주가능","정상","0","61","278","5850","0","0","0","","NO","0.727"
"20261001","Food","Coffee & Tea","커피믹스","맥널티커피","FC","38933766","맥널티커피 스테비아 디카페인 커피믹스, 1개, 100개입 9.5g","8804645006890","발주가능","정상","32","64","761","15979","0.4167","0.4167","0","","NO","0.727"
"20261001","Food","Coffee & Tea","커피믹스","맥널티커피","SFJEJ2","38933766","맥널티커피 스테비아 디카페인 커피믹스, 1개, 100개입 9.5g","8804645006890","발주가능","정상","0","0","3","15979","0.4167","0.4167","0","","NO","0.727"
"20261001","Food","Coffee & Tea","커피믹스","맥널티커피","FC","40806729","맥널티 스테비아 디카페인 커피믹스, 1개, 30개입, 285g","8804645006777","발주가능","정상","432","46","783","5670","1","1","0","","NO","0.727"
"20261001","Food","Coffee & Tea","커피믹스","맥널티커피","FC","46730880","산양유 단백질 프로틴 스테비아 커피믹스, 1개, 30개입, 300g","8804645007194","발주가능","정상","0","2","0","6243","0","0","0","","YES","0.727"
"20261001","Food","Coffee & Tea","커피믹스","맥널티커피","FC","47303765","산양유 단백질 프로틴 스테비아 커피믹스, 1개, 100개입, 1000g","8804645007187","발주가능","정상","0","5","108","19988","0","0","0","","NO","0.727"
"20261001","Food","Coffee & Tea","커피믹스","맥널티커피","FC","56214466","맥널티커피 아이브루 바닐라 라떼,12g x 100개입(스틱), 1200g , 1개","8804645007460","발주가능","정상","0","12","62","12543","0","0","0","","NO","0.727"
"20261001","Food","Coffee & Tea","커피믹스","맥널티커피","FC","56214467","맥널티커피 아이브루 카라멜 마끼아또, 12g x 100개입(스틱), 1200g , 1개","8804645007484","발주가능","정상","0","23","92","12543","0","0","0","","NO","0.727"
"20261001","Food","Coffee & Tea","커피믹스","맥널티커피","FC","63447822","스테비아 커피믹스 헤이즐넛향 9.5g 30개입 1개","8804645007637","발주가능","정상","0","23","175","4827","1","1","0","","NO","0.727"
"20261001","Food","Coffee & Tea","커피믹스","맥널티커피","FC","64859139","맥널티 스테비아 솔티드 카라멜 커피믹스 10g 1개 30개입","8804645007668","발주가능","정상","12","15","67","5670","1","1","0","","NO","0.727"
"20261001","Food","Coffee & Tea","커피믹스","맥널티커피","FC","69526598","맥널티 갓성비 제로슈가 커피믹스, 1개, 80개입, 9g","8804645007842","발주가능","정상","0","33","593","8805","0","0","0","","NO","0.727"
"20261001","Food","Coffee & Tea","커피믹스","맥널티커피","FC","69634259","맥널티커피 스테비아 커피믹스 헤이즐넛향, 9.5g, 100개입, 1개","8804645007811","발주가능","정상","0","20","22","14261","1","1","0","","NO","0.727"
"20261001","Food","Coffee & Tea","커피믹스","맥널티커피","FC","71115721","호랭이 커피믹스 고소한 오곡향, 1개, 160개입, 9.5g","8804645007880","발주가능","정상","0","9","54","14261","1","1","0","","NO","0.727"
"20261001","Food","Coffee & Tea","커피믹스","맥널티커피","FC","71115722","호랭이 커피믹스 고소한 오곡향, 1개, 20개입, 9.5g","8804645007897","발주가능","정상","0","8","66","2806","0","0","0","","NO","0.727"
"20261001","Food","Coffee & Tea","커피믹스","아이브루","RC","2341900","맥널티 iBrew 미니 헤이즐넛향 200개입(200g)","8804645000515","발주가능","정상","0","0","360","9917","0","0","0","","NO","0.727"
"20261001","Food","Coffee & Tea","커피믹스","아이브루","SFODD2","2341900","맥널티 iBrew 미니 헤이즐넛향 200개입(200g)","8804645000515","발주가능","정상","0","0","2","9917","0","0","0","","NO","0.727"
"20261001","Food","Coffee & Tea","커피믹스","아이브루","FC","2341900","맥널티 iBrew 미니 헤이즐넛향 200개입(200g)","8804645000515","발주가능","정상","0","73","1035","9917","0","0","0","","NO","0.727"
"20261001","Food","Coffee & Tea","커피믹스","아이브루","SFSPA3","2341900","맥널티 iBrew 미니 헤이즐넛향 200개입(200g)","8804645000515","발주가능","정상","0","0","6","9917","0","0","0","","NO","0.727"
"20261001","Food","Coffee & Tea","커피믹스","아이브루","FC","3067423","아이브루 헤이즐넛향 70개입","8804645000706","발주가능","정상","0","15","365","4025","0","0","0","","NO","0.727"
"20261001","Food","Coffee & Tea","커피믹스","아이브루","FC","3067424","아이브루 케냐AA 블렌드 70개입","8804645000690","발주가능","정상","0","6","56","6205","0","0","0","","NO","0.727"
"20261001","Food","Coffee & Tea","커피믹스","아이브루","FC","3067425","아이브루 예가체프 블렌드 70개입","8804645000683","발주가능","정상","0","2","14","6205","0","0","0","","NO","0.727"
"20261001","Food","Coffee & Tea","커피믹스","프라이빗클럽","FC","3067426","인스턴트 병커피 아이리쉬크림 50g","9311931901160","발주가능","정상","0","16","98","3322","1","1","0","","NO","0.727"
"20261001","Food","Coffee & Tea","커피믹스","프라이빗클럽","FC","3067428","인스턴트 병커피 헤이즐넛향 50g","9311931105162","발주가능","정상","0","247","2503","2300","0","0","0","","NO","0.727"
"20261001","Food","Coffee & Tea","커피세트","맥널티커피","FC","26870612","[2026 추석세트] 맥널티 핸드드립 버라이어티세트 30개입","8804645006258","발주가능","정상","0","8","1078","9395","0","0","0","","NO","0.899"
"20261001","Food","Coffee & Tea","커피세트","맥널티커피","FC","54651094","인스턴트 원두 병커피 맥널티커피 선물세트 50g x 4개입(에스프레소 2병+헤이즐넛 2병), 1세트","8804645007408","발주가능","정상","0","0","0","15305","0","0","0","","YES","0.899"
"20261001","Food","Drinks","과일음료","맥널티커피","RC","24752132","청포도 에이드 190mL 10팩","8804645005893","발주가능","정상","0","0","273","3486","0","0","0","","NO","0.797"
"20261001","Food","Drinks","과일음료","맥널티커피","FC","24752132","청포도 에이드 190mL 10팩","8804645005893","발주가능","정상","0","35","187","3486","0","0","0","","NO","0.797"
"20261001","Food","Drinks","과일음료","맥널티커피","FC","24752250","블루레몬 에이드 190mL 10팩","8804645005909","발주가능","정상","0","18","297","3486","0","0","0","","NO","0.797"
"20261001","Food","Drinks","과일음료","맥널티커피","RC","24752250","블루레몬 에이드 190mL 10팩","8804645005909","발주가능","정상","0","0","237","3486","0","0","0","","NO","0.797"
"20261001","Food","Drinks","과일음료","맥널티커피","FC","45580036","맥널티 청매실 에이드 190ml*10개입","8804645007071","발주가능","정상","0","9","196","3486","0","0","0","","NO","0.797"
"20261001","Food","Drinks","농축액(음료베이스)","맥널티","FC","51983601","물 한방울 섞이지 않은 김토끼 유기농 레몬즙, 10개, 20g","8804645007361","발주가능","정상","0","6","42","4077","0","0","0","","NO","0.712"
"20261001","Food","Drinks","농축액(음료베이스)","맥널티","FC","58338694","티브루 보리차 원액 간편 액상스틱 진액, 30개, 10ml","8804645007590","발주가능","정상","0","94","933","5259","0","0","0","","NO","0.712"
"20261001","Food","Drinks","농축액(음료베이스)","맥널티","FC","58338695","티브루 옥수수수염차 원액 간편 액상스틱 진액, 30개, 10ml","8804645007606","발주가능","정상","0","33","476","5259","0","0","0","","NO","0.712"
"20261001","Food","Drinks","농축액(음료베이스)","맥널티","FC","58338696","티브루 헛개수 원액 간편 액상스틱 진액, 30개, 10ml","8804645007613","발주가능","정상","0","46","221","5259","0","0","0","","NO","0.712"
"20261001","Food","Drinks","농축액(음료베이스)","맥널티커피","FC","62882483","티브루 보리차 진액, 1개, 400g","8804645007651","발주가능","정상","0","5","45","7623","1","1","0","","NO","0.712"
"20261001","Food","Drinks","농축액(음료베이스)","맥널티커피","FC","71636537","맥널티 티브루 호박팥차 무라벨, 20개, 500ml","8804645007934","발주가능","정상","0","39","856","8795","0","0","0","","NO","0.712"
"20261001","Food","Drinks","야채음료","맥널티커피","FC","48914233","맥널티 유자 에이드 190ml 10개","8804645007217","발주가능","정상","0","14","176","3486","0","0","0","","NO","0.618"
"20261001","Food","Drinks","차음료","맥널티커피","SFSPA3","24752251","복숭아 아이스티 190mL 10팩","8804645005886","발주가능","정상","0","1","0","3486","0","0","0","","NO","0.685"
"20261001","Food","Drinks","차음료","맥널티커피","FC","24752251","복숭아 아이스티 190mL 10팩","8804645005886","발주가능","정상","0","39","685","3486","0","0","0","","NO","0.685"
"20261001","Food","Drinks","차음료","맥널티커피","SFDCH1","24752251","복숭아 아이스티 190mL 10팩","8804645005886","발주가능","정상","0","0","2","3486","0","0","0","","NO","0.685"
"20261001","Food","Drinks","차음료","맥널티커피","FC","24944267","맥널티 허니자몽 블랙티 대용량 파우치 1Lx6입","18804645005951","발주가능","정상","0","1","41","10252","0","0","0","","NO","0.685"
"20261001","Food","Drinks","차음료","맥널티커피","FC","24944268","맥널티 복숭아 아이스티 대용량 파우치 1Lx6입","18804645005944","발주가능","정상","0","1","123","10252","0","0","0","","NO","0.685"
"20261001","Food","Drinks","차음료","맥널티커피","FC","26889711","맥널티 제로칼로리 복숭아 아이스티 500ml 24입","18804645006101","발주가능","정상","0","11","236","12205","0","0","0","","NO","0.685"
"20261001","Food","Drinks","차음료","맥널티커피","FC","36669698","제로 아이스티 복숭아, 30개입, 13g","8804645006791","발주가능","정상","0","5","77","5850","0","0","0","","NO","0.685"
"20261001","Food","Drinks","차음료","맥널티커피","FC","36829225","맥널티 제로칼로리 청포도 아이스티 500mlx24입,","18804645006538","발주가능","정상","0","3","58","12205","0","0","0","","NO","0.685"
"20261001","Food","Drinks","차음료","맥널티커피","FC","36829226","제로 아이스티 청포도, 30개입, 13g 1개","8804645006807","발주가능","정상","0","0","60","5850","0","0","0","","NO","0.685"
"20261001","Food","Drinks","차음료","맥널티커피","FC","38262417","복숭아 아이스티 제로, 6개, 1L","18804645006873","발주가능","정상","0","2","27","10577","0","0","0","","NO","0.685"
"20261001","Food","Drinks","차음료","맥널티커피","FC","40520042","맥널티커피 복숭아 아이스티 제로 RTD, 30개, 240ml","18804645006835","발주가능","정상","0","11","233","8795","0","0","0","","NO","0.685"
"20261001","Food","Drinks","차음료","맥널티커피","FC","61673272","맥널티커피 복숭아 아이스티 제로, 1.5L, 1개","8804645006739","발주가능","정상","0","251","1063","1364","1","1","0","","NO","0.685"
"20261001","Food","Drinks","차음료","맥널티커피","RC","61673272","맥널티커피 복숭아 아이스티 제로, 1.5L, 1개","8804645006739","발주가능","정상","1248","0","1872","1364","1","1","0","","NO","0.685"
"20261001","Food","Drinks","차음료","맥널티커피","SFSPA3","61673272","맥널티커피 복숭아 아이스티 제로, 1.5L, 1개","8804645006739","발주가능","정상","0","0","15","1364","1","1","0","","NO","0.685"
"20261001","Food","Drinks","차음료","맥널티커피","SFJEJ2","73944650","맥널티 복숭아 아이스티 대용량 파우치, 1개, 2.1L","8804645007965","발주가능","정상","0","0","0","2413","1","1","0","","NO","0.685"
"20261001","Food","Drinks","차음료","맥널티커피","FC","73944650","맥널티 복숭아 아이스티 대용량 파우치, 1개, 2.1L","8804645007965","발주가능","정상","0","171","1043","2413","1","1","0","","NO","0.685"
"20261001","Food","Drinks","차음료","맥널티커피","SFSPA3","73944650","맥널티 복숭아 아이스티 대용량 파우치, 1개, 2.1L","8804645007965","발주가능","정상","0","0","0","2413","1","1","0","","NO","0.685"
"20261001","Food","Drinks","차음료","맥널티커피","RC","73944650","맥널티 복숭아 아이스티 대용량 파우치, 1개, 2.1L","8804645007965","발주가능","정상","0","0","396","2413","1","1","0","","NO","0.685"
"20261001","Food","Drinks","차음료","맥널티커피","FC","75850021","맥널티 허니자몽 블랙티, 1L, 1개","8804645005954","발주가능","정상","0","12","81","1714","1","1","0","","NO","0.685"
"20261001","Food","Drinks","커피음료","맥널티커피","SFJEJ2","24695530","아이스 헤이즐넛향 커피 190mL 10팩","8804645005879","발주가능","정상","0","0","2","3486","0","0","0","","NO","0.698"
"20261001","Food","Drinks","커피음료","맥널티커피","FC","24695530","아이스 헤이즐넛향 커피 190mL 10팩","8804645005879","발주가능","정상","0","57","454","3486","0","0","0","","NO","0.698"
"20261001","Food","Drinks","커피음료","맥널티커피","RC","24695531","아이스 아메리카노 스위트 190mL 10팩","8804645005862","발주가능","정상","0","0","546","3486","0","0","0","","NO","0.698"
"20261001","Food","Drinks","커피음료","맥널티커피","SFSPA3","24695531","아이스 아메리카노 스위트 190mL 10팩","8804645005862","발주가능","정상","0","2","6","3486","0","0","0","","NO","0.698"
"20261001","Food","Drinks","커피음료","맥널티커피","FC","24695531","아이스 아메리카노 스위트 190mL 10팩","8804645005862","발주가능","정상","0","46","433","3486","0","0","0","","NO","0.698"
"20261001","Food","Drinks","커피음료","맥널티커피","SFJEJ2","24695531","아이스 아메리카노 스위트 190mL 10팩","8804645005862","발주가능","정상","0","0","0","3486","0","0","0","","NO","0.698"
"20261001","Food","Drinks","커피음료","맥널티커피","FC","24695532","아이스 아메리카노 블랙 190mL 10팩","8804645005855","발주가능","정상","0","27","267","3486","0","0","0","","NO","0.698"
"20261001","Food","Drinks","커피음료","맥널티커피","SFODD2","24695532","아이스 아메리카노 블랙 190mL 10팩","8804645005855","발주가능","정상","0","0","1","3486","0","0","0","","NO","0.698"
"20261001","Food","Drinks","커피음료","맥널티커피","RC","24695532","아이스 아메리카노 블랙 190mL 10팩","8804645005855","발주가능","정상","0","0","273","3486","0","0","0","","NO","0.698"
"20261001","Food","Drinks","커피음료","맥널티커피","FC","25484251","맥널티커피 아메리카노 스위트 1Lx6입","18804645005920","발주가능","정상","0","2","56","10252","0","0","0","","NO","0.698"
"20261001","Food","Drinks","커피음료","맥널티커피","FC","25484255","맥널티 아이스 아메리카노 블랙커피 대용량 파우치 1Lx6입","18804645005913","발주가능","정상","0","2","24","10252","0","0","0","","NO","0.698"
"20261001","Food","Drinks","커피음료","맥널티커피","FC","25484257","맥널티 아이스 헤이즐넛향 커피 대용량 파우치 1Lx6입","18804645005937","발주가능","정상","0","0","35","10252","0","0","0","","NO","0.698"
"20261001","Food","Drinks","커피음료","맥널티커피","FC","48466205","맥널티 대용량 제로슈가 스테비아 믹스커피 음료, 12개, 1L","18804645007290","발주가능","정상","0","28","167","17067","0","0","0","","NO","0.698"
"20261001","Food","Drinks","커피음료","맥널티커피","FC","54922706","맥널티 대용량 제로슈가 스테비아 믹스커피 음료, 1L, 6개","8804645007323","발주가능","정상","0","93","595","8805","0","0","0","","NO","0.698"
"20261001","Food","Drinks","커피음료","맥널티커피","RC","68778940","맥널티 아이브루 아메리카노 블랙커피 12개 1L","18804645007306","발주가능","정상","0","0","400","12205","0","0","0","","NO","0.698"
"20261001","Food","Drinks","커피음료","맥널티커피","FC","68778940","맥널티 아이브루 아메리카노 블랙커피 12개 1L","18804645007306","발주가능","정상","0","208","2205","12205","0","0","0","","NO","0.698"
"20261001","Food","Drinks","커피음료","맥널티커피","FC","68778941","맥널티 아이브루 헤이즐넛향 블랙커피 12개 1L","18804645007504","발주가능","정상","80","64","421","12205","1","1","0","","NO","0.698"
"20261001","Food","Drinks","커피음료","맥널티커피","FC","68778942","아이브루 아메리카노 블랙커피 무라벨 400ML 20개","8804645007491","발주가능","정상","0","246","2060","12205","0","0","0","","NO","0.698"
"20261001","Food","Drinks","커피음료","맥널티커피","FC","73951791","맥널티 아이스 아메리카노 블랙 커피 대용량 파우치, 1개, 2.1L","8804645007958","발주가능","정상","0","447","1753","2413","0","0","0","","NO","0.698"
"20261001","Food","Drinks","커피음료","맥널티커피","SFSPA3","73951791","맥널티 아이스 아메리카노 블랙 커피 대용량 파우치, 1개, 2.1L","8804645007958","발주가능","정상","0","0","0","2413","0","0","0","","NO","0.698"
"20261001","Food","Drinks","커피음료","맥널티커피","RC","73951791","맥널티 아이스 아메리카노 블랙 커피 대용량 파우치, 1개, 2.1L","8804645007958","발주가능","정상","0","0","8096","2413","0","0","0","","NO","0.698"
"20261001","Food","Drinks","커피음료","맥널티커피","SFJEJ2","73951791","맥널티 아이스 아메리카노 블랙 커피 대용량 파우치, 1개, 2.1L","8804645007958","발주가능","정상","0","4","0","2413","0","0","0","","NO","0.698"
"20261001","Food","Drinks","커피음료","맥널티커피","SFDCH1","73951791","맥널티 아이스 아메리카노 블랙 커피 대용량 파우치, 1개, 2.1L","8804645007958","발주가능","정상","0","1","1","2413","0","0","0","","NO","0.698"
"20261001","Food","Drinks","커피음료","맥널티커피","SFJEJ2","75683093","맥널티 아이스 아메리카노 블랙 1리터, 1L, 1개","8804645005916","발주가능","정상","0","0","1","1714","0","0","0","","NO","0.698"
"20261001","Food","Drinks","커피음료","맥널티커피","FC","75683093","맥널티 아이스 아메리카노 블랙 1리터, 1L, 1개","8804645005916","발주가능","정상","0","49","847","1714","0","0","0","","NO","0.698"
"20261001","Food","Drinks","커피음료","맥널티커피","SFSPA3","75683093","맥널티 아이스 아메리카노 블랙 1리터, 1L, 1개","8804645005916","발주가능","정상","0","0","1","1714","0","0","0","","NO","0.698"
"20261001","Food","Drinks","커피음료","맥널티커피","FC","75694561","맥널티커피 아이스 아메리카노 헤이즐넛, 1개, 1L","8804645005930","발주가능","정상","0","28","1357","1714","0","0","0","","NO","0.698"
"20261001","Food","Drinks","커피음료","맥널티커피","FC","75765043","맥널티 아이스아메리카노 스위트, 1개, 1L","8804645005923","발주가능","정상","0","79","1022","1714","0","0","0","","NO","0.698"
"20261001","Food","Drinks","커피음료","맥널티커피","FC","76540319","맥널티 호랭이 마일드 라떼 캔커피, 30개, 175ml","18804645008013","발주가능","정상","143","165","686","8523","1","1","0","","NO","0.698"
"20261001","Food","Drinks","커피음료","맥널티커피","SFJEJ2","77572705","맥널티 아이스 아메리카노 헤이즐넛, 1개, 2.1L","8804645008030","발주가능","정상","0","6","12","2413","1","1","0","","NO","0.698"
"20261001","Food","Drinks","커피음료","맥널티커피","RC","77572705","맥널티 아이스 아메리카노 헤이즐넛, 1개, 2.1L","8804645008030","발주가능","정상","0","0","0","2413","1","1","0","","NO","0.698"
"20261001","Food","Drinks","커피음료","맥널티커피","FC","77572705","맥널티 아이스 아메리카노 헤이즐넛, 1개, 2.1L","8804645008030","발주가능","정상","708","230","2045","2413","1","1","0","","NO","0.698"
"20261001","Food","Drinks","커피음료","아이브루","FC","70253954","아이브루 디카페인 아메리카노 블랙커피 무라벨, 20개, 400ml","8804645007903","발주가능","정상","0","63","578","13500","0","0","0","","NO","0.698"
"20261001","Kitchen","Tools & Gadgets","드립주전자/포트","맥널티커피","FC","15333511","맥널티 드립 주전자 350ml","8804645004490","발주가능","정상","0","0","131","5044","1","1","0","","NO","0.795"
"20261001","Kitchen","Tools & Gadgets","커피필터/여과지","맥널티","SFJEJ2","12491225","맥널티 핸드드립 커피필터 30개입","8804645300950","발주가능","정상","0","0","6","2642","0","0","0","","NO","0.515"
"20261001","Kitchen","Tools & Gadgets","커피필터/여과지","맥널티","FC","12491225","맥널티 핸드드립 커피필터 30개입","8804645300950","발주가능","정상","0","69","674","2642","0","0","0","","NO","0.515"
"20261001","Kitchen","Tools & Gadgets","커피필터/여과지","맥널티커피","FC","80552848","맥널티 천연펄프 무표백 핸드드립 커피필터 여과지(5~7인용), 1개, 100개입","8804645000027","발주가능","정상","0","2","0","2864","0","0","0","","YES","0.515"
