"날짜","상품 카테고리","하위 카테고리","세부 카테고리","브랜드","센터","SKU ID","SKU 명","바코드","발주가능상태","발주가능상태_세부","입고수량","출고수량","현재재고수량","매입원가","발주대비 납품율","확정대비 납품율","회송율","회송사유","품절여부","세부카테고리 품절율"
"20260930","CE","Kitchen Appliance","커피머신","맥널티커피","FC","31602405","맥널티 2in1 핫앤콜드 진공추출 커피메이커 MCM-065B MCM-065B","8804645006296","발주가능","정상","1","1","12","30859","0","0","0","","NO","0.804"
"20260930","Food","Coffee & Tea","기타전통차","맥널티커피","FC","39149736","맥널티 스테비아 침향 쌍화차, 1개, 30개입, 450g","8804645006913","발주가능","정상","0","1","88","8536","0","0","0","","NO","0.724"
"20260930","Food","Coffee & Tea","기타전통차","맥널티커피","FC","41175263","맥널티커피 스테비아 꿀 유자차, 1개, 30개입, 450g","8804645006951","발주가능","정상","0","5","88","7388","0","0","0","","NO","0.724"
"20260930","Food","Coffee & Tea","둥글레/옥수수/보리/결명자차","맥널티커피","FC","76230458","맥널티 진 보리차 1개 1kg","8804645007996","발주가능","정상","0","4","20","15209","0","0","0","","NO","0.608"
"20260930","Food","Coffee & Tea","드립백/티백","맥널티","FC","3067432","산지별 콜롬비아 슈프리모 핸드드립커피 7개입","8804645000324","발주가능","정상","0","5","177","3043","0","0","0","","NO","0.730"
"20260930","Food","Coffee & Tea","드립백/티백","맥널티","FC","10003518","케냐 AA 핸드드립 블렌드 24개입","8804645000720","발주가능","정상","0","14","268","6068","0","0","0","","NO","0.730"
"20260930","Food","Coffee & Tea","드립백/티백","맥널티커피","FC","3067429","산지별 브라질 세라도 NY2 핸드드립커피 7개입","8804645000300","발주가능","정상","0","6","60","2887","0","0","0","","NO","0.730"
"20260930","Food","Coffee & Tea","드립백/티백","맥널티커피","FC","3067430","산지별 케냐 AA 핸드드립커피 7개입","8804645000355","발주가능","정상","0","9","138","3062","0","0","0","","NO","0.730"
"20260930","Food","Coffee & Tea","드립백/티백","맥널티커피","FC","3067433","산지별 에티오피아 코케 허니 핸드드립커피 7개입","8804645000348","발주가능","정상","0","7","93","2910","0","0","0","","NO","0.730"
"20260930","Food","Coffee & Tea","드립백/티백","맥널티커피","FC","3067434","산지별 에티오피아 예가체프 핸드드립커피 7개입","8804645000331","발주가능","정상","0","1","49","3184","0","0","0","","NO","0.730"
"20260930","Food","Coffee & Tea","드립백/티백","맥널티커피","FC","10003517","콜롬비아 핸드드립 블렌드 24개입","8804645000713","발주가능","정상","0","17","171","8534","0","0","0","","NO","0.730"
"20260930","Food","Coffee & Tea","드립백/티백","맥널티커피","FC","23400108","맥널티 디카페인100% 핸드드립 원두커피 24개입","8804645005732","발주가능","정상","72","12","106","9395","0","0","0","","NO","0.730"
"20260930","Food","Coffee & Tea","드립백/티백","맥널티커피","FC","37713094","맥널티 핸드드립커피 케냐AA(더블에이) 36개입, 8g, 1개","8804645006616","발주가능","정상","0","5","62","11759","0","0","0","","NO","0.730"
"20260930","Food","Coffee & Tea","드립백/티백","맥널티커피","FC","37713095","맥널티 핸드드립커피 에티오피아 예가체프 36개입, 8g, 1개","8804645006623","발주가능","정상","0","2","45","10577","0","0","0","","NO","0.730"
"20260930","Food","Coffee & Tea","드립백/티백","맥널티커피","FC","41391235","맥널티 행복을주는커피 시그니처 블렌드 핸드드립 커피 20개입, 1개, 8g","8804645003653","발주가능","정상","0","12","64","6795","0","0","0","","NO","0.730"
"20260930","Food","Coffee & Tea","드립백/티백","맥널티커피","FC","62821923","맥널티 핸드드립 커피 에티오피아 예가체프 8g 24개입 1개","8804645006920","발주가능","정상","0","6","33","9679","0","0","0","","NO","0.730"
"20260930","Food","Coffee & Tea","드립백/티백","맥널티커피","FC","68147033","베니스브루 스페셜티 핸드드립 가향 커피 오렌지 벨벳, 1개, 7개입, 12g","8804645007712","발주가능","정상","0","1","14","5143","0","0","0","","NO","0.730"
"20260930","Food","Coffee & Tea","드립백/티백","맥널티커피","FC","68147034","베니스브루 스페셜티 핸드드립 가향 커피 쇼콜라 모카, 1개, 7개입, 12g","8804645007729","발주가능","정상","0","5","13","5143","0","0","0","","NO","0.730"
"20260930","Food","Coffee & Tea","드립백/티백","맥널티커피","FC","68777449","베니스브루 베리 블로썸 드립백 커피 12g 1개 7개입","8804645007705","발주가능","정상","0","2","23","5143","0","0","0","","NO","0.730"
"20260930","Food","Coffee & Tea","라떼분말","맥널티커피","FC","34834818","맥널티 스테비아 제로슈가 핫초코 라떼 30개입 15g","8804645006340","발주가능","정상","90","40","460","7500","0","0","0","","NO","0.608"
"20260930","Food","Coffee & Tea","라떼분말","맥널티커피","FC","51063548","스테비아 단백질 옥수수 크림 라떼, 1개, 20개입, 18g","8804645007330","발주가능","정상","0","0","23","5850","0","0","0","","NO","0.608"
"20260930","Food","Coffee & Tea","라떼분말","맥널티커피","FC","51164938","스테비아 단백질 고구마 크림 라떼, 1개, 20개입, 18g","8804645007347","발주가능","정상","0","0","15","5850","0","0","0","","NO","0.608"
"20260930","Food","Coffee & Tea","원두","N_A","FC","76443755","맥널티 브라질 세라도 NY.2 원두 1kg, 1개","8804645006425","발주가능","정상","0","1","206","17609","0","0","0","","NO","0.899"
"20260930","Food","Coffee & Tea","원두","맥널티커피","RC","45570","맥널티_헤이즐넛원두분쇄커피_226G","8804645100208","발주가능","정상","0","0","2176","5000","0","0","0","","NO","0.899"
"20260930","Food","Coffee & Tea","원두","맥널티커피","SFSPA3","45570","맥널티_헤이즐넛원두분쇄커피_226G","8804645100208","발주가능","정상","0","2","2","5000","0","0","0","","NO","0.899"
"20260930","Food","Coffee & Tea","원두","맥널티커피","SFJEJ2","45570","맥널티_헤이즐넛원두분쇄커피_226G","8804645100208","발주가능","정상","0","1","3","5000","0","0","0","","NO","0.899"
"20260930","Food","Coffee & Tea","원두","맥널티커피","FC","45570","맥널티_헤이즐넛원두분쇄커피_226G","8804645100208","발주가능","정상","0","72","1601","5000","0","0","0","","NO","0.899"
"20260930","Food","Coffee & Tea","원두","맥널티커피","SFSPA3","45572","맥널티_헤이즐넛원두분쇄커피_500G","8804645100468","발주가능","정상","0","2","5","7960","0","0","0","","NO","0.899"
"20260930","Food","Coffee & Tea","원두","맥널티커피","FC","45572","맥널티_헤이즐넛원두분쇄커피_500G","8804645100468","발주가능","정상","0","45","702","7960","0","0","0","","NO","0.899"
"20260930","Food","Coffee & Tea","원두","맥널티커피","RC","45572","맥널티_헤이즐넛원두분쇄커피_500G","8804645100468","발주가능","정상","0","0","640","7960","0","0","0","","NO","0.899"
"20260930","Food","Coffee & Tea","원두","맥널티커피","FC","45573","맥널티_블루마운틴스타일원두분쇄커피_500G","8804645100451","발주가능","정상","0","23","1742","11091","0","0","0","","NO","0.899"
"20260930","Food","Coffee & Tea","원두","맥널티커피","FC","5344648","맥널티 원두 에스프레소 블랙 1개, 1kg","8804645001239","발주불가","단종","0","0","1","9156","0","0","0","","YES","0.899"
"20260930","Food","Coffee & Tea","원두","맥널티커피","FC","10147177","맥널티 홀빈 블루마운틴 1000g","8804645006302","발주가능","정상","0","24","119","15715","0","0","0","","NO","0.899"
"20260930","Food","Coffee & Tea","원두","맥널티커피","FC","10147180","맥널티 행복을 주는 커피 헤이즐넛향 1kg 홀빈","8804645100185","발주가능","정상","0","30","116","15244","0","0","0","","NO","0.899"
"20260930","Food","Coffee & Tea","원두","맥널티커피","FC","10812901","맥널티 베트남 로부스타 원두커피 1kg","8804645003066","발주가능","정상","0","38","507","11700","0","0","0","","NO","0.899"
"20260930","Food","Coffee & Tea","원두","맥널티커피","RC","10812901","맥널티 베트남 로부스타 원두커피 1kg","8804645003066","발주가능","정상","0","0","400","11700","0","0","0","","NO","0.899"
"20260930","Food","Coffee & Tea","원두","맥널티커피","FC","11849981","행복을 주는 커피 블루마운틴 블렌드 분쇄 원두 커피 1kg","8804645003486","발주가능","정상","0","2","105","16364","0","0","0","","NO","0.899"
"20260930","Food","Coffee & Tea","원두","맥널티커피","FC","12521866","맥널티 행복을 주는 커피 시그니처 헤이즐넛향 원두 커피 1Kg","8804645003493","발주가능","정상","0","30","120","16364","0","0","0","","NO","0.899"
"20260930","Food","Coffee & Tea","원두","맥널티커피","RC","12521866","맥널티 행복을 주는 커피 시그니처 헤이즐넛향 원두 커피 1Kg","8804645003493","발주가능","정상","0","0","432","16364","0","0","0","","NO","0.899"
"20260930","Food","Coffee & Tea","원두","맥널티커피","FC","13277718","맥널티 행복을 주는 커피 브라질 산토스 1kg","8804645003936","발주가능","정상","0","6","88","14091","0","0","0","","NO","0.899"
"20260930","Food","Coffee & Tea","원두","맥널티커피","FC","13277719","맥널티 행복을 주는 커피 콜롬비아 블렌드 1kg","8804645003929","발주가능","정상","0","31","279","15599","0","0","0","","NO","0.899"
"20260930","Food","Coffee & Tea","원두","맥널티커피","FC","37733154","맥널티 원두 홀빈(분쇄안함) 마일드 미디움 블렌드 200g, 1개","8804645005374","발주가능","정상","0","0","16","5791","0","0","0","","NO","0.899"
"20260930","Food","Coffee & Tea","원두","맥널티커피","FC","38710869","맥널티 홀빈 커피원두, 마일드 미디움 블렌드 1kg, 1개","8804645005329","발주가능","정상","0","0","14","16364","0","0","0","","NO","0.899"
"20260930","Food","Coffee & Tea","원두","맥널티커피","FC","38710870","맥널티 홀빈 커피원두, 콜롬비아 안데스 오리진 1kg, 1개","8804645005343","발주가능","정상","0","7","27","16364","0","0","0","","NO","0.899"
"20260930","Food","Coffee & Tea","원두","맥널티커피","FC","38710872","맥널티 홀빈 커피원두, 시그니처 블렌드 1kg, 1개","8804645005312","발주가능","정상","0","1","47","16364","0","0","0","","NO","0.899"
"20260930","Food","Coffee & Tea","원두","맥널티커피","FC","38813491","맥널티 홀빈 원두 1KG, 브라질 산토스 내추럴, 1개","8804645005350","발주가능","정상","0","2","223","11364","0","0","0","","NO","0.899"
"20260930","Food","Coffee & Tea","원두","맥널티커피","FC","38919334","맥널티 에티오피아 예가체프 홀빈 원두, 1kg, 1개","8804645006852","발주가능","정상","114","4","150","16364","0","0","0","","NO","0.899"
"20260930","Food","Coffee & Tea","원두","맥널티커피","FC","39616644","맥널티 예맨 모카 블렌드 커피 원두, 홀빈(분쇄안함), 500g, 1개","8804645006692","발주가능","정상","0","0","11","11400","0","0","0","","NO","0.899"
"20260930","Food","Coffee & Tea","원두","맥널티커피","FC","39616645","맥널티 시그니처 디카페인 커피 원두, 홀빈(분쇄안함), 500g, 1개","8804645006937","발주가능","정상","0","6","194","12545","0","0","0","","NO","0.899"
"20260930","Food","Coffee & Tea","원두","맥널티커피","FC","39616646","맥널티 게이샤 블렌드 커피 원두, 홀빈(분쇄안함), 500g, 1개","8804645006708","발주가능","정상","0","0","46","11400","0","0","0","","NO","0.899"
"20260930","Food","Coffee & Tea","원두","맥널티커피","FC","39616647","맥널티 하와이안 코나 블렌드 커피 원두, 홀빈(분쇄안함), 500g, 1개","8804645006685","발주가능","정상","0","2","62","11400","0","0","0","","NO","0.899"
"20260930","Food","Coffee & Tea","원두","맥널티커피","FC","48074657","맥널티 브라질 세라도 분쇄 원두 커피, 1개, 500g","8804645007262","발주가능","정상","0","6","102","9395","0","0","0","","NO","0.899"
"20260930","Food","Coffee & Tea","원두","맥널티커피","FC","48074658","맥널티 콜롬비아 안데스 분쇄 원두 커피, 1개, 500g","8804645007255","발주가능","정상","0","1","114","9986","0","0","0","","NO","0.899"
"20260930","Food","Coffee & Tea","원두","맥널티커피","FC","48074659","맥널티 에티오피아 예가체프 분쇄 원두 커피, 1개, 500g","8804645007231","발주가능","정상","0","17","121","9986","0","0","0","","NO","0.899"
"20260930","Food","Coffee & Tea","원두","맥널티커피","FC","58681130","콜롬비아 안데스 오리진 분쇄 커피 원두 1개 226g 핸드드립","8804645007552","발주가능","정상","0","4","0","7159","0","0","0","","YES","0.899"
"20260930","Food","Coffee & Tea","원두","맥널티커피","FC","58681131","브라질 산토스 오리진 분쇄 커피 원두, 226g, 1개, 핸드드립","8804645007545","발주가능","정상","0","2","23","7159","0","0","0","","NO","0.899"
"20260930","Food","Coffee & Tea","원두","맥널티커피","FC","58765769","게이샤 블렌드 분쇄 커피 원두, 1개, 226g, 핸드드립","8804645007514","발주가능","정상","0","1","23","7732","0","0","0","","NO","0.899"
"20260930","Food","Coffee & Tea","원두","맥널티커피","FC","58765770","디카페인 헤이즐넛향 분쇄 커피 원두, 1개, 226g, 핸드드립","8804645007538","발주가능","정상","64","17","144","8018","0","0","0","","NO","0.899"
"20260930","Food","Coffee & Tea","원두","맥널티커피","FC","58850533","하와이안 코나 블렌드 분쇄 커피 원두, 1개, 226g, 핸드드립","8804645007521","발주가능","정상","0","11","13","7732","0","0","0","","NO","0.899"
"20260930","Food","Coffee & Tea","원두","맥널티커피","FC","71777603","투비 다크 블랙 블렌드 홀빈 원두 커피, 1kg, 홀빈(분쇄안함), 1개","8804645007989","발주가능","정상","0","4","187","13115","0","0","0","","NO","0.899"
"20260930","Food","Coffee & Tea","원두","맥널티커피","FC","76697770","투비커피 너티초코 아메리카노 블렌드 홀빈 원두 커피, 1kg, 홀빈(분쇄안함), 1개","8804645008047","발주가능","정상","0","1","34","17125","0","0","0","","NO","0.899"
"20260930","Food","Coffee & Tea","원두","맥널티커피","FC","80661387","베트남 로부스타 G1 싱글오리진 커피 원두, 1개, 1kg","8804645006869","발주가능","정상","1","11","33","10741","0","0","0","","NO","0.899"
"20260930","Food","Coffee & Tea","원두","맥널티커피","FC","80686777","맥널티 투비 데일리 블렌드 홀빈 원두 커피 고소한 너티 로스팅, 1개, 1kg","8804645008023","발주가능","정상","0","0","45","15377","0","0","0","","NO","0.899"
"20260930","Food","Coffee & Tea","원두","맥널티커피","FC","80855134","맥널티 콜롬비아 수프리모 후일라 커피 원두, 1kg, 1개","8804645006432","발주가능","정상","6","0","30","25423","0","0","0","","NO","0.899"
"20260930","Food","Coffee & Tea","원두","맥널티커피","FC","80855137","맥널티 에티오피아 예가체프 G2 원두 1kg, 1개, 홀빈(분쇄안함)","8804645006449","발주가능","정상","0","0","24","22332","0","0","0","","NO","0.899"
"20260930","Food","Coffee & Tea","원두커피믹스","맥널티","FC","10003529","아이브루 클래식 100T","8804645002465","발주불가","규격 외","0","0","1","6068","0","0","0","","NO","0.597"
"20260930","Food","Coffee & Tea","원두커피믹스","맥널티","FC","11019882","맥널티 아이브루 다크 블렌드 200T","8804645003219","발주가능","정상","0","12","185","13096","0","0","0","","NO","0.597"
"20260930","Food","Coffee & Tea","원두커피믹스","맥널티커피","FC","11019883","맥널티 아이브루 모카 블랙 200T","8804645003226","발주가능","정상","180","9","215","11687","0","0","0","","NO","0.597"
"20260930","Food","Coffee & Tea","원두커피믹스","맥널티커피","FC","13777565","맥널티 아이브루 모카블랙 70T","8804645003912","발주가능","정상","0","0","35","6519","0","0","0","","NO","0.597"
"20260930","Food","Coffee & Tea","원두커피믹스","맥널티커피","FC","15720531","콜롬비아 블랙 100개입","8804645002861","발주가능","정상","0","56","773","6345","0","0","0","","NO","0.597"
"20260930","Food","Coffee & Tea","원두커피믹스","맥널티커피","SFJEJ2","15720531","콜롬비아 블랙 100개입","8804645002861","발주가능","정상","0","0","2","6345","0","0","0","","NO","0.597"
"20260930","Food","Coffee & Tea","원두커피믹스","맥널티커피","FC","26477367","맥널티 리얼 에스프레소샷 블랙 액상스틱커피 15mlx30개입","8804645006029","발주가능","정상","0","9","178","7388","0","0","0","","NO","0.597"
"20260930","Food","Coffee & Tea","원두커피믹스","맥널티커피","FC","62672352","맥널티 아이브루 플러스 스위트 블랙 원두커피믹스 80개입 2.8g","8804645007620","발주가능","정상","0","4","38","7961","0","0","0","","NO","0.597"
"20260930","Food","Coffee & Tea","원두커피믹스","맥널티커피","FC","67975031","호랭이 커피 오곡향 블랙, 1개, 20개입, 1g","8804645007781","발주가능","정상","0","28","91","2806","0","0","0","","NO","0.597"
"20260930","Food","Coffee & Tea","원두커피믹스","맥널티커피","FC","71629331","맥널티 갓성비 아메리카노 블랙커피, 1개, 100개입, 2g","8804645007873","발주가능","정상","0","58","891","8534","0","0","0","","NO","0.597"
"20260930","Food","Coffee & Tea","원두커피믹스","맥널티커피","SFSPA3","71629331","맥널티 갓성비 아메리카노 블랙커피, 1개, 100개입, 2g","8804645007873","발주가능","정상","0","2","0","8534","0","0","0","","NO","0.597"
"20260930","Food","Coffee & Tea","원두커피믹스","아이브루","FC","36903434","맥널티 아이브루 플러스 헤이즐넛 블랙커피 100개입","8804645006395","발주가능","정상","0","156","627","7623","0","0","0","","NO","0.597"
"20260930","Food","Coffee & Tea","원두커피믹스","아이브루","SFJEJ2","36903434","맥널티 아이브루 플러스 헤이즐넛 블랙커피 100개입","8804645006395","발주가능","정상","0","1","0","7623","0","0","0","","NO","0.597"
"20260930","Food","Coffee & Tea","원두커피믹스","아이브루","FC","36903435","맥널티 아이브루 플러스 오리지널 블랙커피 100개입","8804645006388","발주불가","규격 외","0","0","0","7623","0","0","0","","NO","0.597"
"20260930","Food","Coffee & Tea","원두커피믹스","아이브루","FC","46534985","아이브루 플러스 디카페인 아메리카노 블랙커피, 1개, 80개입, 80g","8804645007118","발주가능","정상","0","28","137","7964","0","0","0","","NO","0.597"
"20260930","Food","Coffee & Tea","원두커피믹스","아이브루","FC","56760693","아이브루 플러스 디카페인 블랙커피 헤이즐넛향 (1g x 80개입), 1개","8804645007453","발주가능","정상","0","72","499","7961","0","0","0","","NO","0.597"
"20260930","Food","Coffee & Tea","원두커피믹스","프라이빗클럽","FC","10837643","맥널티 병커피 헤이즐넛향 50gx10개","19311931309161","발주가능","정상","0","3","113","23000","0","0","0","","NO","0.597"
"20260930","Food","Coffee & Tea","원두커피믹스","프라이빗클럽","FC","12091997","Box_입소문난 아이리쉬 50G 10병","19311931311164","발주가능","정상","0","0","35","32309","0","0","0","","NO","0.597"
"20260930","Food","Coffee & Tea","원두커피믹스","프라이빗클럽","FC","52625820","맥널티 인스턴트 원두 병커피 에스프레소 블랙 50g 1개","9311931902167","발주가능","정상","0","29","124","3486","0","0","0","","NO","0.597"
"20260930","Food","Coffee & Tea","율무/견과차","맥널티","FC","64842417","티브루 호박팥차 진액 10ml 30개입 1개","8804645007675","발주가능","정상","0","62","1462","5259","0","0","0","","NO","0.712"
"20260930","Food","Coffee & Tea","율무/견과차","맥널티","SFDCH1","64842417","티브루 호박팥차 진액 10ml 30개입 1개","8804645007675","발주가능","정상","0","0","2","5259","0","0","0","","NO","0.712"
"20260930","Food","Coffee & Tea","율무/견과차","맥널티커피","FC","39149735","맥널티 스테비아 제로슈가 호두 아몬드 율무차, 1개, 30개입, 450g","8804645006906","발주가능","정상","0","2","209","6815","0","0","0","","NO","0.712"
"20260930","Food","Coffee & Tea","차세트","맥널티커피","FC","78654824","[2026 추석세트] 맥널티 스테비아 전통차 선물세트, 1세트, 율무차(30개) + 쌍화차(30개)","8804645008092","발주가능","정상","0","0","266","19091","0","0","0","","NO","0.901"
"20260930","Food","Coffee & Tea","커피믹스","맥널티커피","FC","45571","맥널티_ 자메이카 블루마운틴 블렌드_226G","8804645100215","발주가능","정상","0","57","1100","5000","0","0","0","","NO","0.729"
"20260930","Food","Coffee & Tea","커피믹스","맥널티커피","FC","25240400","맥널티 스테비아 커피믹스 100개입","8804645006067","발주가능","정상","0","85","612","12941","0","0","0","","NO","0.729"
"20260930","Food","Coffee & Tea","커피믹스","맥널티커피","RC","25240400","맥널티 스테비아 커피믹스 100개입","8804645006067","발주가능","정상","0","0","1440","12941","0","0","0","","NO","0.729"
"20260930","Food","Coffee & Tea","커피믹스","맥널티커피","FC","25240402","맥널티 스테비아 커피믹스 30개입","8804645006074","발주가능","정상","0","43","428","4827","0","0","0","","NO","0.729"
"20260930","Food","Coffee & Tea","커피믹스","맥널티커피","FC","29461862","맥널티 아메리카노 아이스 블랙 100개입","8804645006081","발주가능","정상","0","35","338","5850","0","0","0","","NO","0.729"
"20260930","Food","Coffee & Tea","커피믹스","맥널티커피","FC","38933766","맥널티커피 스테비아 디카페인 커피믹스, 1개, 100개입 9.5g","8804645006890","발주가능","정상","0","40","794","18850","0","0","0","","NO","0.729"
"20260930","Food","Coffee & Tea","커피믹스","맥널티커피","FC","40806729","맥널티 스테비아 디카페인 커피믹스, 1개, 30개입, 285g","8804645006777","발주가능","정상","0","27","397","7027","0","0","0","","NO","0.729"
"20260930","Food","Coffee & Tea","커피믹스","맥널티커피","FC","46730880","산양유 단백질 프로틴 스테비아 커피믹스, 1개, 30개입, 300g","8804645007194","발주가능","정상","0","9","2","6243","0","0","0","","NO","0.729"
"20260930","Food","Coffee & Tea","커피믹스","맥널티커피","FC","47303765","산양유 단백질 프로틴 스테비아 커피믹스, 1개, 100개입, 1000g","8804645007187","발주가능","정상","0","25","113","19988","0","0","0","","NO","0.729"
"20260930","Food","Coffee & Tea","커피믹스","맥널티커피","FC","56214466","맥널티커피 아이브루 바닐라 라떼,12g x 100개입(스틱), 1200g , 1개","8804645007460","발주가능","정상","0","12","74","12543","0","0","0","","NO","0.729"
"20260930","Food","Coffee & Tea","커피믹스","맥널티커피","FC","56214467","맥널티커피 아이브루 카라멜 마끼아또, 12g x 100개입(스틱), 1200g , 1개","8804645007484","발주가능","정상","72","15","115","12543","0","0","0","","NO","0.729"
"20260930","Food","Coffee & Tea","커피믹스","맥널티커피","FC","63447822","스테비아 커피믹스 헤이즐넛향 9.5g 30개입 1개","8804645007637","발주가능","정상","84","37","198","4827","0","0","0","","NO","0.729"
"20260930","Food","Coffee & Tea","커피믹스","맥널티커피","FC","64859139","맥널티 스테비아 솔티드 카라멜 커피믹스 10g 1개 30개입","8804645007668","발주가능","정상","0","8","70","5670","0","0","0","","NO","0.729"
"20260930","Food","Coffee & Tea","커피믹스","맥널티커피","FC","69526598","맥널티 갓성비 제로슈가 커피믹스, 1개, 80개입, 9g","8804645007842","발주가능","정상","0","24","626","8805","0","0","0","","NO","0.729"
"20260930","Food","Coffee & Tea","커피믹스","맥널티커피","FC","69634259","맥널티커피 스테비아 커피믹스 헤이즐넛향, 9.5g, 100개입, 1개","8804645007811","발주가능","정상","17","3","42","14261","0","0","0","","NO","0.729"
"20260930","Food","Coffee & Tea","커피믹스","맥널티커피","FC","71115721","호랭이 커피믹스 고소한 오곡향, 1개, 160개입, 9.5g","8804645007880","발주가능","정상","0","6","63","14261","0","0","0","","NO","0.729"
"20260930","Food","Coffee & Tea","커피믹스","맥널티커피","FC","71115722","호랭이 커피믹스 고소한 오곡향, 1개, 20개입, 9.5g","8804645007897","발주가능","정상","0","8","74","2806","0","0","0","","NO","0.729"
"20260930","Food","Coffee & Tea","커피믹스","아이브루","SFODD2","2341900","맥널티 iBrew 미니 헤이즐넛향 200개입(200g)","8804645000515","발주가능","정상","0","0","2","9917","0","0","0","","NO","0.729"
"20260930","Food","Coffee & Tea","커피믹스","아이브루","RC","2341900","맥널티 iBrew 미니 헤이즐넛향 200개입(200g)","8804645000515","발주가능","정상","0","0","360","9917","0","0","0","","NO","0.729"
"20260930","Food","Coffee & Tea","커피믹스","아이브루","FC","2341900","맥널티 iBrew 미니 헤이즐넛향 200개입(200g)","8804645000515","발주가능","정상","0","55","1114","9917","0","0","0","","NO","0.729"
"20260930","Food","Coffee & Tea","커피믹스","아이브루","FC","3067423","아이브루 헤이즐넛향 70개입","8804645000706","발주가능","정상","0","12","380","4025","0","0","0","","NO","0.729"
"20260930","Food","Coffee & Tea","커피믹스","아이브루","FC","3067424","아이브루 케냐AA 블렌드 70개입","8804645000690","발주가능","정상","0","1","62","6205","0","0","0","","NO","0.729"
"20260930","Food","Coffee & Tea","커피믹스","아이브루","FC","3067425","아이브루 예가체프 블렌드 70개입","8804645000683","발주가능","정상","0","4","16","6205","0","0","0","","NO","0.729"
"20260930","Food","Coffee & Tea","커피믹스","프라이빗클럽","FC","3067426","인스턴트 병커피 아이리쉬크림 50g","9311931901160","발주가능","정상","40","13","114","3322","0","0","0","","NO","0.729"
"20260930","Food","Coffee & Tea","커피믹스","프라이빗클럽","FC","3067428","인스턴트 병커피 헤이즐넛향 50g","9311931105162","발주가능","정상","0","130","2749","2300","0","0","0","","NO","0.729"
"20260930","Food","Coffee & Tea","커피세트","맥널티커피","FC","26870612","[2026 추석세트] 맥널티 핸드드립 버라이어티세트 30개입","8804645006258","발주가능","정상","0","20","1086","9395","0","0","0","","NO","0.899"
"20260930","Food","Coffee & Tea","커피세트","맥널티커피","FC","54651094","인스턴트 원두 병커피 맥널티커피 선물세트 50g x 4개입(에스프레소 2병+헤이즐넛 2병), 1세트","8804645007408","발주가능","정상","0","0","0","15305","0","0","0","","YES","0.899"
"20260930","Food","Drinks","과일음료","맥널티커피","FC","24752132","청포도 에이드 190mL 10팩","8804645005893","발주가능","정상","0","46","220","3486","0","0","0","","NO","0.799"
"20260930","Food","Drinks","과일음료","맥널티커피","SFJEJ2","24752132","청포도 에이드 190mL 10팩","8804645005893","발주가능","정상","0","1","0","3486","0","0","0","","NO","0.799"
"20260930","Food","Drinks","과일음료","맥널티커피","RC","24752132","청포도 에이드 190mL 10팩","8804645005893","발주가능","정상","0","0","273","3486","0","0","0","","NO","0.799"
"20260930","Food","Drinks","과일음료","맥널티커피","FC","24752250","블루레몬 에이드 190mL 10팩","8804645005909","발주가능","정상","0","14","315","3486","0","0","0","","NO","0.799"
"20260930","Food","Drinks","과일음료","맥널티커피","RC","24752250","블루레몬 에이드 190mL 10팩","8804645005909","발주가능","정상","0","0","237","3486","0","0","0","","NO","0.799"
"20260930","Food","Drinks","과일음료","맥널티커피","FC","45580036","맥널티 청매실 에이드 190ml*10개입","8804645007071","발주가능","정상","0","4","205","3486","0","0","0","","NO","0.799"
"20260930","Food","Drinks","농축액(음료베이스)","맥널티","FC","51983601","물 한방울 섞이지 않은 김토끼 유기농 레몬즙, 10개, 20g","8804645007361","발주가능","정상","0","3","48","4077","0","0","0","","NO","0.718"
"20260930","Food","Drinks","농축액(음료베이스)","맥널티","FC","58338694","티브루 보리차 원액 간편 액상스틱 진액, 30개, 10ml","8804645007590","발주가능","정상","0","100","1027","5259","0","0","0","","NO","0.718"
"20260930","Food","Drinks","농축액(음료베이스)","맥널티","FC","58338695","티브루 옥수수수염차 원액 간편 액상스틱 진액, 30개, 10ml","8804645007606","발주가능","정상","0","30","509","5259","0","0","0","","NO","0.718"
"20260930","Food","Drinks","농축액(음료베이스)","맥널티","FC","58338696","티브루 헛개수 원액 간편 액상스틱 진액, 30개, 10ml","8804645007613","발주가능","정상","0","50","267","5259","0","0","0","","NO","0.718"
"20260930","Food","Drinks","농축액(음료베이스)","맥널티커피","FC","62882483","티브루 보리차 진액, 1개, 400g","8804645007651","발주가능","정상","0","13","50","7623","0","0","0","","NO","0.718"
"20260930","Food","Drinks","농축액(음료베이스)","맥널티커피","FC","71636537","맥널티 티브루 호박팥차 무라벨, 20개, 500ml","8804645007934","발주가능","정상","0","61","895","8795","0","0","0","","NO","0.718"
"20260930","Food","Drinks","야채음료","맥널티커피","FC","48914233","맥널티 유자 에이드 190ml 10개","8804645007217","발주가능","정상","0","13","190","3486","0","0","0","","NO","0.615"
"20260930","Food","Drinks","차음료","맥널티커피","SFSPA3","24752251","복숭아 아이스티 190mL 10팩","8804645005886","발주가능","정상","0","0","1","3486","0","0","0","","NO","0.693"
"20260930","Food","Drinks","차음료","맥널티커피","FC","24752251","복숭아 아이스티 190mL 10팩","8804645005886","발주가능","정상","0","18","724","3486","0","0","0","","NO","0.693"
"20260930","Food","Drinks","차음료","맥널티커피","SFDCH1","24752251","복숭아 아이스티 190mL 10팩","8804645005886","발주가능","정상","0","0","2","3486","0","0","0","","NO","0.693"
"20260930","Food","Drinks","차음료","맥널티커피","FC","24944267","맥널티 허니자몽 블랙티 대용량 파우치 1Lx6입","18804645005951","발주가능","정상","0","1","42","10252","0","0","0","","NO","0.693"
"20260930","Food","Drinks","차음료","맥널티커피","FC","24944268","맥널티 복숭아 아이스티 대용량 파우치 1Lx6입","18804645005944","발주가능","정상","0","0","124","10252","0","0","0","","NO","0.693"
"20260930","Food","Drinks","차음료","맥널티커피","FC","26889711","맥널티 제로칼로리 복숭아 아이스티 500ml 24입","18804645006101","발주가능","정상","0","14","247","12205","0","0","0","","NO","0.693"
"20260930","Food","Drinks","차음료","맥널티커피","FC","36669698","제로 아이스티 복숭아, 30개입, 13g","8804645006791","발주가능","정상","0","4","82","5850","0","0","0","","NO","0.693"
"20260930","Food","Drinks","차음료","맥널티커피","FC","36829225","맥널티 제로칼로리 청포도 아이스티 500mlx24입,","18804645006538","발주가능","정상","0","4","61","12205","0","0","0","","NO","0.693"
"20260930","Food","Drinks","차음료","맥널티커피","FC","36829226","제로 아이스티 청포도, 30개입, 13g 1개","8804645006807","발주가능","정상","0","2","60","5850","0","0","0","","NO","0.693"
"20260930","Food","Drinks","차음료","맥널티커피","FC","38262417","복숭아 아이스티 제로, 6개, 1L","18804645006873","발주가능","정상","0","0","29","10577","0","0","0","","NO","0.693"
"20260930","Food","Drinks","차음료","맥널티커피","FC","40520042","맥널티커피 복숭아 아이스티 제로 RTD, 30개, 240ml","18804645006835","발주가능","정상","0","4","244","8795","0","0","0","","NO","0.693"
"20260930","Food","Drinks","차음료","맥널티커피","FC","61673272","맥널티커피 복숭아 아이스티 제로, 1.5L, 1개","8804645006739","발주가능","정상","0","115","1329","1364","0","0","0","","NO","0.693"
"20260930","Food","Drinks","차음료","맥널티커피","SFSPA3","61673272","맥널티커피 복숭아 아이스티 제로, 1.5L, 1개","8804645006739","발주가능","정상","0","0","0","1364","0","0","0","","NO","0.693"
"20260930","Food","Drinks","차음료","맥널티커피","RC","61673272","맥널티커피 복숭아 아이스티 제로, 1.5L, 1개","8804645006739","발주가능","정상","0","0","624","1364","0","0","0","","NO","0.693"
"20260930","Food","Drinks","차음료","맥널티커피","FC","73944650","맥널티 복숭아 아이스티 대용량 파우치, 1개, 2.1L","8804645007965","발주가능","정상","0","240","1207","2413","0","0","0","","NO","0.693"
"20260930","Food","Drinks","차음료","맥널티커피","SFSPA3","73944650","맥널티 복숭아 아이스티 대용량 파우치, 1개, 2.1L","8804645007965","발주가능","정상","0","2","0","2413","0","0","0","","NO","0.693"
"20260930","Food","Drinks","차음료","맥널티커피","SFJEJ2","73944650","맥널티 복숭아 아이스티 대용량 파우치, 1개, 2.1L","8804645007965","발주가능","정상","0","5","0","2413","0","0","0","","NO","0.693"
"20260930","Food","Drinks","차음료","맥널티커피","RC","73944650","맥널티 복숭아 아이스티 대용량 파우치, 1개, 2.1L","8804645007965","발주가능","정상","0","0","396","2413","0","0","0","","NO","0.693"
"20260930","Food","Drinks","차음료","맥널티커피","FC","75850021","맥널티 허니자몽 블랙티, 1L, 1개","8804645005954","발주가능","정상","0","8","93","1714","0","0","0","","NO","0.693"
"20260930","Food","Drinks","커피음료","맥널티커피","FC","24695530","아이스 헤이즐넛향 커피 190mL 10팩","8804645005879","발주가능","정상","0","32","513","3486","0","0","0","","NO","0.701"
"20260930","Food","Drinks","커피음료","맥널티커피","SFJEJ2","24695531","아이스 아메리카노 스위트 190mL 10팩","8804645005862","발주가능","정상","0","1","0","3486","0","0","0","","NO","0.701"
"20260930","Food","Drinks","커피음료","맥널티커피","FC","24695531","아이스 아메리카노 스위트 190mL 10팩","8804645005862","발주가능","정상","0","42","206","3486","0","0","0","","NO","0.701"
"20260930","Food","Drinks","커피음료","맥널티커피","SFSPA3","24695531","아이스 아메리카노 스위트 190mL 10팩","8804645005862","발주가능","정상","0","0","8","3486","0","0","0","","NO","0.701"
"20260930","Food","Drinks","커피음료","맥널티커피","RC","24695531","아이스 아메리카노 스위트 190mL 10팩","8804645005862","발주가능","정상","0","0","819","3486","0","0","0","","NO","0.701"
"20260930","Food","Drinks","커피음료","맥널티커피","SFODD2","24695532","아이스 아메리카노 블랙 190mL 10팩","8804645005855","발주가능","정상","0","0","1","3486","0","0","0","","NO","0.701"
"20260930","Food","Drinks","커피음료","맥널티커피","RC","24695532","아이스 아메리카노 블랙 190mL 10팩","8804645005855","발주가능","정상","0","0","273","3486","0","0","0","","NO","0.701"
"20260930","Food","Drinks","커피음료","맥널티커피","FC","24695532","아이스 아메리카노 블랙 190mL 10팩","8804645005855","발주가능","정상","0","20","294","3486","0","0","0","","NO","0.701"
"20260930","Food","Drinks","커피음료","맥널티커피","FC","25484251","맥널티커피 아메리카노 스위트 1Lx6입","18804645005920","발주가능","정상","0","6","58","10252","0","0","0","","NO","0.701"
"20260930","Food","Drinks","커피음료","맥널티커피","FC","25484255","맥널티 아이스 아메리카노 블랙커피 대용량 파우치 1Lx6입","18804645005913","발주가능","정상","0","5","26","10252","0","0","0","","NO","0.701"
"20260930","Food","Drinks","커피음료","맥널티커피","FC","25484257","맥널티 아이스 헤이즐넛향 커피 대용량 파우치 1Lx6입","18804645005937","발주가능","정상","0","3","35","10252","0","0","0","","NO","0.701"
"20260930","Food","Drinks","커피음료","맥널티커피","FC","48466205","맥널티 대용량 제로슈가 스테비아 믹스커피 음료, 12개, 1L","18804645007290","발주가능","정상","0","18","195","17067","0","0","0","","NO","0.701"
"20260930","Food","Drinks","커피음료","맥널티커피","FC","54922706","맥널티 대용량 제로슈가 스테비아 믹스커피 음료, 1L, 6개","8804645007323","발주가능","정상","0","61","688","8805","0","0","0","","NO","0.701"
"20260930","Food","Drinks","커피음료","맥널티커피","FC","68778940","맥널티 아이브루 아메리카노 블랙커피 12개 1L","18804645007306","발주가능","정상","0","203","2415","12205","0","0","0","","NO","0.701"
"20260930","Food","Drinks","커피음료","맥널티커피","RC","68778940","맥널티 아이브루 아메리카노 블랙커피 12개 1L","18804645007306","발주가능","정상","0","0","400","12205","0","0","0","","NO","0.701"
"20260930","Food","Drinks","커피음료","맥널티커피","FC","68778941","맥널티 아이브루 헤이즐넛향 블랙커피 12개 1L","18804645007504","발주가능","정상","0","33","405","12205","0","0","0","","NO","0.701"
"20260930","Food","Drinks","커피음료","맥널티커피","FC","68778942","아이브루 아메리카노 블랙커피 무라벨 400ML 20개","8804645007491","발주가능","정상","0","204","2306","12205","0","0","0","","NO","0.701"
"20260930","Food","Drinks","커피음료","맥널티커피","RC","73951791","맥널티 아이스 아메리카노 블랙 커피 대용량 파우치, 1개, 2.1L","8804645007958","발주가능","정상","0","0","8480","2413","0","0","0","","NO","0.701"
"20260930","Food","Drinks","커피음료","맥널티커피","SFSPA3","73951791","맥널티 아이스 아메리카노 블랙 커피 대용량 파우치, 1개, 2.1L","8804645007958","발주가능","정상","0","0","0","2413","0","0","0","","NO","0.701"
"20260930","Food","Drinks","커피음료","맥널티커피","SFDCH1","73951791","맥널티 아이스 아메리카노 블랙 커피 대용량 파우치, 1개, 2.1L","8804645007958","발주가능","정상","0","0","2","2413","0","0","0","","NO","0.701"
"20260930","Food","Drinks","커피음료","맥널티커피","SFJEJ2","73951791","맥널티 아이스 아메리카노 블랙 커피 대용량 파우치, 1개, 2.1L","8804645007958","발주가능","정상","0","10","4","2413","0","0","0","","NO","0.701"
"20260930","Food","Drinks","커피음료","맥널티커피","FC","73951791","맥널티 아이스 아메리카노 블랙 커피 대용량 파우치, 1개, 2.1L","8804645007958","발주가능","정상","0","485","1811","2413","0","0","0","","NO","0.701"
"20260930","Food","Drinks","커피음료","맥널티커피","SFJEJ2","75683093","맥널티 아이스 아메리카노 블랙 1리터, 1L, 1개","8804645005916","발주가능","정상","0","0","1","1714","0","0","0","","NO","0.701"
"20260930","Food","Drinks","커피음료","맥널티커피","SFSPA3","75683093","맥널티 아이스 아메리카노 블랙 1리터, 1L, 1개","8804645005916","발주가능","정상","0","0","1","1714","0","0","0","","NO","0.701"
"20260930","Food","Drinks","커피음료","맥널티커피","FC","75683093","맥널티 아이스 아메리카노 블랙 1리터, 1L, 1개","8804645005916","발주가능","정상","0","12","896","1714","0","0","0","","NO","0.701"
"20260930","Food","Drinks","커피음료","맥널티커피","FC","75694561","맥널티커피 아이스 아메리카노 헤이즐넛, 1개, 1L","8804645005930","발주가능","정상","0","10","1385","1714","0","0","0","","NO","0.701"
"20260930","Food","Drinks","커피음료","맥널티커피","FC","75765043","맥널티 아이스아메리카노 스위트, 1개, 1L","8804645005923","발주가능","정상","0","53","1101","1714","0","0","0","","NO","0.701"
"20260930","Food","Drinks","커피음료","맥널티커피","FC","76540319","맥널티 호랭이 마일드 라떼 캔커피, 30개, 175ml","18804645008013","발주가능","정상","0","109","708","8523","0","0","0","","NO","0.701"
"20260930","Food","Drinks","커피음료","맥널티커피","RC","77572705","맥널티 아이스 아메리카노 헤이즐넛, 1개, 2.1L","8804645008030","발주가능","정상","0","0","312","2413","0","0","0","","NO","0.701"
"20260930","Food","Drinks","커피음료","맥널티커피","FC","77572705","맥널티 아이스 아메리카노 헤이즐넛, 1개, 2.1L","8804645008030","발주가능","정상","380","191","1257","2413","0","0","0","","NO","0.701"
"20260930","Food","Drinks","커피음료","맥널티커피","SFSPA3","77572705","맥널티 아이스 아메리카노 헤이즐넛, 1개, 2.1L","8804645008030","발주가능","정상","0","1","0","2413","0","0","0","","NO","0.701"
"20260930","Food","Drinks","커피음료","맥널티커피","SFJEJ2","77572705","맥널티 아이스 아메리카노 헤이즐넛, 1개, 2.1L","8804645008030","발주가능","정상","0","2","14","2413","0","0","0","","NO","0.701"
"20260930","Food","Drinks","커피음료","아이브루","FC","70253954","아이브루 디카페인 아메리카노 블랙커피 무라벨, 20개, 400ml","8804645007903","발주가능","정상","0","44","641","13500","0","0","0","","NO","0.701"
"20260930","Kitchen","Tools & Gadgets","드립주전자/포트","맥널티커피","FC","15333511","맥널티 드립 주전자 350ml","8804645004490","발주가능","정상","0","0","131","5044","0","0","0","","NO","0.790"
"20260930","Kitchen","Tools & Gadgets","커피필터/여과지","맥널티","SFJEJ2","12491225","맥널티 핸드드립 커피필터 30개입","8804645300950","발주가능","정상","0","0","2","2642","0","0","0","","NO","0.518"
"20260930","Kitchen","Tools & Gadgets","커피필터/여과지","맥널티","FC","12491225","맥널티 핸드드립 커피필터 30개입","8804645300950","발주가능","정상","160","82","746","2642","0","0","0","","NO","0.518"
"20260930","Kitchen","Tools & Gadgets","커피필터/여과지","맥널티커피","FC","80552848","맥널티 천연펄프 무표백 핸드드립 커피필터 여과지(5~7인용), 1개, 100개입","8804645000027","발주가능","정상","0","0","2","2864","0","0","0","","YES","0.518"
"20260929","CE","Kitchen Appliance","커피머신","맥널티커피","FC","31602405","맥널티 2in1 핫앤콜드 진공추출 커피메이커 MCM-065B MCM-065B","8804645006296","발주가능","정상","0","0","12","30859","0","0","0","","NO","0.797"
"20260929","Food","Coffee & Tea","기타전통차","맥널티커피","FC","39149736","맥널티 스테비아 침향 쌍화차, 1개, 30개입, 450g","8804645006913","발주가능","정상","0","0","89","8536","0","0","0","","NO","0.725"
"20260929","Food","Coffee & Tea","기타전통차","맥널티커피","FC","41175263","맥널티커피 스테비아 꿀 유자차, 1개, 30개입, 450g","8804645006951","발주가능","정상","60","0","93","7388","0","0","0","","NO","0.725"
"20260929","Food","Coffee & Tea","둥글레/옥수수/보리/결명자차","맥널티커피","FC","76230458","맥널티 진 보리차 1개 1kg","8804645007996","발주가능","정상","0","2","24","15209","0","0","0","","NO","0.609"
"20260929","Food","Coffee & Tea","드립백/티백","맥널티","FC","3067432","산지별 콜롬비아 슈프리모 핸드드립커피 7개입","8804645000324","발주가능","정상","0","6","182","3043","0","0","0","","NO","0.730"
"20260929","Food","Coffee & Tea","드립백/티백","맥널티","FC","10003518","케냐 AA 핸드드립 블렌드 24개입","8804645000720","발주가능","정상","0","22","282","6068","0","0","0","","NO","0.730"
"20260929","Food","Coffee & Tea","드립백/티백","맥널티커피","FC","3067429","산지별 브라질 세라도 NY2 핸드드립커피 7개입","8804645000300","발주가능","정상","48","0","66","2887","0","0","0","","NO","0.730"
"20260929","Food","Coffee & Tea","드립백/티백","맥널티커피","FC","3067430","산지별 케냐 AA 핸드드립커피 7개입","8804645000355","발주가능","정상","144","6","147","3062","0","0","0","","YES","0.730"
"20260929","Food","Coffee & Tea","드립백/티백","맥널티커피","FC","3067433","산지별 에티오피아 코케 허니 핸드드립커피 7개입","8804645000348","발주가능","정상","0","5","100","2910","0","0","0","","NO","0.730"
"20260929","Food","Coffee & Tea","드립백/티백","맥널티커피","FC","3067434","산지별 에티오피아 예가체프 핸드드립커피 7개입","8804645000331","발주가능","정상","0","7","50","3184","0","0","0","","NO","0.730"
"20260929","Food","Coffee & Tea","드립백/티백","맥널티커피","FC","10003517","콜롬비아 핸드드립 블렌드 24개입","8804645000713","발주가능","정상","180","38","188","8534","0","0","0","","NO","0.730"
"20260929","Food","Coffee & Tea","드립백/티백","맥널티커피","FC","23400108","맥널티 디카페인100% 핸드드립 원두커피 24개입","8804645005732","발주가능","정상","0","17","46","9395","0","0","0","","NO","0.730"
"20260929","Food","Coffee & Tea","드립백/티백","맥널티커피","FC","37713094","맥널티 핸드드립커피 케냐AA(더블에이) 36개입, 8g, 1개","8804645006616","발주가능","정상","24","3","67","11759","0","0","0","","NO","0.730"
"20260929","Food","Coffee & Tea","드립백/티백","맥널티커피","FC","37713095","맥널티 핸드드립커피 에티오피아 예가체프 36개입, 8g, 1개","8804645006623","발주가능","정상","36","5","47","10577","0","0","0","","NO","0.730"
"20260929","Food","Coffee & Tea","드립백/티백","맥널티커피","FC","41391235","맥널티 행복을주는커피 시그니처 블렌드 핸드드립 커피 20개입, 1개, 8g","8804645003653","발주가능","정상","0","10","76","6795","0","0","0","","NO","0.730"
"20260929","Food","Coffee & Tea","드립백/티백","맥널티커피","FC","62821923","맥널티 핸드드립 커피 에티오피아 예가체프 8g 24개입 1개","8804645006920","발주가능","정상","36","0","36","9679","0","0","0","","YES","0.730"
"20260929","Food","Coffee & Tea","드립백/티백","맥널티커피","FC","68147033","베니스브루 스페셜티 핸드드립 가향 커피 오렌지 벨벳, 1개, 7개입, 12g","8804645007712","발주가능","정상","0","0","15","5143","0","0","0","","NO","0.730"
"20260929","Food","Coffee & Tea","드립백/티백","맥널티커피","FC","68147034","베니스브루 스페셜티 핸드드립 가향 커피 쇼콜라 모카, 1개, 7개입, 12g","8804645007729","발주가능","정상","6","3","18","5143","0","0","0","","NO","0.730"
"20260929","Food","Coffee & Tea","드립백/티백","맥널티커피","FC","68777449","베니스브루 베리 블로썸 드립백 커피 12g 1개 7개입","8804645007705","발주가능","정상","0","0","25","5143","0","0","0","","NO","0.730"
"20260929","Food","Coffee & Tea","라떼분말","맥널티커피","FC","34834818","맥널티 스테비아 제로슈가 핫초코 라떼 30개입 15g","8804645006340","발주가능","정상","0","30","410","7500","0","0","0","","NO","0.606"
"20260929","Food","Coffee & Tea","라떼분말","맥널티커피","FC","51063548","스테비아 단백질 옥수수 크림 라떼, 1개, 20개입, 18g","8804645007330","발주가능","정상","0","0","23","5850","0","0","0","","NO","0.606"
"20260929","Food","Coffee & Tea","라떼분말","맥널티커피","FC","51164938","스테비아 단백질 고구마 크림 라떼, 1개, 20개입, 18g","8804645007347","발주가능","정상","12","2","15","5850","0","0","0","","NO","0.606"
"20260929","Food","Coffee & Tea","원두","N_A","FC","76443755","맥널티 브라질 세라도 NY.2 원두 1kg, 1개","8804645006425","발주가능","정상","0","10","207","17609","0","0","0","","NO","0.899"
"20260929","Food","Coffee & Tea","원두","맥널티커피","SFSPA3","45570","맥널티_헤이즐넛원두분쇄커피_226G","8804645100208","발주가능","정상","0","4","4","5000","0","0","0","","NO","0.899"
"20260929","Food","Coffee & Tea","원두","맥널티커피","SFJEJ2","45570","맥널티_헤이즐넛원두분쇄커피_226G","8804645100208","발주가능","정상","0","3","1","5000","0","0","0","","NO","0.899"
"20260929","Food","Coffee & Tea","원두","맥널티커피","RC","45570","맥널티_헤이즐넛원두분쇄커피_226G","8804645100208","발주가능","정상","0","0","2176","5000","0","0","0","","NO","0.899"
"20260929","Food","Coffee & Tea","원두","맥널티커피","FC","45570","맥널티_헤이즐넛원두분쇄커피_226G","8804645100208","발주가능","정상","0","107","1678","5000","0","0","0","","NO","0.899"
"20260929","Food","Coffee & Tea","원두","맥널티커피","RC","45572","맥널티_헤이즐넛원두분쇄커피_500G","8804645100468","발주가능","정상","0","0","640","7960","0","0","0","","NO","0.899"
"20260929","Food","Coffee & Tea","원두","맥널티커피","FC","45572","맥널티_헤이즐넛원두분쇄커피_500G","8804645100468","발주가능","정상","0","73","743","7960","0","0","0","","NO","0.899"
"20260929","Food","Coffee & Tea","원두","맥널티커피","SFSPA3","45572","맥널티_헤이즐넛원두분쇄커피_500G","8804645100468","발주가능","정상","0","0","7","7960","0","0","0","","NO","0.899"
"20260929","Food","Coffee & Tea","원두","맥널티커피","FC","45573","맥널티_블루마운틴스타일원두분쇄커피_500G","8804645100451","발주가능","정상","1280","22","1765","11091","0","0","0","","NO","0.899"
"20260929","Food","Coffee & Tea","원두","맥널티커피","FC","5344648","맥널티 원두 에스프레소 블랙 1개, 1kg","8804645001239","발주불가","단종","0","0","1","9156","0","0","0","","YES","0.899"
"20260929","Food","Coffee & Tea","원두","맥널티커피","FC","10147177","맥널티 홀빈 블루마운틴 1000g","8804645006302","발주가능","정상","40","45","143","15715","0","0","0","","NO","0.899"
"20260929","Food","Coffee & Tea","원두","맥널티커피","FC","10147180","맥널티 행복을 주는 커피 헤이즐넛향 1kg 홀빈","8804645100185","발주가능","정상","48","21","146","15244","0","0","0","","NO","0.899"
"20260929","Food","Coffee & Tea","원두","맥널티커피","FC","10812901","맥널티 베트남 로부스타 원두커피 1kg","8804645003066","발주가능","정상","0","32","145","11700","0","0","0","","NO","0.899"
"20260929","Food","Coffee & Tea","원두","맥널티커피","RC","10812901","맥널티 베트남 로부스타 원두커피 1kg","8804645003066","발주가능","정상","400","0","800","11700","0","0","0","","NO","0.899"
"20260929","Food","Coffee & Tea","원두","맥널티커피","FC","11849981","행복을 주는 커피 블루마운틴 블렌드 분쇄 원두 커피 1kg","8804645003486","발주가능","정상","36","7","107","16364","0","0","0","","NO","0.899"
"20260929","Food","Coffee & Tea","원두","맥널티커피","FC","12521866","맥널티 행복을 주는 커피 시그니처 헤이즐넛향 원두 커피 1Kg","8804645003493","발주가능","정상","0","26","150","16364","0","0","0","","NO","0.899"
"20260929","Food","Coffee & Tea","원두","맥널티커피","RC","12521866","맥널티 행복을 주는 커피 시그니처 헤이즐넛향 원두 커피 1Kg","8804645003493","발주가능","정상","0","0","432","16364","0","0","0","","NO","0.899"
"20260929","Food","Coffee & Tea","원두","맥널티커피","FC","13277718","맥널티 행복을 주는 커피 브라질 산토스 1kg","8804645003936","발주가능","정상","0","12","94","14091","0","0","0","","NO","0.899"
"20260929","Food","Coffee & Tea","원두","맥널티커피","FC","13277719","맥널티 행복을 주는 커피 콜롬비아 블렌드 1kg","8804645003929","발주가능","정상","50","36","310","15599","0","0","0","","NO","0.899"
"20260929","Food","Coffee & Tea","원두","맥널티커피","FC","37733154","맥널티 원두 홀빈(분쇄안함) 마일드 미디움 블렌드 200g, 1개","8804645005374","발주가능","정상","0","0","16","5791","0","0","0","","NO","0.899"
"20260929","Food","Coffee & Tea","원두","맥널티커피","FC","38710869","맥널티 홀빈 커피원두, 마일드 미디움 블렌드 1kg, 1개","8804645005329","발주가능","정상","12","2","14","16364","0","0","0","","NO","0.899"
"20260929","Food","Coffee & Tea","원두","맥널티커피","FC","38710870","맥널티 홀빈 커피원두, 콜롬비아 안데스 오리진 1kg, 1개","8804645005343","발주가능","정상","6","1","34","16364","0","0","0","","NO","0.899"
"20260929","Food","Coffee & Tea","원두","맥널티커피","FC","38710872","맥널티 홀빈 커피원두, 시그니처 블렌드 1kg, 1개","8804645005312","발주가능","정상","0","6","48","16364","0","0","0","","NO","0.899"
"20260929","Food","Coffee & Tea","원두","맥널티커피","FC","38813491","맥널티 홀빈 원두 1KG, 브라질 산토스 내추럴, 1개","8804645005350","발주가능","정상","120","4","225","11364","0","0","0","","NO","0.899"
"20260929","Food","Coffee & Tea","원두","맥널티커피","FC","38919334","맥널티 에티오피아 예가체프 홀빈 원두, 1kg, 1개","8804645006852","발주가능","정상","12","2","40","16364","0","0","0","","NO","0.899"
"20260929","Food","Coffee & Tea","원두","맥널티커피","FC","39616644","맥널티 예맨 모카 블렌드 커피 원두, 홀빈(분쇄안함), 500g, 1개","8804645006692","발주가능","정상","0","0","11","11400","0","0","0","","NO","0.899"
"20260929","Food","Coffee & Tea","원두","맥널티커피","FC","39616645","맥널티 시그니처 디카페인 커피 원두, 홀빈(분쇄안함), 500g, 1개","8804645006937","발주가능","정상","0","2","200","12545","0","0","0","","NO","0.899"
"20260929","Food","Coffee & Tea","원두","맥널티커피","FC","39616646","맥널티 게이샤 블렌드 커피 원두, 홀빈(분쇄안함), 500g, 1개","8804645006708","발주가능","정상","24","0","46","11400","0","0","0","","NO","0.899"
"20260929","Food","Coffee & Tea","원두","맥널티커피","FC","39616647","맥널티 하와이안 코나 블렌드 커피 원두, 홀빈(분쇄안함), 500g, 1개","8804645006685","발주가능","정상","0","2","64","11400","0","0","0","","NO","0.899"
"20260929","Food","Coffee & Tea","원두","맥널티커피","FC","48074657","맥널티 브라질 세라도 분쇄 원두 커피, 1개, 500g","8804645007262","발주가능","정상","48","8","107","9395","0","0","0","","NO","0.899"
"20260929","Food","Coffee & Tea","원두","맥널티커피","FC","48074658","맥널티 콜롬비아 안데스 분쇄 원두 커피, 1개, 500g","8804645007255","발주가능","정상","96","9","115","9986","0","0","0","","NO","0.899"
"20260929","Food","Coffee & Tea","원두","맥널티커피","FC","48074659","맥널티 에티오피아 예가체프 분쇄 원두 커피, 1개, 500g","8804645007231","발주가능","정상","48","15","138","9986","0","0","0","","NO","0.899"
"20260929","Food","Coffee & Tea","원두","맥널티커피","FC","58681130","콜롬비아 안데스 오리진 분쇄 커피 원두 1개 226g 핸드드립","8804645007552","발주가능","정상","8","5","4","7159","0","0","0","","YES","0.899"
"20260929","Food","Coffee & Tea","원두","맥널티커피","FC","58681131","브라질 산토스 오리진 분쇄 커피 원두, 226g, 1개, 핸드드립","8804645007545","발주가능","정상","24","0","25","7159","0","0","0","","YES","0.899"
"20260929","Food","Coffee & Tea","원두","맥널티커피","FC","58765769","게이샤 블렌드 분쇄 커피 원두, 1개, 226g, 핸드드립","8804645007514","발주가능","정상","24","7","24","7732","0","0","0","","YES","0.899"
"20260929","Food","Coffee & Tea","원두","맥널티커피","FC","58765770","디카페인 헤이즐넛향 분쇄 커피 원두, 1개, 226g, 핸드드립","8804645007538","발주가능","정상","56","6","97","8018","0","0","0","","NO","0.899"
"20260929","Food","Coffee & Tea","원두","맥널티커피","FC","58850533","하와이안 코나 블렌드 분쇄 커피 원두, 1개, 226g, 핸드드립","8804645007521","발주가능","정상","24","1","24","7732","0","0","0","","YES","0.899"
"20260929","Food","Coffee & Tea","원두","맥널티커피","FC","71777603","투비 다크 블랙 블렌드 홀빈 원두 커피, 1kg, 홀빈(분쇄안함), 1개","8804645007989","발주가능","정상","96","8","191","13115","0","0","0","","NO","0.899"
"20260929","Food","Coffee & Tea","원두","맥널티커피","FC","76697770","투비커피 너티초코 아메리카노 블렌드 홀빈 원두 커피, 1kg, 홀빈(분쇄안함), 1개","8804645008047","발주가능","정상","0","0","35","17125","0","0","0","","NO","0.899"
"20260929","Food","Coffee & Tea","원두","맥널티커피","FC","80661387","베트남 로부스타 G1 싱글오리진 커피 원두, 1개, 1kg","8804645006869","발주가능","신규","43","0","43","10741","0","0","0","","YES","0.899"
"20260929","Food","Coffee & Tea","원두","맥널티커피","FC","80686777","맥널티 투비 데일리 블렌드 홀빈 원두 커피 고소한 너티 로스팅, 1개, 1kg","8804645008023","발주가능","정상","0","0","45","15377","1","1","0","","NO","0.899"
"20260929","Food","Coffee & Tea","원두","맥널티커피","FC","80855134","맥널티 콜롬비아 수프리모 후일라 커피 원두, 1kg, 1개","8804645006432","발주가능","신규","24","0","24","25423","0","0","0","","YES","0.899"
"20260929","Food","Coffee & Tea","원두","맥널티커피","FC","80855137","맥널티 에티오피아 예가체프 G2 원두 1kg, 1개, 홀빈(분쇄안함)","8804645006449","발주가능","신규","24","0","24","22332","0","0","0","","YES","0.899"
"20260929","Food","Coffee & Tea","원두커피믹스","맥널티","FC","10003529","아이브루 클래식 100T","8804645002465","발주불가","규격 외","0","0","1","6068","0","0","0","","NO","0.599"
"20260929","Food","Coffee & Tea","원두커피믹스","맥널티","FC","11019882","맥널티 아이브루 다크 블렌드 200T","8804645003219","발주가능","정상","168","4","197","13096","0","0","0","","NO","0.599"
"20260929","Food","Coffee & Tea","원두커피믹스","맥널티커피","FC","11019883","맥널티 아이브루 모카 블랙 200T","8804645003226","발주가능","정상","30","10","44","11687","0","0","0","","NO","0.599"
"20260929","Food","Coffee & Tea","원두커피믹스","맥널티커피","FC","13777565","맥널티 아이브루 모카블랙 70T","8804645003912","발주가능","정상","0","0","35","6519","0","0","0","","NO","0.599"
"20260929","Food","Coffee & Tea","원두커피믹스","맥널티커피","FC","15720531","콜롬비아 블랙 100개입","8804645002861","발주가능","정상","384","63","829","6345","0","0","0","","NO","0.599"
"20260929","Food","Coffee & Tea","원두커피믹스","맥널티커피","SFJEJ2","15720531","콜롬비아 블랙 100개입","8804645002861","발주가능","정상","0","3","2","6345","0","0","0","","NO","0.599"
"20260929","Food","Coffee & Tea","원두커피믹스","맥널티커피","FC","26477367","맥널티 리얼 에스프레소샷 블랙 액상스틱커피 15mlx30개입","8804645006029","발주가능","정상","0","20","187","7388","0","0","0","","NO","0.599"
"20260929","Food","Coffee & Tea","원두커피믹스","맥널티커피","FC","62672352","맥널티 아이브루 플러스 스위트 블랙 원두커피믹스 80개입 2.8g","8804645007620","발주가능","정상","10","0","42","7961","0","0","0","","NO","0.599"
"20260929","Food","Coffee & Tea","원두커피믹스","맥널티커피","FC","67975031","호랭이 커피 오곡향 블랙, 1개, 20개입, 1g","8804645007781","발주가능","정상","40","19","119","2806","0","0","0","","NO","0.599"
"20260929","Food","Coffee & Tea","원두커피믹스","맥널티커피","SFSPA3","71629331","맥널티 갓성비 아메리카노 블랙커피, 1개, 100개입, 2g","8804645007873","발주가능","정상","0","1","2","8534","0","0","0","","NO","0.599"
"20260929","Food","Coffee & Tea","원두커피믹스","맥널티커피","FC","71629331","맥널티 갓성비 아메리카노 블랙커피, 1개, 100개입, 2g","8804645007873","발주가능","정상","720","87","947","8534","0","0","0","","NO","0.599"
"20260929","Food","Coffee & Tea","원두커피믹스","아이브루","FC","36903434","맥널티 아이브루 플러스 헤이즐넛 블랙커피 100개입","8804645006395","발주가능","정상","280","96","788","7623","0","0","0","","NO","0.599"
"20260929","Food","Coffee & Tea","원두커피믹스","아이브루","SFJEJ2","36903434","맥널티 아이브루 플러스 헤이즐넛 블랙커피 100개입","8804645006395","발주가능","정상","0","2","1","7623","0","0","0","","NO","0.599"
"20260929","Food","Coffee & Tea","원두커피믹스","아이브루","FC","36903435","맥널티 아이브루 플러스 오리지널 블랙커피 100개입","8804645006388","발주불가","규격 외","0","0","0","7623","0","0","0","","NO","0.599"
"20260929","Food","Coffee & Tea","원두커피믹스","아이브루","FC","46534985","아이브루 플러스 디카페인 아메리카노 블랙커피, 1개, 80개입, 80g","8804645007118","발주가능","정상","0","20","165","7964","0","0","0","","NO","0.599"
"20260929","Food","Coffee & Tea","원두커피믹스","아이브루","FC","56760693","아이브루 플러스 디카페인 블랙커피 헤이즐넛향 (1g x 80개입), 1개","8804645007453","발주가능","정상","160","65","571","7961","0","0","0","","NO","0.599"
"20260929","Food","Coffee & Tea","원두커피믹스","프라이빗클럽","FC","10837643","맥널티 병커피 헤이즐넛향 50gx10개","19311931309161","발주가능","정상","0","3","116","23000","0","0","0","","NO","0.599"
"20260929","Food","Coffee & Tea","원두커피믹스","프라이빗클럽","FC","12091997","Box_입소문난 아이리쉬 50G 10병","19311931311164","발주가능","정상","10","0","35","32309","0","0","0","","NO","0.599"
"20260929","Food","Coffee & Tea","원두커피믹스","프라이빗클럽","FC","52625820","맥널티 인스턴트 원두 병커피 에스프레소 블랙 50g 1개","9311931902167","발주가능","정상","120","32","153","3486","0","0","0","","NO","0.599"
"20260929","Food","Coffee & Tea","율무/견과차","맥널티","SFDCH1","64842417","티브루 호박팥차 진액 10ml 30개입 1개","8804645007675","발주가능","정상","0","0","2","5259","0","0","0","","NO","0.718"
"20260929","Food","Coffee & Tea","율무/견과차","맥널티","FC","64842417","티브루 호박팥차 진액 10ml 30개입 1개","8804645007675","발주가능","정상","0","60","1523","5259","0","0","0","","NO","0.718"
"20260929","Food","Coffee & Tea","율무/견과차","맥널티커피","FC","39149735","맥널티 스테비아 제로슈가 호두 아몬드 율무차, 1개, 30개입, 450g","8804645006906","발주가능","정상","60","8","211","6815","0","0","0","","NO","0.718"
"20260929","Food","Coffee & Tea","차세트","맥널티커피","FC","78654824","[2026 추석세트] 맥널티 스테비아 전통차 선물세트, 1세트, 율무차(30개) + 쌍화차(30개)","8804645008092","발주가능","정상","0","1","266","19091","0","0","0","","NO","0.901"
"20260929","Food","Coffee & Tea","커피믹스","맥널티커피","FC","45571","맥널티_ 자메이카 블루마운틴 블렌드_226G","8804645100215","발주가능","정상","0","70","1163","5000","0","0","0","","NO","0.730"
"20260929","Food","Coffee & Tea","커피믹스","맥널티커피","RC","25240400","맥널티 스테비아 커피믹스 100개입","8804645006067","발주가능","정상","0","0","1800","12941","0","0","0","","NO","0.730"
"20260929","Food","Coffee & Tea","커피믹스","맥널티커피","FC","25240400","맥널티 스테비아 커피믹스 100개입","8804645006067","발주가능","정상","0","113","341","12941","0","0","0","","NO","0.730"
"20260929","Food","Coffee & Tea","커피믹스","맥널티커피","FC","25240402","맥널티 스테비아 커피믹스 30개입","8804645006074","발주가능","정상","144","38","472","4827","0","0","0","","NO","0.730"
"20260929","Food","Coffee & Tea","커피믹스","맥널티커피","SFODD4","25240402","맥널티 스테비아 커피믹스 30개입","8804645006074","발주가능","정상","0","0","0","4827","0","0","0","","NO","0.730"
"20260929","Food","Coffee & Tea","커피믹스","맥널티커피","FC","29461862","맥널티 아메리카노 아이스 블랙 100개입","8804645006081","발주가능","정상","0","32","372","5850","0","0","0","","NO","0.730"
"20260929","Food","Coffee & Tea","커피믹스","맥널티커피","FC","38933766","맥널티커피 스테비아 디카페인 커피믹스, 1개, 100개입 9.5g","8804645006890","발주가능","정상","0","73","475","18850","0","0","0","","NO","0.730"
"20260929","Food","Coffee & Tea","커피믹스","맥널티커피","RC","38933766","맥널티커피 스테비아 디카페인 커피믹스, 1개, 100개입 9.5g","8804645006890","발주가능","정상","0","0","0","18850","0","0","0","","NO","0.730"
"20260929","Food","Coffee & Tea","커피믹스","맥널티커피","FC","40806729","맥널티 스테비아 디카페인 커피믹스, 1개, 30개입, 285g","8804645006777","발주가능","정상","0","22","424","7027","0","0","0","","NO","0.730"
"20260929","Food","Coffee & Tea","커피믹스","맥널티커피","FC","46730880","산양유 단백질 프로틴 스테비아 커피믹스, 1개, 30개입, 300g","8804645007194","발주가능","정상","0","9","11","6243","0","0","0","","NO","0.730"
"20260929","Food","Coffee & Tea","커피믹스","맥널티커피","FC","47303765","산양유 단백질 프로틴 스테비아 커피믹스, 1개, 100개입, 1000g","8804645007187","발주가능","정상","0","15","138","19988","0","0","0","","NO","0.730"
"20260929","Food","Coffee & Tea","커피믹스","맥널티커피","FC","56214466","맥널티커피 아이브루 바닐라 라떼,12g x 100개입(스틱), 1200g , 1개","8804645007460","발주가능","정상","40","9","86","12543","0","0","0","","NO","0.730"
"20260929","Food","Coffee & Tea","커피믹스","맥널티커피","FC","56214467","맥널티커피 아이브루 카라멜 마끼아또, 12g x 100개입(스틱), 1200g , 1개","8804645007484","발주가능","정상","64","6","58","12543","0","0","0","","YES","0.730"
"20260929","Food","Coffee & Tea","커피믹스","맥널티커피","FC","63447822","스테비아 커피믹스 헤이즐넛향 9.5g 30개입 1개","8804645007637","발주가능","정상","24","12","151","4827","0","0","0","","NO","0.730"
"20260929","Food","Coffee & Tea","커피믹스","맥널티커피","FC","64859139","맥널티 스테비아 솔티드 카라멜 커피믹스 10g 1개 30개입","8804645007668","발주가능","정상","24","9","78","5670","0","0","0","","NO","0.730"
"20260929","Food","Coffee & Tea","커피믹스","맥널티커피","FC","69526598","맥널티 갓성비 제로슈가 커피믹스, 1개, 80개입, 9g","8804645007842","발주가능","정상","0","27","650","8805","0","0","0","","NO","0.730"
"20260929","Food","Coffee & Tea","커피믹스","맥널티커피","FC","69634259","맥널티커피 스테비아 커피믹스 헤이즐넛향, 9.5g, 100개입, 1개","8804645007811","발주가능","정상","23","9","28","14261","0","0","0","","NO","0.730"
"20260929","Food","Coffee & Tea","커피믹스","맥널티커피","FC","71115721","호랭이 커피믹스 고소한 오곡향, 1개, 160개입, 9.5g","8804645007880","발주가능","정상","30","5","68","14261","0","0","0","","NO","0.730"
"20260929","Food","Coffee & Tea","커피믹스","맥널티커피","FC","71115722","호랭이 커피믹스 고소한 오곡향, 1개, 20개입, 9.5g","8804645007897","발주가능","정상","24","11","82","2806","0","0","0","","NO","0.730"
"20260929","Food","Coffee & Tea","커피믹스","아이브루","FC","2341900","맥널티 iBrew 미니 헤이즐넛향 200개입(200g)","8804645000515","발주가능","정상","0","51","1168","9917","0","0","0","","NO","0.730"
"20260929","Food","Coffee & Tea","커피믹스","아이브루","SFODD2","2341900","맥널티 iBrew 미니 헤이즐넛향 200개입(200g)","8804645000515","발주가능","정상","0","0","2","9917","0","0","0","","NO","0.730"
"20260929","Food","Coffee & Tea","커피믹스","아이브루","RC","2341900","맥널티 iBrew 미니 헤이즐넛향 200개입(200g)","8804645000515","발주가능","정상","0","0","360","9917","0","0","0","","NO","0.730"
"20260929","Food","Coffee & Tea","커피믹스","아이브루","FC","3067423","아이브루 헤이즐넛향 70개입","8804645000706","발주가능","정상","0","15","392","4025","0","0","0","","NO","0.730"
"20260929","Food","Coffee & Tea","커피믹스","아이브루","FC","3067424","아이브루 케냐AA 블렌드 70개입","8804645000690","발주가능","정상","0","2","63","6205","0","0","0","","NO","0.730"
"20260929","Food","Coffee & Tea","커피믹스","아이브루","FC","3067425","아이브루 예가체프 블렌드 70개입","8804645000683","발주가능","정상","0","4","20","6205","0","0","0","","NO","0.730"
"20260929","Food","Coffee & Tea","커피믹스","프라이빗클럽","FC","3067426","인스턴트 병커피 아이리쉬크림 50g","9311931901160","발주가능","정상","60","8","87","3322","0","0","0","","NO","0.730"
"20260929","Food","Coffee & Tea","커피믹스","프라이빗클럽","FC","3067428","인스턴트 병커피 헤이즐넛향 50g","9311931105162","발주가능","정상","0","174","2873","2300","0","0","0","","NO","0.730"
"20260929","Food","Coffee & Tea","커피믹스","프라이빗클럽","SFSPA3","3067428","인스턴트 병커피 헤이즐넛향 50g","9311931105162","발주가능","정상","0","8","0","2300","0","0","0","","NO","0.730"
"20260929","Food","Coffee & Tea","커피세트","맥널티커피","FC","26870612","[2026 추석세트] 맥널티 핸드드립 버라이어티세트 30개입","8804645006258","발주가능","정상","0","28","1105","9395","0","0","0","","NO","0.905"
"20260929","Food","Coffee & Tea","커피세트","맥널티커피","FC","54651094","인스턴트 원두 병커피 맥널티커피 선물세트 50g x 4개입(에스프레소 2병+헤이즐넛 2병), 1세트","8804645007408","발주가능","정상","0","0","0","15305","0","0","0","","YES","0.905"
"20260929","Food","Drinks","과일음료","맥널티커피","RC","24752132","청포도 에이드 190mL 10팩","8804645005893","발주가능","정상","0","0","273","3486","0","0","0","","NO","0.799"
"20260929","Food","Drinks","과일음료","맥널티커피","FC","24752132","청포도 에이드 190mL 10팩","8804645005893","발주가능","정상","0","30","266","3486","0","0","0","","NO","0.799"
"20260929","Food","Drinks","과일음료","맥널티커피","SFJEJ2","24752132","청포도 에이드 190mL 10팩","8804645005893","발주가능","정상","0","0","1","3486","0","0","0","","NO","0.799"
"20260929","Food","Drinks","과일음료","맥널티커피","FC","24752250","블루레몬 에이드 190mL 10팩","8804645005909","발주가능","정상","0","5","329","3486","0","0","0","","NO","0.799"
"20260929","Food","Drinks","과일음료","맥널티커피","RC","24752250","블루레몬 에이드 190mL 10팩","8804645005909","발주가능","정상","0","0","237","3486","0","0","0","","NO","0.799"
"20260929","Food","Drinks","과일음료","맥널티커피","FC","45580036","맥널티 청매실 에이드 190ml*10개입","8804645007071","발주가능","정상","75","2","209","3486","0","0","0","","NO","0.799"
"20260929","Food","Drinks","농축액(음료베이스)","맥널티","FC","51983601","물 한방울 섞이지 않은 김토끼 유기농 레몬즙, 10개, 20g","8804645007361","발주가능","정상","0","0","51","4077","0","0","0","","NO","0.713"
"20260929","Food","Drinks","농축액(음료베이스)","맥널티","FC","58338694","티브루 보리차 원액 간편 액상스틱 진액, 30개, 10ml","8804645007590","발주가능","정상","0","101","1118","5259","0","0","0","","NO","0.713"
"20260929","Food","Drinks","농축액(음료베이스)","맥널티","FC","58338695","티브루 옥수수수염차 원액 간편 액상스틱 진액, 30개, 10ml","8804645007606","발주가능","정상","0","40","539","5259","0","0","0","","NO","0.713"
"20260929","Food","Drinks","농축액(음료베이스)","맥널티","FC","58338696","티브루 헛개수 원액 간편 액상스틱 진액, 30개, 10ml","8804645007613","발주가능","정상","32","31","317","5259","0","0","0","","NO","0.713"
"20260929","Food","Drinks","농축액(음료베이스)","맥널티커피","FC","62882483","티브루 보리차 진액, 1개, 400g","8804645007651","발주가능","정상","50","10","63","7623","0","0","0","","NO","0.713"
"20260929","Food","Drinks","농축액(음료베이스)","맥널티커피","FC","71636537","맥널티 티브루 호박팥차 무라벨, 20개, 500ml","8804645007934","발주가능","정상","726","45","956","8795","0","0","0","","NO","0.713"
"20260929","Food","Drinks","야채음료","맥널티커피","FC","48914233","맥널티 유자 에이드 190ml 10개","8804645007217","발주가능","정상","0","2","203","3486","0","0","0","","NO","0.617"
"20260929","Food","Drinks","차음료","맥널티커피","SFDCH1","24752251","복숭아 아이스티 190mL 10팩","8804645005886","발주가능","정상","0","0","2","3486","0","0","0","","NO","0.694"
"20260929","Food","Drinks","차음료","맥널티커피","SFSPA3","24752251","복숭아 아이스티 190mL 10팩","8804645005886","발주가능","정상","0","0","1","3486","0","0","0","","NO","0.694"
"20260929","Food","Drinks","차음료","맥널티커피","FC","24752251","복숭아 아이스티 190mL 10팩","8804645005886","발주가능","정상","545","35","742","3486","0","0","0","","NO","0.694"
"20260929","Food","Drinks","차음료","맥널티커피","FC","24944267","맥널티 허니자몽 블랙티 대용량 파우치 1Lx6입","18804645005951","발주가능","정상","0","1","43","10252","0","0","0","","NO","0.694"
"20260929","Food","Drinks","차음료","맥널티커피","FC","24944268","맥널티 복숭아 아이스티 대용량 파우치 1Lx6입","18804645005944","발주가능","정상","0","1","124","10252","0","0","0","","NO","0.694"
"20260929","Food","Drinks","차음료","맥널티커피","FC","26889711","맥널티 제로칼로리 복숭아 아이스티 500ml 24입","18804645006101","발주가능","정상","0","11","261","12205","0","0","0","","NO","0.694"
"20260929","Food","Drinks","차음료","맥널티커피","FC","36669698","제로 아이스티 복숭아, 30개입, 13g","8804645006791","발주가능","정상","16","2","86","5850","0","0","0","","NO","0.694"
"20260929","Food","Drinks","차음료","맥널티커피","FC","36829225","맥널티 제로칼로리 청포도 아이스티 500mlx24입,","18804645006538","발주가능","정상","10","9","65","12205","0","0","0","","NO","0.694"
"20260929","Food","Drinks","차음료","맥널티커피","FC","36829226","제로 아이스티 청포도, 30개입, 13g 1개","8804645006807","발주가능","정상","16","1","62","5850","0","0","0","","NO","0.694"
"20260929","Food","Drinks","차음료","맥널티커피","FC","38262417","복숭아 아이스티 제로, 6개, 1L","18804645006873","발주가능","정상","0","1","29","10577","0","0","0","","NO","0.694"
"20260929","Food","Drinks","차음료","맥널티커피","FC","40520042","맥널티커피 복숭아 아이스티 제로 RTD, 30개, 240ml","18804645006835","발주가능","정상","0","6","248","8795","0","0","0","","NO","0.694"
"20260929","Food","Drinks","차음료","맥널티커피","RC","61673272","맥널티커피 복숭아 아이스티 제로, 1.5L, 1개","8804645006739","발주가능","정상","0","0","624","1364","0","0","0","","NO","0.694"
"20260929","Food","Drinks","차음료","맥널티커피","SFSPA3","61673272","맥널티커피 복숭아 아이스티 제로, 1.5L, 1개","8804645006739","발주가능","정상","0","0","0","1364","0","0","0","","NO","0.694"
"20260929","Food","Drinks","차음료","맥널티커피","FC","61673272","맥널티커피 복숭아 아이스티 제로, 1.5L, 1개","8804645006739","발주가능","정상","0","166","1444","1364","0","0","0","","NO","0.694"
"20260929","Food","Drinks","차음료","맥널티커피","SFSPA3","73944650","맥널티 복숭아 아이스티 대용량 파우치, 1개, 2.1L","8804645007965","발주가능","정상","0","0","2","2413","0","0","0","","NO","0.694"
"20260929","Food","Drinks","차음료","맥널티커피","RC","73944650","맥널티 복숭아 아이스티 대용량 파우치, 1개, 2.1L","8804645007965","발주가능","정상","0","0","396","2413","0","0","0","","NO","0.694"
"20260929","Food","Drinks","차음료","맥널티커피","FC","73944650","맥널티 복숭아 아이스티 대용량 파우치, 1개, 2.1L","8804645007965","발주가능","정상","184","102","1450","2413","0","0","0","","NO","0.694"
"20260929","Food","Drinks","차음료","맥널티커피","SFJEJ2","73944650","맥널티 복숭아 아이스티 대용량 파우치, 1개, 2.1L","8804645007965","발주가능","정상","0","2","5","2413","0","0","0","","NO","0.694"
"20260929","Food","Drinks","차음료","맥널티커피","FC","75850021","맥널티 허니자몽 블랙티, 1L, 1개","8804645005954","발주가능","정상","12","24","101","1714","0","0","0","","NO","0.694"
"20260929","Food","Drinks","커피음료","맥널티커피","FC","24695530","아이스 헤이즐넛향 커피 190mL 10팩","8804645005879","발주가능","정상","273","8","545","3486","0","0","0","","YES","0.705"
"20260929","Food","Drinks","커피음료","맥널티커피","FC","24695531","아이스 아메리카노 스위트 190mL 10팩","8804645005862","발주가능","정상","0","41","246","3486","0","0","0","","NO","0.705"
"20260929","Food","Drinks","커피음료","맥널티커피","SFSPA3","24695531","아이스 아메리카노 스위트 190mL 10팩","8804645005862","발주가능","정상","0","1","8","3486","0","0","0","","NO","0.705"
"20260929","Food","Drinks","커피음료","맥널티커피","RC","24695531","아이스 아메리카노 스위트 190mL 10팩","8804645005862","발주가능","정상","0","0","819","3486","0","0","0","","NO","0.705"
"20260929","Food","Drinks","커피음료","맥널티커피","SFJEJ2","24695531","아이스 아메리카노 스위트 190mL 10팩","8804645005862","발주가능","정상","0","0","1","3486","0","0","0","","NO","0.705"
"20260929","Food","Drinks","커피음료","맥널티커피","FC","24695532","아이스 아메리카노 블랙 190mL 10팩","8804645005855","발주가능","정상","0","27","314","3486","0","0","0","","NO","0.705"
"20260929","Food","Drinks","커피음료","맥널티커피","SFODD2","24695532","아이스 아메리카노 블랙 190mL 10팩","8804645005855","발주가능","정상","0","0","1","3486","0","0","0","","NO","0.705"
"20260929","Food","Drinks","커피음료","맥널티커피","RC","24695532","아이스 아메리카노 블랙 190mL 10팩","8804645005855","발주가능","정상","0","0","273","3486","0","0","0","","NO","0.705"
"20260929","Food","Drinks","커피음료","맥널티커피","FC","25484251","맥널티커피 아메리카노 스위트 1Lx6입","18804645005920","발주가능","정상","0","4","64","10252","0","0","0","","NO","0.705"
"20260929","Food","Drinks","커피음료","맥널티커피","FC","25484255","맥널티 아이스 아메리카노 블랙커피 대용량 파우치 1Lx6입","18804645005913","발주가능","정상","0","3","31","10252","0","0","0","","NO","0.705"
"20260929","Food","Drinks","커피음료","맥널티커피","FC","25484257","맥널티 아이스 헤이즐넛향 커피 대용량 파우치 1Lx6입","18804645005937","발주가능","정상","0","4","38","10252","0","0","0","","NO","0.705"
"20260929","Food","Drinks","커피음료","맥널티커피","FC","48466205","맥널티 대용량 제로슈가 스테비아 믹스커피 음료, 12개, 1L","18804645007290","발주가능","정상","160","15","213","17067","0","0","0","","NO","0.705"
"20260929","Food","Drinks","커피음료","맥널티커피","FC","54922706","맥널티 대용량 제로슈가 스테비아 믹스커피 음료, 1L, 6개","8804645007323","발주가능","정상","160","74","749","8805","0","0","0","","NO","0.705"
"20260929","Food","Drinks","커피음료","맥널티커피","FC","68778940","맥널티 아이브루 아메리카노 블랙커피 12개 1L","18804645007306","발주가능","정상","0","205","2616","12205","0","0","0","","NO","0.705"
"20260929","Food","Drinks","커피음료","맥널티커피","RC","68778940","맥널티 아이브루 아메리카노 블랙커피 12개 1L","18804645007306","발주가능","정상","0","0","400","12205","0","0","0","","NO","0.705"
"20260929","Food","Drinks","커피음료","맥널티커피","FC","68778941","맥널티 아이브루 헤이즐넛향 블랙커피 12개 1L","18804645007504","발주가능","정상","320","52","438","12205","0","0","0","","NO","0.705"
"20260929","Food","Drinks","커피음료","맥널티커피","FC","68778942","아이브루 아메리카노 블랙커피 무라벨 400ML 20개","8804645007491","발주가능","정상","1729","172","2510","12205","0","0","0","","NO","0.705"
"20260929","Food","Drinks","커피음료","맥널티커피","SFSPA3","73951791","맥널티 아이스 아메리카노 블랙 커피 대용량 파우치, 1개, 2.1L","8804645007958","발주가능","정상","0","4","0","2413","0","0","0","","NO","0.705"
"20260929","Food","Drinks","커피음료","맥널티커피","SFDCH1","73951791","맥널티 아이스 아메리카노 블랙 커피 대용량 파우치, 1개, 2.1L","8804645007958","발주가능","정상","0","1","2","2413","0","0","0","","NO","0.705"
"20260929","Food","Drinks","커피음료","맥널티커피","FC","73951791","맥널티 아이스 아메리카노 블랙 커피 대용량 파우치, 1개, 2.1L","8804645007958","발주가능","정상","0","530","1675","2413","0","0","0","","NO","0.705"
"20260929","Food","Drinks","커피음료","맥널티커피","RC","73951791","맥널티 아이스 아메리카노 블랙 커피 대용량 파우치, 1개, 2.1L","8804645007958","발주가능","정상","0","0","8768","2413","0","0","0","","NO","0.705"
"20260929","Food","Drinks","커피음료","맥널티커피","SFJEJ2","73951791","맥널티 아이스 아메리카노 블랙 커피 대용량 파우치, 1개, 2.1L","8804645007958","발주가능","정상","0","2","16","2413","0","0","0","","NO","0.705"
"20260929","Food","Drinks","커피음료","맥널티커피","SFJEJ2","75683093","맥널티 아이스 아메리카노 블랙 1리터, 1L, 1개","8804645005916","발주가능","정상","0","0","1","1714","0","0","0","","NO","0.705"
"20260929","Food","Drinks","커피음료","맥널티커피","FC","75683093","맥널티 아이스 아메리카노 블랙 1리터, 1L, 1개","8804645005916","발주가능","정상","0","10","908","1714","0","0","0","","NO","0.705"
"20260929","Food","Drinks","커피음료","맥널티커피","SFSPA3","75683093","맥널티 아이스 아메리카노 블랙 1리터, 1L, 1개","8804645005916","발주가능","정상","0","0","1","1714","0","0","0","","NO","0.705"
"20260929","Food","Drinks","커피음료","맥널티커피","FC","75694561","맥널티커피 아이스 아메리카노 헤이즐넛, 1개, 1L","8804645005930","발주가능","정상","0","37","1395","1714","0","0","0","","NO","0.705"
"20260929","Food","Drinks","커피음료","맥널티커피","FC","75765043","맥널티 아이스아메리카노 스위트, 1개, 1L","8804645005923","발주가능","정상","0","65","1154","1714","0","0","0","","NO","0.705"
"20260929","Food","Drinks","커피음료","맥널티커피","FC","76540319","맥널티 호랭이 마일드 라떼 캔커피, 30개, 175ml","18804645008013","발주가능","정상","572","123","816","8523","0","0","0","","NO","0.705"
"20260929","Food","Drinks","커피음료","맥널티커피","RC","77572705","맥널티 아이스 아메리카노 헤이즐넛, 1개, 2.1L","8804645008030","발주가능","정상","312","0","702","2413","0","0","0","","NO","0.705"
"20260929","Food","Drinks","커피음료","맥널티커피","FC","77572705","맥널티 아이스 아메리카노 헤이즐넛, 1개, 2.1L","8804645008030","발주가능","정상","32","180","685","2413","0","0","0","","NO","0.705"
"20260929","Food","Drinks","커피음료","맥널티커피","SFSPA3","77572705","맥널티 아이스 아메리카노 헤이즐넛, 1개, 2.1L","8804645008030","발주가능","정상","0","2","1","2413","0","0","0","","NO","0.705"
"20260929","Food","Drinks","커피음료","맥널티커피","SFJEJ2","77572705","맥널티 아이스 아메리카노 헤이즐넛, 1개, 2.1L","8804645008030","발주가능","정상","0","0","8","2413","0","0","0","","NO","0.705"
"20260929","Food","Drinks","커피음료","아이브루","FC","70253954","아이브루 디카페인 아메리카노 블랙커피 무라벨, 20개, 400ml","8804645007903","발주가능","정상","546","66","683","13500","0","0","0","","NO","0.705"
"20260929","Kitchen","Tools & Gadgets","드립주전자/포트","맥널티커피","FC","15333511","맥널티 드립 주전자 350ml","8804645004490","발주가능","정상","85","0","131","5044","0","0","0","","NO","0.790"
"20260929","Kitchen","Tools & Gadgets","커피필터/여과지","맥널티","FC","12491225","맥널티 핸드드립 커피필터 30개입","8804645300950","발주가능","정상","160","61","669","2642","0","0","0","","NO","0.520"
"20260929","Kitchen","Tools & Gadgets","커피필터/여과지","맥널티","SFJEJ2","12491225","맥널티 핸드드립 커피필터 30개입","8804645300950","발주가능","정상","0","1","0","2642","0","0","0","","NO","0.520"
"20260929","Kitchen","Tools & Gadgets","커피필터/여과지","맥널티커피","FC","80552848","맥널티 천연펄프 무표백 핸드드립 커피필터 여과지(5~7인용), 1개, 100개입","8804645000027","발주가능","정상","0","0","2","2864","0","0","0","","NO","0.520"
"20260928","CE","Kitchen Appliance","커피머신","맥널티커피","FC","31602405","맥널티 2in1 핫앤콜드 진공추출 커피메이커 MCM-065B MCM-065B","8804645006296","발주가능","정상","0","1","12","30859","0","0","0","","NO","0.794"
"20260928","Food","Coffee & Tea","기타전통차","맥널티커피","FC","39149736","맥널티 스테비아 침향 쌍화차, 1개, 30개입, 450g","8804645006913","발주가능","정상","0","0","89","8536","0","0","0","","NO","0.726"
"20260928","Food","Coffee & Tea","기타전통차","맥널티커피","FC","41175263","맥널티커피 스테비아 꿀 유자차, 1개, 30개입, 450g","8804645006951","발주가능","정상","0","6","33","7388","0","0","0","","NO","0.726"
"20260928","Food","Coffee & Tea","둥글레/옥수수/보리/결명자차","맥널티커피","FC","76230458","맥널티 진 보리차 1개 1kg","8804645007996","발주가능","정상","0","1","26","15209","0","0","0","","NO","0.613"
"20260928","Food","Coffee & Tea","드립백/티백","맥널티","FC","3067432","산지별 콜롬비아 슈프리모 핸드드립커피 7개입","8804645000324","발주가능","정상","0","6","188","3043","0","0","0","","NO","0.729"
"20260928","Food","Coffee & Tea","드립백/티백","맥널티","FC","10003518","케냐 AA 핸드드립 블렌드 24개입","8804645000720","발주가능","정상","0","9","304","6068","0","0","0","","NO","0.729"
"20260928","Food","Coffee & Tea","드립백/티백","맥널티커피","FC","3067429","산지별 브라질 세라도 NY2 핸드드립커피 7개입","8804645000300","발주가능","정상","0","1","18","2887","0","0","0","","NO","0.729"
"20260928","Food","Coffee & Tea","드립백/티백","맥널티커피","FC","3067430","산지별 케냐 AA 핸드드립커피 7개입","8804645000355","발주가능","정상","0","3","9","3062","0","0","0","","NO","0.729"
"20260928","Food","Coffee & Tea","드립백/티백","맥널티커피","FC","3067433","산지별 에티오피아 코케 허니 핸드드립커피 7개입","8804645000348","발주가능","정상","0","2","105","2910","0","0","0","","NO","0.729"
"20260928","Food","Coffee & Tea","드립백/티백","맥널티커피","FC","3067434","산지별 에티오피아 예가체프 핸드드립커피 7개입","8804645000331","발주가능","정상","0","3","57","3184","0","0","0","","NO","0.729"
"20260928","Food","Coffee & Tea","드립백/티백","맥널티커피","FC","10003517","콜롬비아 핸드드립 블렌드 24개입","8804645000713","발주가능","정상","0","15","46","5977","0","0","0","","NO","0.729"
"20260928","Food","Coffee & Tea","드립백/티백","맥널티커피","FC","23400108","맥널티 디카페인100% 핸드드립 원두커피 24개입","8804645005732","발주가능","정상","0","14","63","9395","0","0","0","","NO","0.729"
"20260928","Food","Coffee & Tea","드립백/티백","맥널티커피","FC","37713094","맥널티 핸드드립커피 케냐AA(더블에이) 36개입, 8g, 1개","8804645006616","발주가능","정상","0","4","46","11759","0","0","0","","NO","0.729"
"20260928","Food","Coffee & Tea","드립백/티백","맥널티커피","FC","37713095","맥널티 핸드드립커피 에티오피아 예가체프 36개입, 8g, 1개","8804645006623","발주가능","정상","0","5","16","10577","0","0","0","","NO","0.729"
"20260928","Food","Coffee & Tea","드립백/티백","맥널티커피","FC","41391235","맥널티 행복을주는커피 시그니처 블렌드 핸드드립 커피 20개입, 1개, 8g","8804645003653","발주가능","정상","0","11","86","6795","0","0","0","","NO","0.729"
"20260928","Food","Coffee & Tea","드립백/티백","맥널티커피","FC","62821923","맥널티 핸드드립 커피 에티오피아 예가체프 8g 24개입 1개","8804645006920","발주가능","정상","0","4","0","9679","0","0","0","","YES","0.729"
"20260928","Food","Coffee & Tea","드립백/티백","맥널티커피","FC","68147033","베니스브루 스페셜티 핸드드립 가향 커피 오렌지 벨벳, 1개, 7개입, 12g","8804645007712","발주가능","정상","0","9","15","5143","0","0","0","","NO","0.729"
"20260928","Food","Coffee & Tea","드립백/티백","맥널티커피","FC","68147034","베니스브루 스페셜티 핸드드립 가향 커피 쇼콜라 모카, 1개, 7개입, 12g","8804645007729","발주가능","정상","0","8","15","5143","0","0","0","","NO","0.729"
"20260928","Food","Coffee & Tea","드립백/티백","맥널티커피","FC","68777449","베니스브루 베리 블로썸 드립백 커피 12g 1개 7개입","8804645007705","발주가능","정상","0","7","25","5143","0","0","0","","NO","0.729"
"20260928","Food","Coffee & Tea","라떼분말","맥널티커피","FC","34834818","맥널티 스테비아 제로슈가 핫초코 라떼 30개입 15g","8804645006340","발주가능","정상","0","38","440","7500","0","0","0","","NO","0.592"
"20260928","Food","Coffee & Tea","라떼분말","맥널티커피","FC","51063548","스테비아 단백질 옥수수 크림 라떼, 1개, 20개입, 18g","8804645007330","발주가능","정상","0","0","23","5850","0","0","0","","NO","0.592"
"20260928","Food","Coffee & Tea","라떼분말","맥널티커피","FC","51164938","스테비아 단백질 고구마 크림 라떼, 1개, 20개입, 18g","8804645007347","발주가능","정상","0","0","5","5850","0","0","0","","NO","0.592"
"20260928","Food","Coffee & Tea","원두","N_A","FC","76443755","맥널티 브라질 세라도 NY.2 원두 1kg, 1개","8804645006425","발주가능","정상","0","5","217","17609","0","0","0","","NO","0.898"
"20260928","Food","Coffee & Tea","원두","맥널티커피","FC","45570","맥널티_헤이즐넛원두분쇄커피_226G","8804645100208","발주가능","정상","0","104","1778","5000","0","0","0","","NO","0.898"
"20260928","Food","Coffee & Tea","원두","맥널티커피","RC","45570","맥널티_헤이즐넛원두분쇄커피_226G","8804645100208","발주가능","정상","0","0","2176","5000","0","0","0","","NO","0.898"
"20260928","Food","Coffee & Tea","원두","맥널티커피","SFJEJ2","45570","맥널티_헤이즐넛원두분쇄커피_226G","8804645100208","발주가능","정상","0","0","3","5000","0","0","0","","NO","0.898"
"20260928","Food","Coffee & Tea","원두","맥널티커피","SFSPA3","45570","맥널티_헤이즐넛원두분쇄커피_226G","8804645100208","발주가능","정상","0","0","8","5000","0","0","0","","NO","0.898"
"20260928","Food","Coffee & Tea","원두","맥널티커피","RC","45572","맥널티_헤이즐넛원두분쇄커피_500G","8804645100468","발주가능","정상","0","0","640","7960","0","0","0","","NO","0.898"
"20260928","Food","Coffee & Tea","원두","맥널티커피","SFSPA3","45572","맥널티_헤이즐넛원두분쇄커피_500G","8804645100468","발주가능","정상","0","0","1","7960","0","0","0","","NO","0.898"
"20260928","Food","Coffee & Tea","원두","맥널티커피","FC","45572","맥널티_헤이즐넛원두분쇄커피_500G","8804645100468","발주가능","정상","0","70","822","7960","0","0","0","","NO","0.898"
"20260928","Food","Coffee & Tea","원두","맥널티커피","FC","45573","맥널티_블루마운틴스타일원두분쇄커피_500G","8804645100451","발주가능","정상","0","41","507","11091","0","0","0","","NO","0.898"
"20260928","Food","Coffee & Tea","원두","맥널티커피","FC","5344648","맥널티 원두 에스프레소 블랙 1개, 1kg","8804645001239","발주불가","단종","0","0","1","9156","0","0","0","","YES","0.898"
"20260928","Food","Coffee & Tea","원두","맥널티커피","FC","10147177","맥널티 홀빈 블루마운틴 1000g","8804645006302","발주가능","정상","0","19","148","15715","0","0","0","","NO","0.898"
"20260928","Food","Coffee & Tea","원두","맥널티커피","FC","10147180","맥널티 행복을 주는 커피 헤이즐넛향 1kg 홀빈","8804645100185","발주가능","정상","0","10","117","15244","0","0","0","","NO","0.898"
"20260928","Food","Coffee & Tea","원두","맥널티커피","FC","10812901","맥널티 베트남 로부스타 원두커피 1kg","8804645003066","발주가능","정상","0","36","177","11700","0","0","0","","NO","0.898"
"20260928","Food","Coffee & Tea","원두","맥널티커피","RC","10812901","맥널티 베트남 로부스타 원두커피 1kg","8804645003066","발주가능","정상","0","0","400","11700","0","0","0","","NO","0.898"
"20260928","Food","Coffee & Tea","원두","맥널티커피","FC","11849981","행복을 주는 커피 블루마운틴 블렌드 분쇄 원두 커피 1kg","8804645003486","발주가능","정상","0","11","79","16364","0","0","0","","NO","0.898"
"20260928","Food","Coffee & Tea","원두","맥널티커피","RC","12521866","맥널티 행복을 주는 커피 시그니처 헤이즐넛향 원두 커피 1Kg","8804645003493","발주가능","정상","0","0","432","16364","0","0","0","","NO","0.898"
"20260928","Food","Coffee & Tea","원두","맥널티커피","FC","12521866","맥널티 행복을 주는 커피 시그니처 헤이즐넛향 원두 커피 1Kg","8804645003493","발주가능","정상","0","45","175","16364","0","0","0","","NO","0.898"
"20260928","Food","Coffee & Tea","원두","맥널티커피","FC","13277718","맥널티 행복을 주는 커피 브라질 산토스 1kg","8804645003936","발주가능","정상","0","15","106","14091","0","0","0","","NO","0.898"
"20260928","Food","Coffee & Tea","원두","맥널티커피","FC","13277719","맥널티 행복을 주는 커피 콜롬비아 블렌드 1kg","8804645003929","발주가능","정상","0","30","296","15599","0","0","0","","NO","0.898"
"20260928","Food","Coffee & Tea","원두","맥널티커피","FC","37733154","맥널티 원두 홀빈(분쇄안함) 마일드 미디움 블렌드 200g, 1개","8804645005374","발주가능","정상","0","1","16","5791","0","0","0","","NO","0.898"
"20260928","Food","Coffee & Tea","원두","맥널티커피","FC","38710869","맥널티 홀빈 커피원두, 마일드 미디움 블렌드 1kg, 1개","8804645005329","발주가능","정상","0","0","4","16364","0","0","0","","NO","0.898"
"20260928","Food","Coffee & Tea","원두","맥널티커피","FC","38710870","맥널티 홀빈 커피원두, 콜롬비아 안데스 오리진 1kg, 1개","8804645005343","발주가능","정상","0","1","29","16364","0","0","0","","NO","0.898"
"20260928","Food","Coffee & Tea","원두","맥널티커피","FC","38710872","맥널티 홀빈 커피원두, 시그니처 블렌드 1kg, 1개","8804645005312","발주가능","정상","0","10","54","16364","0","0","0","","NO","0.898"
"20260928","Food","Coffee & Tea","원두","맥널티커피","FC","38813491","맥널티 홀빈 원두 1KG, 브라질 산토스 내추럴, 1개","8804645005350","발주가능","정상","0","10","109","11364","0","0","0","","NO","0.898"
"20260928","Food","Coffee & Tea","원두","맥널티커피","FC","38919334","맥널티 에티오피아 예가체프 홀빈 원두, 1kg, 1개","8804645006852","발주가능","정상","0","3","30","16364","0","0","0","","NO","0.898"
"20260928","Food","Coffee & Tea","원두","맥널티커피","FC","39616644","맥널티 예맨 모카 블렌드 커피 원두, 홀빈(분쇄안함), 500g, 1개","8804645006692","발주가능","정상","0","0","11","11400","0","0","0","","NO","0.898"
"20260928","Food","Coffee & Tea","원두","맥널티커피","FC","39616645","맥널티 시그니처 디카페인 커피 원두, 홀빈(분쇄안함), 500g, 1개","8804645006937","발주가능","정상","0","9","202","12545","0","0","0","","NO","0.898"
"20260928","Food","Coffee & Tea","원두","맥널티커피","FC","39616646","맥널티 게이샤 블렌드 커피 원두, 홀빈(분쇄안함), 500g, 1개","8804645006708","발주가능","정상","0","0","22","11400","0","0","0","","NO","0.898"
"20260928","Food","Coffee & Tea","원두","맥널티커피","FC","39616647","맥널티 하와이안 코나 블렌드 커피 원두, 홀빈(분쇄안함), 500g, 1개","8804645006685","발주가능","정상","0","5","66","11400","0","0","0","","NO","0.898"
"20260928","Food","Coffee & Tea","원두","맥널티커피","FC","48074657","맥널티 브라질 세라도 분쇄 원두 커피, 1개, 500g","8804645007262","발주가능","정상","0","11","67","9395","0","0","0","","NO","0.898"
"20260928","Food","Coffee & Tea","원두","맥널티커피","FC","48074658","맥널티 콜롬비아 안데스 분쇄 원두 커피, 1개, 500g","8804645007255","발주가능","정상","0","4","28","9986","0","0","0","","NO","0.898"
"20260928","Food","Coffee & Tea","원두","맥널티커피","FC","48074659","맥널티 에티오피아 예가체프 분쇄 원두 커피, 1개, 500g","8804645007231","발주가능","정상","0","14","105","9986","0","0","0","","NO","0.898"
"20260928","Food","Coffee & Tea","원두","맥널티커피","FC","58681130","콜롬비아 안데스 오리진 분쇄 커피 원두 1개 226g 핸드드립","8804645007552","발주가능","정상","0","0","1","7159","0","0","0","","YES","0.898"
"20260928","Food","Coffee & Tea","원두","맥널티커피","FC","58681131","브라질 산토스 오리진 분쇄 커피 원두, 226g, 1개, 핸드드립","8804645007545","발주가능","정상","0","3","0","7159","0","0","0","","YES","0.898"
"20260928","Food","Coffee & Tea","원두","맥널티커피","FC","58765769","게이샤 블렌드 분쇄 커피 원두, 1개, 226g, 핸드드립","8804645007514","발주가능","정상","0","5","7","7732","0","0","0","","NO","0.898"
"20260928","Food","Coffee & Tea","원두","맥널티커피","FC","58765770","디카페인 헤이즐넛향 분쇄 커피 원두, 1개, 226g, 핸드드립","8804645007538","발주가능","정상","0","17","47","8018","0","0","0","","NO","0.898"
"20260928","Food","Coffee & Tea","원두","맥널티커피","FC","58850533","하와이안 코나 블렌드 분쇄 커피 원두, 1개, 226g, 핸드드립","8804645007521","발주가능","정상","0","1","1","7732","0","0","0","","YES","0.898"
"20260928","Food","Coffee & Tea","원두","맥널티커피","FC","71777603","투비 다크 블랙 블렌드 홀빈 원두 커피, 1kg, 홀빈(분쇄안함), 1개","8804645007989","발주가능","정상","0","4","103","13115","0","0","0","","NO","0.898"
"20260928","Food","Coffee & Tea","원두","맥널티커피","FC","76697770","투비커피 너티초코 아메리카노 블렌드 홀빈 원두 커피, 1kg, 홀빈(분쇄안함), 1개","8804645008047","발주가능","정상","0","0","35","17125","0","0","0","","NO","0.898"
"20260928","Food","Coffee & Tea","원두","맥널티커피","FC","80686777","투비커피 개인카페용 데일리 블렌드 홀빈 원두 커피, 1개, 1kg","8804645008023","발주가능","정상","44","0","45","15377","0","0","0","","YES","0.898"
"20260928","Food","Coffee & Tea","원두커피믹스","맥널티","FC","10003529","아이브루 클래식 100T","8804645002465","발주불가","규격 외","0","0","1","6068","0","0","0","","NO","0.597"
"20260928","Food","Coffee & Tea","원두커피믹스","맥널티","FC","11019882","맥널티 아이브루 다크 블렌드 200T","8804645003219","발주가능","정상","0","7","33","13096","0","0","0","","NO","0.597"
"20260928","Food","Coffee & Tea","원두커피믹스","맥널티커피","FC","11019883","맥널티 아이브루 모카 블랙 200T","8804645003226","발주가능","정상","0","18","24","11687","0","0","0","","NO","0.597"
"20260928","Food","Coffee & Tea","원두커피믹스","맥널티커피","FC","13777565","맥널티 아이브루 모카블랙 70T","8804645003912","발주가능","정상","0","1","35","6519","0","0","0","","NO","0.597"
"20260928","Food","Coffee & Tea","원두커피믹스","맥널티커피","FC","15720531","콜롬비아 블랙 100개입","8804645002861","발주가능","정상","0","75","508","6345","0","0","0","","NO","0.597"
"20260928","Food","Coffee & Tea","원두커피믹스","맥널티커피","SFJEJ2","15720531","콜롬비아 블랙 100개입","8804645002861","발주가능","정상","0","2","5","6345","0","0","0","","NO","0.597"
"20260928","Food","Coffee & Tea","원두커피믹스","맥널티커피","FC","26477367","맥널티 리얼 에스프레소샷 블랙 액상스틱커피 15mlx30개입","8804645006029","발주가능","정상","0","30","207","7388","0","0","0","","NO","0.597"
"20260928","Food","Coffee & Tea","원두커피믹스","맥널티커피","FC","62672352","맥널티 아이브루 플러스 스위트 블랙 원두커피믹스 80개입 2.8g","8804645007620","발주가능","정상","0","2","32","7961","0","0","0","","NO","0.597"
"20260928","Food","Coffee & Tea","원두커피믹스","맥널티커피","FC","67975031","호랭이 커피 오곡향 블랙, 1개, 20개입, 1g","8804645007781","발주가능","정상","0","19","98","2806","0","0","0","","NO","0.597"
"20260928","Food","Coffee & Tea","원두커피믹스","맥널티커피","SFSPA3","71629331","맥널티 갓성비 아메리카노 블랙커피, 1개, 100개입, 2g","8804645007873","발주가능","정상","0","1","3","8534","0","0","0","","NO","0.597"
"20260928","Food","Coffee & Tea","원두커피믹스","맥널티커피","FC","71629331","맥널티 갓성비 아메리카노 블랙커피, 1개, 100개입, 2g","8804645007873","발주가능","정상","0","88","314","8534","0","0","0","","NO","0.597"
"20260928","Food","Coffee & Tea","원두커피믹스","아이브루","SFJEJ2","36903434","맥널티 아이브루 플러스 헤이즐넛 블랙커피 100개입","8804645006395","발주가능","정상","0","0","3","7623","0","0","0","","NO","0.597"
"20260928","Food","Coffee & Tea","원두커피믹스","아이브루","FC","36903434","맥널티 아이브루 플러스 헤이즐넛 블랙커피 100개입","8804645006395","발주가능","정상","0","127","604","7623","0","0","0","","NO","0.597"
"20260928","Food","Coffee & Tea","원두커피믹스","아이브루","FC","36903435","맥널티 아이브루 플러스 오리지널 블랙커피 100개입","8804645006388","발주불가","규격 외","0","0","62","7623","0","0","0","","NO","0.597"
"20260928","Food","Coffee & Tea","원두커피믹스","아이브루","FC","46534985","아이브루 플러스 디카페인 아메리카노 블랙커피, 1개, 80개입, 80g","8804645007118","발주가능","정상","0","20","185","7964","0","0","0","","NO","0.597"
"20260928","Food","Coffee & Tea","원두커피믹스","아이브루","SFJEJ2","56760693","아이브루 플러스 디카페인 블랙커피 헤이즐넛향 (1g x 80개입), 1개","8804645007453","발주가능","정상","0","2","0","7961","0","0","0","","NO","0.597"
"20260928","Food","Coffee & Tea","원두커피믹스","아이브루","FC","56760693","아이브루 플러스 디카페인 블랙커피 헤이즐넛향 (1g x 80개입), 1개","8804645007453","발주가능","정상","0","58","471","7961","0","0","0","","NO","0.597"
"20260928","Food","Coffee & Tea","원두커피믹스","프라이빗클럽","FC","10837643","맥널티 병커피 헤이즐넛향 50gx10개","19311931309161","발주가능","정상","0","1","119","23000","0","0","0","","NO","0.597"
"20260928","Food","Coffee & Tea","원두커피믹스","프라이빗클럽","FC","12091997","Box_입소문난 아이리쉬 50G 10병","19311931311164","발주가능","정상","0","0","25","18625","0","0","0","","NO","0.597"
"20260928","Food","Coffee & Tea","원두커피믹스","프라이빗클럽","FC","52625820","맥널티 인스턴트 원두 병커피 에스프레소 블랙 50g 1개","9311931902167","발주가능","정상","0","63","63","3486","0","0","0","","NO","0.597"
"20260928","Food","Coffee & Tea","율무/견과차","맥널티","SFDCH1","64842417","티브루 호박팥차 진액 10ml 30개입 1개","8804645007675","발주가능","정상","0","0","2","5259","0","0","0","","NO","0.718"
"20260928","Food","Coffee & Tea","율무/견과차","맥널티","FC","64842417","티브루 호박팥차 진액 10ml 30개입 1개","8804645007675","발주가능","정상","0","63","1583","5259","0","0","0","","NO","0.718"
"20260928","Food","Coffee & Tea","율무/견과차","맥널티커피","FC","39149735","맥널티 스테비아 제로슈가 호두 아몬드 율무차, 1개, 30개입, 450g","8804645006906","발주가능","정상","0","4","159","6815","0","0","0","","NO","0.718"
"20260928","Food","Coffee & Tea","차세트","맥널티커피","FC","78654824","[2026 추석세트] 맥널티 스테비아 전통차 선물세트, 1세트, 율무차(30개) + 쌍화차(30개)","8804645008092","발주가능","정상","0","61","267","19091","0","0","0","","NO","0.901"
"20260928","Food","Coffee & Tea","커피믹스","맥널티커피","FC","45571","맥널티_ 자메이카 블루마운틴 블렌드_226G","8804645100215","발주가능","정상","0","52","1230","5000","0","0","0","","NO","0.731"
"20260928","Food","Coffee & Tea","커피믹스","맥널티커피","SFJEJ2","25240400","맥널티 스테비아 커피믹스 100개입","8804645006067","발주가능","정상","0","1","0","12941","0","0","0","","NO","0.731"
"20260928","Food","Coffee & Tea","커피믹스","맥널티커피","FC","25240400","맥널티 스테비아 커피믹스 100개입","8804645006067","발주가능","정상","0","93","458","12941","0","0","0","","NO","0.731"
"20260928","Food","Coffee & Tea","커피믹스","맥널티커피","RC","25240400","맥널티 스테비아 커피믹스 100개입","8804645006067","발주가능","정상","0","0","1800","12941","0","0","0","","NO","0.731"
"20260928","Food","Coffee & Tea","커피믹스","맥널티커피","SFODD4","25240402","맥널티 스테비아 커피믹스 30개입","8804645006074","발주가능","정상","0","0","0","4827","0","0","0","","NO","0.731"
"20260928","Food","Coffee & Tea","커피믹스","맥널티커피","FC","25240402","맥널티 스테비아 커피믹스 30개입","8804645006074","발주가능","정상","0","25","366","4827","0","0","0","","NO","0.731"
"20260928","Food","Coffee & Tea","커피믹스","맥널티커피","FC","29461862","맥널티 아메리카노 아이스 블랙 100개입","8804645006081","발주가능","정상","0","21","404","5850","0","0","0","","NO","0.731"
"20260928","Food","Coffee & Tea","커피믹스","맥널티커피","RC","38933766","맥널티커피 스테비아 디카페인 커피믹스, 1개, 100개입 9.5g","8804645006890","발주가능","정상","0","0","720","18850","0","0","0","","NO","0.731"
"20260928","Food","Coffee & Tea","커피믹스","맥널티커피","FC","38933766","맥널티커피 스테비아 디카페인 커피믹스, 1개, 100개입 9.5g","8804645006890","발주가능","정상","0","62","186","18850","0","0","0","","NO","0.731"
"20260928","Food","Coffee & Tea","커피믹스","맥널티커피","FC","40806729","맥널티 스테비아 디카페인 커피믹스, 1개, 30개입, 285g","8804645006777","발주가능","정상","0","27","445","7027","0","0","0","","NO","0.731"
"20260928","Food","Coffee & Tea","커피믹스","맥널티커피","FC","46730880","산양유 단백질 프로틴 스테비아 커피믹스, 1개, 30개입, 300g","8804645007194","발주가능","정상","0","3","20","6243","0","0","0","","NO","0.731"
"20260928","Food","Coffee & Tea","커피믹스","맥널티커피","FC","47303765","산양유 단백질 프로틴 스테비아 커피믹스, 1개, 100개입, 1000g","8804645007187","발주가능","정상","0","18","153","19988","0","0","0","","NO","0.731"
"20260928","Food","Coffee & Tea","커피믹스","맥널티커피","FC","56214466","맥널티커피 아이브루 바닐라 라떼,12g x 100개입(스틱), 1200g , 1개","8804645007460","발주가능","정상","0","14","54","12543","0","0","0","","NO","0.731"
"20260928","Food","Coffee & Tea","커피믹스","맥널티커피","FC","56214467","맥널티커피 아이브루 카라멜 마끼아또, 12g x 100개입(스틱), 1200g , 1개","8804645007484","발주가능","정상","0","16","0","12543","0","0","0","","YES","0.731"
"20260928","Food","Coffee & Tea","커피믹스","맥널티커피","FC","63447822","스테비아 커피믹스 헤이즐넛향 9.5g 30개입 1개","8804645007637","발주가능","정상","0","15","139","4827","0","0","0","","NO","0.731"
"20260928","Food","Coffee & Tea","커피믹스","맥널티커피","FC","64859139","맥널티 스테비아 솔티드 카라멜 커피믹스 10g 1개 30개입","8804645007668","발주가능","정상","0","9","63","5670","0","0","0","","NO","0.731"
"20260928","Food","Coffee & Tea","커피믹스","맥널티커피","FC","69526598","맥널티 갓성비 제로슈가 커피믹스, 1개, 80개입, 9g","8804645007842","발주가능","정상","0","19","677","8805","0","0","0","","NO","0.731"
"20260928","Food","Coffee & Tea","커피믹스","맥널티커피","FC","69634259","맥널티커피 스테비아 커피믹스 헤이즐넛향, 9.5g, 100개입, 1개","8804645007811","발주가능","정상","0","9","14","14261","0","0","0","","NO","0.731"
"20260928","Food","Coffee & Tea","커피믹스","맥널티커피","FC","71115721","호랭이 커피믹스 고소한 오곡향, 1개, 160개입, 9.5g","8804645007880","발주가능","정상","0","6","43","14261","0","0","0","","NO","0.731"
"20260928","Food","Coffee & Tea","커피믹스","맥널티커피","FC","71115722","호랭이 커피믹스 고소한 오곡향, 1개, 20개입, 9.5g","8804645007897","발주가능","정상","0","6","69","2806","0","0","0","","NO","0.731"
"20260928","Food","Coffee & Tea","커피믹스","아이브루","SFODD2","2341900","맥널티 iBrew 미니 헤이즐넛향 200개입(200g)","8804645000515","발주가능","정상","0","0","2","9917","0","0","0","","NO","0.731"
"20260928","Food","Coffee & Tea","커피믹스","아이브루","FC","2341900","맥널티 iBrew 미니 헤이즐넛향 200개입(200g)","8804645000515","발주가능","정상","0","47","787","9917","0","0","0","","NO","0.731"
"20260928","Food","Coffee & Tea","커피믹스","아이브루","RC","2341900","맥널티 iBrew 미니 헤이즐넛향 200개입(200g)","8804645000515","발주가능","정상","0","0","792","9917","0","0","0","","NO","0.731"
"20260928","Food","Coffee & Tea","커피믹스","아이브루","FC","3067423","아이브루 헤이즐넛향 70개입","8804645000706","발주가능","정상","0","21","407","4025","0","0","0","","NO","0.731"
"20260928","Food","Coffee & Tea","커피믹스","아이브루","FC","3067424","아이브루 케냐AA 블렌드 70개입","8804645000690","발주가능","정상","0","4","65","6205","0","0","0","","NO","0.731"
"20260928","Food","Coffee & Tea","커피믹스","아이브루","FC","3067425","아이브루 예가체프 블렌드 70개입","8804645000683","발주가능","정상","0","1","24","6205","0","0","0","","NO","0.731"
"20260928","Food","Coffee & Tea","커피믹스","프라이빗클럽","FC","3067426","인스턴트 병커피 아이리쉬크림 50g","9311931901160","발주가능","정상","0","5","35","3322","0","0","0","","NO","0.731"
"20260928","Food","Coffee & Tea","커피믹스","프라이빗클럽","FC","3067428","인스턴트 병커피 헤이즐넛향 50g","9311931105162","발주가능","정상","0","189","3033","2300","0","0","0","","NO","0.731"
"20260928","Food","Coffee & Tea","커피믹스","프라이빗클럽","SFSPA3","3067428","인스턴트 병커피 헤이즐넛향 50g","9311931105162","발주가능","정상","0","2","8","2300","0","0","0","","NO","0.731"
"20260928","Food","Coffee & Tea","커피세트","맥널티커피","FC","26870612","[2026 추석세트] 맥널티 핸드드립 버라이어티세트 30개입","8804645006258","발주가능","정상","0","25","1133","9395","0","0","0","","NO","0.905"
"20260928","Food","Coffee & Tea","커피세트","맥널티커피","FC","54651094","인스턴트 원두 병커피 맥널티커피 선물세트 50g x 4개입(에스프레소 2병+헤이즐넛 2병), 1세트","8804645007408","발주가능","정상","0","0","0","15305","0","0","0","","YES","0.905"
"20260928","Food","Drinks","과일음료","맥널티커피","SFJEJ2","24752132","청포도 에이드 190mL 10팩","8804645005893","발주가능","정상","0","1","1","3486","0","0","0","","NO","0.799"
"20260928","Food","Drinks","과일음료","맥널티커피","RC","24752132","청포도 에이드 190mL 10팩","8804645005893","발주가능","정상","0","0","273","3486","0","0","0","","NO","0.799"
"20260928","Food","Drinks","과일음료","맥널티커피","FC","24752132","청포도 에이드 190mL 10팩","8804645005893","발주가능","정상","0","16","297","3486","0","0","0","","NO","0.799"
"20260928","Food","Drinks","과일음료","맥널티커피","FC","24752250","블루레몬 에이드 190mL 10팩","8804645005909","발주가능","정상","0","2","333","3486","0","0","0","","NO","0.799"
"20260928","Food","Drinks","과일음료","맥널티커피","RC","24752250","블루레몬 에이드 190mL 10팩","8804645005909","발주가능","정상","0","0","237","3486","0","0","0","","NO","0.799"
"20260928","Food","Drinks","과일음료","맥널티커피","FC","45580036","맥널티 청매실 에이드 190ml*10개입","8804645007071","발주가능","정상","0","7","136","3486","0","0","0","","NO","0.799"
"20260928","Food","Drinks","농축액(음료베이스)","맥널티","FC","51983601","물 한방울 섞이지 않은 김토끼 유기농 레몬즙, 10개, 20g","8804645007361","발주가능","정상","0","0","51","4077","0","0","0","","NO","0.709"
"20260928","Food","Drinks","농축액(음료베이스)","맥널티","FC","58338694","티브루 보리차 원액 간편 액상스틱 진액, 30개, 10ml","8804645007590","발주가능","정상","0","84","1223","5259","0","0","0","","NO","0.709"
"20260928","Food","Drinks","농축액(음료베이스)","맥널티","FC","58338695","티브루 옥수수수염차 원액 간편 액상스틱 진액, 30개, 10ml","8804645007606","발주가능","정상","0","26","579","5259","0","0","0","","NO","0.709"
"20260928","Food","Drinks","농축액(음료베이스)","맥널티","FC","58338696","티브루 헛개수 원액 간편 액상스틱 진액, 30개, 10ml","8804645007613","발주가능","정상","0","26","316","5259","0","0","0","","NO","0.709"
"20260928","Food","Drinks","농축액(음료베이스)","맥널티커피","FC","62882483","티브루 보리차 진액, 1개, 400g","8804645007651","발주가능","정상","0","8","23","7623","0","0","0","","NO","0.709"
"20260928","Food","Drinks","농축액(음료베이스)","맥널티커피","FC","71636537","맥널티 티브루 호박팥차 무라벨, 20개, 500ml","8804645007934","발주가능","정상","132","56","275","8795","0","0","0","","NO","0.709"
"20260928","Food","Drinks","야채음료","맥널티커피","FC","48914233","맥널티 유자 에이드 190ml 10개","8804645007217","발주가능","정상","0","3","205","3486","0","0","0","","NO","0.614"
"20260928","Food","Drinks","차음료","맥널티커피","SFDCH1","24752251","복숭아 아이스티 190mL 10팩","8804645005886","발주가능","정상","0","0","2","3486","0","0","0","","NO","0.691"
"20260928","Food","Drinks","차음료","맥널티커피","SFSPA3","24752251","복숭아 아이스티 190mL 10팩","8804645005886","발주가능","정상","0","0","1","3486","0","0","0","","NO","0.691"
"20260928","Food","Drinks","차음료","맥널티커피","FC","24752251","복숭아 아이스티 190mL 10팩","8804645005886","발주가능","정상","0","31","232","3486","0","0","0","","NO","0.691"
"20260928","Food","Drinks","차음료","맥널티커피","FC","24944267","맥널티 허니자몽 블랙티 대용량 파우치 1Lx6입","18804645005951","발주가능","정상","0","1","44","10252","0","0","0","","NO","0.691"
"20260928","Food","Drinks","차음료","맥널티커피","FC","24944268","맥널티 복숭아 아이스티 대용량 파우치 1Lx6입","18804645005944","발주가능","정상","0","0","125","10252","0","0","0","","NO","0.691"
"20260928","Food","Drinks","차음료","맥널티커피","FC","26889711","맥널티 제로칼로리 복숭아 아이스티 500ml 24입","18804645006101","발주가능","정상","0","8","272","12205","0","0","0","","NO","0.691"
"20260928","Food","Drinks","차음료","맥널티커피","FC","36669698","제로 아이스티 복숭아, 30개입, 13g","8804645006791","발주가능","정상","0","5","72","5850","0","0","0","","NO","0.691"
"20260928","Food","Drinks","차음료","맥널티커피","FC","36829225","맥널티 제로칼로리 청포도 아이스티 500mlx24입,","18804645006538","발주가능","정상","0","1","64","12205","0","0","0","","NO","0.691"
"20260928","Food","Drinks","차음료","맥널티커피","FC","36829226","제로 아이스티 청포도, 30개입, 13g 1개","8804645006807","발주가능","정상","0","1","47","5850","0","0","0","","NO","0.691"
"20260928","Food","Drinks","차음료","맥널티커피","FC","38262417","복숭아 아이스티 제로, 6개, 1L","18804645006873","발주가능","정상","0","0","30","10577","0","0","0","","NO","0.691"
"20260928","Food","Drinks","차음료","맥널티커피","FC","40520042","맥널티커피 복숭아 아이스티 제로 RTD, 30개, 240ml","18804645006835","발주가능","정상","0","17","254","8795","0","0","0","","NO","0.691"
"20260928","Food","Drinks","차음료","맥널티커피","SFSPA3","61673272","맥널티커피 복숭아 아이스티 제로, 1.5L, 1개","8804645006739","발주가능","정상","0","0","0","1364","0","0","0","","NO","0.691"
"20260928","Food","Drinks","차음료","맥널티커피","FC","61673272","맥널티커피 복숭아 아이스티 제로, 1.5L, 1개","8804645006739","발주가능","정상","0","159","976","1364","0","0","0","","NO","0.691"
"20260928","Food","Drinks","차음료","맥널티커피","RC","61673272","맥널티커피 복숭아 아이스티 제로, 1.5L, 1개","8804645006739","발주가능","정상","0","0","624","1364","0","0","0","","NO","0.691"
"20260928","Food","Drinks","차음료","맥널티커피","SFJEJ2","73944650","맥널티 복숭아 아이스티 대용량 파우치, 1개, 2.1L","8804645007965","발주가능","정상","0","0","4","2413","0","0","0","","NO","0.691"
"20260928","Food","Drinks","차음료","맥널티커피","SFSPA3","73944650","맥널티 복숭아 아이스티 대용량 파우치, 1개, 2.1L","8804645007965","발주가능","정상","0","2","2","2413","0","0","0","","NO","0.691"
"20260928","Food","Drinks","차음료","맥널티커피","FC","73944650","맥널티 복숭아 아이스티 대용량 파우치, 1개, 2.1L","8804645007965","발주가능","정상","0","111","1370","2413","0","0","0","","NO","0.691"
"20260928","Food","Drinks","차음료","맥널티커피","RC","73944650","맥널티 복숭아 아이스티 대용량 파우치, 1개, 2.1L","8804645007965","발주가능","정상","0","0","396","2413","0","0","0","","NO","0.691"
"20260928","Food","Drinks","차음료","맥널티커피","FC","75850021","맥널티 허니자몽 블랙티, 1L, 1개","8804645005954","발주가능","정상","0","12","113","1714","0","0","0","","NO","0.691"
"20260928","Food","Drinks","커피음료","맥널티커피","RC","24695530","아이스 헤이즐넛향 커피 190mL 10팩","8804645005879","발주가능","정상","0","0","273","3486","0","0","0","","YES","0.700"
"20260928","Food","Drinks","커피음료","맥널티커피","FC","24695530","아이스 헤이즐넛향 커피 190mL 10팩","8804645005879","발주가능","정상","0","8","7","3486","0","0","0","","YES","0.700"
"20260928","Food","Drinks","커피음료","맥널티커피","FC","24695531","아이스 아메리카노 스위트 190mL 10팩","8804645005862","발주가능","정상","0","83","287","3486","0","0","0","","NO","0.700"
"20260928","Food","Drinks","커피음료","맥널티커피","RC","24695531","아이스 아메리카노 스위트 190mL 10팩","8804645005862","발주가능","정상","0","0","819","3486","0","0","0","","NO","0.700"
"20260928","Food","Drinks","커피음료","맥널티커피","SFJEJ2","24695531","아이스 아메리카노 스위트 190mL 10팩","8804645005862","발주가능","정상","0","0","1","3486","0","0","0","","NO","0.700"
"20260928","Food","Drinks","커피음료","맥널티커피","SFSPA3","24695531","아이스 아메리카노 스위트 190mL 10팩","8804645005862","발주가능","정상","0","0","9","3486","0","0","0","","NO","0.700"
"20260928","Food","Drinks","커피음료","맥널티커피","FC","24695532","아이스 아메리카노 블랙 190mL 10팩","8804645005855","발주가능","정상","0","33","341","3486","0","0","0","","NO","0.700"
"20260928","Food","Drinks","커피음료","맥널티커피","SFODD2","24695532","아이스 아메리카노 블랙 190mL 10팩","8804645005855","발주가능","정상","0","0","1","3486","0","0","0","","NO","0.700"
"20260928","Food","Drinks","커피음료","맥널티커피","RC","24695532","아이스 아메리카노 블랙 190mL 10팩","8804645005855","발주가능","정상","0","0","273","3486","0","0","0","","NO","0.700"
"20260928","Food","Drinks","커피음료","맥널티커피","FC","25484251","맥널티커피 아메리카노 스위트 1Lx6입","18804645005920","발주가능","정상","0","6","68","10252","0","0","0","","NO","0.700"
"20260928","Food","Drinks","커피음료","맥널티커피","FC","25484255","맥널티 아이스 아메리카노 블랙커피 대용량 파우치 1Lx6입","18804645005913","발주가능","정상","0","2","34","10252","0","0","0","","NO","0.700"
"20260928","Food","Drinks","커피음료","맥널티커피","FC","25484257","맥널티 아이스 헤이즐넛향 커피 대용량 파우치 1Lx6입","18804645005937","발주가능","정상","0","6","42","10252","0","0","0","","NO","0.700"
"20260928","Food","Drinks","커피음료","맥널티커피","FC","48466205","맥널티 대용량 제로슈가 스테비아 믹스커피 음료, 12개, 1L","18804645007290","발주가능","정상","0","7","68","17067","0","0","0","","NO","0.700"
"20260928","Food","Drinks","커피음료","맥널티커피","FC","54922706","맥널티 대용량 제로슈가 스테비아 믹스커피 음료, 1L, 6개","8804645007323","발주가능","정상","0","103","663","8805","0","0","0","","NO","0.700"
"20260928","Food","Drinks","커피음료","맥널티커피","RC","68778940","맥널티 아이브루 아메리카노 블랙커피 12개 1L","18804645007306","발주가능","정상","0","0","400","12205","0","0","0","","NO","0.700"
"20260928","Food","Drinks","커피음료","맥널티커피","FC","68778940","맥널티 아이브루 아메리카노 블랙커피 12개 1L","18804645007306","발주가능","정상","0","154","2820","12205","0","0","0","","NO","0.700"
"20260928","Food","Drinks","커피음료","맥널티커피","FC","68778941","맥널티 아이브루 헤이즐넛향 블랙커피 12개 1L","18804645007504","발주가능","정상","0","37","170","12205","0","0","0","","NO","0.700"
"20260928","Food","Drinks","커피음료","맥널티커피","FC","68778942","아이브루 아메리카노 블랙커피 무라벨 400ML 20개","8804645007491","발주가능","정상","0","181","953","12205","0","0","0","","NO","0.700"
"20260928","Food","Drinks","커피음료","맥널티커피","SFSPA3","73951791","맥널티 아이스 아메리카노 블랙 커피 대용량 파우치, 1개, 2.1L","8804645007958","발주가능","정상","0","10","4","2413","0","0","0","","NO","0.700"
"20260928","Food","Drinks","커피음료","맥널티커피","RC","73951791","맥널티 아이스 아메리카노 블랙 커피 대용량 파우치, 1개, 2.1L","8804645007958","발주가능","정상","0","0","9120","2413","0","0","0","","NO","0.700"
"20260928","Food","Drinks","커피음료","맥널티커피","FC","73951791","맥널티 아이스 아메리카노 블랙 커피 대용량 파우치, 1개, 2.1L","8804645007958","발주가능","정상","0","377","1787","2413","0","0","0","","NO","0.700"
"20260928","Food","Drinks","커피음료","맥널티커피","SFDCH1","73951791","맥널티 아이스 아메리카노 블랙 커피 대용량 파우치, 1개, 2.1L","8804645007958","발주가능","정상","0","0","2","2413","0","0","0","","NO","0.700"
"20260928","Food","Drinks","커피음료","맥널티커피","SFJEJ2","73951791","맥널티 아이스 아메리카노 블랙 커피 대용량 파우치, 1개, 2.1L","8804645007958","발주가능","정상","0","0","18","2413","0","0","0","","NO","0.700"
"20260928","Food","Drinks","커피음료","맥널티커피","SFSPA3","75683093","맥널티 아이스 아메리카노 블랙 1리터, 1L, 1개","8804645005916","발주가능","정상","0","0","1","1714","0","0","0","","NO","0.700"
"20260928","Food","Drinks","커피음료","맥널티커피","SFJEJ2","75683093","맥널티 아이스 아메리카노 블랙 1리터, 1L, 1개","8804645005916","발주가능","정상","0","0","1","1714","0","0","0","","NO","0.700"
"20260928","Food","Drinks","커피음료","맥널티커피","FC","75683093","맥널티 아이스 아메리카노 블랙 1리터, 1L, 1개","8804645005916","발주가능","정상","0","30","918","1714","0","0","0","","NO","0.700"
"20260928","Food","Drinks","커피음료","맥널티커피","FC","75694561","맥널티커피 아이스 아메리카노 헤이즐넛, 1개, 1L","8804645005930","발주가능","정상","0","19","1432","1714","0","0","0","","NO","0.700"
"20260928","Food","Drinks","커피음료","맥널티커피","FC","75765043","맥널티 아이스아메리카노 스위트, 1개, 1L","8804645005923","발주가능","정상","0","63","1217","1714","0","0","0","","NO","0.700"
"20260928","Food","Drinks","커피음료","맥널티커피","FC","76540319","맥널티 호랭이 마일드 라떼 캔커피, 30개, 175ml","18804645008013","발주가능","정상","0","98","367","8523","0","0","0","","NO","0.700"
"20260928","Food","Drinks","커피음료","맥널티커피","FC","77572705","맥널티 아이스 아메리카노 헤이즐넛, 1개, 2.1L","8804645008030","발주가능","정상","0","172","444","2413","0","0","0","","NO","0.700"
"20260928","Food","Drinks","커피음료","맥널티커피","SFSPA3","77572705","맥널티 아이스 아메리카노 헤이즐넛, 1개, 2.1L","8804645008030","발주가능","정상","0","2","3","2413","0","0","0","","NO","0.700"
"20260928","Food","Drinks","커피음료","맥널티커피","SFJEJ2","77572705","맥널티 아이스 아메리카노 헤이즐넛, 1개, 2.1L","8804645008030","발주가능","정상","0","2","8","2413","0","0","0","","NO","0.700"
"20260928","Food","Drinks","커피음료","맥널티커피","RC","77572705","맥널티 아이스 아메리카노 헤이즐넛, 1개, 2.1L","8804645008030","발주가능","정상","0","0","390","2413","0","0","0","","NO","0.700"
"20260928","Food","Drinks","커피음료","맥널티커피","부천2","77572705","맥널티 아이스 아메리카노 헤이즐넛, 1개, 2.1L","8804645008030","발주가능","정상","0","0","0","2413","0","0","0","","NO","0.700"
"20260928","Food","Drinks","커피음료","아이브루","FC","70253954","아이브루 디카페인 아메리카노 블랙커피 무라벨, 20개, 400ml","8804645007903","발주가능","정상","0","46","202","13500","0","0","0","","NO","0.700"
"20260928","Kitchen","Tools & Gadgets","드립주전자/포트","맥널티커피","FC","15333511","맥널티 드립 주전자 350ml","8804645004490","발주가능","정상","0","0","46","5044","0","0","0","","NO","0.785"
"20260928","Kitchen","Tools & Gadgets","커피필터/여과지","맥널티","SFJEJ2","12491225","맥널티 핸드드립 커피필터 30개입","8804645300950","발주가능","정상","0","1","1","2642","0","0","0","","NO","0.516"
"20260928","Kitchen","Tools & Gadgets","커피필터/여과지","맥널티","FC","12491225","맥널티 핸드드립 커피필터 30개입","8804645300950","발주가능","정상","0","69","570","2642","0","0","0","","NO","0.516"
"20260928","Kitchen","Tools & Gadgets","커피필터/여과지","맥널티커피","FC","80552848","맥널티 천연펄프 무표백 핸드드립 커피필터 여과지(5~7인용), 1개, 100개입","8804645000027","발주가능","정상","0","0","2","2864","0","0","0","","YES","0.516"
"20260927","CE","Kitchen Appliance","커피머신","맥널티커피","FC","31602405","맥널티 2in1 핫앤콜드 진공추출 커피메이커 MCM-065B MCM-065B","8804645006296","발주가능","정상","0","2","13","30859","0","0","0","","NO","0.786"
"20260927","Food","Coffee & Tea","기타전통차","맥널티커피","FC","39149736","맥널티 스테비아 침향 쌍화차, 1개, 30개입, 450g","8804645006913","발주가능","정상","0","2","89","8536","0","0","0","","NO","0.726"
"20260927","Food","Coffee & Tea","기타전통차","맥널티커피","FC","41175263","맥널티커피 스테비아 꿀 유자차, 1개, 30개입, 450g","8804645006951","발주가능","정상","0","9","39","7388","0","0","0","","NO","0.726"
"20260927","Food","Coffee & Tea","둥글레/옥수수/보리/결명자차","맥널티커피","FC","76230458","맥널티 진 보리차 1개 1kg","8804645007996","발주가능","정상","0","2","27","15209","0","0","0","","NO","0.611"
"20260927","Food","Coffee & Tea","드립백/티백","맥널티","FC","3067432","산지별 콜롬비아 슈프리모 핸드드립커피 7개입","8804645000324","발주가능","정상","0","6","194","3043","0","0","0","","NO","0.729"
"20260927","Food","Coffee & Tea","드립백/티백","맥널티","FC","10003518","케냐 AA 핸드드립 블렌드 24개입","8804645000720","발주가능","정상","0","10","313","6068","0","0","0","","NO","0.729"
"20260927","Food","Coffee & Tea","드립백/티백","맥널티커피","FC","3067429","산지별 브라질 세라도 NY2 핸드드립커피 7개입","8804645000300","발주가능","정상","0","0","19","2887","0","0","0","","NO","0.729"
"20260927","Food","Coffee & Tea","드립백/티백","맥널티커피","FC","3067430","산지별 케냐 AA 핸드드립커피 7개입","8804645000355","발주가능","정상","0","3","12","3062","0","0","0","","NO","0.729"
"20260927","Food","Coffee & Tea","드립백/티백","맥널티커피","FC","3067433","산지별 에티오피아 코케 허니 핸드드립커피 7개입","8804645000348","발주가능","정상","0","0","107","2910","0","0","0","","NO","0.729"
"20260927","Food","Coffee & Tea","드립백/티백","맥널티커피","FC","3067434","산지별 에티오피아 예가체프 핸드드립커피 7개입","8804645000331","발주가능","정상","0","10","60","3184","0","0","0","","NO","0.729"
"20260927","Food","Coffee & Tea","드립백/티백","맥널티커피","FC","10003517","콜롬비아 핸드드립 블렌드 24개입","8804645000713","발주가능","정상","0","16","61","5977","0","0","0","","NO","0.729"
"20260927","Food","Coffee & Tea","드립백/티백","맥널티커피","FC","23400108","맥널티 디카페인100% 핸드드립 원두커피 24개입","8804645005732","발주가능","정상","0","14","77","9395","0","0","0","","NO","0.729"
"20260927","Food","Coffee & Tea","드립백/티백","맥널티커피","FC","37713094","맥널티 핸드드립커피 케냐AA(더블에이) 36개입, 8g, 1개","8804645006616","발주가능","정상","0","0","50","11759","0","0","0","","NO","0.729"
"20260927","Food","Coffee & Tea","드립백/티백","맥널티커피","FC","37713095","맥널티 핸드드립커피 에티오피아 예가체프 36개입, 8g, 1개","8804645006623","발주가능","정상","0","3","21","10577","0","0","0","","NO","0.729"
"20260927","Food","Coffee & Tea","드립백/티백","맥널티커피","FC","41391235","맥널티 행복을주는커피 시그니처 블렌드 핸드드립 커피 20개입, 1개, 8g","8804645003653","발주가능","정상","0","10","97","6795","0","0","0","","NO","0.729"
"20260927","Food","Coffee & Tea","드립백/티백","맥널티커피","FC","62821923","맥널티 핸드드립 커피 에티오피아 예가체프 8g 24개입 1개","8804645006920","발주가능","정상","0","3","4","9679","0","0","0","","NO","0.729"
"20260927","Food","Coffee & Tea","드립백/티백","맥널티커피","FC","68147033","베니스브루 스페셜티 핸드드립 가향 커피 오렌지 벨벳, 1개, 7개입, 12g","8804645007712","발주가능","정상","0","1","24","5143","0","0","0","","NO","0.729"
"20260927","Food","Coffee & Tea","드립백/티백","맥널티커피","FC","68147034","베니스브루 스페셜티 핸드드립 가향 커피 쇼콜라 모카, 1개, 7개입, 12g","8804645007729","발주가능","정상","0","0","23","5143","0","0","0","","NO","0.729"
"20260927","Food","Coffee & Tea","드립백/티백","맥널티커피","FC","68777449","베니스브루 베리 블로썸 드립백 커피 12g 1개 7개입","8804645007705","발주가능","정상","0","0","32","5143","0","0","0","","NO","0.729"
"20260927","Food","Coffee & Tea","라떼분말","맥널티커피","FC","34834818","맥널티 스테비아 제로슈가 핫초코 라떼 30개입 15g","8804645006340","발주가능","정상","0","22","478","7500","0","0","0","","NO","0.589"
"20260927","Food","Coffee & Tea","라떼분말","맥널티커피","FC","51063548","스테비아 단백질 옥수수 크림 라떼, 1개, 20개입, 18g","8804645007330","발주가능","정상","0","0","23","5850","0","0","0","","NO","0.589"
"20260927","Food","Coffee & Tea","라떼분말","맥널티커피","FC","51164938","스테비아 단백질 고구마 크림 라떼, 1개, 20개입, 18g","8804645007347","발주가능","정상","0","1","5","5850","0","0","0","","NO","0.589"
"20260927","Food","Coffee & Tea","원두","N_A","FC","76443755","맥널티 브라질 세라도 NY.2 원두 1kg, 1개","8804645006425","발주가능","정상","0","1","222","17609","0","0","0","","NO","0.898"
"20260927","Food","Coffee & Tea","원두","N_A","FC","80686777","투비커피 개인카페용 데일리 블렌드 홀빈 원두 커피, 1개, 1kg","8804645008023","발주가능","정상","0","0","0","15377","0","0","0","","YES","0.898"
"20260927","Food","Coffee & Tea","원두","맥널티커피","FC","45570","맥널티_헤이즐넛원두분쇄커피_226G","8804645100208","발주가능","정상","0","69","1886","5000","0","0","0","","NO","0.898"
"20260927","Food","Coffee & Tea","원두","맥널티커피","SFJEJ2","45570","맥널티_헤이즐넛원두분쇄커피_226G","8804645100208","발주가능","정상","0","0","3","5000","0","0","0","","NO","0.898"
"20260927","Food","Coffee & Tea","원두","맥널티커피","RC","45570","맥널티_헤이즐넛원두분쇄커피_226G","8804645100208","발주가능","정상","0","0","2176","5000","0","0","0","","NO","0.898"
"20260927","Food","Coffee & Tea","원두","맥널티커피","RC","45572","맥널티_헤이즐넛원두분쇄커피_500G","8804645100468","발주가능","정상","0","0","640","7960","0","0","0","","NO","0.898"
"20260927","Food","Coffee & Tea","원두","맥널티커피","FC","45572","맥널티_헤이즐넛원두분쇄커피_500G","8804645100468","발주가능","정상","0","60","893","7960","0","0","0","","NO","0.898"
"20260927","Food","Coffee & Tea","원두","맥널티커피","FC","45573","맥널티_블루마운틴스타일원두분쇄커피_500G","8804645100451","발주가능","정상","0","19","548","11091","0","0","0","","NO","0.898"
"20260927","Food","Coffee & Tea","원두","맥널티커피","FC","5344648","맥널티 원두 에스프레소 블랙 1개, 1kg","8804645001239","발주불가","단종","0","0","1","9156","0","0","0","","YES","0.898"
"20260927","Food","Coffee & Tea","원두","맥널티커피","FC","10147177","맥널티 홀빈 블루마운틴 1000g","8804645006302","발주가능","정상","0","13","167","15715","0","0","0","","NO","0.898"
"20260927","Food","Coffee & Tea","원두","맥널티커피","FC","10147180","맥널티 행복을 주는 커피 헤이즐넛향 1kg 홀빈","8804645100185","발주가능","정상","0","11","127","15244","0","0","0","","NO","0.898"
"20260927","Food","Coffee & Tea","원두","맥널티커피","RC","10812901","맥널티 베트남 로부스타 원두커피 1kg","8804645003066","발주가능","정상","0","0","400","11700","0","0","0","","NO","0.898"
"20260927","Food","Coffee & Tea","원두","맥널티커피","FC","10812901","맥널티 베트남 로부스타 원두커피 1kg","8804645003066","발주가능","정상","0","23","213","11700","0","0","0","","NO","0.898"
"20260927","Food","Coffee & Tea","원두","맥널티커피","FC","11849981","행복을 주는 커피 블루마운틴 블렌드 분쇄 원두 커피 1kg","8804645003486","발주가능","정상","0","11","90","16364","0","0","0","","NO","0.898"
"20260927","Food","Coffee & Tea","원두","맥널티커피","RC","12521866","맥널티 행복을 주는 커피 시그니처 헤이즐넛향 원두 커피 1Kg","8804645003493","발주가능","정상","0","0","432","16364","0","0","0","","NO","0.898"
"20260927","Food","Coffee & Tea","원두","맥널티커피","FC","12521866","맥널티 행복을 주는 커피 시그니처 헤이즐넛향 원두 커피 1Kg","8804645003493","발주가능","정상","0","21","220","16364","0","0","0","","NO","0.898"
"20260927","Food","Coffee & Tea","원두","맥널티커피","FC","13277718","맥널티 행복을 주는 커피 브라질 산토스 1kg","8804645003936","발주가능","정상","0","12","121","14091","0","0","0","","NO","0.898"
"20260927","Food","Coffee & Tea","원두","맥널티커피","FC","13277719","맥널티 행복을 주는 커피 콜롬비아 블렌드 1kg","8804645003929","발주가능","정상","0","14","326","15599","0","0","0","","NO","0.898"
"20260927","Food","Coffee & Tea","원두","맥널티커피","FC","37733154","맥널티 원두 홀빈(분쇄안함) 마일드 미디움 블렌드 200g, 1개","8804645005374","발주가능","정상","0","1","17","5791","0","0","0","","NO","0.898"
"20260927","Food","Coffee & Tea","원두","맥널티커피","FC","38710869","맥널티 홀빈 커피원두, 마일드 미디움 블렌드 1kg, 1개","8804645005329","발주가능","정상","0","3","4","16364","0","0","0","","NO","0.898"
"20260927","Food","Coffee & Tea","원두","맥널티커피","FC","38710870","맥널티 홀빈 커피원두, 콜롬비아 안데스 오리진 1kg, 1개","8804645005343","발주가능","정상","0","3","30","16364","0","0","0","","NO","0.898"
"20260927","Food","Coffee & Tea","원두","맥널티커피","FC","38710872","맥널티 홀빈 커피원두, 시그니처 블렌드 1kg, 1개","8804645005312","발주가능","정상","0","0","64","16364","0","0","0","","NO","0.898"
"20260927","Food","Coffee & Tea","원두","맥널티커피","FC","38813491","맥널티 홀빈 원두 1KG, 브라질 산토스 내추럴, 1개","8804645005350","발주가능","정상","0","6","119","11364","0","0","0","","NO","0.898"
"20260927","Food","Coffee & Tea","원두","맥널티커피","FC","38919334","맥널티 에티오피아 예가체프 홀빈 원두, 1kg, 1개","8804645006852","발주가능","정상","0","6","33","16364","0","0","0","","NO","0.898"
"20260927","Food","Coffee & Tea","원두","맥널티커피","FC","39616644","맥널티 예맨 모카 블렌드 커피 원두, 홀빈(분쇄안함), 500g, 1개","8804645006692","발주가능","정상","0","0","11","11400","0","0","0","","NO","0.898"
"20260927","Food","Coffee & Tea","원두","맥널티커피","FC","39616645","맥널티 시그니처 디카페인 커피 원두, 홀빈(분쇄안함), 500g, 1개","8804645006937","발주가능","정상","0","3","211","12545","0","0","0","","NO","0.898"
"20260927","Food","Coffee & Tea","원두","맥널티커피","FC","39616646","맥널티 게이샤 블렌드 커피 원두, 홀빈(분쇄안함), 500g, 1개","8804645006708","발주가능","정상","0","4","22","11400","0","0","0","","NO","0.898"
"20260927","Food","Coffee & Tea","원두","맥널티커피","FC","39616647","맥널티 하와이안 코나 블렌드 커피 원두, 홀빈(분쇄안함), 500g, 1개","8804645006685","발주가능","정상","0","0","71","11400","0","0","0","","NO","0.898"
"20260927","Food","Coffee & Tea","원두","맥널티커피","FC","48074657","맥널티 브라질 세라도 분쇄 원두 커피, 1개, 500g","8804645007262","발주가능","정상","0","9","78","9395","0","0","0","","NO","0.898"
"20260927","Food","Coffee & Tea","원두","맥널티커피","FC","48074658","맥널티 콜롬비아 안데스 분쇄 원두 커피, 1개, 500g","8804645007255","발주가능","정상","0","4","32","9986","0","0","0","","NO","0.898"
"20260927","Food","Coffee & Tea","원두","맥널티커피","FC","48074659","맥널티 에티오피아 예가체프 분쇄 원두 커피, 1개, 500g","8804645007231","발주가능","정상","0","9","119","9986","0","0","0","","NO","0.898"
"20260927","Food","Coffee & Tea","원두","맥널티커피","FC","58681130","콜롬비아 안데스 오리진 분쇄 커피 원두 1개 226g 핸드드립","8804645007552","발주가능","정상","0","6","0","7159","0","0","0","","YES","0.898"
"20260927","Food","Coffee & Tea","원두","맥널티커피","FC","58681131","브라질 산토스 오리진 분쇄 커피 원두, 226g, 1개, 핸드드립","8804645007545","발주가능","정상","0","2","3","7159","0","0","0","","NO","0.898"
"20260927","Food","Coffee & Tea","원두","맥널티커피","FC","58765769","게이샤 블렌드 분쇄 커피 원두, 1개, 226g, 핸드드립","8804645007514","발주가능","정상","0","0","12","7732","0","0","0","","NO","0.898"
"20260927","Food","Coffee & Tea","원두","맥널티커피","FC","58765770","디카페인 헤이즐넛향 분쇄 커피 원두, 1개, 226g, 핸드드립","8804645007538","발주가능","정상","0","9","64","8018","0","0","0","","NO","0.898"
"20260927","Food","Coffee & Tea","원두","맥널티커피","FC","58850533","하와이안 코나 블렌드 분쇄 커피 원두, 1개, 226g, 핸드드립","8804645007521","발주가능","정상","0","4","2","7732","0","0","0","","YES","0.898"
"20260927","Food","Coffee & Tea","원두","맥널티커피","FC","71777603","투비 다크 블랙 블렌드 홀빈 원두 커피, 1kg, 홀빈(분쇄안함), 1개","8804645007989","발주가능","정상","0","11","107","13115","0","0","0","","NO","0.898"
"20260927","Food","Coffee & Tea","원두","맥널티커피","FC","76697770","투비커피 너티초코 아메리카노 블렌드 홀빈 원두 커피, 1kg, 홀빈(분쇄안함), 1개","8804645008047","발주가능","정상","0","0","35","17125","0","0","0","","NO","0.898"
"20260927","Food","Coffee & Tea","원두커피믹스","맥널티","FC","10003529","아이브루 클래식 100T","8804645002465","발주불가","규격 외","0","0","1","6068","0","0","0","","NO","0.589"
"20260927","Food","Coffee & Tea","원두커피믹스","맥널티","FC","11019882","맥널티 아이브루 다크 블렌드 200T","8804645003219","발주가능","정상","0","1","40","13096","0","0","0","","NO","0.589"
"20260927","Food","Coffee & Tea","원두커피믹스","맥널티커피","FC","11019883","맥널티 아이브루 모카 블랙 200T","8804645003226","발주가능","정상","0","3","42","11687","0","0","0","","NO","0.589"
"20260927","Food","Coffee & Tea","원두커피믹스","맥널티커피","FC","13777565","맥널티 아이브루 모카블랙 70T","8804645003912","발주가능","정상","0","1","36","6519","0","0","0","","NO","0.589"
"20260927","Food","Coffee & Tea","원두커피믹스","맥널티커피","FC","15720531","콜롬비아 블랙 100개입","8804645002861","발주가능","정상","0","34","583","6345","0","0","0","","NO","0.589"
"20260927","Food","Coffee & Tea","원두커피믹스","맥널티커피","SFJEJ2","15720531","콜롬비아 블랙 100개입","8804645002861","발주가능","정상","0","0","7","6345","0","0","0","","NO","0.589"
"20260927","Food","Coffee & Tea","원두커피믹스","맥널티커피","FC","26477367","맥널티 리얼 에스프레소샷 블랙 액상스틱커피 15mlx30개입","8804645006029","발주가능","정상","0","31","236","7388","0","0","0","","NO","0.589"
"20260927","Food","Coffee & Tea","원두커피믹스","맥널티커피","FC","62672352","맥널티 아이브루 플러스 스위트 블랙 원두커피믹스 80개입 2.8g","8804645007620","발주가능","정상","0","0","34","7961","0","0","0","","NO","0.589"
"20260927","Food","Coffee & Tea","원두커피믹스","맥널티커피","FC","67975031","호랭이 커피 오곡향 블랙, 1개, 20개입, 1g","8804645007781","발주가능","정상","0","28","117","2806","0","0","0","","NO","0.589"
"20260927","Food","Coffee & Tea","원두커피믹스","맥널티커피","FC","71629331","맥널티 갓성비 아메리카노 블랙커피, 1개, 100개입, 2g","8804645007873","발주가능","정상","0","52","400","8534","0","0","0","","NO","0.589"
"20260927","Food","Coffee & Tea","원두커피믹스","맥널티커피","SFSPA3","71629331","맥널티 갓성비 아메리카노 블랙커피, 1개, 100개입, 2g","8804645007873","발주가능","정상","0","0","3","8534","0","0","0","","NO","0.589"
"20260927","Food","Coffee & Tea","원두커피믹스","아이브루","SFJEJ2","36903434","맥널티 아이브루 플러스 헤이즐넛 블랙커피 100개입","8804645006395","발주가능","정상","0","1","2","7623","0","0","0","","NO","0.589"
"20260927","Food","Coffee & Tea","원두커피믹스","아이브루","FC","36903434","맥널티 아이브루 플러스 헤이즐넛 블랙커피 100개입","8804645006395","발주가능","정상","0","92","729","7623","0","0","0","","NO","0.589"
"20260927","Food","Coffee & Tea","원두커피믹스","아이브루","FC","36903435","맥널티 아이브루 플러스 오리지널 블랙커피 100개입","8804645006388","발주불가","규격 외","0","0","62","7623","0","0","0","","NO","0.589"
"20260927","Food","Coffee & Tea","원두커피믹스","아이브루","FC","46534985","아이브루 플러스 디카페인 아메리카노 블랙커피, 1개, 80개입, 80g","8804645007118","발주가능","정상","0","14","205","7964","0","0","0","","NO","0.589"
"20260927","Food","Coffee & Tea","원두커피믹스","아이브루","SFJEJ2","56760693","아이브루 플러스 디카페인 블랙커피 헤이즐넛향 (1g x 80개입), 1개","8804645007453","발주가능","정상","0","0","2","7961","0","0","0","","NO","0.589"
"20260927","Food","Coffee & Tea","원두커피믹스","아이브루","FC","56760693","아이브루 플러스 디카페인 블랙커피 헤이즐넛향 (1g x 80개입), 1개","8804645007453","발주가능","정상","0","70","532","7961","0","0","0","","NO","0.589"
"20260927","Food","Coffee & Tea","원두커피믹스","프라이빗클럽","FC","10837643","맥널티 병커피 헤이즐넛향 50gx10개","19311931309161","발주가능","정상","0","3","120","23000","0","0","0","","NO","0.589"
"20260927","Food","Coffee & Tea","원두커피믹스","프라이빗클럽","FC","12091997","Box_입소문난 아이리쉬 50G 10병","19311931311164","발주가능","정상","0","0","25","18625","0","0","0","","NO","0.589"
"20260927","Food","Coffee & Tea","원두커피믹스","프라이빗클럽","FC","52625820","맥널티 인스턴트 원두 병커피 에스프레소 블랙 50g 1개","9311931902167","발주가능","정상","0","69","125","3486","0","0","0","","NO","0.589"
"20260927","Food","Coffee & Tea","율무/견과차","맥널티","SFJEJ2","64842417","티브루 호박팥차 진액 10ml 30개입 1개","8804645007675","발주가능","정상","0","4","0","5259","0","0","0","","NO","0.712"
"20260927","Food","Coffee & Tea","율무/견과차","맥널티","SFDCH1","64842417","티브루 호박팥차 진액 10ml 30개입 1개","8804645007675","발주가능","정상","0","0","2","5259","0","0","0","","NO","0.712"
"20260927","Food","Coffee & Tea","율무/견과차","맥널티","FC","64842417","티브루 호박팥차 진액 10ml 30개입 1개","8804645007675","발주가능","정상","0","62","1646","5259","0","0","0","","NO","0.712"
"20260927","Food","Coffee & Tea","율무/견과차","맥널티커피","FC","39149735","맥널티 스테비아 제로슈가 호두 아몬드 율무차, 1개, 30개입, 450g","8804645006906","발주가능","정상","0","1","163","6815","0","0","0","","NO","0.712"
"20260927","Food","Coffee & Tea","차세트","맥널티커피","FC","78654824","[2026 추석세트] 맥널티 스테비아 전통차 선물세트, 1세트, 율무차(30개) + 쌍화차(30개)","8804645008092","발주가능","정상","0","0","327","19091","0","0","0","","NO","0.901"
"20260927","Food","Coffee & Tea","커피믹스","맥널티커피","FC","45571","맥널티_ 자메이카 블루마운틴 블렌드_226G","8804645100215","발주가능","정상","0","74","1290","5000","0","0","0","","NO","0.727"
"20260927","Food","Coffee & Tea","커피믹스","맥널티커피","RC","25240400","맥널티 스테비아 커피믹스 100개입","8804645006067","발주가능","정상","0","0","1800","12941","0","0","0","","NO","0.727"
"20260927","Food","Coffee & Tea","커피믹스","맥널티커피","FC","25240400","맥널티 스테비아 커피믹스 100개입","8804645006067","발주가능","정상","0","86","549","12941","0","0","0","","NO","0.727"
"20260927","Food","Coffee & Tea","커피믹스","맥널티커피","SFJEJ2","25240400","맥널티 스테비아 커피믹스 100개입","8804645006067","발주가능","정상","0","1","1","12941","0","0","0","","NO","0.727"
"20260927","Food","Coffee & Tea","커피믹스","맥널티커피","SFODD4","25240402","맥널티 스테비아 커피믹스 30개입","8804645006074","발주가능","정상","0","0","0","4827","0","0","0","","NO","0.727"
"20260927","Food","Coffee & Tea","커피믹스","맥널티커피","FC","25240402","맥널티 스테비아 커피믹스 30개입","8804645006074","발주가능","정상","0","30","391","4827","0","0","0","","NO","0.727"
"20260927","Food","Coffee & Tea","커피믹스","맥널티커피","FC","29461862","맥널티 아메리카노 아이스 블랙 100개입","8804645006081","발주가능","정상","0","15","425","5850","0","0","0","","NO","0.727"
"20260927","Food","Coffee & Tea","커피믹스","맥널티커피","RC","38933766","맥널티커피 스테비아 디카페인 커피믹스, 1개, 100개입 9.5g","8804645006890","발주가능","정상","0","0","720","18850","0","0","0","","NO","0.727"
"20260927","Food","Coffee & Tea","커피믹스","맥널티커피","FC","38933766","맥널티커피 스테비아 디카페인 커피믹스, 1개, 100개입 9.5g","8804645006890","발주가능","정상","0","37","248","18850","0","0","0","","NO","0.727"
"20260927","Food","Coffee & Tea","커피믹스","맥널티커피","FC","40806729","맥널티 스테비아 디카페인 커피믹스, 1개, 30개입, 285g","8804645006777","발주가능","정상","0","13","472","7027","0","0","0","","NO","0.727"
"20260927","Food","Coffee & Tea","커피믹스","맥널티커피","FC","46730880","산양유 단백질 프로틴 스테비아 커피믹스, 1개, 30개입, 300g","8804645007194","발주가능","정상","0","4","23","6243","0","0","0","","NO","0.727"
"20260927","Food","Coffee & Tea","커피믹스","맥널티커피","FC","47303765","산양유 단백질 프로틴 스테비아 커피믹스, 1개, 100개입, 1000g","8804645007187","발주가능","정상","0","7","171","19988","0","0","0","","NO","0.727"
"20260927","Food","Coffee & Tea","커피믹스","맥널티커피","FC","56214466","맥널티커피 아이브루 바닐라 라떼,12g x 100개입(스틱), 1200g , 1개","8804645007460","발주가능","정상","0","4","68","12543","0","0","0","","NO","0.727"
"20260927","Food","Coffee & Tea","커피믹스","맥널티커피","FC","56214467","맥널티커피 아이브루 카라멜 마끼아또, 12g x 100개입(스틱), 1200g , 1개","8804645007484","발주가능","정상","0","19","17","12543","0","0","0","","NO","0.727"
"20260927","Food","Coffee & Tea","커피믹스","맥널티커피","FC","63447822","스테비아 커피믹스 헤이즐넛향 9.5g 30개입 1개","8804645007637","발주가능","정상","0","12","154","4827","0","0","0","","NO","0.727"
"20260927","Food","Coffee & Tea","커피믹스","맥널티커피","FC","64859139","맥널티 스테비아 솔티드 카라멜 커피믹스 10g 1개 30개입","8804645007668","발주가능","정상","0","6","72","5670","0","0","0","","NO","0.727"
"20260927","Food","Coffee & Tea","커피믹스","맥널티커피","FC","69526598","맥널티 갓성비 제로슈가 커피믹스, 1개, 80개입, 9g","8804645007842","발주가능","정상","0","14","696","8805","0","0","0","","NO","0.727"
"20260927","Food","Coffee & Tea","커피믹스","맥널티커피","FC","69634259","맥널티커피 스테비아 커피믹스 헤이즐넛향, 9.5g, 100개입, 1개","8804645007811","발주가능","정상","0","6","23","14261","0","0","0","","NO","0.727"
"20260927","Food","Coffee & Tea","커피믹스","맥널티커피","FC","71115721","호랭이 커피믹스 고소한 오곡향, 1개, 160개입, 9.5g","8804645007880","발주가능","정상","0","1","49","14261","0","0","0","","NO","0.727"
"20260927","Food","Coffee & Tea","커피믹스","맥널티커피","FC","71115722","호랭이 커피믹스 고소한 오곡향, 1개, 20개입, 9.5g","8804645007897","발주가능","정상","0","11","75","2806","0","0","0","","NO","0.727"
"20260927","Food","Coffee & Tea","커피믹스","아이브루","RC","2341900","맥널티 iBrew 미니 헤이즐넛향 200개입(200g)","8804645000515","발주가능","정상","0","0","1080","9917","0","0","0","","NO","0.727"
"20260927","Food","Coffee & Tea","커피믹스","아이브루","FC","2341900","맥널티 iBrew 미니 헤이즐넛향 200개입(200g)","8804645000515","발주가능","정상","0","35","546","9917","0","0","0","","NO","0.727"
"20260927","Food","Coffee & Tea","커피믹스","아이브루","SFODD2","2341900","맥널티 iBrew 미니 헤이즐넛향 200개입(200g)","8804645000515","발주가능","정상","0","0","2","9917","0","0","0","","NO","0.727"
"20260927","Food","Coffee & Tea","커피믹스","아이브루","FC","3067423","아이브루 헤이즐넛향 70개입","8804645000706","발주가능","정상","0","9","428","4025","0","0","0","","NO","0.727"
"20260927","Food","Coffee & Tea","커피믹스","아이브루","FC","3067424","아이브루 케냐AA 블렌드 70개입","8804645000690","발주가능","정상","0","5","69","6205","0","0","0","","NO","0.727"
"20260927","Food","Coffee & Tea","커피믹스","아이브루","FC","3067425","아이브루 예가체프 블렌드 70개입","8804645000683","발주가능","정상","0","0","25","6205","0","0","0","","NO","0.727"
"20260927","Food","Coffee & Tea","커피믹스","프라이빗클럽","FC","3067426","인스턴트 병커피 아이리쉬크림 50g","9311931901160","발주가능","정상","0","6","40","3322","0","0","0","","NO","0.727"
"20260927","Food","Coffee & Tea","커피믹스","프라이빗클럽","SFSPA3","3067428","인스턴트 병커피 헤이즐넛향 50g","9311931105162","발주가능","정상","0","0","10","2300","0","0","0","","NO","0.727"
"20260927","Food","Coffee & Tea","커피믹스","프라이빗클럽","FC","3067428","인스턴트 병커피 헤이즐넛향 50g","9311931105162","발주가능","정상","0","136","3214","2300","0","0","0","","NO","0.727"
"20260927","Food","Coffee & Tea","커피세트","맥널티커피","FC","26870612","[2026 추석세트] 맥널티 핸드드립 버라이어티세트 30개입","8804645006258","발주가능","정상","0","23","1156","9395","0","0","0","","NO","0.905"
"20260927","Food","Coffee & Tea","커피세트","맥널티커피","FC","54651094","인스턴트 원두 병커피 맥널티커피 선물세트 50g x 4개입(에스프레소 2병+헤이즐넛 2병), 1세트","8804645007408","발주가능","정상","0","0","0","15305","0","0","0","","YES","0.905"
"20260927","Food","Drinks","과일음료","맥널티커피","RC","24752132","청포도 에이드 190mL 10팩","8804645005893","발주가능","정상","0","0","273","3486","0","0","0","","NO","0.796"
"20260927","Food","Drinks","과일음료","맥널티커피","FC","24752132","청포도 에이드 190mL 10팩","8804645005893","발주가능","정상","0","34","313","3486","0","0","0","","NO","0.796"
"20260927","Food","Drinks","과일음료","맥널티커피","SFJEJ2","24752132","청포도 에이드 190mL 10팩","8804645005893","발주가능","정상","0","0","2","3486","0","0","0","","NO","0.796"
"20260927","Food","Drinks","과일음료","맥널티커피","RC","24752250","블루레몬 에이드 190mL 10팩","8804645005909","발주가능","정상","0","0","237","3486","0","0","0","","NO","0.796"
"20260927","Food","Drinks","과일음료","맥널티커피","FC","24752250","블루레몬 에이드 190mL 10팩","8804645005909","발주가능","정상","0","10","335","3486","0","0","0","","NO","0.796"
"20260927","Food","Drinks","과일음료","맥널티커피","FC","45580036","맥널티 청매실 에이드 190ml*10개입","8804645007071","발주가능","정상","0","5","143","3486","0","0","0","","NO","0.796"
"20260927","Food","Drinks","농축액(음료베이스)","맥널티","FC","51983601","물 한방울 섞이지 않은 김토끼 유기농 레몬즙, 10개, 20g","8804645007361","발주가능","정상","0","0","51","4077","0","0","0","","NO","0.706"
"20260927","Food","Drinks","농축액(음료베이스)","맥널티","FC","58338694","티브루 보리차 원액 간편 액상스틱 진액, 30개, 10ml","8804645007590","발주가능","정상","0","51","1309","5259","0","0","0","","NO","0.706"
"20260927","Food","Drinks","농축액(음료베이스)","맥널티","FC","58338695","티브루 옥수수수염차 원액 간편 액상스틱 진액, 30개, 10ml","8804645007606","발주가능","정상","0","31","605","5259","0","0","0","","NO","0.706"
"20260927","Food","Drinks","농축액(음료베이스)","맥널티","FC","58338696","티브루 헛개수 원액 간편 액상스틱 진액, 30개, 10ml","8804645007613","발주가능","정상","0","48","340","5259","0","0","0","","NO","0.706"
"20260927","Food","Drinks","농축액(음료베이스)","맥널티커피","FC","62882483","티브루 보리차 진액, 1개, 400g","8804645007651","발주가능","정상","0","11","31","7623","0","0","0","","NO","0.706"
"20260927","Food","Drinks","농축액(음료베이스)","맥널티커피","FC","71636537","맥널티 티브루 호박팥차 무라벨, 20개, 500ml","8804645007934","발주가능","정상","0","30","200","8795","0","0","0","","NO","0.706"
"20260927","Food","Drinks","야채음료","맥널티커피","FC","48914233","맥널티 유자 에이드 190ml 10개","8804645007217","발주가능","정상","0","11","208","3486","0","0","0","","NO","0.615"
"20260927","Food","Drinks","차음료","맥널티커피","SFSPA3","24752251","복숭아 아이스티 190mL 10팩","8804645005886","발주가능","정상","0","0","1","3486","0","0","0","","NO","0.687"
"20260927","Food","Drinks","차음료","맥널티커피","SFDCH1","24752251","복숭아 아이스티 190mL 10팩","8804645005886","발주가능","정상","0","0","2","3486","0","0","0","","NO","0.687"
"20260927","Food","Drinks","차음료","맥널티커피","FC","24752251","복숭아 아이스티 190mL 10팩","8804645005886","발주가능","정상","0","25","263","3486","0","0","0","","NO","0.687"
"20260927","Food","Drinks","차음료","맥널티커피","FC","24944267","맥널티 허니자몽 블랙티 대용량 파우치 1Lx6입","18804645005951","발주가능","정상","0","3","45","10252","0","0","0","","NO","0.687"
"20260927","Food","Drinks","차음료","맥널티커피","FC","24944268","맥널티 복숭아 아이스티 대용량 파우치 1Lx6입","18804645005944","발주가능","정상","0","3","50","10252","0","0","0","","NO","0.687"
"20260927","Food","Drinks","차음료","맥널티커피","FC","26889711","맥널티 제로칼로리 복숭아 아이스티 500ml 24입","18804645006101","발주가능","정상","0","8","190","12205","0","0","0","","NO","0.687"
"20260927","Food","Drinks","차음료","맥널티커피","FC","36669698","제로 아이스티 복숭아, 30개입, 13g","8804645006791","발주가능","정상","0","3","77","5850","0","0","0","","NO","0.687"
"20260927","Food","Drinks","차음료","맥널티커피","FC","36829225","맥널티 제로칼로리 청포도 아이스티 500mlx24입,","18804645006538","발주가능","정상","0","2","65","12205","0","0","0","","NO","0.687"
"20260927","Food","Drinks","차음료","맥널티커피","FC","36829226","제로 아이스티 청포도, 30개입, 13g 1개","8804645006807","발주가능","정상","0","2","48","5850","0","0","0","","NO","0.687"
"20260927","Food","Drinks","차음료","맥널티커피","FC","38262417","복숭아 아이스티 제로, 6개, 1L","18804645006873","발주가능","정상","0","0","30","10577","0","0","0","","NO","0.687"
"20260927","Food","Drinks","차음료","맥널티커피","FC","40520042","맥널티커피 복숭아 아이스티 제로 RTD, 30개, 240ml","18804645006835","발주가능","정상","0","5","271","8795","0","0","0","","NO","0.687"
"20260927","Food","Drinks","차음료","맥널티커피","SFSPA3","61673272","맥널티커피 복숭아 아이스티 제로, 1.5L, 1개","8804645006739","발주가능","정상","0","0","0","1364","0","0","0","","NO","0.687"
"20260927","Food","Drinks","차음료","맥널티커피","RC","61673272","맥널티커피 복숭아 아이스티 제로, 1.5L, 1개","8804645006739","발주가능","정상","0","0","1248","1364","0","0","0","","NO","0.687"
"20260927","Food","Drinks","차음료","맥널티커피","FC","61673272","맥널티커피 복숭아 아이스티 제로, 1.5L, 1개","8804645006739","발주가능","정상","0","87","1132","1364","0","0","0","","NO","0.687"
"20260927","Food","Drinks","차음료","맥널티커피","RC","73944650","맥널티 복숭아 아이스티 대용량 파우치, 1개, 2.1L","8804645007965","발주가능","정상","0","0","396","2413","0","0","0","","NO","0.687"
"20260927","Food","Drinks","차음료","맥널티커피","SFJEJ2","73944650","맥널티 복숭아 아이스티 대용량 파우치, 1개, 2.1L","8804645007965","발주가능","정상","0","0","2","2413","0","0","0","","NO","0.687"
"20260927","Food","Drinks","차음료","맥널티커피","FC","73944650","맥널티 복숭아 아이스티 대용량 파우치, 1개, 2.1L","8804645007965","발주가능","정상","0","56","1487","2413","0","0","0","","NO","0.687"
"20260927","Food","Drinks","차음료","맥널티커피","SFSPA3","73944650","맥널티 복숭아 아이스티 대용량 파우치, 1개, 2.1L","8804645007965","발주가능","정상","0","0","4","2413","0","0","0","","NO","0.687"
"20260927","Food","Drinks","차음료","맥널티커피","FC","75850021","맥널티 허니자몽 블랙티, 1L, 1개","8804645005954","발주가능","정상","0","14","125","1714","0","0","0","","NO","0.687"
"20260927","Food","Drinks","커피음료","맥널티커피","FC","24695530","아이스 헤이즐넛향 커피 190mL 10팩","8804645005879","발주가능","정상","0","34","15","3486","0","0","0","","NO","0.693"
"20260927","Food","Drinks","커피음료","맥널티커피","RC","24695530","아이스 헤이즐넛향 커피 190mL 10팩","8804645005879","발주가능","정상","0","0","273","3486","0","0","0","","NO","0.693"
"20260927","Food","Drinks","커피음료","맥널티커피","SFSPA3","24695531","아이스 아메리카노 스위트 190mL 10팩","8804645005862","발주가능","정상","0","3","0","3486","0","0","0","","NO","0.693"
"20260927","Food","Drinks","커피음료","맥널티커피","RC","24695531","아이스 아메리카노 스위트 190mL 10팩","8804645005862","발주가능","정상","0","0","819","3486","0","0","0","","NO","0.693"
"20260927","Food","Drinks","커피음료","맥널티커피","FC","24695531","아이스 아메리카노 스위트 190mL 10팩","8804645005862","발주가능","정상","0","43","379","3486","0","0","0","","NO","0.693"
"20260927","Food","Drinks","커피음료","맥널티커피","SFJEJ2","24695531","아이스 아메리카노 스위트 190mL 10팩","8804645005862","발주가능","정상","0","0","1","3486","0","0","0","","NO","0.693"
"20260927","Food","Drinks","커피음료","맥널티커피","SFODD2","24695532","아이스 아메리카노 블랙 190mL 10팩","8804645005855","발주가능","정상","0","0","1","3486","0","0","0","","NO","0.693"
"20260927","Food","Drinks","커피음료","맥널티커피","FC","24695532","아이스 아메리카노 블랙 190mL 10팩","8804645005855","발주가능","정상","0","47","374","3486","0","0","0","","NO","0.693"
"20260927","Food","Drinks","커피음료","맥널티커피","RC","24695532","아이스 아메리카노 블랙 190mL 10팩","8804645005855","발주가능","정상","0","0","273","3486","0","0","0","","NO","0.693"
"20260927","Food","Drinks","커피음료","맥널티커피","FC","25484251","맥널티커피 아메리카노 스위트 1Lx6입","18804645005920","발주가능","정상","0","2","74","10252","0","0","0","","NO","0.693"
"20260927","Food","Drinks","커피음료","맥널티커피","FC","25484255","맥널티 아이스 아메리카노 블랙커피 대용량 파우치 1Lx6입","18804645005913","발주가능","정상","0","3","36","10252","0","0","0","","NO","0.693"
"20260927","Food","Drinks","커피음료","맥널티커피","FC","25484257","맥널티 아이스 헤이즐넛향 커피 대용량 파우치 1Lx6입","18804645005937","발주가능","정상","0","6","48","10252","0","0","0","","NO","0.693"
"20260927","Food","Drinks","커피음료","맥널티커피","FC","48466205","맥널티 대용량 제로슈가 스테비아 믹스커피 음료, 12개, 1L","18804645007290","발주가능","정상","0","16","75","17067","0","0","0","","NO","0.693"
"20260927","Food","Drinks","커피음료","맥널티커피","FC","54922706","맥널티 대용량 제로슈가 스테비아 믹스커피 음료, 1L, 6개","8804645007323","발주가능","정상","0","71","766","8805","0","0","0","","NO","0.693"
"20260927","Food","Drinks","커피음료","맥널티커피","RC","68778940","맥널티 아이브루 아메리카노 블랙커피 12개 1L","18804645007306","발주가능","정상","0","0","400","12205","0","0","0","","NO","0.693"
"20260927","Food","Drinks","커피음료","맥널티커피","FC","68778940","맥널티 아이브루 아메리카노 블랙커피 12개 1L","18804645007306","발주가능","정상","0","174","2974","12205","0","0","0","","NO","0.693"
"20260927","Food","Drinks","커피음료","맥널티커피","FC","68778941","맥널티 아이브루 헤이즐넛향 블랙커피 12개 1L","18804645007504","발주가능","정상","0","48","207","12205","0","0","0","","NO","0.693"
"20260927","Food","Drinks","커피음료","맥널티커피","FC","68778942","아이브루 아메리카노 블랙커피 무라벨 400ML 20개","8804645007491","발주가능","정상","0","74","1134","12205","0","0","0","","NO","0.693"
"20260927","Food","Drinks","커피음료","맥널티커피","SFJEJ2","73951791","맥널티 아이스 아메리카노 블랙 커피 대용량 파우치, 1개, 2.1L","8804645007958","발주가능","정상","0","0","18","2413","0","0","0","","NO","0.693"
"20260927","Food","Drinks","커피음료","맥널티커피","RC","73951791","맥널티 아이스 아메리카노 블랙 커피 대용량 파우치, 1개, 2.1L","8804645007958","발주가능","정상","0","0","9120","2413","0","0","0","","NO","0.693"
"20260927","Food","Drinks","커피음료","맥널티커피","FC","73951791","맥널티 아이스 아메리카노 블랙 커피 대용량 파우치, 1개, 2.1L","8804645007958","발주가능","정상","0","351","2046","2413","0","0","0","","NO","0.693"
"20260927","Food","Drinks","커피음료","맥널티커피","SFSPA3","73951791","맥널티 아이스 아메리카노 블랙 커피 대용량 파우치, 1개, 2.1L","8804645007958","발주가능","정상","0","10","14","2413","0","0","0","","NO","0.693"
"20260927","Food","Drinks","커피음료","맥널티커피","SFDCH1","73951791","맥널티 아이스 아메리카노 블랙 커피 대용량 파우치, 1개, 2.1L","8804645007958","발주가능","정상","0","0","2","2413","0","0","0","","NO","0.693"
"20260927","Food","Drinks","커피음료","맥널티커피","FC","75683093","맥널티 아이스 아메리카노 블랙 1리터, 1L, 1개","8804645005916","발주가능","정상","0","23","946","1714","0","0","0","","NO","0.693"
"20260927","Food","Drinks","커피음료","맥널티커피","SFSPA3","75683093","맥널티 아이스 아메리카노 블랙 1리터, 1L, 1개","8804645005916","발주가능","정상","0","0","1","1714","0","0","0","","NO","0.693"
"20260927","Food","Drinks","커피음료","맥널티커피","SFJEJ2","75683093","맥널티 아이스 아메리카노 블랙 1리터, 1L, 1개","8804645005916","발주가능","정상","0","0","1","1714","0","0","0","","NO","0.693"
"20260927","Food","Drinks","커피음료","맥널티커피","FC","75694561","맥널티커피 아이스 아메리카노 헤이즐넛, 1개, 1L","8804645005930","발주가능","정상","0","27","1449","1714","0","0","0","","NO","0.693"
"20260927","Food","Drinks","커피음료","맥널티커피","FC","75765043","맥널티 아이스아메리카노 스위트, 1개, 1L","8804645005923","발주가능","정상","0","42","1286","1714","0","0","0","","NO","0.693"
"20260927","Food","Drinks","커피음료","맥널티커피","FC","76540319","맥널티 호랭이 마일드 라떼 캔커피, 30개, 175ml","18804645008013","발주가능","정상","0","80","465","8523","0","0","0","","NO","0.693"
"20260927","Food","Drinks","커피음료","맥널티커피","SFJEJ2","77572705","맥널티 아이스 아메리카노 헤이즐넛, 1개, 2.1L","8804645008030","발주가능","정상","0","0","10","2413","0","0","0","","NO","0.693"
"20260927","Food","Drinks","커피음료","맥널티커피","SFSPA3","77572705","맥널티 아이스 아메리카노 헤이즐넛, 1개, 2.1L","8804645008030","발주가능","정상","0","1","5","2413","0","0","0","","NO","0.693"
"20260927","Food","Drinks","커피음료","맥널티커피","RC","77572705","맥널티 아이스 아메리카노 헤이즐넛, 1개, 2.1L","8804645008030","발주가능","정상","0","0","390","2413","0","0","0","","NO","0.693"
"20260927","Food","Drinks","커피음료","맥널티커피","부천2","77572705","맥널티 아이스 아메리카노 헤이즐넛, 1개, 2.1L","8804645008030","발주가능","정상","0","0","0","2413","0","0","0","","NO","0.693"
"20260927","Food","Drinks","커피음료","맥널티커피","FC","77572705","맥널티 아이스 아메리카노 헤이즐넛, 1개, 2.1L","8804645008030","발주가능","정상","0","119","614","2413","0","0","0","","NO","0.693"
"20260927","Food","Drinks","커피음료","아이브루","FC","70253954","아이브루 디카페인 아메리카노 블랙커피 무라벨, 20개, 400ml","8804645007903","발주가능","정상","0","53","248","13500","0","0","0","","NO","0.693"
"20260927","Kitchen","Tools & Gadgets","드립주전자/포트","맥널티커피","FC","15333511","맥널티 드립 주전자 350ml","8804645004490","발주가능","정상","0","0","45","5044","0","0","0","","NO","0.780"
"20260927","Kitchen","Tools & Gadgets","커피필터/여과지","N_A","FC","80552848","맥널티 천연펄프 무표백 핸드드립 커피필터 여과지(5~7인용), 1개, 100개입","8804645000027","발주가능","신규","2","0","2","2864","0","0","0","","YES","0.511"
"20260927","Kitchen","Tools & Gadgets","커피필터/여과지","N_A","FC","80552849","맥널티 천연펄프 무표백 핸드드립 커피필터 여과지(2~4인용), 1개, 100개입","8804645000010","발주가능","정상","0","2","0","2418","0","0","0","","YES","0.511"
"20260927","Kitchen","Tools & Gadgets","커피필터/여과지","맥널티","FC","12491225","맥널티 핸드드립 커피필터 30개입","8804645300950","발주가능","정상","0","75","644","2642","0","0","0","","NO","0.511"
"20260927","Kitchen","Tools & Gadgets","커피필터/여과지","맥널티","SFJEJ2","12491225","맥널티 핸드드립 커피필터 30개입","8804645300950","발주가능","정상","0","0","2","2642","0","0","0","","NO","0.511"
"20260926","CE","Kitchen Appliance","커피머신","맥널티커피","FC","31602405","맥널티 2in1 핫앤콜드 진공추출 커피메이커 MCM-065B MCM-065B","8804645006296","발주가능","정상","0","2","15","30859","0","0","0","","NO","0.783"
"20260926","Food","Coffee & Tea","기타전통차","맥널티커피","FC","39149736","맥널티 스테비아 침향 쌍화차, 1개, 30개입, 450g","8804645006913","발주가능","정상","0","0","91","8536","0","0","0","","NO","0.724"
"20260926","Food","Coffee & Tea","기타전통차","맥널티커피","FC","41175263","맥널티커피 스테비아 꿀 유자차, 1개, 30개입, 450g","8804645006951","발주가능","정상","0","3","48","7388","0","0","0","","NO","0.724"
"20260926","Food","Coffee & Tea","둥글레/옥수수/보리/결명자차","맥널티커피","FC","76230458","맥널티 진 보리차 1개 1kg","8804645007996","발주가능","정상","0","3","29","15209","0","0","0","","NO","0.608"
"20260926","Food","Coffee & Tea","드립백/티백","맥널티","FC","3067432","산지별 콜롬비아 슈프리모 핸드드립커피 7개입","8804645000324","발주가능","정상","0","0","200","3043","0","0","0","","NO","0.728"
"20260926","Food","Coffee & Tea","드립백/티백","맥널티","FC","10003518","케냐 AA 핸드드립 블렌드 24개입","8804645000720","발주가능","정상","0","9","323","6068","0","0","0","","NO","0.728"
"20260926","Food","Coffee & Tea","드립백/티백","맥널티커피","FC","3067429","산지별 브라질 세라도 NY2 핸드드립커피 7개입","8804645000300","발주가능","정상","0","7","19","2887","0","0","0","","NO","0.728"
"20260926","Food","Coffee & Tea","드립백/티백","맥널티커피","FC","3067430","산지별 케냐 AA 핸드드립커피 7개입","8804645000355","발주가능","정상","0","7","15","3062","0","0","0","","NO","0.728"
"20260926","Food","Coffee & Tea","드립백/티백","맥널티커피","FC","3067433","산지별 에티오피아 코케 허니 핸드드립커피 7개입","8804645000348","발주가능","정상","0","3","107","2910","0","0","0","","NO","0.728"
"20260926","Food","Coffee & Tea","드립백/티백","맥널티커피","FC","3067434","산지별 에티오피아 예가체프 핸드드립커피 7개입","8804645000331","발주가능","정상","0","12","70","3184","0","0","0","","NO","0.728"
"20260926","Food","Coffee & Tea","드립백/티백","맥널티커피","FC","10003517","콜롬비아 핸드드립 블렌드 24개입","8804645000713","발주가능","정상","0","19","77","5977","0","0","0","","NO","0.728"
"20260926","Food","Coffee & Tea","드립백/티백","맥널티커피","FC","23400108","맥널티 디카페인100% 핸드드립 원두커피 24개입","8804645005732","발주가능","정상","0","10","91","9395","0","0","0","","NO","0.728"
"20260926","Food","Coffee & Tea","드립백/티백","맥널티커피","FC","37713094","맥널티 핸드드립커피 케냐AA(더블에이) 36개입, 8g, 1개","8804645006616","발주가능","정상","0","3","50","11759","0","0","0","","NO","0.728"
"20260926","Food","Coffee & Tea","드립백/티백","맥널티커피","FC","37713095","맥널티 핸드드립커피 에티오피아 예가체프 36개입, 8g, 1개","8804645006623","발주가능","정상","0","0","24","10577","0","0","0","","NO","0.728"
"20260926","Food","Coffee & Tea","드립백/티백","맥널티커피","FC","41391235","맥널티 행복을주는커피 시그니처 블렌드 핸드드립 커피 20개입, 1개, 8g","8804645003653","발주가능","정상","0","16","107","6795","0","0","0","","NO","0.728"
"20260926","Food","Coffee & Tea","드립백/티백","맥널티커피","FC","62821923","맥널티 핸드드립 커피 에티오피아 예가체프 8g 24개입 1개","8804645006920","발주가능","정상","0","4","7","9679","0","0","0","","NO","0.728"
"20260926","Food","Coffee & Tea","드립백/티백","맥널티커피","FC","68147033","베니스브루 스페셜티 핸드드립 가향 커피 오렌지 벨벳, 1개, 7개입, 12g","8804645007712","발주가능","정상","0","0","25","5143","0","0","0","","NO","0.728"
"20260926","Food","Coffee & Tea","드립백/티백","맥널티커피","FC","68147034","베니스브루 스페셜티 핸드드립 가향 커피 쇼콜라 모카, 1개, 7개입, 12g","8804645007729","발주가능","정상","0","2","23","5143","0","0","0","","NO","0.728"
"20260926","Food","Coffee & Tea","드립백/티백","맥널티커피","FC","68777449","베니스브루 베리 블로썸 드립백 커피 12g 1개 7개입","8804645007705","발주가능","정상","0","0","32","5143","0","0","0","","NO","0.728"
"20260926","Food","Coffee & Tea","라떼분말","맥널티커피","FC","34834818","맥널티 스테비아 제로슈가 핫초코 라떼 30개입 15g","8804645006340","발주가능","정상","0","17","500","7500","0","0","0","","NO","0.585"
"20260926","Food","Coffee & Tea","라떼분말","맥널티커피","FC","51063548","스테비아 단백질 옥수수 크림 라떼, 1개, 20개입, 18g","8804645007330","발주가능","정상","0","1","23","5850","0","0","0","","NO","0.585"
"20260926","Food","Coffee & Tea","라떼분말","맥널티커피","FC","51164938","스테비아 단백질 고구마 크림 라떼, 1개, 20개입, 18g","8804645007347","발주가능","정상","0","1","6","5850","0","0","0","","NO","0.585"
"20260926","Food","Coffee & Tea","원두","N_A","FC","76443755","맥널티 브라질 세라도 NY.2 원두 1kg, 1개","8804645006425","발주가능","정상","0","2","223","17609","0","0","0","","NO","0.897"
"20260926","Food","Coffee & Tea","원두","N_A","FC","80686777","투비커피 개인카페용 데일리 블렌드 홀빈 원두 커피, 1개, 1kg","8804645008023","발주가능","정상","0","0","1","15377","0","0","0","","YES","0.897"
"20260926","Food","Coffee & Tea","원두","맥널티커피","FC","45570","맥널티_헤이즐넛원두분쇄커피_226G","8804645100208","발주가능","정상","0","77","1964","5000","0","0","0","","NO","0.897"
"20260926","Food","Coffee & Tea","원두","맥널티커피","RC","45570","맥널티_헤이즐넛원두분쇄커피_226G","8804645100208","발주가능","정상","0","0","2176","5000","0","0","0","","NO","0.897"
"20260926","Food","Coffee & Tea","원두","맥널티커피","SFJEJ2","45570","맥널티_헤이즐넛원두분쇄커피_226G","8804645100208","발주가능","정상","0","2","1","5000","0","0","0","","NO","0.897"
"20260926","Food","Coffee & Tea","원두","맥널티커피","SFJEJ2","45572","맥널티_헤이즐넛원두분쇄커피_500G","8804645100468","발주가능","정상","0","1","0","7960","0","0","0","","NO","0.897"
"20260926","Food","Coffee & Tea","원두","맥널티커피","RC","45572","맥널티_헤이즐넛원두분쇄커피_500G","8804645100468","발주가능","정상","0","0","640","7960","0","0","0","","NO","0.897"
"20260926","Food","Coffee & Tea","원두","맥널티커피","FC","45572","맥널티_헤이즐넛원두분쇄커피_500G","8804645100468","발주가능","정상","0","44","957","7960","0","0","0","","NO","0.897"
"20260926","Food","Coffee & Tea","원두","맥널티커피","SFSPA3","45572","맥널티_헤이즐넛원두분쇄커피_500G","8804645100468","발주가능","정상","0","1","0","7960","0","0","0","","NO","0.897"
"20260926","Food","Coffee & Tea","원두","맥널티커피","FC","45573","맥널티_블루마운틴스타일원두분쇄커피_500G","8804645100451","발주가능","정상","0","18","567","11091","0","0","0","","NO","0.897"
"20260926","Food","Coffee & Tea","원두","맥널티커피","FC","5344648","맥널티 원두 에스프레소 블랙 1개, 1kg","8804645001239","발주불가","단종","0","0","1","9156","0","0","0","","YES","0.897"
"20260926","Food","Coffee & Tea","원두","맥널티커피","FC","10147177","맥널티 홀빈 블루마운틴 1000g","8804645006302","발주가능","정상","0","12","180","15715","0","0","0","","NO","0.897"
"20260926","Food","Coffee & Tea","원두","맥널티커피","FC","10147180","맥널티 행복을 주는 커피 헤이즐넛향 1kg 홀빈","8804645100185","발주가능","정상","0","8","138","15244","0","0","0","","NO","0.897"
"20260926","Food","Coffee & Tea","원두","맥널티커피","RC","10812901","맥널티 베트남 로부스타 원두커피 1kg","8804645003066","발주가능","정상","0","0","400","11700","0","0","0","","NO","0.897"
"20260926","Food","Coffee & Tea","원두","맥널티커피","FC","10812901","맥널티 베트남 로부스타 원두커피 1kg","8804645003066","발주가능","정상","0","20","236","11700","0","0","0","","NO","0.897"
"20260926","Food","Coffee & Tea","원두","맥널티커피","FC","11849981","행복을 주는 커피 블루마운틴 블렌드 분쇄 원두 커피 1kg","8804645003486","발주가능","정상","0","6","101","16364","0","0","0","","NO","0.897"
"20260926","Food","Coffee & Tea","원두","맥널티커피","FC","12521866","맥널티 행복을 주는 커피 시그니처 헤이즐넛향 원두 커피 1Kg","8804645003493","발주가능","정상","0","15","139","16364","0","0","0","","NO","0.897"
"20260926","Food","Coffee & Tea","원두","맥널티커피","RC","12521866","맥널티 행복을 주는 커피 시그니처 헤이즐넛향 원두 커피 1Kg","8804645003493","발주가능","정상","0","0","534","16364","0","0","0","","NO","0.897"
"20260926","Food","Coffee & Tea","원두","맥널티커피","FC","13277718","맥널티 행복을 주는 커피 브라질 산토스 1kg","8804645003936","발주가능","정상","0","12","133","14091","0","0","0","","NO","0.897"
"20260926","Food","Coffee & Tea","원두","맥널티커피","FC","13277719","맥널티 행복을 주는 커피 콜롬비아 블렌드 1kg","8804645003929","발주가능","정상","0","12","340","15599","0","0","0","","NO","0.897"
"20260926","Food","Coffee & Tea","원두","맥널티커피","FC","37733154","맥널티 원두 홀빈(분쇄안함) 마일드 미디움 블렌드 200g, 1개","8804645005374","발주가능","정상","0","1","18","5791","0","0","0","","NO","0.897"
"20260926","Food","Coffee & Tea","원두","맥널티커피","FC","38710869","맥널티 홀빈 커피원두, 마일드 미디움 블렌드 1kg, 1개","8804645005329","발주가능","정상","0","0","7","16364","0","0","0","","NO","0.897"
"20260926","Food","Coffee & Tea","원두","맥널티커피","FC","38710870","맥널티 홀빈 커피원두, 콜롬비아 안데스 오리진 1kg, 1개","8804645005343","발주가능","정상","0","3","33","16364","0","0","0","","NO","0.897"
"20260926","Food","Coffee & Tea","원두","맥널티커피","FC","38710872","맥널티 홀빈 커피원두, 시그니처 블렌드 1kg, 1개","8804645005312","발주가능","정상","0","3","64","16364","0","0","0","","NO","0.897"
"20260926","Food","Coffee & Tea","원두","맥널티커피","FC","38813491","맥널티 홀빈 원두 1KG, 브라질 산토스 내추럴, 1개","8804645005350","발주가능","정상","0","5","125","11364","0","0","0","","NO","0.897"
"20260926","Food","Coffee & Tea","원두","맥널티커피","FC","38919334","맥널티 에티오피아 예가체프 홀빈 원두, 1kg, 1개","8804645006852","발주가능","정상","0","6","39","16364","0","0","0","","NO","0.897"
"20260926","Food","Coffee & Tea","원두","맥널티커피","FC","39616644","맥널티 예맨 모카 블렌드 커피 원두, 홀빈(분쇄안함), 500g, 1개","8804645006692","발주가능","정상","0","1","11","11400","0","0","0","","NO","0.897"
"20260926","Food","Coffee & Tea","원두","맥널티커피","FC","39616645","맥널티 시그니처 디카페인 커피 원두, 홀빈(분쇄안함), 500g, 1개","8804645006937","발주가능","정상","0","3","214","12545","0","0","0","","NO","0.897"
"20260926","Food","Coffee & Tea","원두","맥널티커피","FC","39616646","맥널티 게이샤 블렌드 커피 원두, 홀빈(분쇄안함), 500g, 1개","8804645006708","발주가능","정상","0","1","26","11400","0","0","0","","NO","0.897"
"20260926","Food","Coffee & Tea","원두","맥널티커피","FC","39616647","맥널티 하와이안 코나 블렌드 커피 원두, 홀빈(분쇄안함), 500g, 1개","8804645006685","발주가능","정상","0","0","71","11400","0","0","0","","NO","0.897"
"20260926","Food","Coffee & Tea","원두","맥널티커피","FC","48074657","맥널티 브라질 세라도 분쇄 원두 커피, 1개, 500g","8804645007262","발주가능","정상","0","1","87","9395","0","0","0","","NO","0.897"
"20260926","Food","Coffee & Tea","원두","맥널티커피","FC","48074658","맥널티 콜롬비아 안데스 분쇄 원두 커피, 1개, 500g","8804645007255","발주가능","정상","0","4","36","9986","0","0","0","","NO","0.897"
"20260926","Food","Coffee & Tea","원두","맥널티커피","FC","48074659","맥널티 에티오피아 예가체프 분쇄 원두 커피, 1개, 500g","8804645007231","발주가능","정상","0","9","128","9986","0","0","0","","NO","0.897"
"20260926","Food","Coffee & Tea","원두","맥널티커피","FC","58681130","콜롬비아 안데스 오리진 분쇄 커피 원두 1개 226g 핸드드립","8804645007552","발주가능","정상","0","6","5","7159","0","0","0","","NO","0.897"
"20260926","Food","Coffee & Tea","원두","맥널티커피","FC","58681131","브라질 산토스 오리진 분쇄 커피 원두, 226g, 1개, 핸드드립","8804645007545","발주가능","정상","0","2","5","7159","0","0","0","","NO","0.897"
"20260926","Food","Coffee & Tea","원두","맥널티커피","FC","58765769","게이샤 블렌드 분쇄 커피 원두, 1개, 226g, 핸드드립","8804645007514","발주가능","정상","0","3","12","7732","0","0","0","","NO","0.897"
"20260926","Food","Coffee & Tea","원두","맥널티커피","FC","58765770","디카페인 헤이즐넛향 분쇄 커피 원두, 1개, 226g, 핸드드립","8804645007538","발주가능","정상","0","8","73","8018","0","0","0","","NO","0.897"
"20260926","Food","Coffee & Tea","원두","맥널티커피","FC","58850533","하와이안 코나 블렌드 분쇄 커피 원두, 1개, 226g, 핸드드립","8804645007521","발주가능","정상","0","1","5","7732","0","0","0","","NO","0.897"
"20260926","Food","Coffee & Tea","원두","맥널티커피","FC","71777603","투비 다크 블랙 블렌드 홀빈 원두 커피, 1kg, 홀빈(분쇄안함), 1개","8804645007989","발주가능","정상","0","8","118","13115","0","0","0","","NO","0.897"
"20260926","Food","Coffee & Tea","원두","맥널티커피","FC","76697770","투비커피 너티초코 아메리카노 블렌드 홀빈 원두 커피, 1kg, 홀빈(분쇄안함), 1개","8804645008047","발주가능","정상","0","0","35","17125","0","0","0","","NO","0.897"
"20260926","Food","Coffee & Tea","원두커피믹스","맥널티","FC","10003529","아이브루 클래식 100T","8804645002465","발주불가","규격 외","0","0","1","6068","0","0","0","","NO","0.587"
"20260926","Food","Coffee & Tea","원두커피믹스","맥널티","FC","11019882","맥널티 아이브루 다크 블렌드 200T","8804645003219","발주가능","정상","6","5","40","13096","0","0","0","","NO","0.587"
"20260926","Food","Coffee & Tea","원두커피믹스","맥널티커피","FC","11019883","맥널티 아이브루 모카 블랙 200T","8804645003226","발주가능","정상","0","3","45","11687","0","0","0","","NO","0.587"
"20260926","Food","Coffee & Tea","원두커피믹스","맥널티커피","FC","13777565","맥널티 아이브루 모카블랙 70T","8804645003912","발주가능","정상","0","0","37","6519","0","0","0","","NO","0.587"
"20260926","Food","Coffee & Tea","원두커피믹스","맥널티커피","FC","15720531","콜롬비아 블랙 100개입","8804645002861","발주가능","정상","0","38","615","6345","0","0","0","","NO","0.587"
"20260926","Food","Coffee & Tea","원두커피믹스","맥널티커피","SFJEJ2","15720531","콜롬비아 블랙 100개입","8804645002861","발주가능","정상","0","0","7","6345","0","0","0","","NO","0.587"
"20260926","Food","Coffee & Tea","원두커피믹스","맥널티커피","FC","26477367","맥널티 리얼 에스프레소샷 블랙 액상스틱커피 15mlx30개입","8804645006029","발주가능","정상","0","23","267","7388","0","0","0","","NO","0.587"
"20260926","Food","Coffee & Tea","원두커피믹스","맥널티커피","FC","62672352","맥널티 아이브루 플러스 스위트 블랙 원두커피믹스 80개입 2.8g","8804645007620","발주가능","정상","0","2","34","7961","0","0","0","","NO","0.587"
"20260926","Food","Coffee & Tea","원두커피믹스","맥널티커피","FC","67975031","호랭이 커피 오곡향 블랙, 1개, 20개입, 1g","8804645007781","발주가능","정상","0","29","145","2806","0","0","0","","NO","0.587"
"20260926","Food","Coffee & Tea","원두커피믹스","맥널티커피","FC","71629331","맥널티 갓성비 아메리카노 블랙커피, 1개, 100개입, 2g","8804645007873","발주가능","정상","0","68","458","8534","0","0","0","","NO","0.587"
"20260926","Food","Coffee & Tea","원두커피믹스","아이브루","FC","36903434","맥널티 아이브루 플러스 헤이즐넛 블랙커피 100개입","8804645006395","발주가능","정상","0","103","818","7623","0","0","0","","NO","0.587"
"20260926","Food","Coffee & Tea","원두커피믹스","아이브루","SFJEJ2","36903434","맥널티 아이브루 플러스 헤이즐넛 블랙커피 100개입","8804645006395","발주가능","정상","0","0","2","7623","0","0","0","","NO","0.587"
"20260926","Food","Coffee & Tea","원두커피믹스","아이브루","FC","36903435","맥널티 아이브루 플러스 오리지널 블랙커피 100개입","8804645006388","발주불가","규격 외","0","0","62","7623","0","0","0","","NO","0.587"
"20260926","Food","Coffee & Tea","원두커피믹스","아이브루","FC","46534985","아이브루 플러스 디카페인 아메리카노 블랙커피, 1개, 80개입, 80g","8804645007118","발주가능","정상","0","23","219","7964","0","0","0","","NO","0.587"
"20260926","Food","Coffee & Tea","원두커피믹스","아이브루","FC","56760693","아이브루 플러스 디카페인 블랙커피 헤이즐넛향 (1g x 80개입), 1개","8804645007453","발주가능","정상","0","43","602","7961","0","0","0","","NO","0.587"
"20260926","Food","Coffee & Tea","원두커피믹스","아이브루","SFJEJ2","56760693","아이브루 플러스 디카페인 블랙커피 헤이즐넛향 (1g x 80개입), 1개","8804645007453","발주가능","정상","0","0","2","7961","0","0","0","","NO","0.587"
"20260926","Food","Coffee & Tea","원두커피믹스","프라이빗클럽","FC","10837643","맥널티 병커피 헤이즐넛향 50gx10개","19311931309161","발주가능","정상","0","4","123","23000","0","0","0","","NO","0.587"
"20260926","Food","Coffee & Tea","원두커피믹스","프라이빗클럽","FC","12091997","Box_입소문난 아이리쉬 50G 10병","19311931311164","발주가능","정상","0","0","25","18625","0","0","0","","NO","0.587"
"20260926","Food","Coffee & Tea","원두커피믹스","프라이빗클럽","FC","52625820","맥널티 인스턴트 원두 병커피 에스프레소 블랙 50g 1개","9311931902167","발주가능","정상","0","33","192","3486","0","0","0","","NO","0.587"
"20260926","Food","Coffee & Tea","율무/견과차","맥널티","SFJEJ2","64842417","티브루 호박팥차 진액 10ml 30개입 1개","8804645007675","발주가능","정상","0","1","4","5259","0","0","0","","NO","0.709"
"20260926","Food","Coffee & Tea","율무/견과차","맥널티","SFDCH1","64842417","티브루 호박팥차 진액 10ml 30개입 1개","8804645007675","발주가능","정상","0","0","2","5259","0","0","0","","NO","0.709"
"20260926","Food","Coffee & Tea","율무/견과차","맥널티","FC","64842417","티브루 호박팥차 진액 10ml 30개입 1개","8804645007675","발주가능","정상","0","63","1707","5259","0","0","0","","NO","0.709"
"20260926","Food","Coffee & Tea","율무/견과차","맥널티커피","FC","39149735","맥널티 스테비아 제로슈가 호두 아몬드 율무차, 1개, 30개입, 450g","8804645006906","발주가능","정상","0","1","163","6815","0","0","0","","NO","0.709"
"20260926","Food","Coffee & Tea","차세트","맥널티커피","FC","78654824","[2026 추석세트] 맥널티 스테비아 전통차 선물세트, 1세트, 율무차(30개) + 쌍화차(30개)","8804645008092","발주가능","정상","0","0","327","19091","0","0","0","","NO","0.901"
"20260926","Food","Coffee & Tea","커피믹스","맥널티커피","SFSPA3","45571","맥널티_ 자메이카 블루마운틴 블렌드_226G","8804645100215","발주가능","정상","0","1","0","5000","0","0","0","","NO","0.723"
"20260926","Food","Coffee & Tea","커피믹스","맥널티커피","FC","45571","맥널티_ 자메이카 블루마운틴 블렌드_226G","8804645100215","발주가능","정상","0","45","1365","5000","0","0","0","","NO","0.723"
"20260926","Food","Coffee & Tea","커피믹스","맥널티커피","SFJEJ2","25240400","맥널티 스테비아 커피믹스 100개입","8804645006067","발주가능","정상","0","0","2","12941","0","0","0","","NO","0.723"
"20260926","Food","Coffee & Tea","커피믹스","맥널티커피","FC","25240400","맥널티 스테비아 커피믹스 100개입","8804645006067","발주가능","정상","0","114","272","12941","0","0","0","","NO","0.723"
"20260926","Food","Coffee & Tea","커피믹스","맥널티커피","RC","25240400","맥널티 스테비아 커피믹스 100개입","8804645006067","발주가능","정상","0","0","2160","12941","0","0","0","","NO","0.723"
"20260926","Food","Coffee & Tea","커피믹스","맥널티커피","SFODD4","25240402","맥널티 스테비아 커피믹스 30개입","8804645006074","발주가능","정상","0","0","0","4827","0","0","0","","NO","0.723"
"20260926","Food","Coffee & Tea","커피믹스","맥널티커피","FC","25240402","맥널티 스테비아 커피믹스 30개입","8804645006074","발주가능","정상","0","21","421","4827","0","0","0","","NO","0.723"
"20260926","Food","Coffee & Tea","커피믹스","맥널티커피","FC","29461862","맥널티 아메리카노 아이스 블랙 100개입","8804645006081","발주가능","정상","0","15","439","5850","0","0","0","","NO","0.723"
"20260926","Food","Coffee & Tea","커피믹스","맥널티커피","RC","38933766","맥널티커피 스테비아 디카페인 커피믹스, 1개, 100개입 9.5g","8804645006890","발주가능","정상","0","0","720","18850","0","0","0","","NO","0.723"
"20260926","Food","Coffee & Tea","커피믹스","맥널티커피","FC","38933766","맥널티커피 스테비아 디카페인 커피믹스, 1개, 100개입 9.5g","8804645006890","발주가능","정상","0","37","287","18850","0","0","0","","NO","0.723"
"20260926","Food","Coffee & Tea","커피믹스","맥널티커피","FC","40806729","맥널티 스테비아 디카페인 커피믹스, 1개, 30개입, 285g","8804645006777","발주가능","정상","0","15","484","7027","0","0","0","","NO","0.723"
"20260926","Food","Coffee & Tea","커피믹스","맥널티커피","FC","46730880","산양유 단백질 프로틴 스테비아 커피믹스, 1개, 30개입, 300g","8804645007194","발주가능","정상","0","6","27","6243","0","0","0","","NO","0.723"
"20260926","Food","Coffee & Tea","커피믹스","맥널티커피","FC","47303765","산양유 단백질 프로틴 스테비아 커피믹스, 1개, 100개입, 1000g","8804645007187","발주가능","정상","0","12","178","19988","0","0","0","","NO","0.723"
"20260926","Food","Coffee & Tea","커피믹스","맥널티커피","FC","56214466","맥널티커피 아이브루 바닐라 라떼,12g x 100개입(스틱), 1200g , 1개","8804645007460","발주가능","정상","0","3","72","12543","0","0","0","","NO","0.723"
"20260926","Food","Coffee & Tea","커피믹스","맥널티커피","FC","56214467","맥널티커피 아이브루 카라멜 마끼아또, 12g x 100개입(스틱), 1200g , 1개","8804645007484","발주가능","정상","0","10","36","12543","0","0","0","","NO","0.723"
"20260926","Food","Coffee & Tea","커피믹스","맥널티커피","FC","63447822","스테비아 커피믹스 헤이즐넛향 9.5g 30개입 1개","8804645007637","발주가능","정상","0","16","166","4827","0","0","0","","NO","0.723"
"20260926","Food","Coffee & Tea","커피믹스","맥널티커피","FC","64859139","맥널티 스테비아 솔티드 카라멜 커피믹스 10g 1개 30개입","8804645007668","발주가능","정상","0","6","78","5670","0","0","0","","NO","0.723"
"20260926","Food","Coffee & Tea","커피믹스","맥널티커피","FC","69526598","맥널티 갓성비 제로슈가 커피믹스, 1개, 80개입, 9g","8804645007842","발주가능","정상","0","8","708","8805","0","0","0","","NO","0.723"
"20260926","Food","Coffee & Tea","커피믹스","맥널티커피","FC","69634259","맥널티커피 스테비아 커피믹스 헤이즐넛향, 9.5g, 100개입, 1개","8804645007811","발주가능","정상","8","5","29","14261","0","0","0","","NO","0.723"
"20260926","Food","Coffee & Tea","커피믹스","맥널티커피","FC","71115721","호랭이 커피믹스 고소한 오곡향, 1개, 160개입, 9.5g","8804645007880","발주가능","정상","0","6","50","14261","0","0","0","","NO","0.723"
"20260926","Food","Coffee & Tea","커피믹스","맥널티커피","FC","71115722","호랭이 커피믹스 고소한 오곡향, 1개, 20개입, 9.5g","8804645007897","발주가능","정상","0","5","85","2806","0","0","0","","NO","0.723"
"20260926","Food","Coffee & Tea","커피믹스","아이브루","FC","2341900","맥널티 iBrew 미니 헤이즐넛향 200개입(200g)","8804645000515","발주가능","정상","0","48","581","9917","0","0","0","","NO","0.723"
"20260926","Food","Coffee & Tea","커피믹스","아이브루","SFODD2","2341900","맥널티 iBrew 미니 헤이즐넛향 200개입(200g)","8804645000515","발주가능","정상","0","0","2","9917","0","0","0","","NO","0.723"
"20260926","Food","Coffee & Tea","커피믹스","아이브루","RC","2341900","맥널티 iBrew 미니 헤이즐넛향 200개입(200g)","8804645000515","발주가능","정상","0","0","1080","9917","0","0","0","","NO","0.723"
"20260926","Food","Coffee & Tea","커피믹스","아이브루","FC","3067423","아이브루 헤이즐넛향 70개입","8804645000706","발주가능","정상","0","11","437","4025","0","0","0","","NO","0.723"
"20260926","Food","Coffee & Tea","커피믹스","아이브루","FC","3067424","아이브루 케냐AA 블렌드 70개입","8804645000690","발주가능","정상","0","2","74","6205","0","0","0","","NO","0.723"
"20260926","Food","Coffee & Tea","커피믹스","아이브루","FC","3067425","아이브루 예가체프 블렌드 70개입","8804645000683","발주가능","정상","0","2","25","6205","0","0","0","","NO","0.723"
"20260926","Food","Coffee & Tea","커피믹스","프라이빗클럽","FC","3067426","인스턴트 병커피 아이리쉬크림 50g","9311931901160","발주가능","정상","0","8","46","3322","0","0","0","","NO","0.723"
"20260926","Food","Coffee & Tea","커피믹스","프라이빗클럽","FC","3067428","인스턴트 병커피 헤이즐넛향 50g","9311931105162","발주가능","정상","0","126","3368","2300","0","0","0","","NO","0.723"
"20260926","Food","Coffee & Tea","커피세트","맥널티커피","FC","26870612","[2026 추석세트] 맥널티 핸드드립 버라이어티세트 30개입","8804645006258","발주가능","정상","0","13","1179","9395","0","0","0","","NO","0.903"
"20260926","Food","Coffee & Tea","커피세트","맥널티커피","FC","54651094","인스턴트 원두 병커피 맥널티커피 선물세트 50g x 4개입(에스프레소 2병+헤이즐넛 2병), 1세트","8804645007408","발주가능","정상","0","0","0","15305","0","0","0","","YES","0.903"
"20260926","Food","Drinks","과일음료","맥널티커피","FC","24752132","청포도 에이드 190mL 10팩","8804645005893","발주가능","정상","0","13","347","3486","0","0","0","","NO","0.794"
"20260926","Food","Drinks","과일음료","맥널티커피","RC","24752132","청포도 에이드 190mL 10팩","8804645005893","발주가능","정상","0","0","273","3486","0","0","0","","NO","0.794"
"20260926","Food","Drinks","과일음료","맥널티커피","SFJEJ2","24752132","청포도 에이드 190mL 10팩","8804645005893","발주가능","정상","0","0","2","3486","0","0","0","","NO","0.794"
"20260926","Food","Drinks","과일음료","맥널티커피","FC","24752250","블루레몬 에이드 190mL 10팩","8804645005909","발주가능","정상","0","10","345","3486","0","0","0","","NO","0.794"
"20260926","Food","Drinks","과일음료","맥널티커피","RC","24752250","블루레몬 에이드 190mL 10팩","8804645005909","발주가능","정상","0","0","237","3486","0","0","0","","NO","0.794"
"20260926","Food","Drinks","과일음료","맥널티커피","FC","45580036","맥널티 청매실 에이드 190ml*10개입","8804645007071","발주가능","정상","0","1","147","3486","0","0","0","","NO","0.794"
"20260926","Food","Drinks","농축액(음료베이스)","맥널티","FC","51983601","물 한방울 섞이지 않은 김토끼 유기농 레몬즙, 10개, 20g","8804645007361","발주가능","정상","0","0","51","4077","0","0","0","","NO","0.707"
"20260926","Food","Drinks","농축액(음료베이스)","맥널티","FC","58338694","티브루 보리차 원액 간편 액상스틱 진액, 30개, 10ml","8804645007590","발주가능","정상","0","67","1359","5259","0","0","0","","NO","0.707"
"20260926","Food","Drinks","농축액(음료베이스)","맥널티","FC","58338695","티브루 옥수수수염차 원액 간편 액상스틱 진액, 30개, 10ml","8804645007606","발주가능","정상","0","21","635","5259","0","0","0","","NO","0.707"
"20260926","Food","Drinks","농축액(음료베이스)","맥널티","FC","58338696","티브루 헛개수 원액 간편 액상스틱 진액, 30개, 10ml","8804645007613","발주가능","정상","0","18","388","5259","0","0","0","","NO","0.707"
"20260926","Food","Drinks","농축액(음료베이스)","맥널티커피","FC","62882483","티브루 보리차 진액, 1개, 400g","8804645007651","발주가능","정상","0","6","42","7623","0","0","0","","NO","0.707"
"20260926","Food","Drinks","농축액(음료베이스)","맥널티커피","FC","71636537","맥널티 티브루 호박팥차 무라벨, 20개, 500ml","8804645007934","발주가능","정상","0","33","230","8795","0","0","0","","NO","0.707"
"20260926","Food","Drinks","야채음료","맥널티커피","FC","48914233","맥널티 유자 에이드 190ml 10개","8804645007217","발주가능","정상","0","1","219","3486","0","0","0","","NO","0.612"
"20260926","Food","Drinks","차음료","맥널티커피","FC","24752251","복숭아 아이스티 190mL 10팩","8804645005886","발주가능","정상","0","3","288","3486","0","0","0","","NO","0.683"
"20260926","Food","Drinks","차음료","맥널티커피","SFSPA3","24752251","복숭아 아이스티 190mL 10팩","8804645005886","발주가능","정상","0","1","1","3486","0","0","0","","NO","0.683"
"20260926","Food","Drinks","차음료","맥널티커피","SFDCH1","24752251","복숭아 아이스티 190mL 10팩","8804645005886","발주가능","정상","0","0","2","3486","0","0","0","","NO","0.683"
"20260926","Food","Drinks","차음료","맥널티커피","FC","24944267","맥널티 허니자몽 블랙티 대용량 파우치 1Lx6입","18804645005951","발주가능","정상","0","1","48","10252","0","0","0","","NO","0.683"
"20260926","Food","Drinks","차음료","맥널티커피","FC","24944268","맥널티 복숭아 아이스티 대용량 파우치 1Lx6입","18804645005944","발주가능","정상","0","0","53","10252","0","0","0","","NO","0.683"
"20260926","Food","Drinks","차음료","맥널티커피","FC","26889711","맥널티 제로칼로리 복숭아 아이스티 500ml 24입","18804645006101","발주가능","정상","0","0","198","12205","0","0","0","","NO","0.683"
"20260926","Food","Drinks","차음료","맥널티커피","FC","36669698","제로 아이스티 복숭아, 30개입, 13g","8804645006791","발주가능","정상","0","3","80","5850","0","0","0","","NO","0.683"
"20260926","Food","Drinks","차음료","맥널티커피","FC","36829225","맥널티 제로칼로리 청포도 아이스티 500mlx24입,","18804645006538","발주가능","정상","0","1","67","12205","0","0","0","","NO","0.683"
"20260926","Food","Drinks","차음료","맥널티커피","FC","36829226","제로 아이스티 청포도, 30개입, 13g 1개","8804645006807","발주가능","정상","0","0","50","5850","0","0","0","","NO","0.683"
"20260926","Food","Drinks","차음료","맥널티커피","FC","38262417","복숭아 아이스티 제로, 6개, 1L","18804645006873","발주가능","정상","0","1","30","10577","0","0","0","","NO","0.683"
"20260926","Food","Drinks","차음료","맥널티커피","FC","40520042","맥널티커피 복숭아 아이스티 제로 RTD, 30개, 240ml","18804645006835","발주가능","정상","0","2","276","8795","0","0","0","","NO","0.683"
"20260926","Food","Drinks","차음료","맥널티커피","FC","61673272","맥널티커피 복숭아 아이스티 제로, 1.5L, 1개","8804645006739","발주가능","정상","0","121","1219","1364","0","0","0","","NO","0.683"
"20260926","Food","Drinks","차음료","맥널티커피","SFSPA3","61673272","맥널티커피 복숭아 아이스티 제로, 1.5L, 1개","8804645006739","발주가능","정상","0","0","0","1364","0","0","0","","NO","0.683"
"20260926","Food","Drinks","차음료","맥널티커피","RC","61673272","맥널티커피 복숭아 아이스티 제로, 1.5L, 1개","8804645006739","발주가능","정상","0","0","1248","1364","0","0","0","","NO","0.683"
"20260926","Food","Drinks","차음료","맥널티커피","RC","73944650","맥널티 복숭아 아이스티 대용량 파우치, 1개, 2.1L","8804645007965","발주가능","정상","0","0","396","2413","0","0","0","","NO","0.683"
"20260926","Food","Drinks","차음료","맥널티커피","FC","73944650","맥널티 복숭아 아이스티 대용량 파우치, 1개, 2.1L","8804645007965","발주가능","정상","0","54","1545","2413","0","0","0","","NO","0.683"
"20260926","Food","Drinks","차음료","맥널티커피","SFSPA3","73944650","맥널티 복숭아 아이스티 대용량 파우치, 1개, 2.1L","8804645007965","발주가능","정상","0","0","0","2413","0","0","0","","NO","0.683"
"20260926","Food","Drinks","차음료","맥널티커피","SFJEJ2","73944650","맥널티 복숭아 아이스티 대용량 파우치, 1개, 2.1L","8804645007965","발주가능","정상","0","1","2","2413","0","0","0","","NO","0.683"
"20260926","Food","Drinks","차음료","맥널티커피","FC","75850021","맥널티 허니자몽 블랙티, 1L, 1개","8804645005954","발주가능","정상","0","18","139","1714","0","0","0","","NO","0.683"
"20260926","Food","Drinks","커피음료","맥널티커피","RC","24695530","아이스 헤이즐넛향 커피 190mL 10팩","8804645005879","발주가능","정상","0","0","273","3486","0","0","0","","NO","0.688"
"20260926","Food","Drinks","커피음료","맥널티커피","FC","24695530","아이스 헤이즐넛향 커피 190mL 10팩","8804645005879","발주가능","정상","0","24","49","3486","0","0","0","","NO","0.688"
"20260926","Food","Drinks","커피음료","맥널티커피","RC","24695531","아이스 아메리카노 스위트 190mL 10팩","8804645005862","발주가능","정상","0","0","819","3486","0","0","0","","NO","0.688"
"20260926","Food","Drinks","커피음료","맥널티커피","SFJEJ2","24695531","아이스 아메리카노 스위트 190mL 10팩","8804645005862","발주가능","정상","0","0","1","3486","0","0","0","","NO","0.688"
"20260926","Food","Drinks","커피음료","맥널티커피","FC","24695531","아이스 아메리카노 스위트 190mL 10팩","8804645005862","발주가능","정상","0","35","419","3486","0","0","0","","NO","0.688"
"20260926","Food","Drinks","커피음료","맥널티커피","SFSPA3","24695531","아이스 아메리카노 스위트 190mL 10팩","8804645005862","발주가능","정상","0","3","3","3486","0","0","0","","NO","0.688"
"20260926","Food","Drinks","커피음료","맥널티커피","SFODD2","24695532","아이스 아메리카노 블랙 190mL 10팩","8804645005855","발주가능","정상","0","0","1","3486","0","0","0","","NO","0.688"
"20260926","Food","Drinks","커피음료","맥널티커피","FC","24695532","아이스 아메리카노 블랙 190mL 10팩","8804645005855","발주가능","정상","0","20","421","3486","0","0","0","","NO","0.688"
"20260926","Food","Drinks","커피음료","맥널티커피","RC","24695532","아이스 아메리카노 블랙 190mL 10팩","8804645005855","발주가능","정상","0","0","273","3486","0","0","0","","NO","0.688"
"20260926","Food","Drinks","커피음료","맥널티커피","FC","25484251","맥널티커피 아메리카노 스위트 1Lx6입","18804645005920","발주가능","정상","0","1","76","10252","0","0","0","","NO","0.688"
"20260926","Food","Drinks","커피음료","맥널티커피","FC","25484255","맥널티 아이스 아메리카노 블랙커피 대용량 파우치 1Lx6입","18804645005913","발주가능","정상","0","0","39","10252","0","0","0","","NO","0.688"
"20260926","Food","Drinks","커피음료","맥널티커피","FC","25484257","맥널티 아이스 헤이즐넛향 커피 대용량 파우치 1Lx6입","18804645005937","발주가능","정상","0","4","54","10252","0","0","0","","NO","0.688"
"20260926","Food","Drinks","커피음료","맥널티커피","FC","48466205","맥널티 대용량 제로슈가 스테비아 믹스커피 음료, 12개, 1L","18804645007290","발주가능","정상","0","20","91","17067","0","0","0","","NO","0.688"
"20260926","Food","Drinks","커피음료","맥널티커피","FC","54922706","맥널티 대용량 제로슈가 스테비아 믹스커피 음료, 1L, 6개","8804645007323","발주가능","정상","0","51","837","8805","0","0","0","","NO","0.688"
"20260926","Food","Drinks","커피음료","맥널티커피","FC","68778940","맥널티 아이브루 아메리카노 블랙커피 12개 1L","18804645007306","발주가능","정상","0","100","3147","12205","0","0","0","","NO","0.688"
"20260926","Food","Drinks","커피음료","맥널티커피","RC","68778940","맥널티 아이브루 아메리카노 블랙커피 12개 1L","18804645007306","발주가능","정상","0","0","400","12205","0","0","0","","NO","0.688"
"20260926","Food","Drinks","커피음료","맥널티커피","FC","68778941","맥널티 아이브루 헤이즐넛향 블랙커피 12개 1L","18804645007504","발주가능","정상","0","44","255","12205","0","0","0","","NO","0.688"
"20260926","Food","Drinks","커피음료","맥널티커피","FC","68778942","아이브루 아메리카노 블랙커피 무라벨 400ML 20개","8804645007491","발주가능","정상","0","60","1205","12205","0","0","0","","NO","0.688"
"20260926","Food","Drinks","커피음료","맥널티커피","SFDCH1","73951791","맥널티 아이스 아메리카노 블랙 커피 대용량 파우치, 1개, 2.1L","8804645007958","발주가능","정상","0","0","2","2413","0","0","0","","NO","0.688"
"20260926","Food","Drinks","커피음료","맥널티커피","RC","73951791","맥널티 아이스 아메리카노 블랙 커피 대용량 파우치, 1개, 2.1L","8804645007958","발주가능","정상","0","0","9504","2413","0","0","0","","NO","0.688"
"20260926","Food","Drinks","커피음료","맥널티커피","FC","73951791","맥널티 아이스 아메리카노 블랙 커피 대용량 파우치, 1개, 2.1L","8804645007958","발주가능","정상","0","260","2347","2413","0","0","0","","NO","0.688"
"20260926","Food","Drinks","커피음료","맥널티커피","SFSPA3","73951791","맥널티 아이스 아메리카노 블랙 커피 대용량 파우치, 1개, 2.1L","8804645007958","발주가능","정상","0","16","24","2413","0","0","0","","NO","0.688"
"20260926","Food","Drinks","커피음료","맥널티커피","SFSPA3","75683093","맥널티 아이스 아메리카노 블랙 1리터, 1L, 1개","8804645005916","발주가능","정상","0","0","1","1714","0","0","0","","NO","0.688"
"20260926","Food","Drinks","커피음료","맥널티커피","FC","75683093","맥널티 아이스 아메리카노 블랙 1리터, 1L, 1개","8804645005916","발주가능","정상","0","22","968","1714","0","0","0","","NO","0.688"
"20260926","Food","Drinks","커피음료","맥널티커피","SFJEJ2","75683093","맥널티 아이스 아메리카노 블랙 1리터, 1L, 1개","8804645005916","발주가능","정상","0","0","1","1714","0","0","0","","NO","0.688"
"20260926","Food","Drinks","커피음료","맥널티커피","FC","75694561","맥널티커피 아이스 아메리카노 헤이즐넛, 1개, 1L","8804645005930","발주가능","정상","0","24","1476","1714","0","0","0","","NO","0.688"
"20260926","Food","Drinks","커피음료","맥널티커피","FC","75765043","맥널티 아이스아메리카노 스위트, 1개, 1L","8804645005923","발주가능","정상","0","46","1328","1714","0","0","0","","NO","0.688"
"20260926","Food","Drinks","커피음료","맥널티커피","FC","76540319","맥널티 호랭이 마일드 라떼 캔커피, 30개, 175ml","18804645008013","발주가능","정상","0","62","545","8523","0","0","0","","NO","0.688"
"20260926","Food","Drinks","커피음료","맥널티커피","RC","77572705","맥널티 아이스 아메리카노 헤이즐넛, 1개, 2.1L","8804645008030","발주가능","정상","0","0","390","2413","0","0","0","","NO","0.688"
"20260926","Food","Drinks","커피음료","맥널티커피","SFSPA3","77572705","맥널티 아이스 아메리카노 헤이즐넛, 1개, 2.1L","8804645008030","발주가능","정상","0","4","6","2413","0","0","0","","NO","0.688"
"20260926","Food","Drinks","커피음료","맥널티커피","SFJEJ2","77572705","맥널티 아이스 아메리카노 헤이즐넛, 1개, 2.1L","8804645008030","발주가능","정상","0","2","8","2413","0","0","0","","NO","0.688"
"20260926","Food","Drinks","커피음료","맥널티커피","FC","77572705","맥널티 아이스 아메리카노 헤이즐넛, 1개, 2.1L","8804645008030","발주가능","정상","0","83","737","2413","0","0","0","","NO","0.688"
"20260926","Food","Drinks","커피음료","아이브루","FC","70253954","아이브루 디카페인 아메리카노 블랙커피 무라벨, 20개, 400ml","8804645007903","발주가능","정상","0","49","301","13500","0","0","0","","NO","0.688"
"20260926","Kitchen","Tools & Gadgets","드립주전자/포트","맥널티커피","FC","15333511","맥널티 드립 주전자 350ml","8804645004490","발주가능","정상","0","0","45","5044","0","0","0","","NO","0.780"
"20260926","Kitchen","Tools & Gadgets","커피필터/여과지","N_A","FC","80552849","맥널티 천연펄프 무표백 핸드드립 커피필터 여과지(2~4인용), 1개, 100개입","8804645000010","발주가능","신규","2","0","2","2418","0","0","0","","YES","0.502"
"20260926","Kitchen","Tools & Gadgets","커피필터/여과지","맥널티","FC","12491225","맥널티 핸드드립 커피필터 30개입","8804645300950","발주가능","정상","0","49","720","2642","0","0","0","","NO","0.502"
"20260926","Kitchen","Tools & Gadgets","커피필터/여과지","맥널티","SFJEJ2","12491225","맥널티 핸드드립 커피필터 30개입","8804645300950","발주가능","정상","0","1","1","2642","0","0","0","","NO","0.502"
"20260925","CE","Kitchen Appliance","커피머신","맥널티커피","FC","31602405","맥널티 2in1 핫앤콜드 진공추출 커피메이커 MCM-065B MCM-065B","8804645006296","발주가능","정상","0","1","17","30859","0","0","0","","NO","0.779"
"20260925","Food","Coffee & Tea","기타전통차","맥널티커피","FC","39149736","맥널티 스테비아 침향 쌍화차, 1개, 30개입, 450g","8804645006913","발주가능","정상","0","0","91","8536","0","0","0","","NO","0.726"
"20260925","Food","Coffee & Tea","기타전통차","맥널티커피","FC","41175263","맥널티커피 스테비아 꿀 유자차, 1개, 30개입, 450g","8804645006951","발주가능","정상","0","2","51","7388","0","0","0","","NO","0.726"
"20260925","Food","Coffee & Tea","둥글레/옥수수/보리/결명자차","맥널티커피","FC","76230458","맥널티 진 보리차 1개 1kg","8804645007996","발주가능","정상","0","0","32","15209","0","0","0","","NO","0.608"
"20260925","Food","Coffee & Tea","드립백/티백","맥널티","FC","3067432","산지별 콜롬비아 슈프리모 핸드드립커피 7개입","8804645000324","발주가능","정상","0","4","200","3043","0","0","0","","NO","0.727"
"20260925","Food","Coffee & Tea","드립백/티백","맥널티","FC","10003518","케냐 AA 핸드드립 블렌드 24개입","8804645000720","발주가능","정상","0","2","332","6068","0","0","0","","NO","0.727"
"20260925","Food","Coffee & Tea","드립백/티백","맥널티커피","FC","3067429","산지별 브라질 세라도 NY2 핸드드립커피 7개입","8804645000300","발주가능","정상","0","1","26","2887","0","0","0","","NO","0.727"
"20260925","Food","Coffee & Tea","드립백/티백","맥널티커피","FC","3067430","산지별 케냐 AA 핸드드립커피 7개입","8804645000355","발주가능","정상","8","3","22","3062","0","0","0","","NO","0.727"
"20260925","Food","Coffee & Tea","드립백/티백","맥널티커피","FC","3067433","산지별 에티오피아 코케 허니 핸드드립커피 7개입","8804645000348","발주가능","정상","0","1","110","2910","0","0","0","","NO","0.727"
"20260925","Food","Coffee & Tea","드립백/티백","맥널티커피","FC","3067434","산지별 에티오피아 예가체프 핸드드립커피 7개입","8804645000331","발주가능","정상","0","14","82","3184","0","0","0","","NO","0.727"
"20260925","Food","Coffee & Tea","드립백/티백","맥널티커피","FC","10003517","콜롬비아 핸드드립 블렌드 24개입","8804645000713","발주가능","정상","0","17","96","5977","0","0","0","","NO","0.727"
"20260925","Food","Coffee & Tea","드립백/티백","맥널티커피","FC","23400108","맥널티 디카페인100% 핸드드립 원두커피 24개입","8804645005732","발주가능","정상","0","7","101","9395","0","0","0","","NO","0.727"
"20260925","Food","Coffee & Tea","드립백/티백","맥널티커피","FC","37713094","맥널티 핸드드립커피 케냐AA(더블에이) 36개입, 8g, 1개","8804645006616","발주가능","정상","0","2","53","11759","0","0","0","","NO","0.727"
"20260925","Food","Coffee & Tea","드립백/티백","맥널티커피","FC","37713095","맥널티 핸드드립커피 에티오피아 예가체프 36개입, 8g, 1개","8804645006623","발주가능","정상","0","1","24","10577","0","0","0","","NO","0.727"
"20260925","Food","Coffee & Tea","드립백/티백","맥널티커피","FC","41391235","맥널티 행복을주는커피 시그니처 블렌드 핸드드립 커피 20개입, 1개, 8g","8804645003653","발주가능","정상","0","10","123","6795","0","0","0","","NO","0.727"
"20260925","Food","Coffee & Tea","드립백/티백","맥널티커피","FC","62821923","맥널티 핸드드립 커피 에티오피아 예가체프 8g 24개입 1개","8804645006920","발주가능","정상","6","1","11","9679","0","0","0","","YES","0.727"
"20260925","Food","Coffee & Tea","드립백/티백","맥널티커피","FC","68147033","베니스브루 스페셜티 핸드드립 가향 커피 오렌지 벨벳, 1개, 7개입, 12g","8804645007712","발주가능","정상","0","0","25","5143","0","0","0","","NO","0.727"
"20260925","Food","Coffee & Tea","드립백/티백","맥널티커피","FC","68147034","베니스브루 스페셜티 핸드드립 가향 커피 쇼콜라 모카, 1개, 7개입, 12g","8804645007729","발주가능","정상","0","1","24","5143","0","0","0","","NO","0.727"
"20260925","Food","Coffee & Tea","드립백/티백","맥널티커피","FC","68777449","베니스브루 베리 블로썸 드립백 커피 12g 1개 7개입","8804645007705","발주가능","정상","0","0","32","5143","0","0","0","","NO","0.727"
"20260925","Food","Coffee & Tea","라떼분말","맥널티커피","FC","34834818","맥널티 스테비아 제로슈가 핫초코 라떼 30개입 15g","8804645006340","발주가능","정상","0","14","517","7500","0","0","0","","NO","0.581"
"20260925","Food","Coffee & Tea","라떼분말","맥널티커피","FC","51063548","스테비아 단백질 옥수수 크림 라떼, 1개, 20개입, 18g","8804645007330","발주가능","정상","0","0","24","5850","0","0","0","","NO","0.581"
"20260925","Food","Coffee & Tea","라떼분말","맥널티커피","FC","51164938","스테비아 단백질 고구마 크림 라떼, 1개, 20개입, 18g","8804645007347","발주가능","정상","0","1","7","5850","0","0","0","","NO","0.581"
"20260925","Food","Coffee & Tea","원두","N_A","FC","76443755","맥널티 브라질 세라도 NY.2 원두 1kg, 1개","8804645006425","발주가능","정상","0","3","225","17609","0","0","0","","NO","0.897"
"20260925","Food","Coffee & Tea","원두","N_A","FC","80686777","투비커피 개인카페용 데일리 블렌드 홀빈 원두 커피, 1개, 1kg","8804645008023","발주가능","정상","0","0","1","15377","0","0","0","","YES","0.897"
"20260925","Food","Coffee & Tea","원두","맥널티커피","RC","45570","맥널티_헤이즐넛원두분쇄커피_226G","8804645100208","발주가능","정상","0","0","2176","5000","0","0","0","","NO","0.897"
"20260925","Food","Coffee & Tea","원두","맥널티커피","SFJEJ2","45570","맥널티_헤이즐넛원두분쇄커피_226G","8804645100208","발주가능","정상","0","0","2","5000","0","0","0","","NO","0.897"
"20260925","Food","Coffee & Tea","원두","맥널티커피","FC","45570","맥널티_헤이즐넛원두분쇄커피_226G","8804645100208","발주가능","정상","0","64","2047","5000","0","0","0","","NO","0.897"
"20260925","Food","Coffee & Tea","원두","맥널티커피","FC","45572","맥널티_헤이즐넛원두분쇄커피_500G","8804645100468","발주가능","정상","0","29","1001","7960","0","0","0","","NO","0.897"
"20260925","Food","Coffee & Tea","원두","맥널티커피","SFSPA3","45572","맥널티_헤이즐넛원두분쇄커피_500G","8804645100468","발주가능","정상","0","0","1","7960","0","0","0","","NO","0.897"
"20260925","Food","Coffee & Tea","원두","맥널티커피","RC","45572","맥널티_헤이즐넛원두분쇄커피_500G","8804645100468","발주가능","정상","0","0","640","7960","0","0","0","","NO","0.897"
"20260925","Food","Coffee & Tea","원두","맥널티커피","SFJEJ2","45572","맥널티_헤이즐넛원두분쇄커피_500G","8804645100468","발주가능","정상","0","1","1","7960","0","0","0","","NO","0.897"
"20260925","Food","Coffee & Tea","원두","맥널티커피","FC","45573","맥널티_블루마운틴스타일원두분쇄커피_500G","8804645100451","발주가능","정상","0","14","585","11091","0","0","0","","NO","0.897"
"20260925","Food","Coffee & Tea","원두","맥널티커피","FC","5344648","맥널티 원두 에스프레소 블랙 1개, 1kg","8804645001239","발주불가","단종","0","0","1","9156","0","0","0","","YES","0.897"
"20260925","Food","Coffee & Tea","원두","맥널티커피","FC","10147177","맥널티 홀빈 블루마운틴 1000g","8804645006302","발주가능","정상","0","5","192","15715","0","0","0","","NO","0.897"
"20260925","Food","Coffee & Tea","원두","맥널티커피","FC","10147180","맥널티 행복을 주는 커피 헤이즐넛향 1kg 홀빈","8804645100185","발주가능","정상","0","12","144","15244","0","0","0","","NO","0.897"
"20260925","Food","Coffee & Tea","원두","맥널티커피","FC","10812901","맥널티 베트남 로부스타 원두커피 1kg","8804645003066","발주가능","정상","0","22","256","11700","0","0","0","","NO","0.897"
"20260925","Food","Coffee & Tea","원두","맥널티커피","RC","10812901","맥널티 베트남 로부스타 원두커피 1kg","8804645003066","발주가능","정상","0","0","400","11700","0","0","0","","NO","0.897"
"20260925","Food","Coffee & Tea","원두","맥널티커피","FC","11849981","행복을 주는 커피 블루마운틴 블렌드 분쇄 원두 커피 1kg","8804645003486","발주가능","정상","0","14","107","16364","0","0","0","","NO","0.897"
"20260925","Food","Coffee & Tea","원두","맥널티커피","RC","12521866","맥널티 행복을 주는 커피 시그니처 헤이즐넛향 원두 커피 1Kg","8804645003493","발주가능","정상","0","0","648","16364","0","0","0","","NO","0.897"
"20260925","Food","Coffee & Tea","원두","맥널티커피","FC","12521866","맥널티 행복을 주는 커피 시그니처 헤이즐넛향 원두 커피 1Kg","8804645003493","발주가능","정상","0","19","40","16364","0","0","0","","NO","0.897"
"20260925","Food","Coffee & Tea","원두","맥널티커피","FC","13277718","맥널티 행복을 주는 커피 브라질 산토스 1kg","8804645003936","발주가능","정상","0","2","145","14091","0","0","0","","NO","0.897"
"20260925","Food","Coffee & Tea","원두","맥널티커피","FC","13277719","맥널티 행복을 주는 커피 콜롬비아 블렌드 1kg","8804645003929","발주가능","정상","0","11","352","15599","0","0","0","","NO","0.897"
"20260925","Food","Coffee & Tea","원두","맥널티커피","FC","37733154","맥널티 원두 홀빈(분쇄안함) 마일드 미디움 블렌드 200g, 1개","8804645005374","발주가능","정상","0","0","19","5791","0","0","0","","NO","0.897"
"20260925","Food","Coffee & Tea","원두","맥널티커피","FC","38710869","맥널티 홀빈 커피원두, 마일드 미디움 블렌드 1kg, 1개","8804645005329","발주가능","정상","0","0","7","16364","0","0","0","","NO","0.897"
"20260925","Food","Coffee & Tea","원두","맥널티커피","FC","38710870","맥널티 홀빈 커피원두, 콜롬비아 안데스 오리진 1kg, 1개","8804645005343","발주가능","정상","0","0","36","16364","0","0","0","","NO","0.897"
"20260925","Food","Coffee & Tea","원두","맥널티커피","FC","38710872","맥널티 홀빈 커피원두, 시그니처 블렌드 1kg, 1개","8804645005312","발주가능","정상","0","1","67","16364","0","0","0","","NO","0.897"
"20260925","Food","Coffee & Tea","원두","맥널티커피","FC","38813491","맥널티 홀빈 원두 1KG, 브라질 산토스 내추럴, 1개","8804645005350","발주가능","정상","0","8","130","11364","0","0","0","","NO","0.897"
"20260925","Food","Coffee & Tea","원두","맥널티커피","FC","38919334","맥널티 에티오피아 예가체프 홀빈 원두, 1kg, 1개","8804645006852","발주가능","정상","0","3","45","16364","0","0","0","","NO","0.897"
"20260925","Food","Coffee & Tea","원두","맥널티커피","FC","39616644","맥널티 예맨 모카 블렌드 커피 원두, 홀빈(분쇄안함), 500g, 1개","8804645006692","발주가능","정상","0","0","12","11400","0","0","0","","NO","0.897"
"20260925","Food","Coffee & Tea","원두","맥널티커피","FC","39616645","맥널티 시그니처 디카페인 커피 원두, 홀빈(분쇄안함), 500g, 1개","8804645006937","발주가능","정상","0","4","217","12545","0","0","0","","NO","0.897"
"20260925","Food","Coffee & Tea","원두","맥널티커피","FC","39616646","맥널티 게이샤 블렌드 커피 원두, 홀빈(분쇄안함), 500g, 1개","8804645006708","발주가능","정상","0","0","27","11400","0","0","0","","NO","0.897"
"20260925","Food","Coffee & Tea","원두","맥널티커피","FC","39616647","맥널티 하와이안 코나 블렌드 커피 원두, 홀빈(분쇄안함), 500g, 1개","8804645006685","발주가능","정상","0","2","71","11400","0","0","0","","NO","0.897"
"20260925","Food","Coffee & Tea","원두","맥널티커피","FC","48074657","맥널티 브라질 세라도 분쇄 원두 커피, 1개, 500g","8804645007262","발주가능","정상","0","2","88","9395","0","0","0","","NO","0.897"
"20260925","Food","Coffee & Tea","원두","맥널티커피","FC","48074658","맥널티 콜롬비아 안데스 분쇄 원두 커피, 1개, 500g","8804645007255","발주가능","정상","0","3","40","9986","0","0","0","","NO","0.897"
"20260925","Food","Coffee & Tea","원두","맥널티커피","FC","48074659","맥널티 에티오피아 예가체프 분쇄 원두 커피, 1개, 500g","8804645007231","발주가능","정상","0","6","137","9986","0","0","0","","NO","0.897"
"20260925","Food","Coffee & Tea","원두","맥널티커피","FC","58681130","콜롬비아 안데스 오리진 분쇄 커피 원두 1개 226g 핸드드립","8804645007552","발주가능","정상","0","2","11","7159","0","0","0","","NO","0.897"
"20260925","Food","Coffee & Tea","원두","맥널티커피","FC","58681131","브라질 산토스 오리진 분쇄 커피 원두, 226g, 1개, 핸드드립","8804645007545","발주가능","정상","0","3","7","7159","0","0","0","","NO","0.897"
"20260925","Food","Coffee & Tea","원두","맥널티커피","FC","58765769","게이샤 블렌드 분쇄 커피 원두, 1개, 226g, 핸드드립","8804645007514","발주가능","정상","8","1","15","7732","0","0","0","","NO","0.897"
"20260925","Food","Coffee & Tea","원두","맥널티커피","FC","58765770","디카페인 헤이즐넛향 분쇄 커피 원두, 1개, 226g, 핸드드립","8804645007538","발주가능","정상","0","13","81","8018","0","0","0","","NO","0.897"
"20260925","Food","Coffee & Tea","원두","맥널티커피","FC","58850533","하와이안 코나 블렌드 분쇄 커피 원두, 1개, 226g, 핸드드립","8804645007521","발주가능","정상","0","1","6","7732","0","0","0","","NO","0.897"
"20260925","Food","Coffee & Tea","원두","맥널티커피","FC","71777603","투비 다크 블랙 블렌드 홀빈 원두 커피, 1kg, 홀빈(분쇄안함), 1개","8804645007989","발주가능","정상","0","3","126","13115","0","0","0","","NO","0.897"
"20260925","Food","Coffee & Tea","원두","맥널티커피","FC","76697770","투비커피 너티초코 아메리카노 블렌드 홀빈 원두 커피, 1kg, 홀빈(분쇄안함), 1개","8804645008047","발주가능","정상","0","0","35","17125","0","0","0","","NO","0.897"
"20260925","Food","Coffee & Tea","원두커피믹스","맥널티","FC","10003529","아이브루 클래식 100T","8804645002465","발주불가","규격 외","0","0","1","6068","0","0","0","","NO","0.585"
"20260925","Food","Coffee & Tea","원두커피믹스","맥널티","FC","11019882","맥널티 아이브루 다크 블렌드 200T","8804645003219","발주가능","정상","6","0","35","13096","0","0","0","","NO","0.585"
"20260925","Food","Coffee & Tea","원두커피믹스","맥널티커피","FC","11019883","맥널티 아이브루 모카 블랙 200T","8804645003226","발주가능","정상","0","6","48","11687","0","0","0","","NO","0.585"
"20260925","Food","Coffee & Tea","원두커피믹스","맥널티커피","FC","13777565","맥널티 아이브루 모카블랙 70T","8804645003912","발주가능","정상","0","0","37","6519","0","0","0","","NO","0.585"
"20260925","Food","Coffee & Tea","원두커피믹스","맥널티커피","FC","15720531","콜롬비아 블랙 100개입","8804645002861","발주가능","정상","0","39","655","6345","0","0","0","","NO","0.585"
"20260925","Food","Coffee & Tea","원두커피믹스","맥널티커피","SFJEJ2","15720531","콜롬비아 블랙 100개입","8804645002861","발주가능","정상","0","2","4","6345","0","0","0","","NO","0.585"
"20260925","Food","Coffee & Tea","원두커피믹스","맥널티커피","FC","26477367","맥널티 리얼 에스프레소샷 블랙 액상스틱커피 15mlx30개입","8804645006029","발주가능","정상","0","26","290","7388","0","0","0","","NO","0.585"
"20260925","Food","Coffee & Tea","원두커피믹스","맥널티커피","FC","62672352","맥널티 아이브루 플러스 스위트 블랙 원두커피믹스 80개입 2.8g","8804645007620","발주가능","정상","0","1","36","7961","0","0","0","","NO","0.585"
"20260925","Food","Coffee & Tea","원두커피믹스","맥널티커피","FC","67975031","호랭이 커피 오곡향 블랙, 1개, 20개입, 1g","8804645007781","발주가능","정상","0","15","174","2806","0","0","0","","NO","0.585"
"20260925","Food","Coffee & Tea","원두커피믹스","맥널티커피","FC","71629331","맥널티 갓성비 아메리카노 블랙커피, 1개, 100개입, 2g","8804645007873","발주가능","정상","0","39","527","8534","0","0","0","","NO","0.585"
"20260925","Food","Coffee & Tea","원두커피믹스","아이브루","SFJEJ2","36903434","맥널티 아이브루 플러스 헤이즐넛 블랙커피 100개입","8804645006395","발주가능","정상","0","1","1","7623","0","0","0","","NO","0.585"
"20260925","Food","Coffee & Tea","원두커피믹스","아이브루","FC","36903434","맥널티 아이브루 플러스 헤이즐넛 블랙커피 100개입","8804645006395","발주가능","정상","0","67","920","7623","0","0","0","","NO","0.585"
"20260925","Food","Coffee & Tea","원두커피믹스","아이브루","FC","36903435","맥널티 아이브루 플러스 오리지널 블랙커피 100개입","8804645006388","발주불가","규격 외","0","0","62","7623","0","0","0","","NO","0.585"
"20260925","Food","Coffee & Tea","원두커피믹스","아이브루","FC","46534985","아이브루 플러스 디카페인 아메리카노 블랙커피, 1개, 80개입, 80g","8804645007118","발주가능","정상","0","10","242","7964","0","0","0","","NO","0.585"
"20260925","Food","Coffee & Tea","원두커피믹스","아이브루","FC","56760693","아이브루 플러스 디카페인 블랙커피 헤이즐넛향 (1g x 80개입), 1개","8804645007453","발주가능","정상","0","53","645","7961","0","0","0","","NO","0.585"
"20260925","Food","Coffee & Tea","원두커피믹스","아이브루","SFJEJ2","56760693","아이브루 플러스 디카페인 블랙커피 헤이즐넛향 (1g x 80개입), 1개","8804645007453","발주가능","정상","0","0","1","7961","0","0","0","","NO","0.585"
"20260925","Food","Coffee & Tea","원두커피믹스","프라이빗클럽","FC","10837643","맥널티 병커피 헤이즐넛향 50gx10개","19311931309161","발주가능","정상","0","3","127","23000","0","0","0","","NO","0.585"
"20260925","Food","Coffee & Tea","원두커피믹스","프라이빗클럽","FC","12091997","Box_입소문난 아이리쉬 50G 10병","19311931311164","발주가능","정상","0","0","25","18625","0","0","0","","NO","0.585"
"20260925","Food","Coffee & Tea","원두커피믹스","프라이빗클럽","FC","52625820","맥널티 인스턴트 원두 병커피 에스프레소 블랙 50g 1개","9311931902167","발주가능","정상","0","23","226","3486","0","0","0","","NO","0.585"
"20260925","Food","Coffee & Tea","율무/견과차","맥널티","FC","64842417","티브루 호박팥차 진액 10ml 30개입 1개","8804645007675","발주가능","정상","0","43","1770","5259","0","0","0","","NO","0.708"
"20260925","Food","Coffee & Tea","율무/견과차","맥널티","SFJEJ2","64842417","티브루 호박팥차 진액 10ml 30개입 1개","8804645007675","발주가능","정상","0","2","5","5259","0","0","0","","NO","0.708"
"20260925","Food","Coffee & Tea","율무/견과차","맥널티","SFDCH1","64842417","티브루 호박팥차 진액 10ml 30개입 1개","8804645007675","발주가능","정상","0","0","2","5259","0","0","0","","NO","0.708"
"20260925","Food","Coffee & Tea","율무/견과차","맥널티커피","FC","39149735","맥널티 스테비아 제로슈가 호두 아몬드 율무차, 1개, 30개입, 450g","8804645006906","발주가능","정상","0","0","164","6815","0","0","0","","NO","0.708"
"20260925","Food","Coffee & Tea","차세트","맥널티커피","FC","78654824","[2026 추석세트] 맥널티 스테비아 전통차 선물세트, 1세트, 율무차(30개) + 쌍화차(30개)","8804645008092","발주가능","정상","0","2","327","19091","0","0","0","","NO","0.901"
"20260925","Food","Coffee & Tea","커피믹스","맥널티커피","FC","45571","맥널티_ 자메이카 블루마운틴 블렌드_226G","8804645100215","발주가능","정상","0","50","898","5000","0","0","0","","NO","0.722"
"20260925","Food","Coffee & Tea","커피믹스","맥널티커피","RC","45571","맥널티_ 자메이카 블루마운틴 블렌드_226G","8804645100215","발주가능","정상","0","0","512","5000","0","0","0","","NO","0.722"
"20260925","Food","Coffee & Tea","커피믹스","맥널티커피","SFSPA3","45571","맥널티_ 자메이카 블루마운틴 블렌드_226G","8804645100215","발주가능","정상","0","0","1","5000","0","0","0","","NO","0.722"
"20260925","Food","Coffee & Tea","커피믹스","맥널티커피","FC","25240400","맥널티 스테비아 커피믹스 100개입","8804645006067","발주가능","정상","0","70","385","12941","0","0","0","","NO","0.722"
"20260925","Food","Coffee & Tea","커피믹스","맥널티커피","SFJEJ2","25240400","맥널티 스테비아 커피믹스 100개입","8804645006067","발주가능","정상","0","1","1","12941","0","0","0","","NO","0.722"
"20260925","Food","Coffee & Tea","커피믹스","맥널티커피","RC","25240400","맥널티 스테비아 커피믹스 100개입","8804645006067","발주가능","정상","0","0","2160","12941","0","0","0","","NO","0.722"
"20260925","Food","Coffee & Tea","커피믹스","맥널티커피","SFODD4","25240402","맥널티 스테비아 커피믹스 30개입","8804645006074","발주가능","정상","0","0","0","4827","0","0","0","","NO","0.722"
"20260925","Food","Coffee & Tea","커피믹스","맥널티커피","FC","25240402","맥널티 스테비아 커피믹스 30개입","8804645006074","발주가능","정상","0","19","441","4827","0","0","0","","NO","0.722"
"20260925","Food","Coffee & Tea","커피믹스","맥널티커피","FC","29461862","맥널티 아메리카노 아이스 블랙 100개입","8804645006081","발주가능","정상","0","8","454","5850","0","0","0","","NO","0.722"
"20260925","Food","Coffee & Tea","커피믹스","맥널티커피","FC","38933766","맥널티커피 스테비아 디카페인 커피믹스, 1개, 100개입 9.5g","8804645006890","발주가능","정상","0","38","324","18850","0","0","0","","NO","0.722"
"20260925","Food","Coffee & Tea","커피믹스","맥널티커피","RC","38933766","맥널티커피 스테비아 디카페인 커피믹스, 1개, 100개입 9.5g","8804645006890","발주가능","정상","0","0","720","18850","0","0","0","","NO","0.722"
"20260925","Food","Coffee & Tea","커피믹스","맥널티커피","FC","40806729","맥널티 스테비아 디카페인 커피믹스, 1개, 30개입, 285g","8804645006777","발주가능","정상","0","16","499","7027","0","0","0","","NO","0.722"
"20260925","Food","Coffee & Tea","커피믹스","맥널티커피","FC","46730880","산양유 단백질 프로틴 스테비아 커피믹스, 1개, 30개입, 300g","8804645007194","발주가능","정상","0","7","33","6243","0","0","0","","NO","0.722"
"20260925","Food","Coffee & Tea","커피믹스","맥널티커피","FC","47303765","산양유 단백질 프로틴 스테비아 커피믹스, 1개, 100개입, 1000g","8804645007187","발주가능","정상","0","15","190","19988","0","0","0","","NO","0.722"
"20260925","Food","Coffee & Tea","커피믹스","맥널티커피","FC","56214466","맥널티커피 아이브루 바닐라 라떼,12g x 100개입(스틱), 1200g , 1개","8804645007460","발주가능","정상","0","5","75","12543","0","0","0","","NO","0.722"
"20260925","Food","Coffee & Tea","커피믹스","맥널티커피","FC","56214467","맥널티커피 아이브루 카라멜 마끼아또, 12g x 100개입(스틱), 1200g , 1개","8804645007484","발주가능","정상","0","8","46","12543","0","0","0","","NO","0.722"
"20260925","Food","Coffee & Tea","커피믹스","맥널티커피","FC","63447822","스테비아 커피믹스 헤이즐넛향 9.5g 30개입 1개","8804645007637","발주가능","정상","0","9","182","4827","0","0","0","","NO","0.722"
"20260925","Food","Coffee & Tea","커피믹스","맥널티커피","FC","64859139","맥널티 스테비아 솔티드 카라멜 커피믹스 10g 1개 30개입","8804645007668","발주가능","정상","0","2","84","5670","0","0","0","","NO","0.722"
"20260925","Food","Coffee & Tea","커피믹스","맥널티커피","FC","69526598","맥널티 갓성비 제로슈가 커피믹스, 1개, 80개입, 9g","8804645007842","발주가능","정상","0","11","716","8805","0","0","0","","NO","0.722"
"20260925","Food","Coffee & Tea","커피믹스","맥널티커피","FC","69634259","맥널티커피 스테비아 커피믹스 헤이즐넛향, 9.5g, 100개입, 1개","8804645007811","발주가능","정상","8","4","26","14261","0","0","0","","NO","0.722"
"20260925","Food","Coffee & Tea","커피믹스","맥널티커피","FC","71115721","호랭이 커피믹스 고소한 오곡향, 1개, 160개입, 9.5g","8804645007880","발주가능","정상","0","3","56","14261","0","0","0","","NO","0.722"
"20260925","Food","Coffee & Tea","커피믹스","맥널티커피","FC","71115722","호랭이 커피믹스 고소한 오곡향, 1개, 20개입, 9.5g","8804645007897","발주가능","정상","0","2","90","2806","0","0","0","","NO","0.722"
"20260925","Food","Coffee & Tea","커피믹스","아이브루","SFODD2","2341900","맥널티 iBrew 미니 헤이즐넛향 200개입(200g)","8804645000515","발주가능","정상","0","0","2","9917","0","0","0","","NO","0.722"
"20260925","Food","Coffee & Tea","커피믹스","아이브루","RC","2341900","맥널티 iBrew 미니 헤이즐넛향 200개입(200g)","8804645000515","발주가능","정상","0","0","1080","9917","0","0","0","","NO","0.722"
"20260925","Food","Coffee & Tea","커피믹스","아이브루","FC","2341900","맥널티 iBrew 미니 헤이즐넛향 200개입(200g)","8804645000515","발주가능","정상","0","49","629","9917","0","0","0","","NO","0.722"
"20260925","Food","Coffee & Tea","커피믹스","아이브루","FC","3067423","아이브루 헤이즐넛향 70개입","8804645000706","발주가능","정상","0","10","448","4025","0","0","0","","NO","0.722"
"20260925","Food","Coffee & Tea","커피믹스","아이브루","FC","3067424","아이브루 케냐AA 블렌드 70개입","8804645000690","발주가능","정상","0","0","76","6205","0","0","0","","NO","0.722"
"20260925","Food","Coffee & Tea","커피믹스","아이브루","FC","3067425","아이브루 예가체프 블렌드 70개입","8804645000683","발주가능","정상","0","1","27","6205","0","0","0","","NO","0.722"
"20260925","Food","Coffee & Tea","커피믹스","프라이빗클럽","FC","3067426","인스턴트 병커피 아이리쉬크림 50g","9311931901160","발주가능","정상","0","8","54","3322","0","0","0","","NO","0.722"
"20260925","Food","Coffee & Tea","커피믹스","프라이빗클럽","FC","3067428","인스턴트 병커피 헤이즐넛향 50g","9311931105162","발주가능","정상","0","120","3489","2300","0","0","0","","NO","0.722"
"20260925","Food","Coffee & Tea","커피세트","맥널티커피","FC","26870612","[2026 추석세트] 맥널티 핸드드립 버라이어티세트 30개입","8804645006258","발주가능","정상","0","12","1192","9395","0","0","0","","NO","0.905"
"20260925","Food","Coffee & Tea","커피세트","맥널티커피","FC","54651094","인스턴트 원두 병커피 맥널티커피 선물세트 50g x 4개입(에스프레소 2병+헤이즐넛 2병), 1세트","8804645007408","발주가능","정상","0","0","0","15305","0","0","0","","YES","0.905"
"20260925","Food","Drinks","과일음료","맥널티커피","SFJEJ2","24752132","청포도 에이드 190mL 10팩","8804645005893","발주가능","정상","0","0","1","3486","0","0","0","","NO","0.794"
"20260925","Food","Drinks","과일음료","맥널티커피","RC","24752132","청포도 에이드 190mL 10팩","8804645005893","발주가능","정상","0","0","273","3486","0","0","0","","NO","0.794"
"20260925","Food","Drinks","과일음료","맥널티커피","FC","24752132","청포도 에이드 190mL 10팩","8804645005893","발주가능","정상","0","7","360","3486","0","0","0","","NO","0.794"
"20260925","Food","Drinks","과일음료","맥널티커피","RC","24752250","블루레몬 에이드 190mL 10팩","8804645005909","발주가능","정상","0","0","237","3486","0","0","0","","NO","0.794"
"20260925","Food","Drinks","과일음료","맥널티커피","FC","24752250","블루레몬 에이드 190mL 10팩","8804645005909","발주가능","정상","0","7","355","3486","0","0","0","","NO","0.794"
"20260925","Food","Drinks","과일음료","맥널티커피","FC","45580036","맥널티 청매실 에이드 190ml*10개입","8804645007071","발주가능","정상","0","1","148","3486","0","0","0","","NO","0.794"
"20260925","Food","Drinks","농축액(음료베이스)","맥널티","FC","51983601","물 한방울 섞이지 않은 김토끼 유기농 레몬즙, 10개, 20g","8804645007361","발주가능","정상","0","0","51","4077","0","0","0","","NO","0.707"
"20260925","Food","Drinks","농축액(음료베이스)","맥널티","FC","58338694","티브루 보리차 원액 간편 액상스틱 진액, 30개, 10ml","8804645007590","발주가능","정상","0","33","1426","5259","0","0","0","","NO","0.707"
"20260925","Food","Drinks","농축액(음료베이스)","맥널티","FC","58338695","티브루 옥수수수염차 원액 간편 액상스틱 진액, 30개, 10ml","8804645007606","발주가능","정상","0","19","656","5259","0","0","0","","NO","0.707"
"20260925","Food","Drinks","농축액(음료베이스)","맥널티","FC","58338696","티브루 헛개수 원액 간편 액상스틱 진액, 30개, 10ml","8804645007613","발주가능","정상","0","20","406","5259","0","0","0","","NO","0.707"
"20260925","Food","Drinks","농축액(음료베이스)","맥널티커피","FC","62882483","티브루 보리차 진액, 1개, 400g","8804645007651","발주가능","정상","0","2","48","7623","0","0","0","","NO","0.707"
"20260925","Food","Drinks","농축액(음료베이스)","맥널티커피","FC","71636537","맥널티 티브루 호박팥차 무라벨, 20개, 500ml","8804645007934","발주가능","정상","0","25","191","8795","0","0","0","","NO","0.707"
"20260925","Food","Drinks","야채음료","맥널티커피","FC","48914233","맥널티 유자 에이드 190ml 10개","8804645007217","발주가능","정상","0","0","220","3486","0","0","0","","NO","0.609"
"20260925","Food","Drinks","차음료","맥널티커피","SFSPA3","24752251","복숭아 아이스티 190mL 10팩","8804645005886","발주가능","정상","0","0","2","3486","0","0","0","","NO","0.683"
"20260925","Food","Drinks","차음료","맥널티커피","SFDCH1","24752251","복숭아 아이스티 190mL 10팩","8804645005886","발주가능","정상","0","0","2","3486","0","0","0","","NO","0.683"
"20260925","Food","Drinks","차음료","맥널티커피","FC","24752251","복숭아 아이스티 190mL 10팩","8804645005886","발주가능","정상","0","10","291","3486","0","0","0","","NO","0.683"
"20260925","Food","Drinks","차음료","맥널티커피","FC","24944267","맥널티 허니자몽 블랙티 대용량 파우치 1Lx6입","18804645005951","발주가능","정상","0","1","49","10252","0","0","0","","NO","0.683"
"20260925","Food","Drinks","차음료","맥널티커피","FC","24944268","맥널티 복숭아 아이스티 대용량 파우치 1Lx6입","18804645005944","발주가능","정상","0","0","53","10252","0","0","0","","NO","0.683"
"20260925","Food","Drinks","차음료","맥널티커피","FC","26889711","맥널티 제로칼로리 복숭아 아이스티 500ml 24입","18804645006101","발주가능","정상","0","9","198","12205","0","0","0","","NO","0.683"
"20260925","Food","Drinks","차음료","맥널티커피","FC","36669698","제로 아이스티 복숭아, 30개입, 13g","8804645006791","발주가능","정상","0","0","83","5850","0","0","0","","NO","0.683"
"20260925","Food","Drinks","차음료","맥널티커피","FC","36829225","맥널티 제로칼로리 청포도 아이스티 500mlx24입,","18804645006538","발주가능","정상","0","0","68","12205","0","0","0","","NO","0.683"
"20260925","Food","Drinks","차음료","맥널티커피","FC","36829226","제로 아이스티 청포도, 30개입, 13g 1개","8804645006807","발주가능","정상","0","0","50","5850","0","0","0","","NO","0.683"
"20260925","Food","Drinks","차음료","맥널티커피","FC","38262417","복숭아 아이스티 제로, 6개, 1L","18804645006873","발주가능","정상","0","0","31","10577","0","0","0","","NO","0.683"
"20260925","Food","Drinks","차음료","맥널티커피","FC","40520042","맥널티커피 복숭아 아이스티 제로 RTD, 30개, 240ml","18804645006835","발주가능","정상","0","2","278","8795","0","0","0","","NO","0.683"
"20260925","Food","Drinks","차음료","맥널티커피","FC","61673272","맥널티커피 복숭아 아이스티 제로, 1.5L, 1개","8804645006739","발주가능","정상","0","45","1334","1364","0","0","0","","NO","0.683"
"20260925","Food","Drinks","차음료","맥널티커피","RC","61673272","맥널티커피 복숭아 아이스티 제로, 1.5L, 1개","8804645006739","발주가능","정상","0","0","1248","1364","0","0","0","","NO","0.683"
"20260925","Food","Drinks","차음료","맥널티커피","SFJEJ2","61673272","맥널티커피 복숭아 아이스티 제로, 1.5L, 1개","8804645006739","발주가능","정상","0","4","0","1364","0","0","0","","NO","0.683"
"20260925","Food","Drinks","차음료","맥널티커피","SFSPA3","61673272","맥널티커피 복숭아 아이스티 제로, 1.5L, 1개","8804645006739","발주가능","정상","0","1","0","1364","0","0","0","","NO","0.683"
"20260925","Food","Drinks","차음료","맥널티커피","FC","73944650","맥널티 복숭아 아이스티 대용량 파우치, 1개, 2.1L","8804645007965","발주가능","정상","0","50","1603","2413","0","0","0","","NO","0.683"
"20260925","Food","Drinks","차음료","맥널티커피","SFJEJ2","73944650","맥널티 복숭아 아이스티 대용량 파우치, 1개, 2.1L","8804645007965","발주가능","정상","0","0","3","2413","0","0","0","","NO","0.683"
"20260925","Food","Drinks","차음료","맥널티커피","SFSPA3","73944650","맥널티 복숭아 아이스티 대용량 파우치, 1개, 2.1L","8804645007965","발주가능","정상","0","0","0","2413","0","0","0","","NO","0.683"
"20260925","Food","Drinks","차음료","맥널티커피","RC","73944650","맥널티 복숭아 아이스티 대용량 파우치, 1개, 2.1L","8804645007965","발주가능","정상","0","0","396","2413","0","0","0","","NO","0.683"
"20260925","Food","Drinks","차음료","맥널티커피","FC","75850021","맥널티 허니자몽 블랙티, 1L, 1개","8804645005954","발주가능","정상","0","14","157","1714","0","0","0","","NO","0.683"
"20260925","Food","Drinks","커피음료","맥널티커피","RC","24695530","아이스 헤이즐넛향 커피 190mL 10팩","8804645005879","발주가능","정상","0","0","273","3486","0","0","0","","NO","0.687"
"20260925","Food","Drinks","커피음료","맥널티커피","FC","24695530","아이스 헤이즐넛향 커피 190mL 10팩","8804645005879","발주가능","정상","0","15","73","3486","0","0","0","","NO","0.687"
"20260925","Food","Drinks","커피음료","맥널티커피","RC","24695531","아이스 아메리카노 스위트 190mL 10팩","8804645005862","발주가능","정상","0","0","1092","3486","0","0","0","","NO","0.687"
"20260925","Food","Drinks","커피음료","맥널티커피","FC","24695531","아이스 아메리카노 스위트 190mL 10팩","8804645005862","발주가능","정상","0","30","184","3486","0","0","0","","NO","0.687"
"20260925","Food","Drinks","커피음료","맥널티커피","SFSPA3","24695531","아이스 아메리카노 스위트 190mL 10팩","8804645005862","발주가능","정상","0","0","6","3486","0","0","0","","NO","0.687"
"20260925","Food","Drinks","커피음료","맥널티커피","SFJEJ2","24695531","아이스 아메리카노 스위트 190mL 10팩","8804645005862","발주가능","정상","0","0","0","3486","0","0","0","","NO","0.687"
"20260925","Food","Drinks","커피음료","맥널티커피","FC","24695532","아이스 아메리카노 블랙 190mL 10팩","8804645005855","발주가능","정상","0","29","441","3486","0","0","0","","NO","0.687"
"20260925","Food","Drinks","커피음료","맥널티커피","RC","24695532","아이스 아메리카노 블랙 190mL 10팩","8804645005855","발주가능","정상","0","0","273","3486","0","0","0","","NO","0.687"
"20260925","Food","Drinks","커피음료","맥널티커피","SFODD2","24695532","아이스 아메리카노 블랙 190mL 10팩","8804645005855","발주가능","정상","0","0","1","3486","0","0","0","","NO","0.687"
"20260925","Food","Drinks","커피음료","맥널티커피","FC","25484251","맥널티커피 아메리카노 스위트 1Lx6입","18804645005920","발주가능","정상","0","4","77","10252","0","0","0","","NO","0.687"
"20260925","Food","Drinks","커피음료","맥널티커피","FC","25484255","맥널티 아이스 아메리카노 블랙커피 대용량 파우치 1Lx6입","18804645005913","발주가능","정상","0","0","39","10252","0","0","0","","NO","0.687"
"20260925","Food","Drinks","커피음료","맥널티커피","FC","25484257","맥널티 아이스 헤이즐넛향 커피 대용량 파우치 1Lx6입","18804645005937","발주가능","정상","0","2","58","10252","0","0","0","","NO","0.687"
"20260925","Food","Drinks","커피음료","맥널티커피","FC","48466205","맥널티 대용량 제로슈가 스테비아 믹스커피 음료, 12개, 1L","18804645007290","발주가능","정상","0","10","111","17067","0","0","0","","NO","0.687"
"20260925","Food","Drinks","커피음료","맥널티커피","FC","54922706","맥널티 대용량 제로슈가 스테비아 믹스커피 음료, 1L, 6개","8804645007323","발주가능","정상","0","52","728","8805","0","0","0","","NO","0.687"
"20260925","Food","Drinks","커피음료","맥널티커피","RC","54922706","맥널티 대용량 제로슈가 스테비아 믹스커피 음료, 1L, 6개","8804645007323","발주가능","정상","0","0","160","8805","0","0","0","","NO","0.687"
"20260925","Food","Drinks","커피음료","맥널티커피","FC","68778940","맥널티 아이브루 아메리카노 블랙커피 12개 1L","18804645007306","발주가능","정상","0","89","3248","12205","0","0","0","","NO","0.687"
"20260925","Food","Drinks","커피음료","맥널티커피","RC","68778940","맥널티 아이브루 아메리카노 블랙커피 12개 1L","18804645007306","발주가능","정상","0","0","400","12205","0","0","0","","NO","0.687"
"20260925","Food","Drinks","커피음료","맥널티커피","FC","68778941","맥널티 아이브루 헤이즐넛향 블랙커피 12개 1L","18804645007504","발주가능","정상","0","31","299","12205","0","0","0","","NO","0.687"
"20260925","Food","Drinks","커피음료","맥널티커피","FC","68778942","아이브루 아메리카노 블랙커피 무라벨 400ML 20개","8804645007491","발주가능","정상","0","61","1266","12205","0","0","0","","NO","0.687"
"20260925","Food","Drinks","커피음료","맥널티커피","FC","73951791","맥널티 아이스 아메리카노 블랙 커피 대용량 파우치, 1개, 2.1L","8804645007958","발주가능","정상","0","205","2019","2413","0","0","0","","NO","0.687"
"20260925","Food","Drinks","커피음료","맥널티커피","RC","73951791","맥널티 아이스 아메리카노 블랙 커피 대용량 파우치, 1개, 2.1L","8804645007958","발주가능","정상","0","0","9966","2413","0","0","0","","NO","0.687"
"20260925","Food","Drinks","커피음료","맥널티커피","SFDCH1","73951791","맥널티 아이스 아메리카노 블랙 커피 대용량 파우치, 1개, 2.1L","8804645007958","발주가능","정상","0","0","2","2413","0","0","0","","NO","0.687"
"20260925","Food","Drinks","커피음료","맥널티커피","SFSPA3","73951791","맥널티 아이스 아메리카노 블랙 커피 대용량 파우치, 1개, 2.1L","8804645007958","발주가능","정상","0","3","40","2413","0","0","0","","NO","0.687"
"20260925","Food","Drinks","커피음료","맥널티커피","SFJEJ2","75683093","맥널티 아이스 아메리카노 블랙 1리터, 1L, 1개","8804645005916","발주가능","정상","0","0","1","1714","0","0","0","","NO","0.687"
"20260925","Food","Drinks","커피음료","맥널티커피","FC","75683093","맥널티 아이스 아메리카노 블랙 1리터, 1L, 1개","8804645005916","발주가능","정상","0","21","990","1714","0","0","0","","NO","0.687"
"20260925","Food","Drinks","커피음료","맥널티커피","SFSPA3","75683093","맥널티 아이스 아메리카노 블랙 1리터, 1L, 1개","8804645005916","발주가능","정상","0","0","1","1714","0","0","0","","NO","0.687"
"20260925","Food","Drinks","커피음료","맥널티커피","FC","75694561","맥널티커피 아이스 아메리카노 헤이즐넛, 1개, 1L","8804645005930","발주가능","정상","0","12","1500","1714","0","0","0","","NO","0.687"
"20260925","Food","Drinks","커피음료","맥널티커피","FC","75765043","맥널티 아이스아메리카노 스위트, 1개, 1L","8804645005923","발주가능","정상","0","32","1375","1714","0","0","0","","NO","0.687"
"20260925","Food","Drinks","커피음료","맥널티커피","FC","76540319","맥널티 호랭이 마일드 라떼 캔커피, 30개, 175ml","18804645008013","발주가능","정상","0","39","607","8523","0","0","0","","NO","0.687"
"20260925","Food","Drinks","커피음료","맥널티커피","FC","77572705","맥널티 아이스 아메리카노 헤이즐넛, 1개, 2.1L","8804645008030","발주가능","정상","0","66","816","2413","0","0","0","","NO","0.687"
"20260925","Food","Drinks","커피음료","맥널티커피","RC","77572705","맥널티 아이스 아메리카노 헤이즐넛, 1개, 2.1L","8804645008030","발주가능","정상","0","0","778","2413","0","0","0","","NO","0.687"
"20260925","Food","Drinks","커피음료","맥널티커피","SFJEJ2","77572705","맥널티 아이스 아메리카노 헤이즐넛, 1개, 2.1L","8804645008030","발주가능","정상","0","0","10","2413","0","0","0","","NO","0.687"
"20260925","Food","Drinks","커피음료","맥널티커피","SFSPA3","77572705","맥널티 아이스 아메리카노 헤이즐넛, 1개, 2.1L","8804645008030","발주가능","정상","0","6","10","2413","0","0","0","","NO","0.687"
"20260925","Food","Drinks","커피음료","아이브루","FC","70253954","아이브루 디카페인 아메리카노 블랙커피 무라벨, 20개, 400ml","8804645007903","발주가능","정상","0","31","350","13500","0","0","0","","NO","0.687"
"20260925","Kitchen","Tools & Gadgets","드립주전자/포트","맥널티커피","FC","15333511","맥널티 드립 주전자 350ml","8804645004490","발주가능","정상","0","0","45","5044","0","0","0","","NO","0.776"
"20260925","Kitchen","Tools & Gadgets","커피필터/여과지","맥널티","FC","12491225","맥널티 핸드드립 커피필터 30개입","8804645300950","발주가능","정상","0","49","769","2642","0","0","0","","NO","0.500"
"20260925","Kitchen","Tools & Gadgets","커피필터/여과지","맥널티","SFJEJ2","12491225","맥널티 핸드드립 커피필터 30개입","8804645300950","발주가능","정상","0","0","2","2642","0","0","0","","NO","0.500"
"20260924","CE","Kitchen Appliance","커피머신","맥널티커피","FC","31602405","맥널티 2in1 핫앤콜드 진공추출 커피메이커 MCM-065B MCM-065B","8804645006296","발주가능","정상","0","0","18","30859","0","0","0","","NO","0.782"
"20260924","Food","Coffee & Tea","기타전통차","맥널티커피","FC","39149736","맥널티 스테비아 침향 쌍화차, 1개, 30개입, 450g","8804645006913","발주가능","정상","0","0","91","8536","0","0","0","","NO","0.727"
"20260924","Food","Coffee & Tea","기타전통차","맥널티커피","FC","41175263","맥널티커피 스테비아 꿀 유자차, 1개, 30개입, 450g","8804645006951","발주가능","정상","0","1","53","7388","0","0","0","","NO","0.727"
"20260924","Food","Coffee & Tea","둥글레/옥수수/보리/결명자차","맥널티커피","FC","76230458","맥널티 진 보리차 1개 1kg","8804645007996","발주가능","정상","10","3","32","15209","0","0","0","","NO","0.611"
"20260924","Food","Coffee & Tea","드립백/티백","맥널티","FC","3067432","산지별 콜롬비아 슈프리모 핸드드립커피 7개입","8804645000324","발주가능","정상","0","0","204","3043","0","0","0","","NO","0.725"
"20260924","Food","Coffee & Tea","드립백/티백","맥널티","FC","10003518","케냐 AA 핸드드립 블렌드 24개입","8804645000720","발주가능","정상","120","4","334","6068","0","0","0","","NO","0.725"
"20260924","Food","Coffee & Tea","드립백/티백","맥널티커피","FC","3067429","산지별 브라질 세라도 NY2 핸드드립커피 7개입","8804645000300","발주가능","정상","0","1","27","2887","0","0","0","","NO","0.725"
"20260924","Food","Coffee & Tea","드립백/티백","맥널티커피","FC","3067430","산지별 케냐 AA 핸드드립커피 7개입","8804645000355","발주가능","정상","0","3","17","3062","0","0","0","","NO","0.725"
"20260924","Food","Coffee & Tea","드립백/티백","맥널티커피","FC","3067433","산지별 에티오피아 코케 허니 핸드드립커피 7개입","8804645000348","발주가능","정상","0","5","111","2910","0","0","0","","NO","0.725"
"20260924","Food","Coffee & Tea","드립백/티백","맥널티커피","FC","3067434","산지별 에티오피아 예가체프 핸드드립커피 7개입","8804645000331","발주가능","정상","80","2","96","3184","0","0","0","","NO","0.725"
"20260924","Food","Coffee & Tea","드립백/티백","맥널티커피","FC","10003517","콜롬비아 핸드드립 블렌드 24개입","8804645000713","발주가능","정상","0","22","112","5977","0","0","0","","NO","0.725"
"20260924","Food","Coffee & Tea","드립백/티백","맥널티커피","FC","23400108","맥널티 디카페인100% 핸드드립 원두커피 24개입","8804645005732","발주가능","정상","72","12","108","9395","0","0","0","","NO","0.725"
"20260924","Food","Coffee & Tea","드립백/티백","맥널티커피","FC","37713094","맥널티 핸드드립커피 케냐AA(더블에이) 36개입, 8g, 1개","8804645006616","발주가능","정상","12","2","55","11759","0","0","0","","NO","0.725"
"20260924","Food","Coffee & Tea","드립백/티백","맥널티커피","FC","37713095","맥널티 핸드드립커피 에티오피아 예가체프 36개입, 8g, 1개","8804645006623","발주가능","정상","0","1","25","10577","0","0","0","","NO","0.725"
"20260924","Food","Coffee & Tea","드립백/티백","맥널티커피","FC","41391235","맥널티 행복을주는커피 시그니처 블렌드 핸드드립 커피 20개입, 1개, 8g","8804645003653","발주가능","정상","0","4","133","6795","0","0","0","","NO","0.725"
"20260924","Food","Coffee & Tea","드립백/티백","맥널티커피","FC","62821923","맥널티 핸드드립 커피 에티오피아 예가체프 8g 24개입 1개","8804645006920","발주가능","정상","6","0","6","9679","0","0","0","","YES","0.725"
"20260924","Food","Coffee & Tea","드립백/티백","맥널티커피","FC","68147033","베니스브루 스페셜티 핸드드립 가향 커피 오렌지 벨벳, 1개, 7개입, 12g","8804645007712","발주가능","정상","0","0","25","5143","0","0","0","","NO","0.725"
"20260924","Food","Coffee & Tea","드립백/티백","맥널티커피","FC","68147034","베니스브루 스페셜티 핸드드립 가향 커피 쇼콜라 모카, 1개, 7개입, 12g","8804645007729","발주가능","정상","0","0","24","5143","0","0","0","","NO","0.725"
"20260924","Food","Coffee & Tea","드립백/티백","맥널티커피","FC","68777449","베니스브루 베리 블로썸 드립백 커피 12g 1개 7개입","8804645007705","발주가능","정상","0","0","32","5143","0","0","0","","NO","0.725"
"20260924","Food","Coffee & Tea","라떼분말","맥널티커피","FC","34834818","맥널티 스테비아 제로슈가 핫초코 라떼 30개입 15g","8804645006340","발주가능","정상","0","10","531","7500","0","0","0","","NO","0.588"
"20260924","Food","Coffee & Tea","라떼분말","맥널티커피","FC","51063548","스테비아 단백질 옥수수 크림 라떼, 1개, 20개입, 18g","8804645007330","발주가능","정상","0","0","24","5850","0","0","0","","NO","0.588"
"20260924","Food","Coffee & Tea","라떼분말","맥널티커피","FC","51164938","스테비아 단백질 고구마 크림 라떼, 1개, 20개입, 18g","8804645007347","발주가능","정상","0","0","8","5850","0","0","0","","NO","0.588"
"20260924","Food","Coffee & Tea","원두","N_A","FC","76443755","맥널티 브라질 세라도 NY.2 원두 1kg, 1개","8804645006425","발주가능","정상","0","0","228","17609","0","0","0","","NO","0.897"
"20260924","Food","Coffee & Tea","원두","N_A","FC","80686777","투비커피 개인카페용 데일리 블렌드 홀빈 원두 커피, 1개, 1kg","8804645008023","발주가능","신규","1","0","1","15377","0","0","0","","YES","0.897"
"20260924","Food","Coffee & Tea","원두","맥널티커피","FC","45570","맥널티_헤이즐넛원두분쇄커피_226G","8804645100208","발주가능","정상","0","78","2111","5000","0","0","0","","NO","0.897"
"20260924","Food","Coffee & Tea","원두","맥널티커피","SFJEJ2","45570","맥널티_헤이즐넛원두분쇄커피_226G","8804645100208","발주가능","정상","0","0","2","5000","0","0","0","","NO","0.897"
"20260924","Food","Coffee & Tea","원두","맥널티커피","RC","45570","맥널티_헤이즐넛원두분쇄커피_226G","8804645100208","발주가능","정상","0","0","2176","5000","0","0","0","","NO","0.897"
"20260924","Food","Coffee & Tea","원두","맥널티커피","SFJEJ2","45572","맥널티_헤이즐넛원두분쇄커피_500G","8804645100468","발주가능","정상","0","0","2","7960","0","0","0","","NO","0.897"
"20260924","Food","Coffee & Tea","원두","맥널티커피","FC","45572","맥널티_헤이즐넛원두분쇄커피_500G","8804645100468","발주가능","정상","0","46","1028","7960","0","0","0","","NO","0.897"
"20260924","Food","Coffee & Tea","원두","맥널티커피","RC","45572","맥널티_헤이즐넛원두분쇄커피_500G","8804645100468","발주가능","정상","0","0","640","7960","0","0","0","","NO","0.897"
"20260924","Food","Coffee & Tea","원두","맥널티커피","SFSPA3","45572","맥널티_헤이즐넛원두분쇄커피_500G","8804645100468","발주가능","정상","0","0","1","7960","0","0","0","","NO","0.897"
"20260924","Food","Coffee & Tea","원두","맥널티커피","FC","45573","맥널티_블루마운틴스타일원두분쇄커피_500G","8804645100451","발주가능","정상","0","24","599","11091","0","0","0","","NO","0.897"
"20260924","Food","Coffee & Tea","원두","맥널티커피","FC","5344648","맥널티 원두 에스프레소 블랙 1개, 1kg","8804645001239","발주불가","단종","0","0","1","9156","0","0","0","","YES","0.897"
"20260924","Food","Coffee & Tea","원두","맥널티커피","FC","10147177","맥널티 홀빈 블루마운틴 1000g","8804645006302","발주가능","정상","0","3","197","15715","0","0","0","","NO","0.897"
"20260924","Food","Coffee & Tea","원두","맥널티커피","FC","10147180","맥널티 행복을 주는 커피 헤이즐넛향 1kg 홀빈","8804645100185","발주가능","정상","0","6","159","15244","0","0","0","","NO","0.897"
"20260924","Food","Coffee & Tea","원두","맥널티커피","FC","10812901","맥널티 베트남 로부스타 원두커피 1kg","8804645003066","발주가능","정상","0","21","278","11700","0","0","0","","NO","0.897"
"20260924","Food","Coffee & Tea","원두","맥널티커피","RC","10812901","맥널티 베트남 로부스타 원두커피 1kg","8804645003066","발주가능","정상","0","0","400","11700","0","0","0","","NO","0.897"
"20260924","Food","Coffee & Tea","원두","맥널티커피","FC","11849981","행복을 주는 커피 블루마운틴 블렌드 분쇄 원두 커피 1kg","8804645003486","발주가능","정상","36","4","121","16364","0","0","0","","NO","0.897"
"20260924","Food","Coffee & Tea","원두","맥널티커피","FC","12521866","맥널티 행복을 주는 커피 시그니처 헤이즐넛향 원두 커피 1Kg","8804645003493","발주가능","정상","0","5","59","16364","0","0","0","","NO","0.897"
"20260924","Food","Coffee & Tea","원두","맥널티커피","RC","12521866","맥널티 행복을 주는 커피 시그니처 헤이즐넛향 원두 커피 1Kg","8804645003493","발주가능","정상","0","0","648","16364","0","0","0","","NO","0.897"
"20260924","Food","Coffee & Tea","원두","맥널티커피","FC","13277718","맥널티 행복을 주는 커피 브라질 산토스 1kg","8804645003936","발주가능","정상","80","3","147","14091","0","0","0","","NO","0.897"
"20260924","Food","Coffee & Tea","원두","맥널티커피","FC","13277719","맥널티 행복을 주는 커피 콜롬비아 블렌드 1kg","8804645003929","발주가능","정상","50","9","363","15599","0","0","0","","NO","0.897"
"20260924","Food","Coffee & Tea","원두","맥널티커피","FC","37733154","맥널티 원두 홀빈(분쇄안함) 마일드 미디움 블렌드 200g, 1개","8804645005374","발주가능","정상","0","0","19","5791","0","0","0","","NO","0.897"
"20260924","Food","Coffee & Tea","원두","맥널티커피","FC","38710869","맥널티 홀빈 커피원두, 마일드 미디움 블렌드 1kg, 1개","8804645005329","발주가능","정상","0","0","7","16364","0","0","0","","NO","0.897"
"20260924","Food","Coffee & Tea","원두","맥널티커피","FC","38710870","맥널티 홀빈 커피원두, 콜롬비아 안데스 오리진 1kg, 1개","8804645005343","발주가능","정상","0","5","36","16364","0","0","0","","NO","0.897"
"20260924","Food","Coffee & Tea","원두","맥널티커피","FC","38710872","맥널티 홀빈 커피원두, 시그니처 블렌드 1kg, 1개","8804645005312","발주가능","정상","0","0","68","16364","0","0","0","","NO","0.897"
"20260924","Food","Coffee & Tea","원두","맥널티커피","FC","38813491","맥널티 홀빈 원두 1KG, 브라질 산토스 내추럴, 1개","8804645005350","발주가능","정상","60","3","138","11364","0","0","0","","NO","0.897"
"20260924","Food","Coffee & Tea","원두","맥널티커피","FC","38919334","맥널티 에티오피아 예가체프 홀빈 원두, 1kg, 1개","8804645006852","발주가능","정상","0","1","48","16364","0","0","0","","NO","0.897"
"20260924","Food","Coffee & Tea","원두","맥널티커피","FC","39616644","맥널티 예맨 모카 블렌드 커피 원두, 홀빈(분쇄안함), 500g, 1개","8804645006692","발주가능","정상","0","0","12","11400","0","0","0","","NO","0.897"
"20260924","Food","Coffee & Tea","원두","맥널티커피","FC","39616645","맥널티 시그니처 디카페인 커피 원두, 홀빈(분쇄안함), 500g, 1개","8804645006937","발주가능","정상","0","3","221","12545","0","0","0","","NO","0.897"
"20260924","Food","Coffee & Tea","원두","맥널티커피","FC","39616646","맥널티 게이샤 블렌드 커피 원두, 홀빈(분쇄안함), 500g, 1개","8804645006708","발주가능","정상","0","2","27","11400","0","0","0","","NO","0.897"
"20260924","Food","Coffee & Tea","원두","맥널티커피","FC","39616647","맥널티 하와이안 코나 블렌드 커피 원두, 홀빈(분쇄안함), 500g, 1개","8804645006685","발주가능","정상","56","2","73","11400","0","0","0","","NO","0.897"
"20260924","Food","Coffee & Tea","원두","맥널티커피","FC","48074657","맥널티 브라질 세라도 분쇄 원두 커피, 1개, 500g","8804645007262","발주가능","정상","48","5","90","9395","0","0","0","","NO","0.897"
"20260924","Food","Coffee & Tea","원두","맥널티커피","FC","48074658","맥널티 콜롬비아 안데스 분쇄 원두 커피, 1개, 500g","8804645007255","발주가능","정상","0","3","43","9986","0","0","0","","NO","0.897"
"20260924","Food","Coffee & Tea","원두","맥널티커피","FC","48074659","맥널티 에티오피아 예가체프 분쇄 원두 커피, 1개, 500g","8804645007231","발주가능","정상","0","10","143","9986","0","0","0","","NO","0.897"
"20260924","Food","Coffee & Tea","원두","맥널티커피","FC","58681130","콜롬비아 안데스 오리진 분쇄 커피 원두 1개 226g 핸드드립","8804645007552","발주가능","정상","0","6","14","7159","0","0","0","","NO","0.897"
"20260924","Food","Coffee & Tea","원두","맥널티커피","FC","58681131","브라질 산토스 오리진 분쇄 커피 원두, 226g, 1개, 핸드드립","8804645007545","발주가능","정상","0","1","10","7159","0","0","0","","NO","0.897"
"20260924","Food","Coffee & Tea","원두","맥널티커피","FC","58765769","게이샤 블렌드 분쇄 커피 원두, 1개, 226g, 핸드드립","8804645007514","발주가능","정상","8","0","8","7732","0","0","0","","YES","0.897"
"20260924","Food","Coffee & Tea","원두","맥널티커피","FC","58765770","디카페인 헤이즐넛향 분쇄 커피 원두, 1개, 226g, 핸드드립","8804645007538","발주가능","정상","16","7","94","8018","0","0","0","","NO","0.897"
"20260924","Food","Coffee & Tea","원두","맥널티커피","FC","58850533","하와이안 코나 블렌드 분쇄 커피 원두, 1개, 226g, 핸드드립","8804645007521","발주가능","정상","0","2","7","7732","0","0","0","","NO","0.897"
"20260924","Food","Coffee & Tea","원두","맥널티커피","FC","71777603","투비 다크 블랙 블렌드 홀빈 원두 커피, 1kg, 홀빈(분쇄안함), 1개","8804645007989","발주가능","정상","0","7","129","13115","0","0","0","","NO","0.897"
"20260924","Food","Coffee & Tea","원두","맥널티커피","FC","76697770","투비커피 너티초코 아메리카노 블렌드 홀빈 원두 커피, 1kg, 홀빈(분쇄안함), 1개","8804645008047","발주가능","정상","0","3","35","17125","0","0","0","","NO","0.897"
"20260924","Food","Coffee & Tea","원두커피믹스","맥널티","FC","10003529","아이브루 클래식 100T","8804645002465","발주불가","규격 외","0","0","1","6068","0","0","0","","NO","0.580"
"20260924","Food","Coffee & Tea","원두커피믹스","맥널티","FC","11019882","맥널티 아이브루 다크 블렌드 200T","8804645003219","발주가능","정상","24","2","30","13096","0","0","0","","NO","0.580"
"20260924","Food","Coffee & Tea","원두커피믹스","맥널티커피","FC","11019883","맥널티 아이브루 모카 블랙 200T","8804645003226","발주가능","정상","30","6","54","11687","0","0","0","","NO","0.580"
"20260924","Food","Coffee & Tea","원두커피믹스","맥널티커피","FC","13777565","맥널티 아이브루 모카블랙 70T","8804645003912","발주가능","정상","0","0","37","6519","0","0","0","","NO","0.580"
"20260924","Food","Coffee & Tea","원두커피믹스","맥널티커피","SFJEJ2","15720531","콜롬비아 블랙 100개입","8804645002861","발주가능","정상","0","0","6","6345","0","0","0","","NO","0.580"
"20260924","Food","Coffee & Tea","원두커피믹스","맥널티커피","FC","15720531","콜롬비아 블랙 100개입","8804645002861","발주가능","정상","384","18","696","6345","0","0","0","","NO","0.580"
"20260924","Food","Coffee & Tea","원두커피믹스","맥널티커피","FC","26477367","맥널티 리얼 에스프레소샷 블랙 액상스틱커피 15mlx30개입","8804645006029","발주가능","정상","0","16","316","7388","0","0","0","","NO","0.580"
"20260924","Food","Coffee & Tea","원두커피믹스","맥널티커피","FC","62672352","맥널티 아이브루 플러스 스위트 블랙 원두커피믹스 80개입 2.8g","8804645007620","발주가능","정상","10","0","37","7961","0","0","0","","NO","0.580"
"20260924","Food","Coffee & Tea","원두커피믹스","맥널티커피","FC","67975031","호랭이 커피 오곡향 블랙, 1개, 20개입, 1g","8804645007781","발주가능","정상","0","23","189","2806","0","0","0","","NO","0.580"
"20260924","Food","Coffee & Tea","원두커피믹스","맥널티커피","FC","71629331","맥널티 갓성비 아메리카노 블랙커피, 1개, 100개입, 2g","8804645007873","발주가능","정상","0","33","565","8534","0","0","0","","NO","0.580"
"20260924","Food","Coffee & Tea","원두커피믹스","아이브루","SFJEJ2","36903434","맥널티 아이브루 플러스 헤이즐넛 블랙커피 100개입","8804645006395","발주가능","정상","0","1","1","7623","0","0","0","","NO","0.580"
"20260924","Food","Coffee & Tea","원두커피믹스","아이브루","FC","36903434","맥널티 아이브루 플러스 헤이즐넛 블랙커피 100개입","8804645006395","발주가능","정상","370","73","988","7623","0","0","0","","NO","0.580"
"20260924","Food","Coffee & Tea","원두커피믹스","아이브루","FC","36903435","맥널티 아이브루 플러스 오리지널 블랙커피 100개입","8804645006388","발주불가","규격 외","0","0","167","7623","0","0","0","","NO","0.580"
"20260924","Food","Coffee & Tea","원두커피믹스","아이브루","FC","46534985","아이브루 플러스 디카페인 아메리카노 블랙커피, 1개, 80개입, 80g","8804645007118","발주가능","정상","0","17","252","7964","0","0","0","","NO","0.580"
"20260924","Food","Coffee & Tea","원두커피믹스","아이브루","FC","56760693","아이브루 플러스 디카페인 블랙커피 헤이즐넛향 (1g x 80개입), 1개","8804645007453","발주가능","정상","160","27","697","7961","0","0","0","","NO","0.580"
"20260924","Food","Coffee & Tea","원두커피믹스","아이브루","SFJEJ2","56760693","아이브루 플러스 디카페인 블랙커피 헤이즐넛향 (1g x 80개입), 1개","8804645007453","발주가능","정상","0","1","1","7961","0","0","0","","NO","0.580"
"20260924","Food","Coffee & Tea","원두커피믹스","프라이빗클럽","FC","10837643","맥널티 병커피 헤이즐넛향 50gx10개","19311931309161","발주가능","정상","0","1","130","23000","0","0","0","","NO","0.580"
"20260924","Food","Coffee & Tea","원두커피믹스","프라이빗클럽","FC","12091997","Box_입소문난 아이리쉬 50G 10병","19311931311164","발주가능","정상","0","0","25","18625","0","0","0","","NO","0.580"
"20260924","Food","Coffee & Tea","원두커피믹스","프라이빗클럽","FC","52625820","맥널티 인스턴트 원두 병커피 에스프레소 블랙 50g 1개","9311931902167","발주가능","정상","0","14","247","3486","0","0","0","","NO","0.580"
"20260924","Food","Coffee & Tea","율무/견과차","맥널티","SFJEJ2","64842417","티브루 호박팥차 진액 10ml 30개입 1개","8804645007675","발주가능","정상","0","1","3","5259","0","0","0","","NO","0.706"
"20260924","Food","Coffee & Tea","율무/견과차","맥널티","SFDCH1","64842417","티브루 호박팥차 진액 10ml 30개입 1개","8804645007675","발주가능","정상","0","0","2","5259","0","0","0","","NO","0.706"
"20260924","Food","Coffee & Tea","율무/견과차","맥널티","FC","64842417","티브루 호박팥차 진액 10ml 30개입 1개","8804645007675","발주가능","정상","840","48","1815","5259","0","0","0","","NO","0.706"
"20260924","Food","Coffee & Tea","율무/견과차","맥널티커피","FC","39149735","맥널티 스테비아 제로슈가 호두 아몬드 율무차, 1개, 30개입, 450g","8804645006906","발주가능","정상","0","1","164","6815","0","0","0","","NO","0.706"
"20260924","Food","Coffee & Tea","차세트","맥널티커피","FC","78654824","[2026 추석세트] 맥널티 스테비아 전통차 선물세트, 1세트, 율무차(30개) + 쌍화차(30개)","8804645008092","발주가능","정상","0","2","329","19091","0","0","0","","NO","0.903"
"20260924","Food","Coffee & Tea","커피믹스","맥널티커피","FC","45571","맥널티_ 자메이카 블루마운틴 블렌드_226G","8804645100215","발주가능","정상","0","70","943","5000","0","0","0","","NO","0.720"
"20260924","Food","Coffee & Tea","커피믹스","맥널티커피","SFSPA3","45571","맥널티_ 자메이카 블루마운틴 블렌드_226G","8804645100215","발주가능","정상","0","0","1","5000","0","0","0","","NO","0.720"
"20260924","Food","Coffee & Tea","커피믹스","맥널티커피","RC","45571","맥널티_ 자메이카 블루마운틴 블렌드_226G","8804645100215","발주가능","정상","0","0","512","5000","0","0","0","","NO","0.720"
"20260924","Food","Coffee & Tea","커피믹스","맥널티커피","SFJEJ2","25240400","맥널티 스테비아 커피믹스 100개입","8804645006067","발주가능","정상","0","1","1","12941","0","0","0","","NO","0.720"
"20260924","Food","Coffee & Tea","커피믹스","맥널티커피","RC","25240400","맥널티 스테비아 커피믹스 100개입","8804645006067","발주가능","정상","0","0","2160","12941","0","0","0","","NO","0.720"
"20260924","Food","Coffee & Tea","커피믹스","맥널티커피","FC","25240400","맥널티 스테비아 커피믹스 100개입","8804645006067","발주가능","정상","0","79","461","12941","0","0","0","","NO","0.720"
"20260924","Food","Coffee & Tea","커피믹스","맥널티커피","FC","25240402","맥널티 스테비아 커피믹스 30개입","8804645006074","발주가능","정상","288","16","459","4827","0","0","0","","NO","0.720"
"20260924","Food","Coffee & Tea","커피믹스","맥널티커피","SFODD4","25240402","맥널티 스테비아 커피믹스 30개입","8804645006074","발주가능","정상","0","0","0","4827","0","0","0","","NO","0.720"
"20260924","Food","Coffee & Tea","커피믹스","맥널티커피","FC","29461862","맥널티 아메리카노 아이스 블랙 100개입","8804645006081","발주가능","정상","0","13","462","5850","0","0","0","","NO","0.720"
"20260924","Food","Coffee & Tea","커피믹스","맥널티커피","RC","38933766","맥널티커피 스테비아 디카페인 커피믹스, 1개, 100개입 9.5g","8804645006890","발주가능","정상","0","0","720","18850","0","0","0","","NO","0.720"
"20260924","Food","Coffee & Tea","커피믹스","맥널티커피","FC","38933766","맥널티커피 스테비아 디카페인 커피믹스, 1개, 100개입 9.5g","8804645006890","발주가능","정상","0","38","362","18850","0","0","0","","NO","0.720"
"20260924","Food","Coffee & Tea","커피믹스","맥널티커피","FC","40806729","맥널티 스테비아 디카페인 커피믹스, 1개, 30개입, 285g","8804645006777","발주가능","정상","0","15","515","7027","0","0","0","","NO","0.720"
"20260924","Food","Coffee & Tea","커피믹스","맥널티커피","FC","46730880","산양유 단백질 프로틴 스테비아 커피믹스, 1개, 30개입, 300g","8804645007194","발주가능","정상","0","1","40","6243","0","0","0","","NO","0.720"
"20260924","Food","Coffee & Tea","커피믹스","맥널티커피","FC","47303765","산양유 단백질 프로틴 스테비아 커피믹스, 1개, 100개입, 1000g","8804645007187","발주가능","정상","0","7","205","19988","0","0","0","","NO","0.720"
"20260924","Food","Coffee & Tea","커피믹스","맥널티커피","FC","56214466","맥널티커피 아이브루 바닐라 라떼,12g x 100개입(스틱), 1200g , 1개","8804645007460","발주가능","정상","8","4","80","12543","0","0","0","","NO","0.720"
"20260924","Food","Coffee & Tea","커피믹스","맥널티커피","FC","56214467","맥널티커피 아이브루 카라멜 마끼아또, 12g x 100개입(스틱), 1200g , 1개","8804645007484","발주가능","정상","0","11","54","12543","0","0","0","","NO","0.720"
"20260924","Food","Coffee & Tea","커피믹스","맥널티커피","FC","63447822","스테비아 커피믹스 헤이즐넛향 9.5g 30개입 1개","8804645007637","발주가능","정상","0","10","191","4827","0","0","0","","NO","0.720"
"20260924","Food","Coffee & Tea","커피믹스","맥널티커피","FC","64859139","맥널티 스테비아 솔티드 카라멜 커피믹스 10g 1개 30개입","8804645007668","발주가능","정상","0","4","86","5670","0","0","0","","NO","0.720"
"20260924","Food","Coffee & Tea","커피믹스","맥널티커피","FC","69526598","맥널티 갓성비 제로슈가 커피믹스, 1개, 80개입, 9g","8804645007842","발주가능","정상","0","16","727","8805","0","0","0","","NO","0.720"
"20260924","Food","Coffee & Tea","커피믹스","맥널티커피","FC","69634259","맥널티커피 스테비아 커피믹스 헤이즐넛향, 9.5g, 100개입, 1개","8804645007811","발주가능","정상","16","7","22","14261","0","0","0","","NO","0.720"
"20260924","Food","Coffee & Tea","커피믹스","맥널티커피","FC","71115721","호랭이 커피믹스 고소한 오곡향, 1개, 160개입, 9.5g","8804645007880","발주가능","정상","24","7","59","14261","0","0","0","","NO","0.720"
"20260924","Food","Coffee & Tea","커피믹스","맥널티커피","FC","71115722","호랭이 커피믹스 고소한 오곡향, 1개, 20개입, 9.5g","8804645007897","발주가능","정상","24","7","92","2806","0","0","0","","NO","0.720"
"20260924","Food","Coffee & Tea","커피믹스","아이브루","FC","2341900","맥널티 iBrew 미니 헤이즐넛향 200개입(200g)","8804645000515","발주가능","정상","0","31","678","9917","0","0","0","","NO","0.720"
"20260924","Food","Coffee & Tea","커피믹스","아이브루","SFJEJ2","2341900","맥널티 iBrew 미니 헤이즐넛향 200개입(200g)","8804645000515","발주가능","정상","0","1","0","9917","0","0","0","","NO","0.720"
"20260924","Food","Coffee & Tea","커피믹스","아이브루","SFODD2","2341900","맥널티 iBrew 미니 헤이즐넛향 200개입(200g)","8804645000515","발주가능","정상","0","0","2","9917","0","0","0","","NO","0.720"
"20260924","Food","Coffee & Tea","커피믹스","아이브루","RC","2341900","맥널티 iBrew 미니 헤이즐넛향 200개입(200g)","8804645000515","발주가능","정상","0","0","1080","9917","0","0","0","","NO","0.720"
"20260924","Food","Coffee & Tea","커피믹스","아이브루","FC","3067423","아이브루 헤이즐넛향 70개입","8804645000706","발주가능","정상","272","5","457","4025","0","0","0","","NO","0.720"
"20260924","Food","Coffee & Tea","커피믹스","아이브루","FC","3067424","아이브루 케냐AA 블렌드 70개입","8804645000690","발주가능","정상","0","0","76","6205","0","0","0","","NO","0.720"
"20260924","Food","Coffee & Tea","커피믹스","아이브루","FC","3067425","아이브루 예가체프 블렌드 70개입","8804645000683","발주가능","정상","0","4","28","6205","0","0","0","","NO","0.720"
"20260924","Food","Coffee & Tea","커피믹스","프라이빗클럽","FC","3067426","인스턴트 병커피 아이리쉬크림 50g","9311931901160","발주가능","정상","0","3","62","3322","0","0","0","","NO","0.720"
"20260924","Food","Coffee & Tea","커피믹스","프라이빗클럽","FC","3067428","인스턴트 병커피 헤이즐넛향 50g","9311931105162","발주가능","정상","0","125","3607","2300","0","0","0","","NO","0.720"
"20260924","Food","Coffee & Tea","커피세트","맥널티커피","FC","26870612","[2026 추석세트] 맥널티 핸드드립 버라이어티세트 30개입","8804645006258","발주가능","정상","0","24","1204","9395","0","0","0","","NO","0.907"
"20260924","Food","Coffee & Tea","커피세트","맥널티커피","FC","54651094","인스턴트 원두 병커피 맥널티커피 선물세트 50g x 4개입(에스프레소 2병+헤이즐넛 2병), 1세트","8804645007408","발주가능","정상","0","0","0","15305","0","0","0","","YES","0.907"
"20260924","Food","Drinks","과일음료","맥널티커피","FC","24752132","청포도 에이드 190mL 10팩","8804645005893","발주가능","정상","0","15","367","3486","0","0","0","","NO","0.793"
"20260924","Food","Drinks","과일음료","맥널티커피","RC","24752132","청포도 에이드 190mL 10팩","8804645005893","발주가능","정상","0","0","273","3486","0","0","0","","NO","0.793"
"20260924","Food","Drinks","과일음료","맥널티커피","SFJEJ2","24752132","청포도 에이드 190mL 10팩","8804645005893","발주가능","정상","0","0","1","3486","0","0","0","","NO","0.793"
"20260924","Food","Drinks","과일음료","맥널티커피","FC","24752250","블루레몬 에이드 190mL 10팩","8804645005909","발주가능","정상","0","17","362","3486","0","0","0","","NO","0.793"
"20260924","Food","Drinks","과일음료","맥널티커피","RC","24752250","블루레몬 에이드 190mL 10팩","8804645005909","발주가능","정상","0","0","237","3486","0","0","0","","NO","0.793"
"20260924","Food","Drinks","과일음료","맥널티커피","FC","45580036","맥널티 청매실 에이드 190ml*10개입","8804645007071","발주가능","정상","0","1","149","3486","0","0","0","","NO","0.793"
"20260924","Food","Drinks","농축액(음료베이스)","맥널티","FC","51983601","물 한방울 섞이지 않은 김토끼 유기농 레몬즙, 10개, 20g","8804645007361","발주가능","정상","0","0","51","4077","0","0","0","","NO","0.708"
"20260924","Food","Drinks","농축액(음료베이스)","맥널티","FC","58338694","티브루 보리차 원액 간편 액상스틱 진액, 30개, 10ml","8804645007590","발주가능","정상","0","56","1459","5259","0","0","0","","NO","0.708"
"20260924","Food","Drinks","농축액(음료베이스)","맥널티","FC","58338695","티브루 옥수수수염차 원액 간편 액상스틱 진액, 30개, 10ml","8804645007606","발주가능","정상","0","23","675","5259","0","0","0","","NO","0.708"
"20260924","Food","Drinks","농축액(음료베이스)","맥널티","FC","58338696","티브루 헛개수 원액 간편 액상스틱 진액, 30개, 10ml","8804645007613","발주가능","정상","16","19","426","5259","0","0","0","","NO","0.708"
"20260924","Food","Drinks","농축액(음료베이스)","맥널티커피","FC","62882483","티브루 보리차 진액, 1개, 400g","8804645007651","발주가능","정상","20","2","50","7623","0","0","0","","NO","0.708"
"20260924","Food","Drinks","농축액(음료베이스)","맥널티커피","FC","71636537","맥널티 티브루 호박팥차 무라벨, 20개, 500ml","8804645007934","발주가능","정상","0","48","216","8795","0","0","0","","NO","0.708"
"20260924","Food","Drinks","야채음료","맥널티커피","FC","48914233","맥널티 유자 에이드 190ml 10개","8804645007217","발주가능","정상","0","3","220","3486","0","0","0","","NO","0.606"
"20260924","Food","Drinks","차음료","맥널티커피","FC","24752251","복숭아 아이스티 190mL 10팩","8804645005886","발주가능","정상","0","20","301","3486","0","0","0","","NO","0.685"
"20260924","Food","Drinks","차음료","맥널티커피","SFDCH1","24752251","복숭아 아이스티 190mL 10팩","8804645005886","발주가능","정상","0","0","2","3486","0","0","0","","NO","0.685"
"20260924","Food","Drinks","차음료","맥널티커피","SFSPA3","24752251","복숭아 아이스티 190mL 10팩","8804645005886","발주가능","정상","0","0","2","3486","0","0","0","","NO","0.685"
"20260924","Food","Drinks","차음료","맥널티커피","FC","24944267","맥널티 허니자몽 블랙티 대용량 파우치 1Lx6입","18804645005951","발주가능","정상","0","0","50","10252","0","0","0","","NO","0.685"
"20260924","Food","Drinks","차음료","맥널티커피","FC","24944268","맥널티 복숭아 아이스티 대용량 파우치 1Lx6입","18804645005944","발주가능","정상","0","0","53","10252","0","0","0","","NO","0.685"
"20260924","Food","Drinks","차음료","맥널티커피","FC","26889711","맥널티 제로칼로리 복숭아 아이스티 500ml 24입","18804645006101","발주가능","정상","0","1","207","12205","0","0","0","","NO","0.685"
"20260924","Food","Drinks","차음료","맥널티커피","FC","36669698","제로 아이스티 복숭아, 30개입, 13g","8804645006791","발주가능","정상","16","3","83","5850","0","0","0","","NO","0.685"
"20260924","Food","Drinks","차음료","맥널티커피","FC","36829225","맥널티 제로칼로리 청포도 아이스티 500mlx24입,","18804645006538","발주가능","정상","0","2","68","12205","0","0","0","","NO","0.685"
"20260924","Food","Drinks","차음료","맥널티커피","FC","36829226","제로 아이스티 청포도, 30개입, 13g 1개","8804645006807","발주가능","정상","0","1","50","5850","0","0","0","","NO","0.685"
"20260924","Food","Drinks","차음료","맥널티커피","FC","38262417","복숭아 아이스티 제로, 6개, 1L","18804645006873","발주가능","정상","0","1","31","10577","0","0","0","","NO","0.685"
"20260924","Food","Drinks","차음료","맥널티커피","FC","40520042","맥널티커피 복숭아 아이스티 제로 RTD, 30개, 240ml","18804645006835","발주가능","정상","0","2","280","8795","0","0","0","","NO","0.685"
"20260924","Food","Drinks","차음료","맥널티커피","FC","61673272","맥널티커피 복숭아 아이스티 제로, 1.5L, 1개","8804645006739","발주가능","정상","0","152","1379","1364","0","0","0","","NO","0.685"
"20260924","Food","Drinks","차음료","맥널티커피","RC","61673272","맥널티커피 복숭아 아이스티 제로, 1.5L, 1개","8804645006739","발주가능","정상","0","0","1248","1364","0","0","0","","NO","0.685"
"20260924","Food","Drinks","차음료","맥널티커피","SFSPA3","61673272","맥널티커피 복숭아 아이스티 제로, 1.5L, 1개","8804645006739","발주가능","정상","0","0","1","1364","0","0","0","","NO","0.685"
"20260924","Food","Drinks","차음료","맥널티커피","SFJEJ2","61673272","맥널티커피 복숭아 아이스티 제로, 1.5L, 1개","8804645006739","발주가능","정상","0","3","4","1364","0","0","0","","NO","0.685"
"20260924","Food","Drinks","차음료","맥널티커피","SFSPA3","73944650","맥널티 복숭아 아이스티 대용량 파우치, 1개, 2.1L","8804645007965","발주가능","정상","0","0","0","2413","0","0","0","","NO","0.685"
"20260924","Food","Drinks","차음료","맥널티커피","SFJEJ2","73944650","맥널티 복숭아 아이스티 대용량 파우치, 1개, 2.1L","8804645007965","발주가능","정상","0","0","1","2413","0","0","0","","NO","0.685"
"20260924","Food","Drinks","차음료","맥널티커피","FC","73944650","맥널티 복숭아 아이스티 대용량 파우치, 1개, 2.1L","8804645007965","발주가능","정상","188","64","1645","2413","0","0","0","","NO","0.685"
"20260924","Food","Drinks","차음료","맥널티커피","RC","73944650","맥널티 복숭아 아이스티 대용량 파우치, 1개, 2.1L","8804645007965","발주가능","정상","0","0","396","2413","0","0","0","","NO","0.685"
"20260924","Food","Drinks","차음료","맥널티커피","FC","75850021","맥널티 허니자몽 블랙티, 1L, 1개","8804645005954","발주가능","정상","0","10","171","1714","0","0","0","","NO","0.685"
"20260924","Food","Drinks","커피음료","맥널티커피","RC","24695530","아이스 헤이즐넛향 커피 190mL 10팩","8804645005879","발주가능","정상","0","0","273","3486","0","0","0","","NO","0.687"
"20260924","Food","Drinks","커피음료","맥널티커피","FC","24695530","아이스 헤이즐넛향 커피 190mL 10팩","8804645005879","발주가능","정상","0","28","88","3486","0","0","0","","NO","0.687"
"20260924","Food","Drinks","커피음료","맥널티커피","RC","24695531","아이스 아메리카노 스위트 190mL 10팩","8804645005862","발주가능","정상","0","0","1092","3486","0","0","0","","NO","0.687"
"20260924","Food","Drinks","커피음료","맥널티커피","FC","24695531","아이스 아메리카노 스위트 190mL 10팩","8804645005862","발주가능","정상","0","36","216","3486","0","0","0","","NO","0.687"
"20260924","Food","Drinks","커피음료","맥널티커피","SFJEJ2","24695531","아이스 아메리카노 스위트 190mL 10팩","8804645005862","발주가능","정상","0","0","0","3486","0","0","0","","NO","0.687"
"20260924","Food","Drinks","커피음료","맥널티커피","SFSPA3","24695531","아이스 아메리카노 스위트 190mL 10팩","8804645005862","발주가능","정상","0","0","6","3486","0","0","0","","NO","0.687"
"20260924","Food","Drinks","커피음료","맥널티커피","FC","24695532","아이스 아메리카노 블랙 190mL 10팩","8804645005855","발주가능","정상","0","27","470","3486","0","0","0","","NO","0.687"
"20260924","Food","Drinks","커피음료","맥널티커피","RC","24695532","아이스 아메리카노 블랙 190mL 10팩","8804645005855","발주가능","정상","0","0","273","3486","0","0","0","","NO","0.687"
"20260924","Food","Drinks","커피음료","맥널티커피","SFODD2","24695532","아이스 아메리카노 블랙 190mL 10팩","8804645005855","발주가능","정상","0","0","1","3486","0","0","0","","NO","0.687"
"20260924","Food","Drinks","커피음료","맥널티커피","FC","25484251","맥널티커피 아메리카노 스위트 1Lx6입","18804645005920","발주가능","정상","0","2","81","10252","0","0","0","","NO","0.687"
"20260924","Food","Drinks","커피음료","맥널티커피","FC","25484255","맥널티 아이스 아메리카노 블랙커피 대용량 파우치 1Lx6입","18804645005913","발주가능","정상","0","0","39","10252","0","0","0","","NO","0.687"
"20260924","Food","Drinks","커피음료","맥널티커피","FC","25484257","맥널티 아이스 헤이즐넛향 커피 대용량 파우치 1Lx6입","18804645005937","발주가능","정상","0","5","60","10252","0","0","0","","NO","0.687"
"20260924","Food","Drinks","커피음료","맥널티커피","FC","48466205","맥널티 대용량 제로슈가 스테비아 믹스커피 음료, 12개, 1L","18804645007290","발주가능","정상","0","10","121","17067","0","0","0","","NO","0.687"
"20260924","Food","Drinks","커피음료","맥널티커피","FC","54922706","맥널티 대용량 제로슈가 스테비아 믹스커피 음료, 1L, 6개","8804645007323","발주가능","정상","0","46","780","8805","0","0","0","","NO","0.687"
"20260924","Food","Drinks","커피음료","맥널티커피","RC","54922706","맥널티 대용량 제로슈가 스테비아 믹스커피 음료, 1L, 6개","8804645007323","발주가능","정상","0","0","160","8805","0","0","0","","NO","0.687"
"20260924","Food","Drinks","커피음료","맥널티커피","FC","68778940","맥널티 아이브루 아메리카노 블랙커피 12개 1L","18804645007306","발주가능","정상","0","74","3337","12205","0","0","0","","NO","0.687"
"20260924","Food","Drinks","커피음료","맥널티커피","RC","68778940","맥널티 아이브루 아메리카노 블랙커피 12개 1L","18804645007306","발주가능","정상","0","0","400","12205","0","0","0","","NO","0.687"
"20260924","Food","Drinks","커피음료","맥널티커피","FC","68778941","맥널티 아이브루 헤이즐넛향 블랙커피 12개 1L","18804645007504","발주가능","정상","0","19","330","12205","0","0","0","","NO","0.687"
"20260924","Food","Drinks","커피음료","맥널티커피","FC","68778942","아이브루 아메리카노 블랙커피 무라벨 400ML 20개","8804645007491","발주가능","정상","0","40","1327","12205","0","0","0","","NO","0.687"
"20260924","Food","Drinks","커피음료","맥널티커피","SFSPA3","73951791","맥널티 아이스 아메리카노 블랙 커피 대용량 파우치, 1개, 2.1L","8804645007958","발주가능","정상","0","0","43","2413","0","0","0","","NO","0.687"
"20260924","Food","Drinks","커피음료","맥널티커피","RC","73951791","맥널티 아이스 아메리카노 블랙 커피 대용량 파우치, 1개, 2.1L","8804645007958","발주가능","정상","0","0","10770","2413","0","0","0","","NO","0.687"
"20260924","Food","Drinks","커피음료","맥널티커피","FC","73951791","맥널티 아이스 아메리카노 블랙 커피 대용량 파우치, 1개, 2.1L","8804645007958","발주가능","정상","0","210","1735","2413","0","0","0","","NO","0.687"
"20260924","Food","Drinks","커피음료","맥널티커피","SFDCH1","73951791","맥널티 아이스 아메리카노 블랙 커피 대용량 파우치, 1개, 2.1L","8804645007958","발주가능","정상","0","0","2","2413","0","0","0","","NO","0.687"
"20260924","Food","Drinks","커피음료","맥널티커피","SFSPA3","75683093","맥널티 아이스 아메리카노 블랙 1리터, 1L, 1개","8804645005916","발주가능","정상","0","0","1","1714","0","0","0","","NO","0.687"
"20260924","Food","Drinks","커피음료","맥널티커피","FC","75683093","맥널티 아이스 아메리카노 블랙 1리터, 1L, 1개","8804645005916","발주가능","정상","0","21","1012","1714","0","0","0","","NO","0.687"
"20260924","Food","Drinks","커피음료","맥널티커피","SFJEJ2","75683093","맥널티 아이스 아메리카노 블랙 1리터, 1L, 1개","8804645005916","발주가능","정상","0","0","1","1714","0","0","0","","NO","0.687"
"20260924","Food","Drinks","커피음료","맥널티커피","FC","75694561","맥널티커피 아이스 아메리카노 헤이즐넛, 1개, 1L","8804645005930","발주가능","정상","0","24","1512","1714","0","0","0","","NO","0.687"
"20260924","Food","Drinks","커피음료","맥널티커피","FC","75765043","맥널티 아이스아메리카노 스위트, 1개, 1L","8804645005923","발주가능","정상","0","29","1407","1714","0","0","0","","NO","0.687"
"20260924","Food","Drinks","커피음료","맥널티커피","FC","76540319","맥널티 호랭이 마일드 라떼 캔커피, 30개, 175ml","18804645008013","발주가능","정상","0","47","646","8523","0","0","0","","NO","0.687"
"20260924","Food","Drinks","커피음료","맥널티커피","SFJEJ2","77572705","맥널티 아이스 아메리카노 헤이즐넛, 1개, 2.1L","8804645008030","발주가능","정상","0","0","8","2413","0","0","0","","NO","0.687"
"20260924","Food","Drinks","커피음료","맥널티커피","FC","77572705","맥널티 아이스 아메리카노 헤이즐넛, 1개, 2.1L","8804645008030","발주가능","정상","0","82","884","2413","0","0","0","","NO","0.687"
"20260924","Food","Drinks","커피음료","맥널티커피","SFSPA3","77572705","맥널티 아이스 아메리카노 헤이즐넛, 1개, 2.1L","8804645008030","발주가능","정상","0","0","16","2413","0","0","0","","NO","0.687"
"20260924","Food","Drinks","커피음료","맥널티커피","RC","77572705","맥널티 아이스 아메리카노 헤이즐넛, 1개, 2.1L","8804645008030","발주가능","정상","0","0","778","2413","0","0","0","","NO","0.687"
"20260924","Food","Drinks","커피음료","아이브루","FC","70253954","아이브루 디카페인 아메리카노 블랙커피 무라벨, 20개, 400ml","8804645007903","발주가능","정상","0","31","381","13500","0","0","0","","NO","0.687"
"20260924","Kitchen","Tools & Gadgets","드립주전자/포트","맥널티커피","FC","15333511","맥널티 드립 주전자 350ml","8804645004490","발주가능","정상","18","1","45","5044","0","0","0","","NO","0.776"
"20260924","Kitchen","Tools & Gadgets","커피필터/여과지","맥널티","SFJEJ2","12491225","맥널티 핸드드립 커피필터 30개입","8804645300950","발주가능","정상","0","0","2","2642","0","0","0","","NO","0.500"
"20260924","Kitchen","Tools & Gadgets","커피필터/여과지","맥널티","FC","12491225","맥널티 핸드드립 커피필터 30개입","8804645300950","발주가능","정상","0","39","817","2642","0","0","0","","NO","0.500"
"20260923","CE","Kitchen Appliance","커피머신","맥널티커피","FC","31602405","맥널티 2in1 핫앤콜드 진공추출 커피메이커 MCM-065B MCM-065B","8804645006296","발주가능","정상","7","0","18","30859","0","0","0","","NO","0.783"
"20260923","Food","Coffee & Tea","기타전통차","맥널티커피","FC","39149736","맥널티 스테비아 침향 쌍화차, 1개, 30개입, 450g","8804645006913","발주가능","정상","0","0","91","8536","0","0","0","","NO","0.728"
"20260923","Food","Coffee & Tea","기타전통차","맥널티커피","FC","41175263","맥널티커피 스테비아 꿀 유자차, 1개, 30개입, 450g","8804645006951","발주가능","정상","0","2","54","7388","0","0","0","","NO","0.728"
"20260923","Food","Coffee & Tea","둥글레/옥수수/보리/결명자차","맥널티커피","FC","76230458","맥널티 진 보리차 1개 1kg","8804645007996","발주가능","정상","0","0","25","15209","0","0","0","","NO","0.608"
"20260923","Food","Coffee & Tea","드립백/티백","맥널티","FC","3067432","산지별 콜롬비아 슈프리모 핸드드립커피 7개입","8804645000324","발주가능","정상","0","16","204","3043","0","0","0","","NO","0.725"
"20260923","Food","Coffee & Tea","드립백/티백","맥널티","FC","10003518","케냐 AA 핸드드립 블렌드 24개입","8804645000720","발주가능","정상","180","10","218","6068","0","0","0","","NO","0.725"
"20260923","Food","Coffee & Tea","드립백/티백","맥널티커피","FC","3067429","산지별 브라질 세라도 NY2 핸드드립커피 7개입","8804645000300","발주가능","정상","0","2","28","2887","0","0","0","","NO","0.725"
"20260923","Food","Coffee & Tea","드립백/티백","맥널티커피","FC","3067430","산지별 케냐 AA 핸드드립커피 7개입","8804645000355","발주가능","정상","0","16","20","3062","0","0","0","","NO","0.725"
"20260923","Food","Coffee & Tea","드립백/티백","맥널티커피","FC","3067433","산지별 에티오피아 코케 허니 핸드드립커피 7개입","8804645000348","발주가능","정상","0","3","116","2910","0","0","0","","NO","0.725"
"20260923","Food","Coffee & Tea","드립백/티백","맥널티커피","FC","3067434","산지별 에티오피아 예가체프 핸드드립커피 7개입","8804645000331","발주가능","정상","0","10","18","3184","0","0","0","","NO","0.725"
"20260923","Food","Coffee & Tea","드립백/티백","맥널티커피","FC","10003517","콜롬비아 핸드드립 블렌드 24개입","8804645000713","발주가능","정상","0","16","134","5977","0","0","0","","NO","0.725"
"20260923","Food","Coffee & Tea","드립백/티백","맥널티커피","FC","23400108","맥널티 디카페인100% 핸드드립 원두커피 24개입","8804645005732","발주가능","정상","0","8","48","9395","0","0","0","","NO","0.725"
"20260923","Food","Coffee & Tea","드립백/티백","맥널티커피","FC","37713094","맥널티 핸드드립커피 케냐AA(더블에이) 36개입, 8g, 1개","8804645006616","발주가능","정상","0","3","45","11759","0","0","0","","NO","0.725"
"20260923","Food","Coffee & Tea","드립백/티백","맥널티커피","FC","37713095","맥널티 핸드드립커피 에티오피아 예가체프 36개입, 8g, 1개","8804645006623","발주가능","정상","0","1","26","10577","0","0","0","","NO","0.725"
"20260923","Food","Coffee & Tea","드립백/티백","맥널티커피","FC","41391235","맥널티 행복을주는커피 시그니처 블렌드 핸드드립 커피 20개입, 1개, 8g","8804645003653","발주가능","정상","0","11","137","6795","0","0","0","","NO","0.725"
"20260923","Food","Coffee & Tea","드립백/티백","맥널티커피","FC","62821923","맥널티 핸드드립 커피 에티오피아 예가체프 8g 24개입 1개","8804645006920","발주가능","정상","0","0","3","9679","0","0","0","","YES","0.725"
"20260923","Food","Coffee & Tea","드립백/티백","맥널티커피","FC","68147033","베니스브루 스페셜티 핸드드립 가향 커피 오렌지 벨벳, 1개, 7개입, 12g","8804645007712","발주가능","정상","0","0","25","5143","0","0","0","","NO","0.725"
"20260923","Food","Coffee & Tea","드립백/티백","맥널티커피","FC","68147034","베니스브루 스페셜티 핸드드립 가향 커피 쇼콜라 모카, 1개, 7개입, 12g","8804645007729","발주가능","정상","0","1","24","5143","0","0","0","","NO","0.725"
"20260923","Food","Coffee & Tea","드립백/티백","맥널티커피","FC","68777449","베니스브루 베리 블로썸 드립백 커피 12g 1개 7개입","8804645007705","발주가능","정상","0","0","32","5143","0","0","0","","NO","0.725"
"20260923","Food","Coffee & Tea","라떼분말","맥널티커피","FC","34834818","맥널티 스테비아 제로슈가 핫초코 라떼 30개입 15g","8804645006340","발주가능","정상","0","12","541","7500","0","0","0","","NO","0.589"
"20260923","Food","Coffee & Tea","라떼분말","맥널티커피","FC","51063548","스테비아 단백질 옥수수 크림 라떼, 1개, 20개입, 18g","8804645007330","발주가능","정상","0","0","24","5850","0","0","0","","NO","0.589"
"20260923","Food","Coffee & Tea","라떼분말","맥널티커피","FC","51164938","스테비아 단백질 고구마 크림 라떼, 1개, 20개입, 18g","8804645007347","발주가능","정상","0","2","8","5850","0","0","0","","NO","0.589"
"20260923","Food","Coffee & Tea","원두","N_A","FC","76443755","맥널티 브라질 세라도 NY.2 원두 1kg, 1개","8804645006425","발주가능","정상","0","3","228","17609","0","0","0","","NO","0.897"
"20260923","Food","Coffee & Tea","원두","맥널티커피","FC","45570","맥널티_헤이즐넛원두분쇄커피_226G","8804645100208","발주가능","정상","0","71","2191","5000","0","0","0","","NO","0.897"
"20260923","Food","Coffee & Tea","원두","맥널티커피","RC","45570","맥널티_헤이즐넛원두분쇄커피_226G","8804645100208","발주가능","정상","0","0","2176","5000","0","0","0","","NO","0.897"
"20260923","Food","Coffee & Tea","원두","맥널티커피","SFJEJ2","45572","맥널티_헤이즐넛원두분쇄커피_500G","8804645100468","발주가능","정상","0","0","2","7960","0","0","0","","NO","0.897"
"20260923","Food","Coffee & Tea","원두","맥널티커피","SFSPA3","45572","맥널티_헤이즐넛원두분쇄커피_500G","8804645100468","발주가능","정상","0","0","1","7960","0","0","0","","NO","0.897"
"20260923","Food","Coffee & Tea","원두","맥널티커피","FC","45572","맥널티_헤이즐넛원두분쇄커피_500G","8804645100468","발주가능","정상","0","32","1074","7960","0","0","0","","NO","0.897"
"20260923","Food","Coffee & Tea","원두","맥널티커피","RC","45572","맥널티_헤이즐넛원두분쇄커피_500G","8804645100468","발주가능","정상","0","0","640","7960","0","0","0","","NO","0.897"
"20260923","Food","Coffee & Tea","원두","맥널티커피","FC","45573","맥널티_블루마운틴스타일원두분쇄커피_500G","8804645100451","발주가능","정상","0","22","623","11091","0","0","0","","NO","0.897"
"20260923","Food","Coffee & Tea","원두","맥널티커피","FC","5344648","맥널티 원두 에스프레소 블랙 1개, 1kg","8804645001239","발주불가","단종","0","0","1","9156","0","0","0","","YES","0.897"
"20260923","Food","Coffee & Tea","원두","맥널티커피","FC","10147177","맥널티 홀빈 블루마운틴 1000g","8804645006302","발주가능","정상","0","3","199","15715","0","0","0","","NO","0.897"
"20260923","Food","Coffee & Tea","원두","맥널티커피","FC","10147180","맥널티 행복을 주는 커피 헤이즐넛향 1kg 홀빈","8804645100185","발주가능","정상","0","6","165","15244","0","0","0","","NO","0.897"
"20260923","Food","Coffee & Tea","원두","맥널티커피","RC","10812901","맥널티 베트남 로부스타 원두커피 1kg","8804645003066","발주가능","정상","0","0","400","11700","0","0","0","","NO","0.897"
"20260923","Food","Coffee & Tea","원두","맥널티커피","SFJEJ2","10812901","맥널티 베트남 로부스타 원두커피 1kg","8804645003066","발주가능","정상","0","1","0","11700","0","0","0","","NO","0.897"
"20260923","Food","Coffee & Tea","원두","맥널티커피","FC","10812901","맥널티 베트남 로부스타 원두커피 1kg","8804645003066","발주가능","정상","0","27","299","11700","0","0","0","","NO","0.897"
"20260923","Food","Coffee & Tea","원두","맥널티커피","FC","11849981","행복을 주는 커피 블루마운틴 블렌드 분쇄 원두 커피 1kg","8804645003486","발주가능","정상","0","6","88","16364","0","0","0","","NO","0.897"
"20260923","Food","Coffee & Tea","원두","맥널티커피","RC","12521866","맥널티 행복을 주는 커피 시그니처 헤이즐넛향 원두 커피 1Kg","8804645003493","발주가능","정상","0","0","648","16364","0","0","0","","NO","0.897"
"20260923","Food","Coffee & Tea","원두","맥널티커피","FC","12521866","맥널티 행복을 주는 커피 시그니처 헤이즐넛향 원두 커피 1Kg","8804645003493","발주가능","정상","0","16","64","16364","0","0","0","","NO","0.897"
"20260923","Food","Coffee & Tea","원두","맥널티커피","FC","13277718","맥널티 행복을 주는 커피 브라질 산토스 1kg","8804645003936","발주가능","정상","0","10","70","14091","0","0","0","","NO","0.897"
"20260923","Food","Coffee & Tea","원두","맥널티커피","FC","13277719","맥널티 행복을 주는 커피 콜롬비아 블렌드 1kg","8804645003929","발주가능","정상","0","18","322","15599","0","0","0","","NO","0.897"
"20260923","Food","Coffee & Tea","원두","맥널티커피","FC","37733154","맥널티 원두 홀빈(분쇄안함) 마일드 미디움 블렌드 200g, 1개","8804645005374","발주가능","정상","0","0","19","5791","0","0","0","","NO","0.897"
"20260923","Food","Coffee & Tea","원두","맥널티커피","FC","38710869","맥널티 홀빈 커피원두, 마일드 미디움 블렌드 1kg, 1개","8804645005329","발주가능","정상","0","1","7","16364","0","0","0","","NO","0.897"
"20260923","Food","Coffee & Tea","원두","맥널티커피","FC","38710870","맥널티 홀빈 커피원두, 콜롬비아 안데스 오리진 1kg, 1개","8804645005343","발주가능","정상","0","1","41","16364","0","0","0","","NO","0.897"
"20260923","Food","Coffee & Tea","원두","맥널티커피","FC","38710872","맥널티 홀빈 커피원두, 시그니처 블렌드 1kg, 1개","8804645005312","발주가능","정상","0","0","68","16364","0","0","0","","NO","0.897"
"20260923","Food","Coffee & Tea","원두","맥널티커피","FC","38813491","맥널티 홀빈 원두 1KG, 브라질 산토스 내추럴, 1개","8804645005350","발주가능","정상","0","10","81","11364","0","0","0","","NO","0.897"
"20260923","Food","Coffee & Tea","원두","맥널티커피","FC","38919334","맥널티 에티오피아 예가체프 홀빈 원두, 1kg, 1개","8804645006852","발주가능","정상","0","5","49","16364","0","0","0","","NO","0.897"
"20260923","Food","Coffee & Tea","원두","맥널티커피","FC","39616644","맥널티 예맨 모카 블렌드 커피 원두, 홀빈(분쇄안함), 500g, 1개","8804645006692","발주가능","정상","0","1","12","11400","0","0","0","","NO","0.897"
"20260923","Food","Coffee & Tea","원두","맥널티커피","FC","39616645","맥널티 시그니처 디카페인 커피 원두, 홀빈(분쇄안함), 500g, 1개","8804645006937","발주가능","정상","0","5","224","12545","0","0","0","","NO","0.897"
"20260923","Food","Coffee & Tea","원두","맥널티커피","FC","39616646","맥널티 게이샤 블렌드 커피 원두, 홀빈(분쇄안함), 500g, 1개","8804645006708","발주가능","정상","0","1","29","11400","0","0","0","","NO","0.897"
"20260923","Food","Coffee & Tea","원두","맥널티커피","FC","39616647","맥널티 하와이안 코나 블렌드 커피 원두, 홀빈(분쇄안함), 500g, 1개","8804645006685","발주가능","정상","0","1","19","11400","0","0","0","","NO","0.897"
"20260923","Food","Coffee & Tea","원두","맥널티커피","FC","48074657","맥널티 브라질 세라도 분쇄 원두 커피, 1개, 500g","8804645007262","발주가능","정상","0","2","47","9395","0","0","0","","NO","0.897"
"20260923","Food","Coffee & Tea","원두","맥널티커피","FC","48074658","맥널티 콜롬비아 안데스 분쇄 원두 커피, 1개, 500g","8804645007255","발주가능","정상","0","4","46","9986","0","0","0","","NO","0.897"
"20260923","Food","Coffee & Tea","원두","맥널티커피","FC","48074659","맥널티 에티오피아 예가체프 분쇄 원두 커피, 1개, 500g","8804645007231","발주가능","정상","0","3","153","9986","0","0","0","","NO","0.897"
"20260923","Food","Coffee & Tea","원두","맥널티커피","FC","58681130","콜롬비아 안데스 오리진 분쇄 커피 원두 1개 226g 핸드드립","8804645007552","발주가능","정상","0","5","20","7159","0","0","0","","NO","0.897"
"20260923","Food","Coffee & Tea","원두","맥널티커피","FC","58681131","브라질 산토스 오리진 분쇄 커피 원두, 226g, 1개, 핸드드립","8804645007545","발주가능","정상","0","1","11","7159","0","0","0","","NO","0.897"
"20260923","Food","Coffee & Tea","원두","맥널티커피","FC","58765770","디카페인 헤이즐넛향 분쇄 커피 원두, 1개, 226g, 핸드드립","8804645007538","발주가능","정상","0","8","85","8018","0","0","0","","NO","0.897"
"20260923","Food","Coffee & Tea","원두","맥널티커피","FC","58850533","하와이안 코나 블렌드 분쇄 커피 원두, 1개, 226g, 핸드드립","8804645007521","발주가능","정상","0","3","9","7732","0","0","0","","NO","0.897"
"20260923","Food","Coffee & Tea","원두","맥널티커피","FC","71777603","투비 다크 블랙 블렌드 홀빈 원두 커피, 1kg, 홀빈(분쇄안함), 1개","8804645007989","발주가능","정상","0","1","136","13115","0","0","0","","NO","0.897"
"20260923","Food","Coffee & Tea","원두","맥널티커피","FC","76697770","투비커피 너티초코 아메리카노 블렌드 홀빈 원두 커피, 1kg, 홀빈(분쇄안함), 1개","8804645008047","발주가능","정상","0","0","38","17125","0","0","0","","NO","0.897"
"20260923","Food","Coffee & Tea","원두커피믹스","맥널티","FC","10003529","아이브루 클래식 100T","8804645002465","발주불가","규격 외","0","0","1","6068","0","0","0","","NO","0.583"
"20260923","Food","Coffee & Tea","원두커피믹스","맥널티","FC","11019882","맥널티 아이브루 다크 블렌드 200T","8804645003219","발주가능","정상","0","3","8","13096","0","0","0","","NO","0.583"
"20260923","Food","Coffee & Tea","원두커피믹스","맥널티커피","FC","11019883","맥널티 아이브루 모카 블랙 200T","8804645003226","발주가능","정상","0","6","30","11687","0","0","0","","NO","0.583"
"20260923","Food","Coffee & Tea","원두커피믹스","맥널티커피","FC","13777565","맥널티 아이브루 모카블랙 70T","8804645003912","발주가능","정상","0","0","37","6519","0","0","0","","NO","0.583"
"20260923","Food","Coffee & Tea","원두커피믹스","맥널티커피","SFJEJ2","15720531","콜롬비아 블랙 100개입","8804645002861","발주가능","정상","0","0","6","6345","0","0","0","","NO","0.583"
"20260923","Food","Coffee & Tea","원두커피믹스","맥널티커피","FC","15720531","콜롬비아 블랙 100개입","8804645002861","발주가능","정상","0","34","330","6345","0","0","0","","NO","0.583"
"20260923","Food","Coffee & Tea","원두커피믹스","맥널티커피","FC","26477367","맥널티 리얼 에스프레소샷 블랙 액상스틱커피 15mlx30개입","8804645006029","발주가능","정상","0","16","332","7388","0","0","0","","NO","0.583"
"20260923","Food","Coffee & Tea","원두커피믹스","맥널티커피","FC","62672352","맥널티 아이브루 플러스 스위트 블랙 원두커피믹스 80개입 2.8g","8804645007620","발주가능","정상","0","1","27","7961","0","0","0","","NO","0.583"
"20260923","Food","Coffee & Tea","원두커피믹스","맥널티커피","FC","67975031","호랭이 커피 오곡향 블랙, 1개, 20개입, 1g","8804645007781","발주가능","정상","0","26","212","2806","0","0","0","","NO","0.583"
"20260923","Food","Coffee & Tea","원두커피믹스","맥널티커피","FC","71629331","맥널티 갓성비 아메리카노 블랙커피, 1개, 100개입, 2g","8804645007873","발주가능","정상","0","50","598","8534","0","0","0","","NO","0.583"
"20260923","Food","Coffee & Tea","원두커피믹스","아이브루","FC","36903434","맥널티 아이브루 플러스 헤이즐넛 블랙커피 100개입","8804645006395","발주가능","정상","0","70","691","7623","0","0","0","","NO","0.583"
"20260923","Food","Coffee & Tea","원두커피믹스","아이브루","SFJEJ2","36903434","맥널티 아이브루 플러스 헤이즐넛 블랙커피 100개입","8804645006395","발주가능","정상","0","0","2","7623","0","0","0","","NO","0.583"
"20260923","Food","Coffee & Tea","원두커피믹스","아이브루","FC","36903435","맥널티 아이브루 플러스 오리지널 블랙커피 100개입","8804645006388","발주불가","규격 외","0","0","276","7623","0","0","0","","NO","0.583"
"20260923","Food","Coffee & Tea","원두커피믹스","아이브루","FC","46534985","아이브루 플러스 디카페인 아메리카노 블랙커피, 1개, 80개입, 80g","8804645007118","발주가능","정상","0","15","269","7964","0","0","0","","NO","0.583"
"20260923","Food","Coffee & Tea","원두커피믹스","아이브루","SFJEJ2","56760693","아이브루 플러스 디카페인 블랙커피 헤이즐넛향 (1g x 80개입), 1개","8804645007453","발주가능","정상","0","0","2","7961","0","0","0","","NO","0.583"
"20260923","Food","Coffee & Tea","원두커피믹스","아이브루","FC","56760693","아이브루 플러스 디카페인 블랙커피 헤이즐넛향 (1g x 80개입), 1개","8804645007453","발주가능","정상","80","52","564","7961","0","0","0","","NO","0.583"
"20260923","Food","Coffee & Tea","원두커피믹스","프라이빗클럽","FC","10837643","맥널티 병커피 헤이즐넛향 50gx10개","19311931309161","발주가능","정상","0","2","131","23000","0","0","0","","NO","0.583"
"20260923","Food","Coffee & Tea","원두커피믹스","프라이빗클럽","FC","12091997","Box_입소문난 아이리쉬 50G 10병","19311931311164","발주가능","정상","0","0","25","18625","0","0","0","","NO","0.583"
"20260923","Food","Coffee & Tea","원두커피믹스","프라이빗클럽","FC","52625820","맥널티 인스턴트 원두 병커피 에스프레소 블랙 50g 1개","9311931902167","발주가능","정상","0","26","260","3486","0","0","0","","NO","0.583"
"20260923","Food","Coffee & Tea","율무/견과차","맥널티","SFDCH1","64842417","티브루 호박팥차 진액 10ml 30개입 1개","8804645007675","발주가능","정상","0","0","2","5259","0","0","0","","NO","0.709"
"20260923","Food","Coffee & Tea","율무/견과차","맥널티","SFJEJ2","64842417","티브루 호박팥차 진액 10ml 30개입 1개","8804645007675","발주가능","정상","0","3","4","5259","0","0","0","","NO","0.709"
"20260923","Food","Coffee & Tea","율무/견과차","맥널티","FC","64842417","티브루 호박팥차 진액 10ml 30개입 1개","8804645007675","발주가능","정상","0","29","1023","5259","0","0","0","","NO","0.709"
"20260923","Food","Coffee & Tea","율무/견과차","맥널티커피","FC","39149735","맥널티 스테비아 제로슈가 호두 아몬드 율무차, 1개, 30개입, 450g","8804645006906","발주가능","정상","0","2","165","6815","0","0","0","","NO","0.709"
"20260923","Food","Coffee & Tea","차세트","맥널티커피","FC","78654824","[2026 추석세트] 맥널티 스테비아 전통차 선물세트, 1세트, 율무차(30개) + 쌍화차(30개)","8804645008092","발주가능","정상","0","1","331","19091","0","0","0","","NO","0.905"
"20260923","Food","Coffee & Tea","커피믹스","맥널티커피","SFSPA3","45571","맥널티_ 자메이카 블루마운틴 블렌드_226G","8804645100215","발주가능","정상","0","0","1","5000","0","0","0","","NO","0.719"
"20260923","Food","Coffee & Tea","커피믹스","맥널티커피","FC","45571","맥널티_ 자메이카 블루마운틴 블렌드_226G","8804645100215","발주가능","정상","0","58","1013","5000","0","0","0","","NO","0.719"
"20260923","Food","Coffee & Tea","커피믹스","맥널티커피","RC","45571","맥널티_ 자메이카 블루마운틴 블렌드_226G","8804645100215","발주가능","정상","0","0","512","5000","0","0","0","","NO","0.719"
"20260923","Food","Coffee & Tea","커피믹스","맥널티커피","FC","25240400","맥널티 스테비아 커피믹스 100개입","8804645006067","발주가능","정상","0","90","541","12941","0","0","0","","NO","0.719"
"20260923","Food","Coffee & Tea","커피믹스","맥널티커피","RC","25240400","맥널티 스테비아 커피믹스 100개입","8804645006067","발주가능","정상","0","0","2160","12941","0","0","0","","NO","0.719"
"20260923","Food","Coffee & Tea","커피믹스","맥널티커피","SFJEJ2","25240400","맥널티 스테비아 커피믹스 100개입","8804645006067","발주가능","정상","0","1","2","12941","0","0","0","","NO","0.719"
"20260923","Food","Coffee & Tea","커피믹스","맥널티커피","SFODD4","25240402","맥널티 스테비아 커피믹스 30개입","8804645006074","발주가능","정상","0","0","0","4827","0","0","0","","NO","0.719"
"20260923","Food","Coffee & Tea","커피믹스","맥널티커피","FC","25240402","맥널티 스테비아 커피믹스 30개입","8804645006074","발주가능","정상","0","34","187","4827","0","0","0","","NO","0.719"
"20260923","Food","Coffee & Tea","커피믹스","맥널티커피","FC","29461862","맥널티 아메리카노 아이스 블랙 100개입","8804645006081","발주가능","정상","0","17","475","5850","0","0","0","","NO","0.719"
"20260923","Food","Coffee & Tea","커피믹스","맥널티커피","RC","38933766","맥널티커피 스테비아 디카페인 커피믹스, 1개, 100개입 9.5g","8804645006890","발주가능","정상","0","0","720","18850","0","0","0","","NO","0.719"
"20260923","Food","Coffee & Tea","커피믹스","맥널티커피","FC","38933766","맥널티커피 스테비아 디카페인 커피믹스, 1개, 100개입 9.5g","8804645006890","발주가능","정상","0","31","398","18850","0","0","0","","NO","0.719"
"20260923","Food","Coffee & Tea","커피믹스","맥널티커피","FC","40806729","맥널티 스테비아 디카페인 커피믹스, 1개, 30개입, 285g","8804645006777","발주가능","정상","0","13","530","7027","0","0","0","","NO","0.719"
"20260923","Food","Coffee & Tea","커피믹스","맥널티커피","FC","46730880","산양유 단백질 프로틴 스테비아 커피믹스, 1개, 30개입, 300g","8804645007194","발주가능","정상","0","1","41","6243","0","0","0","","NO","0.719"
"20260923","Food","Coffee & Tea","커피믹스","맥널티커피","FC","47303765","산양유 단백질 프로틴 스테비아 커피믹스, 1개, 100개입, 1000g","8804645007187","발주가능","정상","0","8","212","19988","0","0","0","","NO","0.719"
"20260923","Food","Coffee & Tea","커피믹스","맥널티커피","FC","56214466","맥널티커피 아이브루 바닐라 라떼,12g x 100개입(스틱), 1200g , 1개","8804645007460","발주가능","정상","0","8","76","12543","0","0","0","","NO","0.719"
"20260923","Food","Coffee & Tea","커피믹스","맥널티커피","FC","56214467","맥널티커피 아이브루 카라멜 마끼아또, 12g x 100개입(스틱), 1200g , 1개","8804645007484","발주가능","정상","0","10","65","12543","0","0","0","","NO","0.719"
"20260923","Food","Coffee & Tea","커피믹스","맥널티커피","FC","63447822","스테비아 커피믹스 헤이즐넛향 9.5g 30개입 1개","8804645007637","발주가능","정상","120","16","201","4827","0","0","0","","NO","0.719"
"20260923","Food","Coffee & Tea","커피믹스","맥널티커피","FC","64859139","맥널티 스테비아 솔티드 카라멜 커피믹스 10g 1개 30개입","8804645007668","발주가능","정상","0","3","90","5670","0","0","0","","NO","0.719"
"20260923","Food","Coffee & Tea","커피믹스","맥널티커피","FC","69526598","맥널티 갓성비 제로슈가 커피믹스, 1개, 80개입, 9g","8804645007842","발주가능","정상","0","21","742","8805","0","0","0","","NO","0.719"
"20260923","Food","Coffee & Tea","커피믹스","맥널티커피","FC","69634259","맥널티커피 스테비아 커피믹스 헤이즐넛향, 9.5g, 100개입, 1개","8804645007811","발주가능","정상","0","5","13","14261","0","0","0","","NO","0.719"
"20260923","Food","Coffee & Tea","커피믹스","맥널티커피","FC","71115721","호랭이 커피믹스 고소한 오곡향, 1개, 160개입, 9.5g","8804645007880","발주가능","정상","0","9","42","14261","0","0","0","","NO","0.719"
"20260923","Food","Coffee & Tea","커피믹스","맥널티커피","FC","71115722","호랭이 커피믹스 고소한 오곡향, 1개, 20개입, 9.5g","8804645007897","발주가능","정상","0","8","75","2806","0","0","0","","NO","0.719"
"20260923","Food","Coffee & Tea","커피믹스","아이브루","FC","2341900","맥널티 iBrew 미니 헤이즐넛향 200개입(200g)","8804645000515","발주가능","정상","0","23","709","9917","0","0","0","","NO","0.719"
"20260923","Food","Coffee & Tea","커피믹스","아이브루","SFJEJ2","2341900","맥널티 iBrew 미니 헤이즐넛향 200개입(200g)","8804645000515","발주가능","정상","0","1","1","9917","0","0","0","","NO","0.719"
"20260923","Food","Coffee & Tea","커피믹스","아이브루","SFODD2","2341900","맥널티 iBrew 미니 헤이즐넛향 200개입(200g)","8804645000515","발주가능","정상","0","0","2","9917","0","0","0","","NO","0.719"
"20260923","Food","Coffee & Tea","커피믹스","아이브루","RC","2341900","맥널티 iBrew 미니 헤이즐넛향 200개입(200g)","8804645000515","발주가능","정상","0","0","1080","9917","0","0","0","","NO","0.719"
"20260923","Food","Coffee & Tea","커피믹스","아이브루","FC","3067423","아이브루 헤이즐넛향 70개입","8804645000706","발주가능","정상","0","10","189","4025","0","0","0","","NO","0.719"
"20260923","Food","Coffee & Tea","커피믹스","아이브루","FC","3067424","아이브루 케냐AA 블렌드 70개입","8804645000690","발주가능","정상","0","7","76","6205","0","0","0","","NO","0.719"
"20260923","Food","Coffee & Tea","커피믹스","아이브루","FC","3067425","아이브루 예가체프 블렌드 70개입","8804645000683","발주가능","정상","0","1","32","6205","0","0","0","","NO","0.719"
"20260923","Food","Coffee & Tea","커피믹스","프라이빗클럽","FC","3067426","인스턴트 병커피 아이리쉬크림 50g","9311931901160","발주가능","정상","0","4","65","3322","0","0","0","","NO","0.719"
"20260923","Food","Coffee & Tea","커피믹스","프라이빗클럽","FC","3067428","인스턴트 병커피 헤이즐넛향 50g","9311931105162","발주가능","정상","0","107","3734","2300","0","0","0","","NO","0.719"
"20260923","Food","Coffee & Tea","커피세트","맥널티커피","FC","26870612","[2026 추석세트] 맥널티 핸드드립 버라이어티세트 30개입","8804645006258","발주가능","정상","0","22","1228","9395","0","0","0","","NO","0.907"
"20260923","Food","Coffee & Tea","커피세트","맥널티커피","FC","54651094","인스턴트 원두 병커피 맥널티커피 선물세트 50g x 4개입(에스프레소 2병+헤이즐넛 2병), 1세트","8804645007408","발주가능","정상","0","0","0","15305","0","0","0","","YES","0.907"
"20260923","Food","Drinks","과일음료","맥널티커피","FC","24752132","청포도 에이드 190mL 10팩","8804645005893","발주가능","정상","0","31","383","3486","0","0","0","","NO","0.796"
"20260923","Food","Drinks","과일음료","맥널티커피","RC","24752132","청포도 에이드 190mL 10팩","8804645005893","발주가능","정상","0","0","273","3486","0","0","0","","NO","0.796"
"20260923","Food","Drinks","과일음료","맥널티커피","SFJEJ2","24752132","청포도 에이드 190mL 10팩","8804645005893","발주가능","정상","0","0","1","3486","0","0","0","","NO","0.796"
"20260923","Food","Drinks","과일음료","맥널티커피","FC","24752250","블루레몬 에이드 190mL 10팩","8804645005909","발주가능","정상","0","7","379","3486","0","0","0","","NO","0.796"
"20260923","Food","Drinks","과일음료","맥널티커피","RC","24752250","블루레몬 에이드 190mL 10팩","8804645005909","발주가능","정상","0","0","237","3486","0","0","0","","NO","0.796"
"20260923","Food","Drinks","과일음료","맥널티커피","FC","45580036","맥널티 청매실 에이드 190ml*10개입","8804645007071","발주가능","정상","0","5","150","3486","0","0","0","","NO","0.796"
"20260923","Food","Drinks","농축액(음료베이스)","맥널티","FC","51983601","물 한방울 섞이지 않은 김토끼 유기농 레몬즙, 10개, 20g","8804645007361","발주가능","정상","0","0","51","4077","0","0","0","","NO","0.709"
"20260923","Food","Drinks","농축액(음료베이스)","맥널티","FC","58338694","티브루 보리차 원액 간편 액상스틱 진액, 30개, 10ml","8804645007590","발주가능","정상","0","31","1515","5259","0","0","0","","NO","0.709"
"20260923","Food","Drinks","농축액(음료베이스)","맥널티","FC","58338695","티브루 옥수수수염차 원액 간편 액상스틱 진액, 30개, 10ml","8804645007606","발주가능","정상","0","15","698","5259","0","0","0","","NO","0.709"
"20260923","Food","Drinks","농축액(음료베이스)","맥널티","FC","58338696","티브루 헛개수 원액 간편 액상스틱 진액, 30개, 10ml","8804645007613","발주가능","정상","0","26","429","5259","0","0","0","","NO","0.709"
"20260923","Food","Drinks","농축액(음료베이스)","맥널티커피","FC","62882483","티브루 보리차 진액, 1개, 400g","8804645007651","발주가능","정상","0","6","32","7623","0","0","0","","NO","0.709"
"20260923","Food","Drinks","농축액(음료베이스)","맥널티커피","FC","71636537","맥널티 티브루 호박팥차 무라벨, 20개, 500ml","8804645007934","발주가능","정상","132","20","336","8795","0","0","0","","YES","0.709"
"20260923","Food","Drinks","야채음료","맥널티커피","FC","48914233","맥널티 유자 에이드 190ml 10개","8804645007217","발주가능","정상","0","9","223","3486","0","0","0","","NO","0.609"
"20260923","Food","Drinks","차음료","맥널티커피","RC","24752251","복숭아 아이스티 190mL 10팩","8804645005886","발주가능","정상","0","0","258","3486","0","0","0","","NO","0.687"
"20260923","Food","Drinks","차음료","맥널티커피","SFSPA3","24752251","복숭아 아이스티 190mL 10팩","8804645005886","발주가능","정상","0","0","2","3486","0","0","0","","NO","0.687"
"20260923","Food","Drinks","차음료","맥널티커피","FC","24752251","복숭아 아이스티 190mL 10팩","8804645005886","발주가능","정상","0","28","63","3486","0","0","0","","NO","0.687"
"20260923","Food","Drinks","차음료","맥널티커피","SFDCH1","24752251","복숭아 아이스티 190mL 10팩","8804645005886","발주가능","정상","0","0","2","3486","0","0","0","","NO","0.687"
"20260923","Food","Drinks","차음료","맥널티커피","FC","24944267","맥널티 허니자몽 블랙티 대용량 파우치 1Lx6입","18804645005951","발주가능","정상","0","1","50","10252","0","0","0","","NO","0.687"
"20260923","Food","Drinks","차음료","맥널티커피","FC","24944268","맥널티 복숭아 아이스티 대용량 파우치 1Lx6입","18804645005944","발주가능","정상","0","1","53","10252","0","0","0","","NO","0.687"
"20260923","Food","Drinks","차음료","맥널티커피","FC","26889711","맥널티 제로칼로리 복숭아 아이스티 500ml 24입","18804645006101","발주가능","정상","0","9","208","12205","0","0","0","","NO","0.687"
"20260923","Food","Drinks","차음료","맥널티커피","FC","36669698","제로 아이스티 복숭아, 30개입, 13g","8804645006791","발주가능","정상","0","4","70","5850","0","0","0","","NO","0.687"
"20260923","Food","Drinks","차음료","맥널티커피","FC","36829225","맥널티 제로칼로리 청포도 아이스티 500mlx24입,","18804645006538","발주가능","정상","0","2","70","12205","0","0","0","","NO","0.687"
"20260923","Food","Drinks","차음료","맥널티커피","FC","36829226","제로 아이스티 청포도, 30개입, 13g 1개","8804645006807","발주가능","정상","0","5","51","5850","0","0","0","","NO","0.687"
"20260923","Food","Drinks","차음료","맥널티커피","FC","38262417","복숭아 아이스티 제로, 6개, 1L","18804645006873","발주가능","정상","0","0","32","10577","0","0","0","","NO","0.687"
"20260923","Food","Drinks","차음료","맥널티커피","FC","40520042","맥널티커피 복숭아 아이스티 제로 RTD, 30개, 240ml","18804645006835","발주가능","정상","0","2","282","8795","0","0","0","","NO","0.687"
"20260923","Food","Drinks","차음료","맥널티커피","RC","61673272","맥널티커피 복숭아 아이스티 제로, 1.5L, 1개","8804645006739","발주가능","정상","0","0","1248","1364","0","0","0","","NO","0.687"
"20260923","Food","Drinks","차음료","맥널티커피","FC","61673272","맥널티커피 복숭아 아이스티 제로, 1.5L, 1개","8804645006739","발주가능","정상","0","139","1530","1364","0","0","0","","NO","0.687"
"20260923","Food","Drinks","차음료","맥널티커피","SFJEJ2","61673272","맥널티커피 복숭아 아이스티 제로, 1.5L, 1개","8804645006739","발주가능","정상","0","0","7","1364","0","0","0","","NO","0.687"
"20260923","Food","Drinks","차음료","맥널티커피","SFSPA3","61673272","맥널티커피 복숭아 아이스티 제로, 1.5L, 1개","8804645006739","발주가능","정상","0","0","1","1364","0","0","0","","NO","0.687"
"20260923","Food","Drinks","차음료","맥널티커피","RC","73944650","맥널티 복숭아 아이스티 대용량 파우치, 1개, 2.1L","8804645007965","발주가능","정상","0","0","396","2413","0","0","0","","NO","0.687"
"20260923","Food","Drinks","차음료","맥널티커피","SFSPA3","73944650","맥널티 복숭아 아이스티 대용량 파우치, 1개, 2.1L","8804645007965","발주가능","정상","0","0","0","2413","0","0","0","","NO","0.687"
"20260923","Food","Drinks","차음료","맥널티커피","FC","73944650","맥널티 복숭아 아이스티 대용량 파우치, 1개, 2.1L","8804645007965","발주가능","정상","0","97","1520","2413","0","0","0","","NO","0.687"
"20260923","Food","Drinks","차음료","맥널티커피","SFJEJ2","73944650","맥널티 복숭아 아이스티 대용량 파우치, 1개, 2.1L","8804645007965","발주가능","정상","0","0","1","2413","0","0","0","","NO","0.687"
"20260923","Food","Drinks","차음료","맥널티커피","FC","75850021","맥널티 허니자몽 블랙티, 1L, 1개","8804645005954","발주가능","정상","0","17","181","1714","0","0","0","","NO","0.687"
"20260923","Food","Drinks","커피음료","맥널티커피","RC","24695530","아이스 헤이즐넛향 커피 190mL 10팩","8804645005879","발주가능","정상","0","0","273","3486","0","0","0","","NO","0.686"
"20260923","Food","Drinks","커피음료","맥널티커피","FC","24695530","아이스 헤이즐넛향 커피 190mL 10팩","8804645005879","발주가능","정상","0","58","116","3486","0","0","0","","NO","0.686"
"20260923","Food","Drinks","커피음료","맥널티커피","SFSPA3","24695531","아이스 아메리카노 스위트 190mL 10팩","8804645005862","발주가능","정상","0","0","6","3486","0","0","0","","NO","0.686"
"20260923","Food","Drinks","커피음료","맥널티커피","FC","24695531","아이스 아메리카노 스위트 190mL 10팩","8804645005862","발주가능","정상","0","40","252","3486","0","0","0","","NO","0.686"
"20260923","Food","Drinks","커피음료","맥널티커피","RC","24695531","아이스 아메리카노 스위트 190mL 10팩","8804645005862","발주가능","정상","0","0","1092","3486","0","0","0","","NO","0.686"
"20260923","Food","Drinks","커피음료","맥널티커피","SFJEJ2","24695531","아이스 아메리카노 스위트 190mL 10팩","8804645005862","발주가능","정상","0","1","0","3486","0","0","0","","NO","0.686"
"20260923","Food","Drinks","커피음료","맥널티커피","RC","24695532","아이스 아메리카노 블랙 190mL 10팩","8804645005855","발주가능","정상","0","0","273","3486","0","0","0","","NO","0.686"
"20260923","Food","Drinks","커피음료","맥널티커피","SFODD2","24695532","아이스 아메리카노 블랙 190mL 10팩","8804645005855","발주가능","정상","0","0","1","3486","0","0","0","","NO","0.686"
"20260923","Food","Drinks","커피음료","맥널티커피","FC","24695532","아이스 아메리카노 블랙 190mL 10팩","8804645005855","발주가능","정상","0","34","497","3486","0","0","0","","NO","0.686"
"20260923","Food","Drinks","커피음료","맥널티커피","FC","25484251","맥널티커피 아메리카노 스위트 1Lx6입","18804645005920","발주가능","정상","0","1","83","10252","0","0","0","","NO","0.686"
"20260923","Food","Drinks","커피음료","맥널티커피","FC","25484255","맥널티 아이스 아메리카노 블랙커피 대용량 파우치 1Lx6입","18804645005913","발주가능","정상","0","2","39","10252","0","0","0","","NO","0.686"
"20260923","Food","Drinks","커피음료","맥널티커피","FC","25484257","맥널티 아이스 헤이즐넛향 커피 대용량 파우치 1Lx6입","18804645005937","발주가능","정상","0","0","65","10252","0","0","0","","NO","0.686"
"20260923","Food","Drinks","커피음료","맥널티커피","FC","48466205","맥널티 대용량 제로슈가 스테비아 믹스커피 음료, 12개, 1L","18804645007290","발주가능","정상","0","12","131","17067","0","0","0","","NO","0.686"
"20260923","Food","Drinks","커피음료","맥널티커피","RC","54922706","맥널티 대용량 제로슈가 스테비아 믹스커피 음료, 1L, 6개","8804645007323","발주가능","정상","0","0","160","8805","0","0","0","","NO","0.686"
"20260923","Food","Drinks","커피음료","맥널티커피","FC","54922706","맥널티 대용량 제로슈가 스테비아 믹스커피 음료, 1L, 6개","8804645007323","발주가능","정상","0","63","827","8805","0","0","0","","NO","0.686"
"20260923","Food","Drinks","커피음료","맥널티커피","RC","68778940","맥널티 아이브루 아메리카노 블랙커피 12개 1L","18804645007306","발주가능","정상","0","0","400","12205","0","0","0","","NO","0.686"
"20260923","Food","Drinks","커피음료","맥널티커피","FC","68778940","맥널티 아이브루 아메리카노 블랙커피 12개 1L","18804645007306","발주가능","정상","960","160","3410","12205","0","0","0","","NO","0.686"
"20260923","Food","Drinks","커피음료","맥널티커피","FC","68778941","맥널티 아이브루 헤이즐넛향 블랙커피 12개 1L","18804645007504","발주가능","정상","0","49","349","12205","0","0","0","","NO","0.686"
"20260923","Food","Drinks","커피음료","맥널티커피","FC","68778942","아이브루 아메리카노 블랙커피 무라벨 400ML 20개","8804645007491","발주가능","정상","0","164","1366","12205","0","0","0","","NO","0.686"
"20260923","Food","Drinks","커피음료","맥널티커피","SFDCH1","73951791","맥널티 아이스 아메리카노 블랙 커피 대용량 파우치, 1개, 2.1L","8804645007958","발주가능","정상","0","0","2","2413","0","0","0","","NO","0.686"
"20260923","Food","Drinks","커피음료","맥널티커피","RC","73951791","맥널티 아이스 아메리카노 블랙 커피 대용량 파우치, 1개, 2.1L","8804645007958","발주가능","정상","0","0","11040","2413","0","0","0","","NO","0.686"
"20260923","Food","Drinks","커피음료","맥널티커피","FC","73951791","맥널티 아이스 아메리카노 블랙 커피 대용량 파우치, 1개, 2.1L","8804645007958","발주가능","정상","0","351","1701","2413","0","0","0","","NO","0.686"
"20260923","Food","Drinks","커피음료","맥널티커피","SFSPA3","73951791","맥널티 아이스 아메리카노 블랙 커피 대용량 파우치, 1개, 2.1L","8804645007958","발주가능","정상","0","11","1","2413","0","0","0","","NO","0.686"
"20260923","Food","Drinks","커피음료","맥널티커피","SFSPA3","75683093","맥널티 아이스 아메리카노 블랙 1리터, 1L, 1개","8804645005916","발주가능","정상","0","0","1","1714","0","0","0","","NO","0.686"
"20260923","Food","Drinks","커피음료","맥널티커피","FC","75683093","맥널티 아이스 아메리카노 블랙 1리터, 1L, 1개","8804645005916","발주가능","정상","0","23","1033","1714","0","0","0","","NO","0.686"
"20260923","Food","Drinks","커피음료","맥널티커피","SFJEJ2","75683093","맥널티 아이스 아메리카노 블랙 1리터, 1L, 1개","8804645005916","발주가능","정상","0","0","1","1714","0","0","0","","NO","0.686"
"20260923","Food","Drinks","커피음료","맥널티커피","FC","75694561","맥널티커피 아이스 아메리카노 헤이즐넛, 1개, 1L","8804645005930","발주가능","정상","0","11","1536","1714","0","0","0","","NO","0.686"
"20260923","Food","Drinks","커피음료","맥널티커피","FC","75765043","맥널티 아이스아메리카노 스위트, 1개, 1L","8804645005923","발주가능","정상","0","56","1432","1714","0","0","0","","NO","0.686"
"20260923","Food","Drinks","커피음료","맥널티커피","FC","76540319","맥널티 호랭이 마일드 라떼 캔커피, 30개, 175ml","18804645008013","발주가능","정상","0","111","692","8523","0","0","0","","NO","0.686"
"20260923","Food","Drinks","커피음료","맥널티커피","RC","77572705","맥널티 아이스 아메리카노 헤이즐넛, 1개, 2.1L","8804645008030","발주가능","정상","0","0","778","2413","0","0","0","","NO","0.686"
"20260923","Food","Drinks","커피음료","맥널티커피","FC","77572705","맥널티 아이스 아메리카노 헤이즐넛, 1개, 2.1L","8804645008030","발주가능","정상","0","113","983","2413","0","0","0","","NO","0.686"
"20260923","Food","Drinks","커피음료","아이브루","FC","70253954","아이브루 디카페인 아메리카노 블랙커피 무라벨, 20개, 400ml","8804645007903","발주가능","정상","0","28","411","13500","0","0","0","","NO","0.686"
"20260923","Kitchen","Tools & Gadgets","드립주전자/포트","맥널티커피","FC","15333511","맥널티 드립 주전자 350ml","8804645004490","발주가능","정상","0","2","28","5044","0","0","0","","NO","0.783"
"20260923","Kitchen","Tools & Gadgets","커피필터/여과지","맥널티","FC","12491225","맥널티 핸드드립 커피필터 30개입","8804645300950","발주가능","정상","0","53","856","2642","0","0","0","","NO","0.523"
"20260923","Kitchen","Tools & Gadgets","커피필터/여과지","맥널티","SFJEJ2","12491225","맥널티 핸드드립 커피필터 30개입","8804645300950","발주가능","정상","0","0","2","2642","0","0","0","","NO","0.523"
"20260922","CE","Kitchen Appliance","커피머신","맥널티커피","FC","31602405","맥널티 2in1 핫앤콜드 진공추출 커피메이커 MCM-065B MCM-065B","8804645006296","발주가능","정상","0","0","11","30859","0","0","0","","NO","0.784"
"20260922","Food","Coffee & Tea","기타전통차","맥널티커피","FC","39149736","맥널티 스테비아 침향 쌍화차, 1개, 30개입, 450g","8804645006913","발주가능","정상","0","0","91","8536","0","0","0","","NO","0.729"
"20260922","Food","Coffee & Tea","기타전통차","맥널티커피","FC","41175263","맥널티커피 스테비아 꿀 유자차, 1개, 30개입, 450g","8804645006951","발주가능","정상","0","4","56","7388","0","0","0","","NO","0.729"
"20260922","Food","Coffee & Tea","둥글레/옥수수/보리/결명자차","맥널티커피","FC","76230458","맥널티 진 보리차 1개 1kg","8804645007996","발주가능","정상","0","3","25","15209","0","0","0","","NO","0.608"
"20260922","Food","Coffee & Tea","드립백/티백","맥널티","FC","3067432","산지별 콜롬비아 슈프리모 핸드드립커피 7개입","8804645000324","발주가능","정상","0","0","220","3043","0","0","0","","NO","0.726"
"20260922","Food","Coffee & Tea","드립백/티백","맥널티","FC","10003518","케냐 AA 핸드드립 블렌드 24개입","8804645000720","발주가능","정상","0","10","48","6068","0","0","0","","NO","0.726"
"20260922","Food","Coffee & Tea","드립백/티백","맥널티커피","FC","3067429","산지별 브라질 세라도 NY2 핸드드립커피 7개입","8804645000300","발주가능","정상","0","4","30","2887","0","0","0","","NO","0.726"
"20260922","Food","Coffee & Tea","드립백/티백","맥널티커피","FC","3067430","산지별 케냐 AA 핸드드립커피 7개입","8804645000355","발주가능","정상","0","14","36","3062","0","0","0","","NO","0.726"
"20260922","Food","Coffee & Tea","드립백/티백","맥널티커피","FC","3067433","산지별 에티오피아 코케 허니 핸드드립커피 7개입","8804645000348","발주가능","정상","80","6","119","2910","1","1","0","","NO","0.726"
"20260922","Food","Coffee & Tea","드립백/티백","맥널티커피","FC","3067434","산지별 에티오피아 예가체프 핸드드립커피 7개입","8804645000331","발주가능","정상","0","5","28","3184","0","0","0","","NO","0.726"
"20260922","Food","Coffee & Tea","드립백/티백","맥널티커피","FC","10003517","콜롬비아 핸드드립 블렌드 24개입","8804645000713","발주가능","정상","150","0","150","5977","0.5","0.5","0","","YES","0.726"
"20260922","Food","Coffee & Tea","드립백/티백","맥널티커피","FC","23400108","맥널티 디카페인100% 핸드드립 원두커피 24개입","8804645005732","발주가능","정상","24","10","56","9395","0.25","0.25","0","","NO","0.726"
"20260922","Food","Coffee & Tea","드립백/티백","맥널티커피","FC","37713094","맥널티 핸드드립커피 케냐AA(더블에이) 36개입, 8g, 1개","8804645006616","발주가능","정상","36","6","48","11759","1","1","0","","NO","0.726"
"20260922","Food","Coffee & Tea","드립백/티백","맥널티커피","FC","37713095","맥널티 핸드드립커피 에티오피아 예가체프 36개입, 8g, 1개","8804645006623","발주가능","정상","24","2","27","10577","1","1","0","","YES","0.726"
"20260922","Food","Coffee & Tea","드립백/티백","맥널티커피","FC","41391235","맥널티 행복을주는커피 시그니처 블렌드 핸드드립 커피 20개입, 1개, 8g","8804645003653","발주가능","정상","144","1","148","6795","1","1","0","","YES","0.726"
"20260922","Food","Coffee & Tea","드립백/티백","맥널티커피","FC","62821923","맥널티 핸드드립 커피 에티오피아 예가체프 8g 24개입 1개","8804645006920","발주가능","정상","0","6","3","9679","0","0","0","","YES","0.726"
"20260922","Food","Coffee & Tea","드립백/티백","맥널티커피","FC","68147033","베니스브루 스페셜티 핸드드립 가향 커피 오렌지 벨벳, 1개, 7개입, 12g","8804645007712","발주가능","정상","0","1","25","5143","0","0","0","","NO","0.726"
"20260922","Food","Coffee & Tea","드립백/티백","맥널티커피","FC","68147034","베니스브루 스페셜티 핸드드립 가향 커피 쇼콜라 모카, 1개, 7개입, 12g","8804645007729","발주가능","정상","0","3","25","5143","0","0","0","","NO","0.726"
"20260922","Food","Coffee & Tea","드립백/티백","맥널티커피","FC","68777449","베니스브루 베리 블로썸 드립백 커피 12g 1개 7개입","8804645007705","발주가능","정상","0","0","32","5143","0","0","0","","NO","0.726"
"20260922","Food","Coffee & Tea","라떼분말","맥널티커피","FC","34834818","맥널티 스테비아 제로슈가 핫초코 라떼 30개입 15g","8804645006340","발주가능","정상","0","23","553","7500","0","0","0","","NO","0.584"
"20260922","Food","Coffee & Tea","라떼분말","맥널티커피","FC","51063548","스테비아 단백질 옥수수 크림 라떼, 1개, 20개입, 18g","8804645007330","발주가능","정상","0","0","24","5850","0","0","0","","NO","0.584"
"20260922","Food","Coffee & Tea","라떼분말","맥널티커피","FC","51164938","스테비아 단백질 고구마 크림 라떼, 1개, 20개입, 18g","8804645007347","발주가능","정상","0","1","10","5850","0","0","0","","NO","0.584"
"20260922","Food","Coffee & Tea","원두","N_A","FC","76443755","맥널티 브라질 세라도 NY.2 원두 1kg, 1개","8804645006425","발주가능","정상","0","2","231","17609","0","0","0","","NO","0.896"
"20260922","Food","Coffee & Tea","원두","맥널티커피","RC","45570","맥널티_헤이즐넛원두분쇄커피_226G","8804645100208","발주가능","정상","0","0","2176","5000","1","1","0","","NO","0.896"
"20260922","Food","Coffee & Tea","원두","맥널티커피","FC","45570","맥널티_헤이즐넛원두분쇄커피_226G","8804645100208","발주가능","정상","1024","77","2261","5000","1","1","0","","NO","0.896"
"20260922","Food","Coffee & Tea","원두","맥널티커피","SFJEJ2","45572","맥널티_헤이즐넛원두분쇄커피_500G","8804645100468","발주가능","정상","0","0","2","7960","1","1","0","","NO","0.896"
"20260922","Food","Coffee & Tea","원두","맥널티커피","SFSPA3","45572","맥널티_헤이즐넛원두분쇄커피_500G","8804645100468","발주가능","정상","0","0","1","7960","1","1","0","","NO","0.896"
"20260922","Food","Coffee & Tea","원두","맥널티커피","RC","45572","맥널티_헤이즐넛원두분쇄커피_500G","8804645100468","발주가능","정상","0","0","640","7960","1","1","0","","NO","0.896"
"20260922","Food","Coffee & Tea","원두","맥널티커피","FC","45572","맥널티_헤이즐넛원두분쇄커피_500G","8804645100468","발주가능","정상","640","30","1106","7960","1","1","0","","NO","0.896"
"20260922","Food","Coffee & Tea","원두","맥널티커피","FC","45573","맥널티_블루마운틴스타일원두분쇄커피_500G","8804645100451","발주가능","정상","0","40","645","11091","0","0","0","","NO","0.896"
"20260922","Food","Coffee & Tea","원두","맥널티커피","FC","5344648","맥널티 원두 에스프레소 블랙 1개, 1kg","8804645001239","발주불가","단종","0","0","1","9156","0","0","0","","YES","0.896"
"20260922","Food","Coffee & Tea","원두","맥널티커피","FC","10147177","맥널티 홀빈 블루마운틴 1000g","8804645006302","발주가능","정상","40","12","202","15715","1","1","0","","NO","0.896"
"20260922","Food","Coffee & Tea","원두","맥널티커피","FC","10147180","맥널티 행복을 주는 커피 헤이즐넛향 1kg 홀빈","8804645100185","발주가능","정상","0","15","171","15244","0","0","0","","NO","0.896"
"20260922","Food","Coffee & Tea","원두","맥널티커피","SFJEJ2","10812901","맥널티 베트남 로부스타 원두커피 1kg","8804645003066","발주가능","정상","0","1","1","11700","1","1","0","","NO","0.896"
"20260922","Food","Coffee & Tea","원두","맥널티커피","RC","10812901","맥널티 베트남 로부스타 원두커피 1kg","8804645003066","발주가능","정상","400","0","580","11700","1","1","0","","NO","0.896"
"20260922","Food","Coffee & Tea","원두","맥널티커피","FC","10812901","맥널티 베트남 로부스타 원두커피 1kg","8804645003066","발주가능","정상","0","46","146","11700","1","1","0","","NO","0.896"
"20260922","Food","Coffee & Tea","원두","맥널티커피","FC","11849981","행복을 주는 커피 블루마운틴 블렌드 분쇄 원두 커피 1kg","8804645003486","발주가능","정상","0","19","94","16364","0","0","0","","NO","0.896"
"20260922","Food","Coffee & Tea","원두","맥널티커피","RC","12521866","맥널티 행복을 주는 커피 시그니처 헤이즐넛향 원두 커피 1Kg","8804645003493","발주가능","정상","432","0","648","16364","1","1","0","","NO","0.896"
"20260922","Food","Coffee & Tea","원두","맥널티커피","FC","12521866","맥널티 행복을 주는 커피 시그니처 헤이즐넛향 원두 커피 1Kg","8804645003493","발주가능","정상","0","31","80","16364","1","1","0","","NO","0.896"
"20260922","Food","Coffee & Tea","원두","맥널티커피","FC","13277718","맥널티 행복을 주는 커피 브라질 산토스 1kg","8804645003936","발주가능","정상","80","10","81","14091","0.5","0.5","0","","YES","0.896"
"20260922","Food","Coffee & Tea","원두","맥널티커피","FC","13277719","맥널티 행복을 주는 커피 콜롬비아 블렌드 1kg","8804645003929","발주가능","정상","0","26","340","15599","0","0","0","","NO","0.896"
"20260922","Food","Coffee & Tea","원두","맥널티커피","FC","37733154","맥널티 원두 홀빈(분쇄안함) 마일드 미디움 블렌드 200g, 1개","8804645005374","발주가능","정상","0","0","19","5791","0","0","0","","NO","0.896"
"20260922","Food","Coffee & Tea","원두","맥널티커피","FC","38710869","맥널티 홀빈 커피원두, 마일드 미디움 블렌드 1kg, 1개","8804645005329","발주가능","정상","0","0","8","16364","0","0","0","","NO","0.896"
"20260922","Food","Coffee & Tea","원두","맥널티커피","FC","38710870","맥널티 홀빈 커피원두, 콜롬비아 안데스 오리진 1kg, 1개","8804645005343","발주가능","정상","0","5","42","16364","0","0","0","","NO","0.896"
"20260922","Food","Coffee & Tea","원두","맥널티커피","FC","38710872","맥널티 홀빈 커피원두, 시그니처 블렌드 1kg, 1개","8804645005312","발주가능","정상","0","0","68","16364","0","0","0","","NO","0.896"
"20260922","Food","Coffee & Tea","원두","맥널티커피","FC","38813491","맥널티 홀빈 원두 1KG, 브라질 산토스 내추럴, 1개","8804645005350","발주가능","정상","60","13","91","11364","0.5","0.5","0","","NO","0.896"
"20260922","Food","Coffee & Tea","원두","맥널티커피","FC","38919334","맥널티 에티오피아 예가체프 홀빈 원두, 1kg, 1개","8804645006852","발주가능","정상","18","1","54","16364","1","1","0","","NO","0.896"
"20260922","Food","Coffee & Tea","원두","맥널티커피","FC","39616644","맥널티 예맨 모카 블렌드 커피 원두, 홀빈(분쇄안함), 500g, 1개","8804645006692","발주가능","정상","0","0","13","11400","0","0","0","","NO","0.896"
"20260922","Food","Coffee & Tea","원두","맥널티커피","FC","39616645","맥널티 시그니처 디카페인 커피 원두, 홀빈(분쇄안함), 500g, 1개","8804645006937","발주가능","정상","176","6","229","12545","1","1","0","","NO","0.896"
"20260922","Food","Coffee & Tea","원두","맥널티커피","FC","39616646","맥널티 게이샤 블렌드 커피 원두, 홀빈(분쇄안함), 500g, 1개","8804645006708","발주가능","정상","24","2","30","11400","1","1","0","","NO","0.896"
"20260922","Food","Coffee & Tea","원두","맥널티커피","FC","39616647","맥널티 하와이안 코나 블렌드 커피 원두, 홀빈(분쇄안함), 500g, 1개","8804645006685","발주가능","정상","16","7","20","11400","0.2222","0.2222","0","","NO","0.896"
"20260922","Food","Coffee & Tea","원두","맥널티커피","FC","48074657","맥널티 브라질 세라도 분쇄 원두 커피, 1개, 500g","8804645007262","발주가능","정상","0","8","49","9395","0","0","0","","NO","0.896"
"20260922","Food","Coffee & Tea","원두","맥널티커피","FC","48074658","맥널티 콜롬비아 안데스 분쇄 원두 커피, 1개, 500g","8804645007255","발주가능","정상","0","0","50","9986","0","0","0","","NO","0.896"
"20260922","Food","Coffee & Tea","원두","맥널티커피","FC","48074659","맥널티 에티오피아 예가체프 분쇄 원두 커피, 1개, 500g","8804645007231","발주가능","정상","96","7","156","9986","1","1","0","","NO","0.896"
"20260922","Food","Coffee & Tea","원두","맥널티커피","FC","58681130","콜롬비아 안데스 오리진 분쇄 커피 원두 1개 226g 핸드드립","8804645007552","발주가능","정상","8","3","25","7159","1","1","0","","NO","0.896"
"20260922","Food","Coffee & Tea","원두","맥널티커피","FC","58681131","브라질 산토스 오리진 분쇄 커피 원두, 226g, 1개, 핸드드립","8804645007545","발주가능","정상","0","0","12","7159","0","0","0","","NO","0.896"
"20260922","Food","Coffee & Tea","원두","맥널티커피","FC","58765770","디카페인 헤이즐넛향 분쇄 커피 원두, 1개, 226g, 핸드드립","8804645007538","발주가능","정상","8","4","93","8018","0.3333","0.3333","0","","NO","0.896"
"20260922","Food","Coffee & Tea","원두","맥널티커피","FC","58850533","하와이안 코나 블렌드 분쇄 커피 원두, 1개, 226g, 핸드드립","8804645007521","발주가능","정상","8","3","12","7732","1","1","0","","NO","0.896"
"20260922","Food","Coffee & Tea","원두","맥널티커피","FC","71777603","투비 다크 블랙 블렌드 홀빈 원두 커피, 1kg, 홀빈(분쇄안함), 1개","8804645007989","발주가능","정상","96","4","137","13115","1","1","0","","NO","0.896"
"20260922","Food","Coffee & Tea","원두","맥널티커피","FC","76697770","투비커피 너티초코 아메리카노 블렌드 홀빈 원두 커피, 1kg, 홀빈(분쇄안함), 1개","8804645008047","발주가능","정상","0","0","38","17125","0","0","0","","NO","0.896"
"20260922","Food","Coffee & Tea","원두커피믹스","맥널티","FC","10003529","아이브루 클래식 100T","8804645002465","발주불가","규격 외","0","0","1","6068","0","0","0","","NO","0.588"
"20260922","Food","Coffee & Tea","원두커피믹스","맥널티","FC","11019882","맥널티 아이브루 다크 블렌드 200T","8804645003219","발주가능","정상","0","4","11","13096","0","0","0","","NO","0.588"
"20260922","Food","Coffee & Tea","원두커피믹스","맥널티커피","FC","11019883","맥널티 아이브루 모카 블랙 200T","8804645003226","발주가능","정상","0","5","36","11687","0","0","0","","NO","0.588"
"20260922","Food","Coffee & Tea","원두커피믹스","맥널티커피","FC","13777565","맥널티 아이브루 모카블랙 70T","8804645003912","발주가능","정상","0","1","37","6519","0","0","0","","NO","0.588"
"20260922","Food","Coffee & Tea","원두커피믹스","맥널티커피","SFJEJ2","15720531","콜롬비아 블랙 100개입","8804645002861","발주가능","정상","0","1","6","6345","0","0","0","","NO","0.588"
"20260922","Food","Coffee & Tea","원두커피믹스","맥널티커피","FC","15720531","콜롬비아 블랙 100개입","8804645002861","발주가능","정상","0","61","364","6345","0","0","0","","NO","0.588"
"20260922","Food","Coffee & Tea","원두커피믹스","맥널티커피","FC","26477367","맥널티 리얼 에스프레소샷 블랙 액상스틱커피 15mlx30개입","8804645006029","발주가능","정상","0","18","348","7388","0","0","0","","NO","0.588"
"20260922","Food","Coffee & Tea","원두커피믹스","맥널티커피","FC","62672352","맥널티 아이브루 플러스 스위트 블랙 원두커피믹스 80개입 2.8g","8804645007620","발주가능","정상","0","2","28","7961","0","0","0","","NO","0.588"
"20260922","Food","Coffee & Tea","원두커피믹스","맥널티커피","FC","67975031","호랭이 커피 오곡향 블랙, 1개, 20개입, 1g","8804645007781","발주가능","정상","0","10","238","2806","0","0","0","","NO","0.588"
"20260922","Food","Coffee & Tea","원두커피믹스","맥널티커피","FC","71629331","맥널티 갓성비 아메리카노 블랙커피, 1개, 100개입, 2g","8804645007873","발주가능","정상","360","78","646","8534","1","1","0","","NO","0.588"
"20260922","Food","Coffee & Tea","원두커피믹스","아이브루","SFJEJ2","36903434","맥널티 아이브루 플러스 헤이즐넛 블랙커피 100개입","8804645006395","발주가능","정상","0","1","2","7623","0.5595","0.5595","0","","NO","0.588"
"20260922","Food","Coffee & Tea","원두커피믹스","아이브루","FC","36903434","맥널티 아이브루 플러스 헤이즐넛 블랙커피 100개입","8804645006395","발주가능","정상","470","64","760","7623","0.5595","0.5595","0","","NO","0.588"
"20260922","Food","Coffee & Tea","원두커피믹스","아이브루","FC","36903435","맥널티 아이브루 플러스 오리지널 블랙커피 100개입","8804645006388","발주불가","규격 외","0","0","384","7623","0","0","0","","NO","0.588"
"20260922","Food","Coffee & Tea","원두커피믹스","아이브루","FC","46534985","아이브루 플러스 디카페인 아메리카노 블랙커피, 1개, 80개입, 80g","8804645007118","발주가능","정상","160","22","286","7964","1","1","0","","NO","0.588"
"20260922","Food","Coffee & Tea","원두커피믹스","아이브루","SFJEJ2","56760693","아이브루 플러스 디카페인 블랙커피 헤이즐넛향 (1g x 80개입), 1개","8804645007453","발주가능","정상","0","2","0","7961","0","0","0","","NO","0.588"
"20260922","Food","Coffee & Tea","원두커피믹스","아이브루","FC","56760693","아이브루 플러스 디카페인 블랙커피 헤이즐넛향 (1g x 80개입), 1개","8804645007453","발주가능","정상","0","47","538","7961","0","0","0","","NO","0.588"
"20260922","Food","Coffee & Tea","원두커피믹스","프라이빗클럽","FC","10837643","맥널티 병커피 헤이즐넛향 50gx10개","19311931309161","발주가능","정상","0","3","133","23000","0","0","0","","NO","0.588"
"20260922","Food","Coffee & Tea","원두커피믹스","프라이빗클럽","FC","12091997","Box_입소문난 아이리쉬 50G 10병","19311931311164","발주가능","정상","0","0","25","18625","0","0","0","","NO","0.588"
"20260922","Food","Coffee & Tea","원두커피믹스","프라이빗클럽","FC","52625820","맥널티 인스턴트 원두 병커피 에스프레소 블랙 50g 1개","9311931902167","발주가능","정상","20","25","284","3486","1","1","0","","NO","0.588"
"20260922","Food","Coffee & Tea","율무/견과차","맥널티","SFJEJ2","64842417","티브루 호박팥차 진액 10ml 30개입 1개","8804645007675","발주가능","정상","0","0","7","5259","0.1026","0.1026","0","","NO","0.711"
"20260922","Food","Coffee & Tea","율무/견과차","맥널티","FC","64842417","티브루 호박팥차 진액 10ml 30개입 1개","8804645007675","발주가능","정상","96","54","1054","5259","0.1026","0.1026","0","","NO","0.711"
"20260922","Food","Coffee & Tea","율무/견과차","맥널티커피","FC","39149735","맥널티 스테비아 제로슈가 호두 아몬드 율무차, 1개, 30개입, 450g","8804645006906","발주가능","정상","60","3","167","6815","1","1","0","","NO","0.711"
"20260922","Food","Coffee & Tea","차세트","맥널티커피","FC","78654824","[2026 추석세트] 맥널티 스테비아 전통차 선물세트, 1세트, 율무차(30개) + 쌍화차(30개)","8804645008092","발주가능","정상","0","7","332","19091","0","0","0","","NO","0.904"
"20260922","Food","Coffee & Tea","커피믹스","맥널티커피","RC","45571","맥널티_ 자메이카 블루마운틴 블렌드_226G","8804645100215","발주가능","정상","0","0","512","5000","0","0","0","","NO","0.722"
"20260922","Food","Coffee & Tea","커피믹스","맥널티커피","FC","45571","맥널티_ 자메이카 블루마운틴 블렌드_226G","8804645100215","발주가능","정상","0","63","1068","5000","0","0","0","","NO","0.722"
"20260922","Food","Coffee & Tea","커피믹스","맥널티커피","SFJEJ2","25240400","맥널티 스테비아 커피믹스 100개입","8804645006067","발주가능","정상","0","1","3","12941","0","0","0","","NO","0.722"
"20260922","Food","Coffee & Tea","커피믹스","맥널티커피","RC","25240400","맥널티 스테비아 커피믹스 100개입","8804645006067","발주가능","정상","0","0","2160","12941","0","0","0","","NO","0.722"
"20260922","Food","Coffee & Tea","커피믹스","맥널티커피","FC","25240400","맥널티 스테비아 커피믹스 100개입","8804645006067","발주가능","정상","0","95","630","12941","0","0","0","","NO","0.722"
"20260922","Food","Coffee & Tea","커피믹스","맥널티커피","FC","25240402","맥널티 스테비아 커피믹스 30개입","8804645006074","발주가능","정상","0","42","221","4827","0","0","0","","NO","0.722"
"20260922","Food","Coffee & Tea","커피믹스","맥널티커피","SFODD4","25240402","맥널티 스테비아 커피믹스 30개입","8804645006074","발주가능","정상","0","0","0","4827","0","0","0","","NO","0.722"
"20260922","Food","Coffee & Tea","커피믹스","맥널티커피","FC","29461862","맥널티 아메리카노 아이스 블랙 100개입","8804645006081","발주가능","정상","480","33","491","5850","1","1","0","","YES","0.722"
"20260922","Food","Coffee & Tea","커피믹스","맥널티커피","RC","38933766","맥널티커피 스테비아 디카페인 커피믹스, 1개, 100개입 9.5g","8804645006890","발주가능","정상","360","0","720","18850","1","1","0","","YES","0.722"
"20260922","Food","Coffee & Tea","커피믹스","맥널티커피","FC","38933766","맥널티커피 스테비아 디카페인 커피믹스, 1개, 100개입 9.5g","8804645006890","발주가능","정상","0","14","430","18850","1","1","0","","YES","0.722"
"20260922","Food","Coffee & Tea","커피믹스","맥널티커피","FC","40806729","맥널티 스테비아 디카페인 커피믹스, 1개, 30개입, 285g","8804645006777","발주가능","정상","0","46","543","7027","0","0","0","","NO","0.722"
"20260922","Food","Coffee & Tea","커피믹스","맥널티커피","FC","46730880","산양유 단백질 프로틴 스테비아 커피믹스, 1개, 30개입, 300g","8804645007194","발주가능","정상","12","4","42","6243","0.25","0.25","0","","NO","0.722"
"20260922","Food","Coffee & Tea","커피믹스","맥널티커피","FC","47303765","산양유 단백질 프로틴 스테비아 커피믹스, 1개, 100개입, 1000g","8804645007187","발주가능","정상","192","13","220","19988","1","1","0","","NO","0.722"
"20260922","Food","Coffee & Tea","커피믹스","맥널티커피","FC","56214466","맥널티커피 아이브루 바닐라 라떼,12g x 100개입(스틱), 1200g , 1개","8804645007460","발주가능","정상","0","12","84","12543","0","0","0","","NO","0.722"
"20260922","Food","Coffee & Tea","커피믹스","맥널티커피","FC","56214467","맥널티커피 아이브루 카라멜 마끼아또, 12g x 100개입(스틱), 1200g , 1개","8804645007484","발주가능","정상","24","16","75","12543","1","1","0","","NO","0.722"
"20260922","Food","Coffee & Tea","커피믹스","맥널티커피","FC","63447822","스테비아 커피믹스 헤이즐넛향 9.5g 30개입 1개","8804645007637","발주가능","정상","60","16","97","4827","1","1","0","","NO","0.722"
"20260922","Food","Coffee & Tea","커피믹스","맥널티커피","FC","64859139","맥널티 스테비아 솔티드 카라멜 커피믹스 10g 1개 30개입","8804645007668","발주가능","정상","12","4","93","5670","1","1","0","","NO","0.722"
"20260922","Food","Coffee & Tea","커피믹스","맥널티커피","FC","69526598","맥널티 갓성비 제로슈가 커피믹스, 1개, 80개입, 9g","8804645007842","발주가능","정상","720","25","763","8805","1","1","0","","NO","0.722"
"20260922","Food","Coffee & Tea","커피믹스","맥널티커피","FC","69634259","맥널티커피 스테비아 커피믹스 헤이즐넛향, 9.5g, 100개입, 1개","8804645007811","발주가능","정상","16","4","18","14261","0.5","0.5","0","","NO","0.722"
"20260922","Food","Coffee & Tea","커피믹스","맥널티커피","FC","71115721","호랭이 커피믹스 고소한 오곡향, 1개, 160개입, 9.5g","8804645007880","발주가능","정상","6","7","51","14261","0.2","0.2","0","","NO","0.722"
"20260922","Food","Coffee & Tea","커피믹스","맥널티커피","FC","71115722","호랭이 커피믹스 고소한 오곡향, 1개, 20개입, 9.5g","8804645007897","발주가능","정상","0","8","83","2806","0","0","0","","NO","0.722"
"20260922","Food","Coffee & Tea","커피믹스","아이브루","FC","2341900","맥널티 iBrew 미니 헤이즐넛향 200개입(200g)","8804645000515","발주가능","정상","0","49","730","9917","0","0","0","","NO","0.722"
"20260922","Food","Coffee & Tea","커피믹스","아이브루","SFODD2","2341900","맥널티 iBrew 미니 헤이즐넛향 200개입(200g)","8804645000515","발주가능","정상","0","0","2","9917","0","0","0","","NO","0.722"
"20260922","Food","Coffee & Tea","커피믹스","아이브루","RC","2341900","맥널티 iBrew 미니 헤이즐넛향 200개입(200g)","8804645000515","발주가능","정상","0","0","1080","9917","0","0","0","","NO","0.722"
"20260922","Food","Coffee & Tea","커피믹스","아이브루","SFJEJ2","2341900","맥널티 iBrew 미니 헤이즐넛향 200개입(200g)","8804645000515","발주가능","정상","0","0","2","9917","0","0","0","","NO","0.722"
"20260922","Food","Coffee & Tea","커피믹스","아이브루","FC","3067423","아이브루 헤이즐넛향 70개입","8804645000706","발주가능","정상","0","6","198","4025","0","0","0","","NO","0.722"
"20260922","Food","Coffee & Tea","커피믹스","아이브루","FC","3067424","아이브루 케냐AA 블렌드 70개입","8804645000690","발주가능","정상","0","5","83","6205","0","0","0","","NO","0.722"
"20260922","Food","Coffee & Tea","커피믹스","아이브루","FC","3067425","아이브루 예가체프 블렌드 70개입","8804645000683","발주가능","정상","16","3","33","6205","1","1","0","","NO","0.722"
"20260922","Food","Coffee & Tea","커피믹스","프라이빗클럽","FC","3067426","인스턴트 병커피 아이리쉬크림 50g","9311931901160","발주가능","정상","70","1","69","3322","0","0","0","","YES","0.722"
"20260922","Food","Coffee & Tea","커피믹스","프라이빗클럽","FC","3067428","인스턴트 병커피 헤이즐넛향 50g","9311931105162","발주가능","정상","0","166","3835","2300","0","0","0","","NO","0.722"
"20260922","Food","Coffee & Tea","커피세트","맥널티커피","FC","26870612","[2026 추석세트] 맥널티 핸드드립 버라이어티세트 30개입","8804645006258","발주가능","정상","0","40","1252","9395","0","0","0","","NO","0.910"
"20260922","Food","Coffee & Tea","커피세트","맥널티커피","FC","54651094","인스턴트 원두 병커피 맥널티커피 선물세트 50g x 4개입(에스프레소 2병+헤이즐넛 2병), 1세트","8804645007408","발주가능","정상","0","0","0","15305","0","0","0","","YES","0.910"
"20260922","Food","Drinks","과일음료","맥널티커피","FC","24752132","청포도 에이드 190mL 10팩","8804645005893","발주가능","정상","0","27","414","3486","0","0","0","","NO","0.797"
"20260922","Food","Drinks","과일음료","맥널티커피","SFJEJ2","24752132","청포도 에이드 190mL 10팩","8804645005893","발주가능","정상","0","0","1","3486","0","0","0","","NO","0.797"
"20260922","Food","Drinks","과일음료","맥널티커피","RC","24752132","청포도 에이드 190mL 10팩","8804645005893","발주가능","정상","0","0","273","3486","0","0","0","","NO","0.797"
"20260922","Food","Drinks","과일음료","맥널티커피","FC","24752250","블루레몬 에이드 190mL 10팩","8804645005909","발주가능","정상","0","12","386","3486","0","0","0","","NO","0.797"
"20260922","Food","Drinks","과일음료","맥널티커피","RC","24752250","블루레몬 에이드 190mL 10팩","8804645005909","발주가능","정상","0","0","237","3486","0","0","0","","NO","0.797"
"20260922","Food","Drinks","과일음료","맥널티커피","FC","45580036","맥널티 청매실 에이드 190ml*10개입","8804645007071","발주가능","정상","0","4","155","3486","0","0","0","","NO","0.797"
"20260922","Food","Drinks","농축액(음료베이스)","맥널티","FC","51983601","물 한방울 섞이지 않은 김토끼 유기농 레몬즙, 10개, 20g","8804645007361","발주가능","정상","0","0","51","4077","0","0","0","","NO","0.710"
"20260922","Food","Drinks","농축액(음료베이스)","맥널티","FC","58338694","티브루 보리차 원액 간편 액상스틱 진액, 30개, 10ml","8804645007590","발주가능","정상","0","73","1546","5259","0","0","0","","NO","0.710"
"20260922","Food","Drinks","농축액(음료베이스)","맥널티","FC","58338695","티브루 옥수수수염차 원액 간편 액상스틱 진액, 30개, 10ml","8804645007606","발주가능","정상","0","24","713","5259","0","0","0","","NO","0.710"
"20260922","Food","Drinks","농축액(음료베이스)","맥널티","SFJEJ2","58338696","티브루 헛개수 원액 간편 액상스틱 진액, 30개, 10ml","8804645007613","발주가능","정상","0","1","0","5259","0","0","0","","NO","0.710"
"20260922","Food","Drinks","농축액(음료베이스)","맥널티","FC","58338696","티브루 헛개수 원액 간편 액상스틱 진액, 30개, 10ml","8804645007613","발주가능","정상","0","43","455","5259","0","0","0","","NO","0.710"
"20260922","Food","Drinks","농축액(음료베이스)","맥널티커피","FC","62882483","티브루 보리차 진액, 1개, 400g","8804645007651","발주가능","정상","0","8","38","7623","0","0","0","","NO","0.710"
"20260922","Food","Drinks","농축액(음료베이스)","맥널티커피","FC","71636537","맥널티 티브루 호박팥차 무라벨, 20개, 500ml","8804645007934","발주가능","정상","198","51","224","8795","0.6","0.6","0","","YES","0.710"
"20260922","Food","Drinks","야채음료","맥널티커피","FC","48914233","맥널티 유자 에이드 190ml 10개","8804645007217","발주가능","정상","0","5","232","3486","0","0","0","","NO","0.606"
"20260922","Food","Drinks","차음료","맥널티커피","RC","24752251","복숭아 아이스티 190mL 10팩","8804645005886","발주가능","정상","0","0","258","3486","0","0","0","","NO","0.694"
"20260922","Food","Drinks","차음료","맥널티커피","SFJEJ2","24752251","복숭아 아이스티 190mL 10팩","8804645005886","발주가능","정상","0","1","0","3486","0","0","0","","NO","0.694"
"20260922","Food","Drinks","차음료","맥널티커피","FC","24752251","복숭아 아이스티 190mL 10팩","8804645005886","발주가능","정상","0","33","90","3486","0","0","0","","NO","0.694"
"20260922","Food","Drinks","차음료","맥널티커피","SFSPA3","24752251","복숭아 아이스티 190mL 10팩","8804645005886","발주가능","정상","0","0","2","3486","0","0","0","","NO","0.694"
"20260922","Food","Drinks","차음료","맥널티커피","SFDCH1","24752251","복숭아 아이스티 190mL 10팩","8804645005886","발주가능","정상","0","0","2","3486","0","0","0","","NO","0.694"
"20260922","Food","Drinks","차음료","맥널티커피","FC","24944267","맥널티 허니자몽 블랙티 대용량 파우치 1Lx6입","18804645005951","발주가능","정상","0","2","51","10252","0","0","0","","NO","0.694"
"20260922","Food","Drinks","차음료","맥널티커피","FC","24944268","맥널티 복숭아 아이스티 대용량 파우치 1Lx6입","18804645005944","발주가능","정상","0","2","54","10252","0","0","0","","NO","0.694"
"20260922","Food","Drinks","차음료","맥널티커피","FC","26889711","맥널티 제로칼로리 복숭아 아이스티 500ml 24입","18804645006101","발주가능","정상","0","16","217","12205","0","0","0","","NO","0.694"
"20260922","Food","Drinks","차음료","맥널티커피","FC","36669698","제로 아이스티 복숭아, 30개입, 13g","8804645006791","발주가능","정상","0","3","74","5850","0","0","0","","NO","0.694"
"20260922","Food","Drinks","차음료","맥널티커피","FC","36829225","맥널티 제로칼로리 청포도 아이스티 500mlx24입,","18804645006538","발주가능","정상","0","0","72","12205","0","0","0","","NO","0.694"
"20260922","Food","Drinks","차음료","맥널티커피","FC","36829226","제로 아이스티 청포도, 30개입, 13g 1개","8804645006807","발주가능","정상","0","3","56","5850","0","0","0","","NO","0.694"
"20260922","Food","Drinks","차음료","맥널티커피","FC","38262417","복숭아 아이스티 제로, 6개, 1L","18804645006873","발주가능","정상","0","1","32","10577","0","0","0","","NO","0.694"
"20260922","Food","Drinks","차음료","맥널티커피","FC","40520042","맥널티커피 복숭아 아이스티 제로 RTD, 30개, 240ml","18804645006835","발주가능","정상","0","4","284","8795","0","0","0","","NO","0.694"
"20260922","Food","Drinks","차음료","맥널티커피","SFSPA3","61673272","맥널티커피 복숭아 아이스티 제로, 1.5L, 1개","8804645006739","발주가능","정상","0","0","1","1364","0","0","0","","NO","0.694"
"20260922","Food","Drinks","차음료","맥널티커피","RC","61673272","맥널티커피 복숭아 아이스티 제로, 1.5L, 1개","8804645006739","발주가능","정상","0","0","1872","1364","0","0","0","","NO","0.694"
"20260922","Food","Drinks","차음료","맥널티커피","SFJEJ2","61673272","맥널티커피 복숭아 아이스티 제로, 1.5L, 1개","8804645006739","발주가능","정상","0","0","7","1364","0","0","0","","NO","0.694"
"20260922","Food","Drinks","차음료","맥널티커피","FC","61673272","맥널티커피 복숭아 아이스티 제로, 1.5L, 1개","8804645006739","발주가능","정상","0","180","1029","1364","0","0","0","","NO","0.694"
"20260922","Food","Drinks","차음료","맥널티커피","FC","73944650","맥널티 복숭아 아이스티 대용량 파우치, 1개, 2.1L","8804645007965","발주가능","정상","0","128","1618","2413","0.6781","0.6781","0","","NO","0.694"
"20260922","Food","Drinks","차음료","맥널티커피","RC","73944650","맥널티 복숭아 아이스티 대용량 파우치, 1개, 2.1L","8804645007965","발주가능","정상","396","0","396","2413","0.6781","0.6781","0","","NO","0.694"
"20260922","Food","Drinks","차음료","맥널티커피","SFSPA3","73944650","맥널티 복숭아 아이스티 대용량 파우치, 1개, 2.1L","8804645007965","발주가능","정상","0","0","0","2413","0.6781","0.6781","0","","NO","0.694"
"20260922","Food","Drinks","차음료","맥널티커피","SFJEJ2","73944650","맥널티 복숭아 아이스티 대용량 파우치, 1개, 2.1L","8804645007965","발주가능","정상","0","0","1","2413","0.6781","0.6781","0","","NO","0.694"
"20260922","Food","Drinks","차음료","맥널티커피","FC","75850021","맥널티 허니자몽 블랙티, 1L, 1개","8804645005954","발주가능","정상","0","8","198","1714","0","0","0","","NO","0.694"
"20260922","Food","Drinks","커피음료","맥널티커피","FC","24695530","아이스 헤이즐넛향 커피 190mL 10팩","8804645005879","발주가능","정상","0","30","174","3486","0","0","0","","NO","0.686"
"20260922","Food","Drinks","커피음료","맥널티커피","RC","24695530","아이스 헤이즐넛향 커피 190mL 10팩","8804645005879","발주가능","정상","0","0","273","3486","0","0","0","","NO","0.686"
"20260922","Food","Drinks","커피음료","맥널티커피","RC","24695531","아이스 아메리카노 스위트 190mL 10팩","8804645005862","발주가능","정상","0","0","1092","3486","0","0","0","","NO","0.686"
"20260922","Food","Drinks","커피음료","맥널티커피","SFJEJ2","24695531","아이스 아메리카노 스위트 190mL 10팩","8804645005862","발주가능","정상","0","0","1","3486","0","0","0","","NO","0.686"
"20260922","Food","Drinks","커피음료","맥널티커피","FC","24695531","아이스 아메리카노 스위트 190mL 10팩","8804645005862","발주가능","정상","0","29","298","3486","0","0","0","","NO","0.686"
"20260922","Food","Drinks","커피음료","맥널티커피","FC","24695532","아이스 아메리카노 블랙 190mL 10팩","8804645005855","발주가능","정상","0","28","534","3486","0","0","0","","NO","0.686"
"20260922","Food","Drinks","커피음료","맥널티커피","RC","24695532","아이스 아메리카노 블랙 190mL 10팩","8804645005855","발주가능","정상","0","0","273","3486","0","0","0","","NO","0.686"
"20260922","Food","Drinks","커피음료","맥널티커피","SFODD2","24695532","아이스 아메리카노 블랙 190mL 10팩","8804645005855","발주가능","정상","0","0","1","3486","0","0","0","","NO","0.686"
"20260922","Food","Drinks","커피음료","맥널티커피","FC","25484251","맥널티커피 아메리카노 스위트 1Lx6입","18804645005920","발주가능","정상","0","4","84","10252","0","0","0","","NO","0.686"
"20260922","Food","Drinks","커피음료","맥널티커피","FC","25484255","맥널티 아이스 아메리카노 블랙커피 대용량 파우치 1Lx6입","18804645005913","발주가능","정상","0","1","41","10252","0","0","0","","NO","0.686"
"20260922","Food","Drinks","커피음료","맥널티커피","FC","25484257","맥널티 아이스 헤이즐넛향 커피 대용량 파우치 1Lx6입","18804645005937","발주가능","정상","0","7","65","10252","0","0","0","","NO","0.686"
"20260922","Food","Drinks","커피음료","맥널티커피","FC","48466205","맥널티 대용량 제로슈가 스테비아 믹스커피 음료, 12개, 1L","18804645007290","발주가능","정상","80","16","143","17067","1","1","0","","NO","0.686"
"20260922","Food","Drinks","커피음료","맥널티커피","RC","54922706","맥널티 대용량 제로슈가 스테비아 믹스커피 음료, 1L, 6개","8804645007323","발주가능","정상","0","0","160","8805","0","0","0","","NO","0.686"
"20260922","Food","Drinks","커피음료","맥널티커피","FC","54922706","맥널티 대용량 제로슈가 스테비아 믹스커피 음료, 1L, 6개","8804645007323","발주가능","정상","0","59","890","8805","0","0","0","","NO","0.686"
"20260922","Food","Drinks","커피음료","맥널티커피","FC","68778940","맥널티 아이브루 아메리카노 블랙커피 12개 1L","18804645007306","발주가능","정상","720","232","2290","12205","1","1","0","","NO","0.686"
"20260922","Food","Drinks","커피음료","맥널티커피","RC","68778940","맥널티 아이브루 아메리카노 블랙커피 12개 1L","18804645007306","발주가능","정상","0","0","720","12205","1","1","0","","NO","0.686"
"20260922","Food","Drinks","커피음료","맥널티커피","FC","68778941","맥널티 아이브루 헤이즐넛향 블랙커피 12개 1L","18804645007504","발주가능","정상","80","64","398","12205","1","1","0","","NO","0.686"
"20260922","Food","Drinks","커피음료","맥널티커피","RC","68778942","아이브루 아메리카노 블랙커피 무라벨 400ML 20개","8804645007491","발주가능","정상","0","0","91","12205","0","0","0","","NO","0.686"
"20260922","Food","Drinks","커피음료","맥널티커피","FC","68778942","아이브루 아메리카노 블랙커피 무라벨 400ML 20개","8804645007491","발주가능","정상","0","115","1439","12205","0","0","0","","NO","0.686"
"20260922","Food","Drinks","커피음료","맥널티커피","SFSPA3","73951791","맥널티 아이스 아메리카노 블랙 커피 대용량 파우치, 1개, 2.1L","8804645007958","발주가능","정상","0","16","12","2413","0","0","0","","NO","0.686"
"20260922","Food","Drinks","커피음료","맥널티커피","SFDCH1","73951791","맥널티 아이스 아메리카노 블랙 커피 대용량 파우치, 1개, 2.1L","8804645007958","발주가능","정상","0","1","1","2413","0","0","0","","NO","0.686"
"20260922","Food","Drinks","커피음료","맥널티커피","FC","73951791","맥널티 아이스 아메리카노 블랙 커피 대용량 파우치, 1개, 2.1L","8804645007958","발주가능","정상","0","388","1819","2413","0","0","0","","NO","0.686"
"20260922","Food","Drinks","커피음료","맥널티커피","RC","73951791","맥널티 아이스 아메리카노 블랙 커피 대용량 파우치, 1개, 2.1L","8804645007958","발주가능","정상","0","0","11264","2413","0","0","0","","NO","0.686"
"20260922","Food","Drinks","커피음료","맥널티커피","SFSPA3","75683093","맥널티 아이스 아메리카노 블랙 1리터, 1L, 1개","8804645005916","발주가능","정상","0","0","1","1714","0","0","0","","NO","0.686"
"20260922","Food","Drinks","커피음료","맥널티커피","SFJEJ2","75683093","맥널티 아이스 아메리카노 블랙 1리터, 1L, 1개","8804645005916","발주가능","정상","0","0","1","1714","0","0","0","","NO","0.686"
"20260922","Food","Drinks","커피음료","맥널티커피","FC","75683093","맥널티 아이스 아메리카노 블랙 1리터, 1L, 1개","8804645005916","발주가능","정상","0","25","1054","1714","0","0","0","","NO","0.686"
"20260922","Food","Drinks","커피음료","맥널티커피","FC","75694561","맥널티커피 아이스 아메리카노 헤이즐넛, 1개, 1L","8804645005930","발주가능","정상","0","21","1547","1714","0","0","0","","NO","0.686"
"20260922","Food","Drinks","커피음료","맥널티커피","FC","75765043","맥널티 아이스아메리카노 스위트, 1개, 1L","8804645005923","발주가능","정상","0","45","1488","1714","0","0","0","","NO","0.686"
"20260922","Food","Drinks","커피음료","맥널티커피","FC","76540319","맥널티 호랭이 마일드 라떼 캔커피, 30개, 175ml","18804645008013","발주가능","정상","429","56","803","8523","1","1","0","","NO","0.686"
"20260922","Food","Drinks","커피음료","맥널티커피","RC","77572705","맥널티 아이스 아메리카노 헤이즐넛, 1개, 2.1L","8804645008030","발주가능","정상","0","0","1168","2413","0","0","0","","YES","0.686"
"20260922","Food","Drinks","커피음료","맥널티커피","FC","77572705","맥널티 아이스 아메리카노 헤이즐넛, 1개, 2.1L","8804645008030","발주가능","정상","0","156","702","2413","0","0","0","","YES","0.686"
"20260922","Food","Drinks","커피음료","아이브루","FC","70253954","아이브루 디카페인 아메리카노 블랙커피 무라벨, 20개, 400ml","8804645007903","발주가능","정상","364","86","436","13500","1","1","0","","NO","0.686"
"20260922","Kitchen","Tools & Gadgets","드립주전자/포트","맥널티커피","FC","15333511","맥널티 드립 주전자 350ml","8804645004490","발주가능","정상","35","8","30","5044","1","1","0","","YES","0.783"
"20260922","Kitchen","Tools & Gadgets","커피필터/여과지","맥널티","FC","12491225","맥널티 핸드드립 커피필터 30개입","8804645300950","발주가능","정상","0","65","909","2642","0","0","0","","NO","0.524"
"20260922","Kitchen","Tools & Gadgets","커피필터/여과지","맥널티","SFJEJ2","12491225","맥널티 핸드드립 커피필터 30개입","8804645300950","발주가능","정상","0","0","2","2642","0","0","0","","NO","0.524"
"20260921","CE","Kitchen Appliance","커피머신","맥널티커피","FC","31602405","맥널티 2in1 핫앤콜드 진공추출 커피메이커 MCM-065B MCM-065B","8804645006296","발주가능","정상","0","1","11","30859","0","0","0","","NO","0.784"
"20260921","Food","Coffee & Tea","기타전통차","맥널티커피","FC","39149736","맥널티 스테비아 침향 쌍화차, 1개, 30개입, 450g","8804645006913","발주가능","정상","0","1","91","8536","0","0","0","","NO","0.729"
"20260921","Food","Coffee & Tea","기타전통차","맥널티커피","FC","41175263","맥널티커피 스테비아 꿀 유자차, 1개, 30개입, 450g","8804645006951","발주가능","정상","0","4","60","7388","0","0","0","","NO","0.729"
"20260921","Food","Coffee & Tea","둥글레/옥수수/보리/결명자차","맥널티커피","FC","76230458","맥널티 진 보리차 1개 1kg","8804645007996","발주가능","정상","0","3","28","15209","0","0","0","","NO","0.602"
"20260921","Food","Coffee & Tea","드립백/티백","맥널티","FC","3067432","산지별 콜롬비아 슈프리모 핸드드립커피 7개입","8804645000324","발주가능","정상","0","6","220","3043","0","0","0","","NO","0.725"
"20260921","Food","Coffee & Tea","드립백/티백","맥널티","FC","10003518","케냐 AA 핸드드립 블렌드 24개입","8804645000720","발주가능","정상","0","8","58","6068","0","0","0","","NO","0.725"
"20260921","Food","Coffee & Tea","드립백/티백","맥널티커피","FC","3067429","산지별 브라질 세라도 NY2 핸드드립커피 7개입","8804645000300","발주가능","정상","0","0","34","2887","0","0","0","","NO","0.725"
"20260921","Food","Coffee & Tea","드립백/티백","맥널티커피","FC","3067430","산지별 케냐 AA 핸드드립커피 7개입","8804645000355","발주가능","정상","0","4","50","3062","0","0","0","","NO","0.725"
"20260921","Food","Coffee & Tea","드립백/티백","맥널티커피","FC","3067433","산지별 에티오피아 코케 허니 핸드드립커피 7개입","8804645000348","발주가능","정상","0","3","45","2910","0","0","0","","NO","0.725"
"20260921","Food","Coffee & Tea","드립백/티백","맥널티커피","FC","3067434","산지별 에티오피아 예가체프 핸드드립커피 7개입","8804645000331","발주가능","정상","0","11","33","3184","0","0","0","","NO","0.725"
"20260921","Food","Coffee & Tea","드립백/티백","맥널티커피","FC","10003517","콜롬비아 핸드드립 블렌드 24개입","8804645000713","발주가능","정상","0","1","0","5977","0","0","0","","YES","0.725"
"20260921","Food","Coffee & Tea","드립백/티백","맥널티커피","FC","23400108","맥널티 디카페인100% 핸드드립 원두커피 24개입","8804645005732","발주가능","정상","0","5","42","9395","0","0","0","","NO","0.725"
"20260921","Food","Coffee & Tea","드립백/티백","맥널티커피","FC","37713094","맥널티 핸드드립커피 케냐AA(더블에이) 36개입, 8g, 1개","8804645006616","발주가능","정상","12","8","18","11759","0","0","0","","NO","0.725"
"20260921","Food","Coffee & Tea","드립백/티백","맥널티커피","FC","37713095","맥널티 핸드드립커피 에티오피아 예가체프 36개입, 8g, 1개","8804645006623","발주가능","정상","0","5","5","10577","0","0","0","","YES","0.725"
"20260921","Food","Coffee & Tea","드립백/티백","맥널티커피","FC","41391235","맥널티 행복을주는커피 시그니처 블렌드 핸드드립 커피 20개입, 1개, 8g","8804645003653","발주가능","정상","0","9","5","6795","0","0","0","","YES","0.725"
"20260921","Food","Coffee & Tea","드립백/티백","맥널티커피","FC","62821923","맥널티 핸드드립 커피 에티오피아 예가체프 8g 24개입 1개","8804645006920","발주가능","정상","0","3","9","9679","0","0","0","","NO","0.725"
"20260921","Food","Coffee & Tea","드립백/티백","맥널티커피","FC","68147033","베니스브루 스페셜티 핸드드립 가향 커피 오렌지 벨벳, 1개, 7개입, 12g","8804645007712","발주가능","정상","0","0","26","5143","0","0","0","","NO","0.725"
"20260921","Food","Coffee & Tea","드립백/티백","맥널티커피","FC","68147034","베니스브루 스페셜티 핸드드립 가향 커피 쇼콜라 모카, 1개, 7개입, 12g","8804645007729","발주가능","정상","0","0","28","5143","0","0","0","","NO","0.725"
"20260921","Food","Coffee & Tea","드립백/티백","맥널티커피","FC","68777449","베니스브루 베리 블로썸 드립백 커피 12g 1개 7개입","8804645007705","발주가능","정상","0","0","32","5143","0","0","0","","NO","0.725"
"20260921","Food","Coffee & Tea","라떼분말","맥널티커피","FC","34834818","맥널티 스테비아 제로슈가 핫초코 라떼 30개입 15g","8804645006340","발주가능","정상","0","20","576","7500","0","0","0","","NO","0.582"
"20260921","Food","Coffee & Tea","라떼분말","맥널티커피","FC","51063548","스테비아 단백질 옥수수 크림 라떼, 1개, 20개입, 18g","8804645007330","발주가능","정상","0","0","24","5850","0","0","0","","NO","0.582"
"20260921","Food","Coffee & Tea","라떼분말","맥널티커피","FC","51164938","스테비아 단백질 고구마 크림 라떼, 1개, 20개입, 18g","8804645007347","발주가능","정상","0","1","11","5850","0","0","0","","NO","0.582"
"20260921","Food","Coffee & Tea","원두","N_A","FC","76443755","맥널티 브라질 세라도 NY.2 원두 1kg, 1개","8804645006425","발주가능","정상","0","1","233","17609","0","0","0","","NO","0.897"
"20260921","Food","Coffee & Tea","원두","맥널티커피","FC","45570","맥널티_헤이즐넛원두분쇄커피_226G","8804645100208","발주가능","정상","0","73","1315","5000","0","0","0","","NO","0.897"
"20260921","Food","Coffee & Tea","원두","맥널티커피","RC","45570","맥널티_헤이즐넛원두분쇄커피_226G","8804645100208","발주가능","정상","0","0","2176","5000","0","0","0","","NO","0.897"
"20260921","Food","Coffee & Tea","원두","맥널티커피","RC","45572","맥널티_헤이즐넛원두분쇄커피_500G","8804645100468","발주가능","정상","0","0","640","7960","0","0","0","","NO","0.897"
"20260921","Food","Coffee & Tea","원두","맥널티커피","SFJEJ2","45572","맥널티_헤이즐넛원두분쇄커피_500G","8804645100468","발주가능","정상","0","1","2","7960","0","0","0","","NO","0.897"
"20260921","Food","Coffee & Tea","원두","맥널티커피","FC","45572","맥널티_헤이즐넛원두분쇄커피_500G","8804645100468","발주가능","정상","0","30","496","7960","0","0","0","","NO","0.897"
"20260921","Food","Coffee & Tea","원두","맥널티커피","SFSPA3","45572","맥널티_헤이즐넛원두분쇄커피_500G","8804645100468","발주가능","정상","0","2","1","7960","0","0","0","","NO","0.897"
"20260921","Food","Coffee & Tea","원두","맥널티커피","FC","45573","맥널티_블루마운틴스타일원두분쇄커피_500G","8804645100451","발주가능","정상","0","15","685","11091","0","0","0","","NO","0.897"
"20260921","Food","Coffee & Tea","원두","맥널티커피","FC","5344648","맥널티 원두 에스프레소 블랙 1개, 1kg","8804645001239","발주불가","단종","0","0","1","9156","0","0","0","","YES","0.897"
"20260921","Food","Coffee & Tea","원두","맥널티커피","FC","10147177","맥널티 홀빈 블루마운틴 1000g","8804645006302","발주가능","정상","0","5","174","15715","0","0","0","","NO","0.897"
"20260921","Food","Coffee & Tea","원두","맥널티커피","FC","10147180","맥널티 행복을 주는 커피 헤이즐넛향 1kg 홀빈","8804645100185","발주가능","정상","0","16","186","15244","0","0","0","","NO","0.897"
"20260921","Food","Coffee & Tea","원두","맥널티커피","RC","10812901","맥널티 베트남 로부스타 원두커피 1kg","8804645003066","발주가능","정상","0","0","180","11700","0","0","0","","NO","0.897"
"20260921","Food","Coffee & Tea","원두","맥널티커피","FC","10812901","맥널티 베트남 로부스타 원두커피 1kg","8804645003066","발주가능","정상","0","50","184","11700","0","0","0","","NO","0.897"
"20260921","Food","Coffee & Tea","원두","맥널티커피","SFJEJ2","10812901","맥널티 베트남 로부스타 원두커피 1kg","8804645003066","발주가능","정상","0","0","2","11700","0","0","0","","NO","0.897"
"20260921","Food","Coffee & Tea","원두","맥널티커피","FC","11849981","행복을 주는 커피 블루마운틴 블렌드 분쇄 원두 커피 1kg","8804645003486","발주가능","정상","36","11","113","16364","0","0","0","","NO","0.897"
"20260921","Food","Coffee & Tea","원두","맥널티커피","FC","12521866","맥널티 행복을 주는 커피 시그니처 헤이즐넛향 원두 커피 1Kg","8804645003493","발주가능","정상","0","33","109","16364","0","0","0","","NO","0.897"
"20260921","Food","Coffee & Tea","원두","맥널티커피","RC","12521866","맥널티 행복을 주는 커피 시그니처 헤이즐넛향 원두 커피 1Kg","8804645003493","발주가능","정상","0","0","216","16364","0","0","0","","NO","0.897"
"20260921","Food","Coffee & Tea","원두","맥널티커피","FC","13277718","맥널티 행복을 주는 커피 브라질 산토스 1kg","8804645003936","발주가능","정상","0","5","11","14091","0","0","0","","NO","0.897"
"20260921","Food","Coffee & Tea","원두","맥널티커피","FC","13277719","맥널티 행복을 주는 커피 콜롬비아 블렌드 1kg","8804645003929","발주가능","정상","0","20","365","15599","0","0","0","","NO","0.897"
"20260921","Food","Coffee & Tea","원두","맥널티커피","FC","37733154","맥널티 원두 홀빈(분쇄안함) 마일드 미디움 블렌드 200g, 1개","8804645005374","발주가능","정상","0","0","19","5791","0","0","0","","NO","0.897"
"20260921","Food","Coffee & Tea","원두","맥널티커피","FC","38710869","맥널티 홀빈 커피원두, 마일드 미디움 블렌드 1kg, 1개","8804645005329","발주가능","정상","0","2","8","16364","0","0","0","","NO","0.897"
"20260921","Food","Coffee & Tea","원두","맥널티커피","FC","38710870","맥널티 홀빈 커피원두, 콜롬비아 안데스 오리진 1kg, 1개","8804645005343","발주가능","정상","0","4","47","16364","0","0","0","","NO","0.897"
"20260921","Food","Coffee & Tea","원두","맥널티커피","FC","38710872","맥널티 홀빈 커피원두, 시그니처 블렌드 1kg, 1개","8804645005312","발주가능","정상","0","11","68","16364","0","0","0","","NO","0.897"
"20260921","Food","Coffee & Tea","원두","맥널티커피","FC","38813491","맥널티 홀빈 원두 1KG, 브라질 산토스 내추럴, 1개","8804645005350","발주가능","정상","0","10","44","11364","0","0","0","","NO","0.897"
"20260921","Food","Coffee & Tea","원두","맥널티커피","FC","38919334","맥널티 에티오피아 예가체프 홀빈 원두, 1kg, 1개","8804645006852","발주가능","정상","0","6","37","16364","0","0","0","","NO","0.897"
"20260921","Food","Coffee & Tea","원두","맥널티커피","FC","39616644","맥널티 예맨 모카 블렌드 커피 원두, 홀빈(분쇄안함), 500g, 1개","8804645006692","발주가능","정상","0","0","13","11400","0","0","0","","NO","0.897"
"20260921","Food","Coffee & Tea","원두","맥널티커피","FC","39616645","맥널티 시그니처 디카페인 커피 원두, 홀빈(분쇄안함), 500g, 1개","8804645006937","발주가능","정상","0","1","58","12545","0","0","0","","NO","0.897"
"20260921","Food","Coffee & Tea","원두","맥널티커피","FC","39616646","맥널티 게이샤 블렌드 커피 원두, 홀빈(분쇄안함), 500g, 1개","8804645006708","발주가능","정상","0","0","8","11400","0","0","0","","NO","0.897"
"20260921","Food","Coffee & Tea","원두","맥널티커피","FC","39616647","맥널티 하와이안 코나 블렌드 커피 원두, 홀빈(분쇄안함), 500g, 1개","8804645006685","발주가능","정상","0","4","11","11400","0","0","0","","NO","0.897"
"20260921","Food","Coffee & Tea","원두","맥널티커피","FC","48074657","맥널티 브라질 세라도 분쇄 원두 커피, 1개, 500g","8804645007262","발주가능","정상","0","4","58","9395","0","0","0","","NO","0.897"
"20260921","Food","Coffee & Tea","원두","맥널티커피","FC","48074658","맥널티 콜롬비아 안데스 분쇄 원두 커피, 1개, 500g","8804645007255","발주가능","정상","0","8","50","9986","0","0","0","","NO","0.897"
"20260921","Food","Coffee & Tea","원두","맥널티커피","FC","48074659","맥널티 에티오피아 예가체프 분쇄 원두 커피, 1개, 500g","8804645007231","발주가능","정상","0","18","67","9986","0","0","0","","NO","0.897"
"20260921","Food","Coffee & Tea","원두","맥널티커피","FC","58681130","콜롬비아 안데스 오리진 분쇄 커피 원두 1개 226g 핸드드립","8804645007552","발주가능","정상","0","4","20","7159","0","0","0","","NO","0.897"
"20260921","Food","Coffee & Tea","원두","맥널티커피","FC","58681131","브라질 산토스 오리진 분쇄 커피 원두, 226g, 1개, 핸드드립","8804645007545","발주가능","정상","0","2","12","7159","0","0","0","","NO","0.897"
"20260921","Food","Coffee & Tea","원두","맥널티커피","FC","58765769","게이샤 블렌드 분쇄 커피 원두, 1개, 226g, 핸드드립","8804645007514","발주가능","정상","0","1","0","7732","0","0","0","","YES","0.897"
"20260921","Food","Coffee & Tea","원두","맥널티커피","FC","58765770","디카페인 헤이즐넛향 분쇄 커피 원두, 1개, 226g, 핸드드립","8804645007538","발주가능","정상","0","8","88","8018","0","0","0","","NO","0.897"
"20260921","Food","Coffee & Tea","원두","맥널티커피","FC","58850533","하와이안 코나 블렌드 분쇄 커피 원두, 1개, 226g, 핸드드립","8804645007521","발주가능","정상","0","3","7","7732","0","0","0","","NO","0.897"
"20260921","Food","Coffee & Tea","원두","맥널티커피","FC","71777603","투비 다크 블랙 블렌드 홀빈 원두 커피, 1kg, 홀빈(분쇄안함), 1개","8804645007989","발주가능","정상","0","2","44","13115","0","0","0","","NO","0.897"
"20260921","Food","Coffee & Tea","원두","맥널티커피","FC","76697770","투비커피 너티초코 아메리카노 블렌드 홀빈 원두 커피, 1kg, 홀빈(분쇄안함), 1개","8804645008047","발주가능","정상","0","0","38","17125","0","0","0","","NO","0.897"
"20260921","Food","Coffee & Tea","원두커피믹스","맥널티","FC","10003529","아이브루 클래식 100T","8804645002465","발주불가","규격 외","0","0","1","6068","0","0","0","","NO","0.592"
"20260921","Food","Coffee & Tea","원두커피믹스","맥널티","FC","11019882","맥널티 아이브루 다크 블렌드 200T","8804645003219","발주가능","정상","0","4","15","13096","0","0","0","","NO","0.592"
"20260921","Food","Coffee & Tea","원두커피믹스","맥널티커피","FC","11019883","맥널티 아이브루 모카 블랙 200T","8804645003226","발주가능","정상","0","8","41","11687","0","0","0","","NO","0.592"
"20260921","Food","Coffee & Tea","원두커피믹스","맥널티커피","FC","13777565","맥널티 아이브루 모카블랙 70T","8804645003912","발주가능","정상","0","0","38","6519","0","0","0","","NO","0.592"
"20260921","Food","Coffee & Tea","원두커피믹스","맥널티커피","SFJEJ2","15720531","콜롬비아 블랙 100개입","8804645002861","발주가능","정상","0","0","7","6345","0","0","0","","NO","0.592"
"20260921","Food","Coffee & Tea","원두커피믹스","맥널티커피","FC","15720531","콜롬비아 블랙 100개입","8804645002861","발주가능","정상","0","81","425","6345","0","0","0","","NO","0.592"
"20260921","Food","Coffee & Tea","원두커피믹스","맥널티커피","FC","26477367","맥널티 리얼 에스프레소샷 블랙 액상스틱커피 15mlx30개입","8804645006029","발주가능","정상","0","29","365","7388","0","0","0","","NO","0.592"
"20260921","Food","Coffee & Tea","원두커피믹스","맥널티커피","FC","62672352","맥널티 아이브루 플러스 스위트 블랙 원두커피믹스 80개입 2.8g","8804645007620","발주가능","정상","0","0","30","7961","0","0","0","","NO","0.592"
"20260921","Food","Coffee & Tea","원두커피믹스","맥널티커피","FC","67975031","호랭이 커피 오곡향 블랙, 1개, 20개입, 1g","8804645007781","발주가능","정상","0","4","248","2806","0","0","0","","NO","0.592"
"20260921","Food","Coffee & Tea","원두커피믹스","맥널티커피","FC","71629331","맥널티 갓성비 아메리카노 블랙커피, 1개, 100개입, 2g","8804645007873","발주가능","정상","0","79","365","8534","0","0","0","","NO","0.592"
"20260921","Food","Coffee & Tea","원두커피믹스","아이브루","SFJEJ2","36903434","맥널티 아이브루 플러스 헤이즐넛 블랙커피 100개입","8804645006395","발주가능","정상","0","0","3","7623","0","0","0","","NO","0.592"
"20260921","Food","Coffee & Tea","원두커피믹스","아이브루","FC","36903434","맥널티 아이브루 플러스 헤이즐넛 블랙커피 100개입","8804645006395","발주가능","정상","0","98","353","7623","0","0","0","","NO","0.592"
"20260921","Food","Coffee & Tea","원두커피믹스","아이브루","FC","36903435","맥널티 아이브루 플러스 오리지널 블랙커피 100개입","8804645006388","발주불가","규격 외","0","0","384","7623","0","0","0","","NO","0.592"
"20260921","Food","Coffee & Tea","원두커피믹스","아이브루","FC","46534985","아이브루 플러스 디카페인 아메리카노 블랙커피, 1개, 80개입, 80g","8804645007118","발주가능","정상","0","25","147","7964","0","0","0","","NO","0.592"
"20260921","Food","Coffee & Tea","원두커피믹스","아이브루","SFJEJ2","56760693","아이브루 플러스 디카페인 블랙커피 헤이즐넛향 (1g x 80개입), 1개","8804645007453","발주가능","정상","0","0","2","7961","0","0","0","","NO","0.592"
"20260921","Food","Coffee & Tea","원두커피믹스","아이브루","FC","56760693","아이브루 플러스 디카페인 블랙커피 헤이즐넛향 (1g x 80개입), 1개","8804645007453","발주가능","정상","0","54","585","7961","0","0","0","","NO","0.592"
"20260921","Food","Coffee & Tea","원두커피믹스","프라이빗클럽","FC","10837643","맥널티 병커피 헤이즐넛향 50gx10개","19311931309161","발주가능","정상","0","5","136","23000","0","0","0","","NO","0.592"
"20260921","Food","Coffee & Tea","원두커피믹스","프라이빗클럽","FC","12091997","Box_입소문난 아이리쉬 50G 10병","19311931311164","발주가능","정상","0","3","25","18625","0","0","0","","NO","0.592"
"20260921","Food","Coffee & Tea","원두커피믹스","프라이빗클럽","FC","52625820","맥널티 인스턴트 원두 병커피 에스프레소 블랙 50g 1개","9311931902167","발주가능","정상","0","26","289","3486","0","0","0","","NO","0.592"
"20260921","Food","Coffee & Tea","율무/견과차","맥널티","SFJEJ2","64842417","티브루 호박팥차 진액 10ml 30개입 1개","8804645007675","발주가능","정상","0","4","3","5259","0","0","0","","NO","0.715"
"20260921","Food","Coffee & Tea","율무/견과차","맥널티","FC","64842417","티브루 호박팥차 진액 10ml 30개입 1개","8804645007675","발주가능","정상","0","42","1015","5259","0","0","0","","NO","0.715"
"20260921","Food","Coffee & Tea","율무/견과차","맥널티커피","FC","39149735","맥널티 스테비아 제로슈가 호두 아몬드 율무차, 1개, 30개입, 450g","8804645006906","발주가능","정상","0","3","110","6815","0","0","0","","NO","0.715"
"20260921","Food","Coffee & Tea","차세트","맥널티커피","FC","78654824","[2026 추석세트] 맥널티 스테비아 전통차 선물세트, 1세트, 율무차(30개) + 쌍화차(30개)","8804645008092","발주가능","정상","0","0","339","19091","0","0","0","","NO","0.903"
"20260921","Food","Coffee & Tea","커피믹스","맥널티커피","RC","45571","맥널티_ 자메이카 블루마운틴 블렌드_226G","8804645100215","발주가능","정상","0","0","512","5000","0","0","0","","NO","0.721"
"20260921","Food","Coffee & Tea","커피믹스","맥널티커피","FC","45571","맥널티_ 자메이카 블루마운틴 블렌드_226G","8804645100215","발주가능","정상","0","44","1131","5000","0","0","0","","NO","0.721"
"20260921","Food","Coffee & Tea","커피믹스","맥널티커피","FC","25240400","맥널티 스테비아 커피믹스 100개입","8804645006067","발주가능","정상","0","82","723","12941","0","0","0","","NO","0.721"
"20260921","Food","Coffee & Tea","커피믹스","맥널티커피","SFJEJ2","25240400","맥널티 스테비아 커피믹스 100개입","8804645006067","발주가능","정상","0","0","4","12941","0","0","0","","NO","0.721"
"20260921","Food","Coffee & Tea","커피믹스","맥널티커피","SFSPA3","25240400","맥널티 스테비아 커피믹스 100개입","8804645006067","발주가능","정상","0","3","0","12941","0","0","0","","NO","0.721"
"20260921","Food","Coffee & Tea","커피믹스","맥널티커피","RC","25240400","맥널티 스테비아 커피믹스 100개입","8804645006067","발주가능","정상","0","0","2160","12941","0","0","0","","NO","0.721"
"20260921","Food","Coffee & Tea","커피믹스","맥널티커피","SFODD4","25240402","맥널티 스테비아 커피믹스 30개입","8804645006074","발주가능","정상","0","0","0","4827","0","0","0","","NO","0.721"
"20260921","Food","Coffee & Tea","커피믹스","맥널티커피","FC","25240402","맥널티 스테비아 커피믹스 30개입","8804645006074","발주가능","정상","144","34","263","4827","0","0","0","","NO","0.721"
"20260921","Food","Coffee & Tea","커피믹스","맥널티커피","FC","29461862","맥널티 아메리카노 아이스 블랙 100개입","8804645006081","발주가능","정상","0","44","44","5850","0","0","0","","NO","0.721"
"20260921","Food","Coffee & Tea","커피믹스","맥널티커피","FC","38933766","맥널티커피 스테비아 디카페인 커피믹스, 1개, 100개입 9.5g","8804645006890","발주가능","정상","0","24","444","18850","0","0","0","","YES","0.721"
"20260921","Food","Coffee & Tea","커피믹스","맥널티커피","RC","38933766","맥널티커피 스테비아 디카페인 커피믹스, 1개, 100개입 9.5g","8804645006890","발주가능","정상","0","0","360","18850","0","0","0","","YES","0.721"
"20260921","Food","Coffee & Tea","커피믹스","맥널티커피","FC","40806729","맥널티 스테비아 디카페인 커피믹스, 1개, 30개입, 285g","8804645006777","발주가능","정상","0","47","588","7027","0","0","0","","NO","0.721"
"20260921","Food","Coffee & Tea","커피믹스","맥널티커피","FC","46730880","산양유 단백질 프로틴 스테비아 커피믹스, 1개, 30개입, 300g","8804645007194","발주가능","정상","0","7","34","6243","0","0","0","","NO","0.721"
"20260921","Food","Coffee & Tea","커피믹스","맥널티커피","FC","47303765","산양유 단백질 프로틴 스테비아 커피믹스, 1개, 100개입, 1000g","8804645007187","발주가능","정상","0","24","41","19988","0","0","0","","NO","0.721"
"20260921","Food","Coffee & Tea","커피믹스","맥널티커피","FC","56214466","맥널티커피 아이브루 바닐라 라떼,12g x 100개입(스틱), 1200g , 1개","8804645007460","발주가능","정상","0","3","96","12543","0","0","0","","NO","0.721"
"20260921","Food","Coffee & Tea","커피믹스","맥널티커피","FC","56214467","맥널티커피 아이브루 카라멜 마끼아또, 12g x 100개입(스틱), 1200g , 1개","8804645007484","발주가능","정상","0","7","67","12543","0","0","0","","NO","0.721"
"20260921","Food","Coffee & Tea","커피믹스","맥널티커피","FC","63447822","스테비아 커피믹스 헤이즐넛향 9.5g 30개입 1개","8804645007637","발주가능","정상","0","15","53","4827","0","0","0","","NO","0.721"
"20260921","Food","Coffee & Tea","커피믹스","맥널티커피","FC","64859139","맥널티 스테비아 솔티드 카라멜 커피믹스 10g 1개 30개입","8804645007668","발주가능","정상","0","8","85","5670","0","0","0","","NO","0.721"
"20260921","Food","Coffee & Tea","커피믹스","맥널티커피","FC","69526598","맥널티 갓성비 제로슈가 커피믹스, 1개, 80개입, 9g","8804645007842","발주가능","정상","0","0","68","8805","0","0","0","","YES","0.721"
"20260921","Food","Coffee & Tea","커피믹스","맥널티커피","FC","69634259","맥널티커피 스테비아 커피믹스 헤이즐넛향, 9.5g, 100개입, 1개","8804645007811","발주가능","정상","0","8","6","14261","0","0","0","","NO","0.721"
"20260921","Food","Coffee & Tea","커피믹스","맥널티커피","FC","71115721","호랭이 커피믹스 고소한 오곡향, 1개, 160개입, 9.5g","8804645007880","발주가능","정상","0","6","52","14261","0","0","0","","NO","0.721"
"20260921","Food","Coffee & Tea","커피믹스","맥널티커피","FC","71115722","호랭이 커피믹스 고소한 오곡향, 1개, 20개입, 9.5g","8804645007897","발주가능","정상","0","6","91","2806","0","0","0","","NO","0.721"
"20260921","Food","Coffee & Tea","커피믹스","아이브루","FC","2341900","맥널티 iBrew 미니 헤이즐넛향 200개입(200g)","8804645000515","발주가능","정상","0","69","778","9917","0","0","0","","NO","0.721"
"20260921","Food","Coffee & Tea","커피믹스","아이브루","RC","2341900","맥널티 iBrew 미니 헤이즐넛향 200개입(200g)","8804645000515","발주가능","정상","0","0","1080","9917","0","0","0","","NO","0.721"
"20260921","Food","Coffee & Tea","커피믹스","아이브루","SFJEJ2","2341900","맥널티 iBrew 미니 헤이즐넛향 200개입(200g)","8804645000515","발주가능","정상","0","0","2","9917","0","0","0","","NO","0.721"
"20260921","Food","Coffee & Tea","커피믹스","아이브루","SFODD2","2341900","맥널티 iBrew 미니 헤이즐넛향 200개입(200g)","8804645000515","발주가능","정상","0","0","2","9917","0","0","0","","NO","0.721"
"20260921","Food","Coffee & Tea","커피믹스","아이브루","FC","3067423","아이브루 헤이즐넛향 70개입","8804645000706","발주가능","정상","0","14","206","4025","0","0","0","","NO","0.721"
"20260921","Food","Coffee & Tea","커피믹스","아이브루","FC","3067424","아이브루 케냐AA 블렌드 70개입","8804645000690","발주가능","정상","0","3","88","6205","0","0","0","","NO","0.721"
"20260921","Food","Coffee & Tea","커피믹스","아이브루","FC","3067425","아이브루 예가체프 블렌드 70개입","8804645000683","발주가능","정상","0","4","20","6205","0","0","0","","NO","0.721"
"20260921","Food","Coffee & Tea","커피믹스","프라이빗클럽","FC","3067428","인스턴트 병커피 헤이즐넛향 50g","9311931105162","발주가능","정상","0","240","3999","2300","0","0","0","","NO","0.721"
"20260921","Food","Coffee & Tea","커피세트","맥널티커피","FC","26870612","[2026 추석세트] 맥널티 핸드드립 버라이어티세트 30개입","8804645006258","발주가능","정상","0","46","1292","9395","0","0","0","","NO","0.907"
"20260921","Food","Coffee & Tea","커피세트","맥널티커피","FC","54651094","인스턴트 원두 병커피 맥널티커피 선물세트 50g x 4개입(에스프레소 2병+헤이즐넛 2병), 1세트","8804645007408","발주가능","정상","0","0","0","15305","0","0","0","","YES","0.907"
"20260921","Food","Drinks","과일음료","맥널티커피","FC","24752132","청포도 에이드 190mL 10팩","8804645005893","발주가능","정상","0","29","441","3486","0","0","0","","NO","0.797"
"20260921","Food","Drinks","과일음료","맥널티커피","RC","24752132","청포도 에이드 190mL 10팩","8804645005893","발주가능","정상","0","0","273","3486","0","0","0","","NO","0.797"
"20260921","Food","Drinks","과일음료","맥널티커피","SFJEJ2","24752132","청포도 에이드 190mL 10팩","8804645005893","발주가능","정상","0","0","1","3486","0","0","0","","NO","0.797"
"20260921","Food","Drinks","과일음료","맥널티커피","RC","24752250","블루레몬 에이드 190mL 10팩","8804645005909","발주가능","정상","0","0","237","3486","0","0","0","","NO","0.797"
"20260921","Food","Drinks","과일음료","맥널티커피","FC","24752250","블루레몬 에이드 190mL 10팩","8804645005909","발주가능","정상","0","14","397","3486","0","0","0","","NO","0.797"
"20260921","Food","Drinks","과일음료","맥널티커피","FC","45580036","맥널티 청매실 에이드 190ml*10개입","8804645007071","발주가능","정상","0","34","159","3486","0","0","0","","NO","0.797"
"20260921","Food","Drinks","농축액(음료베이스)","맥널티","FC","51983601","물 한방울 섞이지 않은 김토끼 유기농 레몬즙, 10개, 20g","8804645007361","발주가능","정상","0","0","51","4077","0","0","0","","NO","0.710"
"20260921","Food","Drinks","농축액(음료베이스)","맥널티","FC","58338694","티브루 보리차 원액 간편 액상스틱 진액, 30개, 10ml","8804645007590","발주가능","정상","0","59","1619","5259","0","0","0","","NO","0.710"
"20260921","Food","Drinks","농축액(음료베이스)","맥널티","FC","58338695","티브루 옥수수수염차 원액 간편 액상스틱 진액, 30개, 10ml","8804645007606","발주가능","정상","0","27","736","5259","0","0","0","","NO","0.710"
"20260921","Food","Drinks","농축액(음료베이스)","맥널티","SFJEJ2","58338696","티브루 헛개수 원액 간편 액상스틱 진액, 30개, 10ml","8804645007613","발주가능","정상","0","0","1","5259","0","0","0","","NO","0.710"
"20260921","Food","Drinks","농축액(음료베이스)","맥널티","FC","58338696","티브루 헛개수 원액 간편 액상스틱 진액, 30개, 10ml","8804645007613","발주가능","정상","0","37","498","5259","0","0","0","","NO","0.710"
"20260921","Food","Drinks","농축액(음료베이스)","맥널티커피","FC","62882483","티브루 보리차 진액, 1개, 400g","8804645007651","발주가능","정상","0","11","46","7623","0","0","0","","NO","0.710"
"20260921","Food","Drinks","농축액(음료베이스)","맥널티커피","FC","71636537","맥널티 티브루 호박팥차 무라벨, 20개, 500ml","8804645007934","발주가능","정상","0","42","77","8795","0","0","0","","YES","0.710"
"20260921","Food","Drinks","야채음료","맥널티커피","FC","48914233","맥널티 유자 에이드 190ml 10개","8804645007217","발주가능","정상","0","11","237","3486","0","0","0","","NO","0.612"
"20260921","Food","Drinks","차음료","맥널티커피","","24752251","복숭아 아이스티 190mL 10팩","8804645005886","발주가능","정상","0","0","2","3486","0","0","0","","NO","0.696"
"20260921","Food","Drinks","차음료","맥널티커피","RC","24752251","복숭아 아이스티 190mL 10팩","8804645005886","발주가능","정상","0","0","258","3486","0","0","0","","NO","0.696"
"20260921","Food","Drinks","차음료","맥널티커피","SFJEJ2","24752251","복숭아 아이스티 190mL 10팩","8804645005886","발주가능","정상","0","0","1","3486","0","0","0","","NO","0.696"
"20260921","Food","Drinks","차음료","맥널티커피","FC","24752251","복숭아 아이스티 190mL 10팩","8804645005886","발주가능","정상","0","22","125","3486","0","0","0","","NO","0.696"
"20260921","Food","Drinks","차음료","맥널티커피","FC","24944267","맥널티 허니자몽 블랙티 대용량 파우치 1Lx6입","18804645005951","발주가능","정상","0","2","53","10252","0","0","0","","NO","0.696"
"20260921","Food","Drinks","차음료","맥널티커피","FC","24944268","맥널티 복숭아 아이스티 대용량 파우치 1Lx6입","18804645005944","발주가능","정상","0","1","56","10252","0","0","0","","NO","0.696"
"20260921","Food","Drinks","차음료","맥널티커피","FC","26889711","맥널티 제로칼로리 복숭아 아이스티 500ml 24입","18804645006101","발주가능","정상","0","10","233","12205","0","0","0","","NO","0.696"
"20260921","Food","Drinks","차음료","맥널티커피","FC","36669698","제로 아이스티 복숭아, 30개입, 13g","8804645006791","발주가능","정상","0","3","77","5850","0","0","0","","NO","0.696"
"20260921","Food","Drinks","차음료","맥널티커피","FC","36829225","맥널티 제로칼로리 청포도 아이스티 500mlx24입,","18804645006538","발주가능","정상","0","4","72","12205","0","0","0","","NO","0.696"
"20260921","Food","Drinks","차음료","맥널티커피","FC","36829226","제로 아이스티 청포도, 30개입, 13g 1개","8804645006807","발주가능","정상","0","1","59","5850","0","0","0","","NO","0.696"
"20260921","Food","Drinks","차음료","맥널티커피","FC","36863185","맥널티 대용량 제로칼로리 복숭아 아이스티 1.5L 12개","18804645006736","일시중단","단종예정","0","0","0","17427","0","0","0","","YES","0.696"
"20260921","Food","Drinks","차음료","맥널티커피","FC","38262417","복숭아 아이스티 제로, 6개, 1L","18804645006873","발주가능","정상","0","4","33","10577","0","0","0","","NO","0.696"
"20260921","Food","Drinks","차음료","맥널티커피","FC","40520042","맥널티커피 복숭아 아이스티 제로 RTD, 30개, 240ml","18804645006835","발주가능","정상","0","4","288","8795","0","0","0","","NO","0.696"
"20260921","Food","Drinks","차음료","맥널티커피","SFSPA3","61673272","맥널티커피 복숭아 아이스티 제로, 1.5L, 1개","8804645006739","발주가능","정상","0","0","1","1364","0","0","0","","NO","0.696"
"20260921","Food","Drinks","차음료","맥널티커피","RC","61673272","맥널티커피 복숭아 아이스티 제로, 1.5L, 1개","8804645006739","발주가능","정상","0","0","1872","1364","0","0","0","","NO","0.696"
"20260921","Food","Drinks","차음료","맥널티커피","SFJEJ2","61673272","맥널티커피 복숭아 아이스티 제로, 1.5L, 1개","8804645006739","발주가능","정상","0","0","4","1364","0","0","0","","NO","0.696"
"20260921","Food","Drinks","차음료","맥널티커피","FC","61673272","맥널티커피 복숭아 아이스티 제로, 1.5L, 1개","8804645006739","발주가능","정상","0","153","1212","1364","0","0","0","","NO","0.696"
"20260921","Food","Drinks","차음료","맥널티커피","FC","73944650","맥널티 복숭아 아이스티 대용량 파우치, 1개, 2.1L","8804645007965","발주가능","정상","0","179","1746","2413","0","0","0","","NO","0.696"
"20260921","Food","Drinks","차음료","맥널티커피","SFSPA3","73944650","맥널티 복숭아 아이스티 대용량 파우치, 1개, 2.1L","8804645007965","발주가능","정상","0","0","0","2413","0","0","0","","NO","0.696"
"20260921","Food","Drinks","차음료","맥널티커피","SFJEJ2","73944650","맥널티 복숭아 아이스티 대용량 파우치, 1개, 2.1L","8804645007965","발주가능","정상","0","2","1","2413","0","0","0","","NO","0.696"
"20260921","Food","Drinks","차음료","맥널티커피","FC","75850021","맥널티 허니자몽 블랙티, 1L, 1개","8804645005954","발주가능","정상","0","12","206","1714","0","0","0","","NO","0.696"
"20260921","Food","Drinks","커피음료","맥널티커피","FC","24695530","아이스 헤이즐넛향 커피 190mL 10팩","8804645005879","발주가능","정상","0","28","204","3486","0","0","0","","NO","0.685"
"20260921","Food","Drinks","커피음료","맥널티커피","RC","24695530","아이스 헤이즐넛향 커피 190mL 10팩","8804645005879","발주가능","정상","0","0","273","3486","0","0","0","","NO","0.685"
"20260921","Food","Drinks","커피음료","맥널티커피","RC","24695531","아이스 아메리카노 스위트 190mL 10팩","8804645005862","발주가능","정상","0","0","1092","3486","0","0","0","","NO","0.685"
"20260921","Food","Drinks","커피음료","맥널티커피","SFJEJ2","24695531","아이스 아메리카노 스위트 190mL 10팩","8804645005862","발주가능","정상","0","0","1","3486","0","0","0","","NO","0.685"
"20260921","Food","Drinks","커피음료","맥널티커피","FC","24695531","아이스 아메리카노 스위트 190mL 10팩","8804645005862","발주가능","정상","0","40","326","3486","0","0","0","","NO","0.685"
"20260921","Food","Drinks","커피음료","맥널티커피","SFODD2","24695532","아이스 아메리카노 블랙 190mL 10팩","8804645005855","발주가능","정상","0","0","1","3486","0","0","0","","NO","0.685"
"20260921","Food","Drinks","커피음료","맥널티커피","FC","24695532","아이스 아메리카노 블랙 190mL 10팩","8804645005855","발주가능","정상","0","44","562","3486","0","0","0","","NO","0.685"
"20260921","Food","Drinks","커피음료","맥널티커피","RC","24695532","아이스 아메리카노 블랙 190mL 10팩","8804645005855","발주가능","정상","0","0","273","3486","0","0","0","","NO","0.685"
"20260921","Food","Drinks","커피음료","맥널티커피","FC","25484251","맥널티커피 아메리카노 스위트 1Lx6입","18804645005920","발주가능","정상","0","7","88","10252","0","0","0","","NO","0.685"
"20260921","Food","Drinks","커피음료","맥널티커피","FC","25484255","맥널티 아이스 아메리카노 블랙커피 대용량 파우치 1Lx6입","18804645005913","발주가능","정상","0","3","42","10252","0","0","0","","NO","0.685"
"20260921","Food","Drinks","커피음료","맥널티커피","FC","25484257","맥널티 아이스 헤이즐넛향 커피 대용량 파우치 1Lx6입","18804645005937","발주가능","정상","0","4","72","10252","0","0","0","","NO","0.685"
"20260921","Food","Drinks","커피음료","맥널티커피","FC","48466205","맥널티 대용량 제로슈가 스테비아 믹스커피 음료, 12개, 1L","18804645007290","발주가능","정상","0","18","79","17067","0","0","0","","NO","0.685"
"20260921","Food","Drinks","커피음료","맥널티커피","RC","54922706","맥널티 대용량 제로슈가 스테비아 믹스커피 음료, 1L, 6개","8804645007323","발주가능","정상","0","0","160","8805","0","0","0","","NO","0.685"
"20260921","Food","Drinks","커피음료","맥널티커피","FC","54922706","맥널티 대용량 제로슈가 스테비아 믹스커피 음료, 1L, 6개","8804645007323","발주가능","정상","0","76","949","8805","0","0","0","","NO","0.685"
"20260921","Food","Drinks","커피음료","맥널티커피","RC","68778940","맥널티 아이브루 아메리카노 블랙커피 12개 1L","18804645007306","발주가능","정상","0","0","720","12205","0","0","0","","NO","0.685"
"20260921","Food","Drinks","커피음료","맥널티커피","FC","68778940","맥널티 아이브루 아메리카노 블랙커피 12개 1L","18804645007306","발주가능","정상","0","223","1802","12205","0","0","0","","NO","0.685"
"20260921","Food","Drinks","커피음료","맥널티커피","RC","68778941","맥널티 아이브루 헤이즐넛향 블랙커피 12개 1L","18804645007504","발주가능","정상","0","0","80","12205","0","0","0","","NO","0.685"
"20260921","Food","Drinks","커피음료","맥널티커피","FC","68778941","맥널티 아이브루 헤이즐넛향 블랙커피 12개 1L","18804645007504","발주가능","정상","0","57","302","12205","0","0","0","","NO","0.685"
"20260921","Food","Drinks","커피음료","맥널티커피","RC","68778942","아이브루 아메리카노 블랙커피 무라벨 400ML 20개","8804645007491","발주가능","정상","0","0","273","12205","0","0","0","","NO","0.685"
"20260921","Food","Drinks","커피음료","맥널티커피","FC","68778942","아이브루 아메리카노 블랙커피 무라벨 400ML 20개","8804645007491","발주가능","정상","0","223","1372","12205","0","0","0","","NO","0.685"
"20260921","Food","Drinks","커피음료","맥널티커피","RC","73951791","맥널티 아이스 아메리카노 블랙 커피 대용량 파우치, 1개, 2.1L","8804645007958","발주가능","정상","0","0","11264","2413","0","0","0","","NO","0.685"
"20260921","Food","Drinks","커피음료","맥널티커피","","73951791","맥널티 아이스 아메리카노 블랙 커피 대용량 파우치, 1개, 2.1L","8804645007958","발주가능","정상","0","0","2","2413","0","0","0","","NO","0.685"
"20260921","Food","Drinks","커피음료","맥널티커피","FC","73951791","맥널티 아이스 아메리카노 블랙 커피 대용량 파우치, 1개, 2.1L","8804645007958","발주가능","정상","0","406","2208","2413","0","0","0","","NO","0.685"
"20260921","Food","Drinks","커피음료","맥널티커피","SFSPA3","73951791","맥널티 아이스 아메리카노 블랙 커피 대용량 파우치, 1개, 2.1L","8804645007958","발주가능","정상","0","8","28","2413","0","0","0","","NO","0.685"
"20260921","Food","Drinks","커피음료","맥널티커피","SFSPA3","75683093","맥널티 아이스 아메리카노 블랙 1리터, 1L, 1개","8804645005916","발주가능","정상","0","0","1","1714","0","0","0","","NO","0.685"
"20260921","Food","Drinks","커피음료","맥널티커피","FC","75683093","맥널티 아이스 아메리카노 블랙 1리터, 1L, 1개","8804645005916","발주가능","정상","0","16","1079","1714","0","0","0","","NO","0.685"
"20260921","Food","Drinks","커피음료","맥널티커피","SFJEJ2","75683093","맥널티 아이스 아메리카노 블랙 1리터, 1L, 1개","8804645005916","발주가능","정상","0","0","1","1714","0","0","0","","NO","0.685"
"20260921","Food","Drinks","커피음료","맥널티커피","FC","75694561","맥널티커피 아이스 아메리카노 헤이즐넛, 1개, 1L","8804645005930","발주가능","정상","0","42","1566","1714","0","0","0","","NO","0.685"
"20260921","Food","Drinks","커피음료","맥널티커피","FC","75765043","맥널티 아이스아메리카노 스위트, 1개, 1L","8804645005923","발주가능","정상","0","59","1533","1714","0","0","0","","NO","0.685"
"20260921","Food","Drinks","커피음료","맥널티커피","FC","76540319","맥널티 호랭이 마일드 라떼 캔커피, 30개, 175ml","18804645008013","발주가능","정상","0","51","429","8523","0","0","0","","NO","0.685"
"20260921","Food","Drinks","커피음료","맥널티커피","RC","77572705","맥널티 아이스 아메리카노 헤이즐넛, 1개, 2.1L","8804645008030","발주가능","정상","0","0","1560","2413","0","0","0","","NO","0.685"
"20260921","Food","Drinks","커피음료","맥널티커피","FC","77572705","맥널티 아이스 아메리카노 헤이즐넛, 1개, 2.1L","8804645008030","발주가능","정상","0","190","468","2413","0","0","0","","NO","0.685"
"20260921","Food","Drinks","커피음료","아이브루","FC","70253954","아이브루 디카페인 아메리카노 블랙커피 무라벨, 20개, 400ml","8804645007903","발주가능","정상","0","89","157","13500","0","0","0","","NO","0.685"
"20260921","Kitchen","Tools & Gadgets","드립주전자/포트","맥널티커피","FC","15333511","맥널티 드립 주전자 350ml","8804645004490","발주가능","정상","0","17","3","5044","0","0","0","","YES","0.778"
"20260921","Kitchen","Tools & Gadgets","커피필터/여과지","맥널티","SFJEJ2","12491225","맥널티 핸드드립 커피필터 30개입","8804645300950","발주가능","정상","0","0","2","2642","0","0","0","","NO","0.526"
"20260921","Kitchen","Tools & Gadgets","커피필터/여과지","맥널티","FC","12491225","맥널티 핸드드립 커피필터 30개입","8804645300950","발주가능","정상","0","70","974","2642","0","0","0","","NO","0.526"
"20260920","CE","Kitchen Appliance","커피머신","맥널티커피","FC","31602405","맥널티 2in1 핫앤콜드 진공추출 커피메이커 MCM-065B MCM-065B","8804645006296","발주가능","정상","0","3","12","30859","0","0","0","","NO","0.783"
"20260920","Food","Coffee & Tea","기타전통차","맥널티커피","FC","39149736","맥널티 스테비아 침향 쌍화차, 1개, 30개입, 450g","8804645006913","발주가능","정상","0","0","92","8536","0","0","0","","NO","0.727"
"20260920","Food","Coffee & Tea","기타전통차","맥널티커피","FC","41175263","맥널티커피 스테비아 꿀 유자차, 1개, 30개입, 450g","8804645006951","발주가능","정상","0","4","64","7388","0","0","0","","NO","0.727"
"20260920","Food","Coffee & Tea","둥글레/옥수수/보리/결명자차","맥널티커피","FC","76230458","맥널티 진 보리차 1개 1kg","8804645007996","발주가능","정상","0","4","31","15209","0","0","0","","NO","0.604"
"20260920","Food","Coffee & Tea","드립백/티백","맥널티","FC","3067432","산지별 콜롬비아 슈프리모 핸드드립커피 7개입","8804645000324","발주가능","정상","0","8","226","3043","0","0","0","","NO","0.722"
"20260920","Food","Coffee & Tea","드립백/티백","맥널티","FC","10003518","케냐 AA 핸드드립 블렌드 24개입","8804645000720","발주가능","정상","0","8","66","6068","0","0","0","","NO","0.722"
"20260920","Food","Coffee & Tea","드립백/티백","맥널티커피","FC","3067429","산지별 브라질 세라도 NY2 핸드드립커피 7개입","8804645000300","발주가능","정상","0","0","34","2887","0","0","0","","NO","0.722"
"20260920","Food","Coffee & Tea","드립백/티백","맥널티커피","FC","3067430","산지별 케냐 AA 핸드드립커피 7개입","8804645000355","발주가능","정상","0","4","54","3062","0","0","0","","NO","0.722"
"20260920","Food","Coffee & Tea","드립백/티백","맥널티커피","FC","3067433","산지별 에티오피아 코케 허니 핸드드립커피 7개입","8804645000348","발주가능","정상","0","4","48","2910","0","0","0","","NO","0.722"
"20260920","Food","Coffee & Tea","드립백/티백","맥널티커피","FC","3067434","산지별 에티오피아 예가체프 핸드드립커피 7개입","8804645000331","발주가능","정상","0","9","44","3184","0","0","0","","NO","0.722"
"20260920","Food","Coffee & Tea","드립백/티백","맥널티커피","FC","10003517","콜롬비아 핸드드립 블렌드 24개입","8804645000713","발주가능","정상","0","0","1","5977","0","0","0","","YES","0.722"
"20260920","Food","Coffee & Tea","드립백/티백","맥널티커피","FC","23400108","맥널티 디카페인100% 핸드드립 원두커피 24개입","8804645005732","발주가능","정상","0","9","46","9395","0","0","0","","NO","0.722"
"20260920","Food","Coffee & Tea","드립백/티백","맥널티커피","FC","37713094","맥널티 핸드드립커피 케냐AA(더블에이) 36개입, 8g, 1개","8804645006616","발주가능","정상","0","5","14","11759","0","0","0","","NO","0.722"
"20260920","Food","Coffee & Tea","드립백/티백","맥널티커피","FC","37713095","맥널티 핸드드립커피 에티오피아 예가체프 36개입, 8g, 1개","8804645006623","발주가능","정상","0","1","7","10577","0","0","0","","NO","0.722"
"20260920","Food","Coffee & Tea","드립백/티백","맥널티커피","FC","41391235","맥널티 행복을주는커피 시그니처 블렌드 핸드드립 커피 20개입, 1개, 8g","8804645003653","발주가능","정상","0","11","14","6795","0","0","0","","NO","0.722"
"20260920","Food","Coffee & Tea","드립백/티백","맥널티커피","FC","62821923","맥널티 핸드드립 커피 에티오피아 예가체프 8g 24개입 1개","8804645006920","발주가능","정상","0","6","12","9679","0","0","0","","NO","0.722"
"20260920","Food","Coffee & Tea","드립백/티백","맥널티커피","FC","68147033","베니스브루 스페셜티 핸드드립 가향 커피 오렌지 벨벳, 1개, 7개입, 12g","8804645007712","발주가능","정상","0","0","26","5143","0","0","0","","NO","0.722"
"20260920","Food","Coffee & Tea","드립백/티백","맥널티커피","FC","68147034","베니스브루 스페셜티 핸드드립 가향 커피 쇼콜라 모카, 1개, 7개입, 12g","8804645007729","발주가능","정상","0","0","28","5143","0","0","0","","NO","0.722"
"20260920","Food","Coffee & Tea","드립백/티백","맥널티커피","FC","68777449","베니스브루 베리 블로썸 드립백 커피 12g 1개 7개입","8804645007705","발주가능","정상","0","0","32","5143","0","0","0","","NO","0.722"
"20260920","Food","Coffee & Tea","라떼분말","맥널티커피","FC","34834818","맥널티 스테비아 제로슈가 핫초코 라떼 30개입 15g","8804645006340","발주가능","정상","0","16","597","7500","0","0","0","","NO","0.580"
"20260920","Food","Coffee & Tea","라떼분말","맥널티커피","FC","51063548","스테비아 단백질 옥수수 크림 라떼, 1개, 20개입, 18g","8804645007330","발주가능","정상","0","0","24","5850","0","0","0","","NO","0.580"
"20260920","Food","Coffee & Tea","라떼분말","맥널티커피","FC","51164938","스테비아 단백질 고구마 크림 라떼, 1개, 20개입, 18g","8804645007347","발주가능","정상","0","1","12","5850","0","0","0","","NO","0.580"
"20260920","Food","Coffee & Tea","원두","N_A","FC","76443755","맥널티 브라질 세라도 NY.2 원두 1kg, 1개","8804645006425","발주가능","정상","0","1","234","17609","0","0","0","","NO","0.896"
"20260920","Food","Coffee & Tea","원두","맥널티커피","FC","45570","맥널티_헤이즐넛원두분쇄커피_226G","8804645100208","발주가능","정상","0","79","1388","5000","0","0","0","","NO","0.896"
"20260920","Food","Coffee & Tea","원두","맥널티커피","RC","45570","맥널티_헤이즐넛원두분쇄커피_226G","8804645100208","발주가능","정상","0","0","2176","5000","0","0","0","","NO","0.896"
"20260920","Food","Coffee & Tea","원두","맥널티커피","SFJEJ2","45572","맥널티_헤이즐넛원두분쇄커피_500G","8804645100468","발주가능","정상","0","0","3","7960","0","0","0","","NO","0.896"
"20260920","Food","Coffee & Tea","원두","맥널티커피","SFSPA3","45572","맥널티_헤이즐넛원두분쇄커피_500G","8804645100468","발주가능","정상","0","2","3","7960","0","0","0","","NO","0.896"
"20260920","Food","Coffee & Tea","원두","맥널티커피","FC","45572","맥널티_헤이즐넛원두분쇄커피_500G","8804645100468","발주가능","정상","0","32","525","7960","0","0","0","","NO","0.896"
"20260920","Food","Coffee & Tea","원두","맥널티커피","RC","45572","맥널티_헤이즐넛원두분쇄커피_500G","8804645100468","발주가능","정상","0","0","640","7960","0","0","0","","NO","0.896"
"20260920","Food","Coffee & Tea","원두","맥널티커피","FC","45573","맥널티_블루마운틴스타일원두분쇄커피_500G","8804645100451","발주가능","정상","0","28","700","11091","0","0","0","","NO","0.896"
"20260920","Food","Coffee & Tea","원두","맥널티커피","FC","5344648","맥널티 원두 에스프레소 블랙 1개, 1kg","8804645001239","발주불가","단종","0","0","1","9156","0","0","0","","YES","0.896"
"20260920","Food","Coffee & Tea","원두","맥널티커피","FC","10147177","맥널티 홀빈 블루마운틴 1000g","8804645006302","발주가능","정상","0","12","179","15715","0","0","0","","NO","0.896"
"20260920","Food","Coffee & Tea","원두","맥널티커피","FC","10147180","맥널티 행복을 주는 커피 헤이즐넛향 1kg 홀빈","8804645100185","발주가능","정상","0","14","202","15244","0","0","0","","NO","0.896"
"20260920","Food","Coffee & Tea","원두","맥널티커피","FC","10812901","맥널티 베트남 로부스타 원두커피 1kg","8804645003066","발주가능","정상","0","19","233","11700","0","0","0","","NO","0.896"
"20260920","Food","Coffee & Tea","원두","맥널티커피","RC","10812901","맥널티 베트남 로부스타 원두커피 1kg","8804645003066","발주가능","정상","0","0","180","11700","0","0","0","","NO","0.896"
"20260920","Food","Coffee & Tea","원두","맥널티커피","SFJEJ2","10812901","맥널티 베트남 로부스타 원두커피 1kg","8804645003066","발주가능","정상","0","0","1","11700","0","0","0","","NO","0.896"
"20260920","Food","Coffee & Tea","원두","맥널티커피","FC","11849981","행복을 주는 커피 블루마운틴 블렌드 분쇄 원두 커피 1kg","8804645003486","발주가능","정상","0","11","85","16364","0","0","0","","NO","0.896"
"20260920","Food","Coffee & Tea","원두","맥널티커피","RC","12521866","맥널티 행복을 주는 커피 시그니처 헤이즐넛향 원두 커피 1Kg","8804645003493","발주가능","정상","0","0","216","16364","0","0","0","","NO","0.896"
"20260920","Food","Coffee & Tea","원두","맥널티커피","FC","12521866","맥널티 행복을 주는 커피 시그니처 헤이즐넛향 원두 커피 1Kg","8804645003493","발주가능","정상","0","19","140","16364","0","0","0","","NO","0.896"
"20260920","Food","Coffee & Tea","원두","맥널티커피","FC","13277718","맥널티 행복을 주는 커피 브라질 산토스 1kg","8804645003936","발주가능","정상","0","10","15","14091","0","0","0","","NO","0.896"
"20260920","Food","Coffee & Tea","원두","맥널티커피","FC","13277719","맥널티 행복을 주는 커피 콜롬비아 블렌드 1kg","8804645003929","발주가능","정상","0","17","384","15599","0","0","0","","NO","0.896"
"20260920","Food","Coffee & Tea","원두","맥널티커피","FC","37733154","맥널티 원두 홀빈(분쇄안함) 마일드 미디움 블렌드 200g, 1개","8804645005374","발주가능","정상","0","0","19","5791","0","0","0","","NO","0.896"
"20260920","Food","Coffee & Tea","원두","맥널티커피","FC","38710869","맥널티 홀빈 커피원두, 마일드 미디움 블렌드 1kg, 1개","8804645005329","발주가능","정상","0","1","10","16364","0","0","0","","NO","0.896"
"20260920","Food","Coffee & Tea","원두","맥널티커피","FC","38710870","맥널티 홀빈 커피원두, 콜롬비아 안데스 오리진 1kg, 1개","8804645005343","발주가능","정상","0","3","51","16364","0","0","0","","NO","0.896"
"20260920","Food","Coffee & Tea","원두","맥널티커피","FC","38710872","맥널티 홀빈 커피원두, 시그니처 블렌드 1kg, 1개","8804645005312","발주가능","정상","0","1","79","16364","0","0","0","","NO","0.896"
"20260920","Food","Coffee & Tea","원두","맥널티커피","FC","38813491","맥널티 홀빈 원두 1KG, 브라질 산토스 내추럴, 1개","8804645005350","발주가능","정상","0","5","54","11364","0","0","0","","NO","0.896"
"20260920","Food","Coffee & Tea","원두","맥널티커피","FC","38919334","맥널티 에티오피아 예가체프 홀빈 원두, 1kg, 1개","8804645006852","발주가능","정상","0","5","43","16364","0","0","0","","NO","0.896"
"20260920","Food","Coffee & Tea","원두","맥널티커피","FC","39616644","맥널티 예맨 모카 블렌드 커피 원두, 홀빈(분쇄안함), 500g, 1개","8804645006692","발주가능","정상","0","0","13","11400","0","0","0","","NO","0.896"
"20260920","Food","Coffee & Tea","원두","맥널티커피","FC","39616645","맥널티 시그니처 디카페인 커피 원두, 홀빈(분쇄안함), 500g, 1개","8804645006937","발주가능","정상","0","5","59","12545","0","0","0","","NO","0.896"
"20260920","Food","Coffee & Tea","원두","맥널티커피","FC","39616646","맥널티 게이샤 블렌드 커피 원두, 홀빈(분쇄안함), 500g, 1개","8804645006708","발주가능","정상","0","6","8","11400","0","0","0","","NO","0.896"
"20260920","Food","Coffee & Tea","원두","맥널티커피","FC","39616647","맥널티 하와이안 코나 블렌드 커피 원두, 홀빈(분쇄안함), 500g, 1개","8804645006685","발주가능","정상","0","14","15","11400","0","0","0","","NO","0.896"
"20260920","Food","Coffee & Tea","원두","맥널티커피","FC","48074657","맥널티 브라질 세라도 분쇄 원두 커피, 1개, 500g","8804645007262","발주가능","정상","0","5","61","9395","0","0","0","","NO","0.896"
"20260920","Food","Coffee & Tea","원두","맥널티커피","FC","48074658","맥널티 콜롬비아 안데스 분쇄 원두 커피, 1개, 500g","8804645007255","발주가능","정상","0","7","58","9986","0","0","0","","NO","0.896"
"20260920","Food","Coffee & Tea","원두","맥널티커피","FC","48074659","맥널티 에티오피아 예가체프 분쇄 원두 커피, 1개, 500g","8804645007231","발주가능","정상","0","6","85","9986","0","0","0","","NO","0.896"
"20260920","Food","Coffee & Tea","원두","맥널티커피","FC","58681130","콜롬비아 안데스 오리진 분쇄 커피 원두 1개 226g 핸드드립","8804645007552","발주가능","정상","8","4","23","7159","0","0","0","","NO","0.896"
"20260920","Food","Coffee & Tea","원두","맥널티커피","FC","58681131","브라질 산토스 오리진 분쇄 커피 원두, 226g, 1개, 핸드드립","8804645007545","발주가능","정상","8","0","14","7159","0","0","0","","NO","0.896"
"20260920","Food","Coffee & Tea","원두","맥널티커피","FC","58765769","게이샤 블렌드 분쇄 커피 원두, 1개, 226g, 핸드드립","8804645007514","발주가능","정상","0","4","1","7732","0","0","0","","YES","0.896"
"20260920","Food","Coffee & Tea","원두","맥널티커피","FC","58765770","디카페인 헤이즐넛향 분쇄 커피 원두, 1개, 226g, 핸드드립","8804645007538","발주가능","정상","0","9","96","8018","0","0","0","","NO","0.896"
"20260920","Food","Coffee & Tea","원두","맥널티커피","FC","58850533","하와이안 코나 블렌드 분쇄 커피 원두, 1개, 226g, 핸드드립","8804645007521","발주가능","정상","0","4","10","7732","0","0","0","","NO","0.896"
"20260920","Food","Coffee & Tea","원두","맥널티커피","FC","71777603","투비 다크 블랙 블렌드 홀빈 원두 커피, 1kg, 홀빈(분쇄안함), 1개","8804645007989","발주가능","정상","0","3","46","13115","0","0","0","","NO","0.896"
"20260920","Food","Coffee & Tea","원두","맥널티커피","FC","76697770","투비커피 너티초코 아메리카노 블렌드 홀빈 원두 커피, 1kg, 홀빈(분쇄안함), 1개","8804645008047","발주가능","정상","0","0","38","17125","0","0","0","","NO","0.896"
"20260920","Food","Coffee & Tea","원두커피믹스","맥널티","FC","10003529","아이브루 클래식 100T","8804645002465","발주불가","규격 외","0","0","1","6068","0","0","0","","NO","0.586"
"20260920","Food","Coffee & Tea","원두커피믹스","맥널티","FC","11019882","맥널티 아이브루 다크 블렌드 200T","8804645003219","발주가능","정상","0","6","16","13096","0","0","0","","NO","0.586"
"20260920","Food","Coffee & Tea","원두커피믹스","맥널티커피","FC","11019883","맥널티 아이브루 모카 블랙 200T","8804645003226","발주가능","정상","0","4","49","11687","0","0","0","","NO","0.586"
"20260920","Food","Coffee & Tea","원두커피믹스","맥널티커피","FC","13777565","맥널티 아이브루 모카블랙 70T","8804645003912","발주가능","정상","0","2","37","6519","0","0","0","","NO","0.586"
"20260920","Food","Coffee & Tea","원두커피믹스","맥널티커피","FC","15720531","콜롬비아 블랙 100개입","8804645002861","발주가능","정상","0","82","511","6345","0","0","0","","NO","0.586"
"20260920","Food","Coffee & Tea","원두커피믹스","맥널티커피","SFJEJ2","15720531","콜롬비아 블랙 100개입","8804645002861","발주가능","정상","0","1","1","6345","0","0","0","","NO","0.586"
"20260920","Food","Coffee & Tea","원두커피믹스","맥널티커피","FC","26477367","맥널티 리얼 에스프레소샷 블랙 액상스틱커피 15mlx30개입","8804645006029","발주가능","정상","0","11","393","7388","0","0","0","","NO","0.586"
"20260920","Food","Coffee & Tea","원두커피믹스","맥널티커피","FC","62672352","맥널티 아이브루 플러스 스위트 블랙 원두커피믹스 80개입 2.8g","8804645007620","발주가능","정상","0","4","30","7961","0","0","0","","NO","0.586"
"20260920","Food","Coffee & Tea","원두커피믹스","맥널티커피","FC","67975031","호랭이 커피 오곡향 블랙, 1개, 20개입, 1g","8804645007781","발주가능","정상","0","2","252","2806","0","0","0","","NO","0.586"
"20260920","Food","Coffee & Tea","원두커피믹스","맥널티커피","FC","71629331","맥널티 갓성비 아메리카노 블랙커피, 1개, 100개입, 2g","8804645007873","발주가능","정상","0","64","445","8534","0","0","0","","NO","0.586"
"20260920","Food","Coffee & Tea","원두커피믹스","아이브루","SFJEJ2","36903434","맥널티 아이브루 플러스 헤이즐넛 블랙커피 100개입","8804645006395","발주가능","정상","0","0","2","7623","0","0","0","","NO","0.586"
"20260920","Food","Coffee & Tea","원두커피믹스","아이브루","FC","36903434","맥널티 아이브루 플러스 헤이즐넛 블랙커피 100개입","8804645006395","발주가능","정상","0","66","452","7623","0","0","0","","NO","0.586"
"20260920","Food","Coffee & Tea","원두커피믹스","아이브루","FC","36903435","맥널티 아이브루 플러스 오리지널 블랙커피 100개입","8804645006388","발주불가","규격 외","0","0","384","7623","0","0","0","","NO","0.586"
"20260920","Food","Coffee & Tea","원두커피믹스","아이브루","FC","46534985","아이브루 플러스 디카페인 아메리카노 블랙커피, 1개, 80개입, 80g","8804645007118","발주가능","정상","0","15","172","7964","0","0","0","","NO","0.586"
"20260920","Food","Coffee & Tea","원두커피믹스","아이브루","FC","56760693","아이브루 플러스 디카페인 블랙커피 헤이즐넛향 (1g x 80개입), 1개","8804645007453","발주가능","정상","0","35","639","7961","0","0","0","","NO","0.586"
"20260920","Food","Coffee & Tea","원두커피믹스","아이브루","SFJEJ2","56760693","아이브루 플러스 디카페인 블랙커피 헤이즐넛향 (1g x 80개입), 1개","8804645007453","발주가능","정상","0","0","2","7961","0","0","0","","NO","0.586"
"20260920","Food","Coffee & Tea","원두커피믹스","프라이빗클럽","FC","10837643","맥널티 병커피 헤이즐넛향 50gx10개","19311931309161","발주가능","정상","0","0","141","23000","0","0","0","","NO","0.586"
"20260920","Food","Coffee & Tea","원두커피믹스","프라이빗클럽","FC","12091997","Box_입소문난 아이리쉬 50G 10병","19311931311164","발주가능","정상","0","0","28","18625","0","0","0","","NO","0.586"
"20260920","Food","Coffee & Tea","원두커피믹스","프라이빗클럽","FC","52625820","맥널티 인스턴트 원두 병커피 에스프레소 블랙 50g 1개","9311931902167","발주가능","정상","0","10","312","3486","0","0","0","","NO","0.586"
"20260920","Food","Coffee & Tea","율무/견과차","맥널티","FC","64842417","티브루 호박팥차 진액 10ml 30개입 1개","8804645007675","발주가능","정상","0","62","1056","5259","0","0","0","","NO","0.715"
"20260920","Food","Coffee & Tea","율무/견과차","맥널티","SFJEJ2","64842417","티브루 호박팥차 진액 10ml 30개입 1개","8804645007675","발주가능","정상","0","0","7","5259","0","0","0","","NO","0.715"
"20260920","Food","Coffee & Tea","율무/견과차","맥널티커피","FC","39149735","맥널티 스테비아 제로슈가 호두 아몬드 율무차, 1개, 30개입, 450g","8804645006906","발주가능","정상","0","4","113","6815","0","0","0","","NO","0.715"
"20260920","Food","Coffee & Tea","차세트","맥널티커피","FC","78654824","[2026 추석세트] 맥널티 스테비아 전통차 선물세트, 1세트, 율무차(30개) + 쌍화차(30개)","8804645008092","발주가능","정상","0","3","339","19091","0","0","0","","NO","0.901"
"20260920","Food","Coffee & Tea","커피믹스","맥널티커피","RC","45571","맥널티_ 자메이카 블루마운틴 블렌드_226G","8804645100215","발주가능","정상","0","0","512","5000","0","0","0","","NO","0.718"
"20260920","Food","Coffee & Tea","커피믹스","맥널티커피","FC","45571","맥널티_ 자메이카 블루마운틴 블렌드_226G","8804645100215","발주가능","정상","0","70","1175","5000","0","0","0","","NO","0.718"
"20260920","Food","Coffee & Tea","커피믹스","맥널티커피","SFJEJ2","25240400","맥널티 스테비아 커피믹스 100개입","8804645006067","발주가능","정상","0","0","4","12941","0","0","0","","NO","0.718"
"20260920","Food","Coffee & Tea","커피믹스","맥널티커피","RC","25240400","맥널티 스테비아 커피믹스 100개입","8804645006067","발주가능","정상","0","0","2160","12941","0","0","0","","NO","0.718"
"20260920","Food","Coffee & Tea","커피믹스","맥널티커피","SFSPA3","25240400","맥널티 스테비아 커피믹스 100개입","8804645006067","발주가능","정상","0","2","3","12941","0","0","0","","NO","0.718"
"20260920","Food","Coffee & Tea","커피믹스","맥널티커피","FC","25240400","맥널티 스테비아 커피믹스 100개입","8804645006067","발주가능","정상","0","84","803","12941","0","0","0","","NO","0.718"
"20260920","Food","Coffee & Tea","커피믹스","맥널티커피","FC","25240402","맥널티 스테비아 커피믹스 30개입","8804645006074","발주가능","정상","0","30","153","4827","0","0","0","","NO","0.718"
"20260920","Food","Coffee & Tea","커피믹스","맥널티커피","SFODD4","25240402","맥널티 스테비아 커피믹스 30개입","8804645006074","발주가능","정상","0","0","0","4827","0","0","0","","NO","0.718"
"20260920","Food","Coffee & Tea","커피믹스","맥널티커피","FC","29461862","맥널티 아메리카노 아이스 블랙 100개입","8804645006081","발주가능","정상","0","50","88","5850","0","0","0","","NO","0.718"
"20260920","Food","Coffee & Tea","커피믹스","맥널티커피","RC","38933766","맥널티커피 스테비아 디카페인 커피믹스, 1개, 100개입 9.5g","8804645006890","발주가능","정상","0","0","360","18850","0","0","0","","NO","0.718"
"20260920","Food","Coffee & Tea","커피믹스","맥널티커피","FC","38933766","맥널티커피 스테비아 디카페인 커피믹스, 1개, 100개입 9.5g","8804645006890","발주가능","정상","0","62","468","18850","0","0","0","","NO","0.718"
"20260920","Food","Coffee & Tea","커피믹스","맥널티커피","FC","40806729","맥널티 스테비아 디카페인 커피믹스, 1개, 30개입, 285g","8804645006777","발주가능","정상","0","25","635","7027","0","0","0","","NO","0.718"
"20260920","Food","Coffee & Tea","커피믹스","맥널티커피","FC","46730880","산양유 단백질 프로틴 스테비아 커피믹스, 1개, 30개입, 300g","8804645007194","발주가능","정상","0","5","41","6243","0","0","0","","NO","0.718"
"20260920","Food","Coffee & Tea","커피믹스","맥널티커피","FC","47303765","산양유 단백질 프로틴 스테비아 커피믹스, 1개, 100개입, 1000g","8804645007187","발주가능","정상","0","18","65","19988","0","0","0","","NO","0.718"
"20260920","Food","Coffee & Tea","커피믹스","맥널티커피","FC","56214466","맥널티커피 아이브루 바닐라 라떼,12g x 100개입(스틱), 1200g , 1개","8804645007460","발주가능","정상","0","6","99","12543","0","0","0","","NO","0.718"
"20260920","Food","Coffee & Tea","커피믹스","맥널티커피","FC","56214467","맥널티커피 아이브루 카라멜 마끼아또, 12g x 100개입(스틱), 1200g , 1개","8804645007484","발주가능","정상","0","14","74","12543","0","0","0","","NO","0.718"
"20260920","Food","Coffee & Tea","커피믹스","맥널티커피","FC","63447822","스테비아 커피믹스 헤이즐넛향 9.5g 30개입 1개","8804645007637","발주가능","정상","0","21","66","4827","0","0","0","","NO","0.718"
"20260920","Food","Coffee & Tea","커피믹스","맥널티커피","FC","64859139","맥널티 스테비아 솔티드 카라멜 커피믹스 10g 1개 30개입","8804645007668","발주가능","정상","0","12","93","5670","0","0","0","","NO","0.718"
"20260920","Food","Coffee & Tea","커피믹스","맥널티커피","FC","69526598","맥널티 갓성비 제로슈가 커피믹스, 1개, 80개입, 9g","8804645007842","발주가능","정상","0","1","1","8805","0","0","0","","YES","0.718"
"20260920","Food","Coffee & Tea","커피믹스","맥널티커피","RC","69526598","맥널티 갓성비 제로슈가 커피믹스, 1개, 80개입, 9g","8804645007842","발주가능","정상","0","0","64","8805","0","0","0","","YES","0.718"
"20260920","Food","Coffee & Tea","커피믹스","맥널티커피","FC","69634259","맥널티커피 스테비아 커피믹스 헤이즐넛향, 9.5g, 100개입, 1개","8804645007811","발주가능","정상","0","8","14","14261","0","0","0","","NO","0.718"
"20260920","Food","Coffee & Tea","커피믹스","맥널티커피","FC","71115721","호랭이 커피믹스 고소한 오곡향, 1개, 160개입, 9.5g","8804645007880","발주가능","정상","0","2","58","14261","0","0","0","","NO","0.718"
"20260920","Food","Coffee & Tea","커피믹스","맥널티커피","FC","71115722","호랭이 커피믹스 고소한 오곡향, 1개, 20개입, 9.5g","8804645007897","발주가능","정상","0","6","97","2806","0","0","0","","NO","0.718"
"20260920","Food","Coffee & Tea","커피믹스","아이브루","SFODD2","2341900","맥널티 iBrew 미니 헤이즐넛향 200개입(200g)","8804645000515","발주가능","정상","0","0","2","9917","0","0","0","","NO","0.718"
"20260920","Food","Coffee & Tea","커피믹스","아이브루","RC","2341900","맥널티 iBrew 미니 헤이즐넛향 200개입(200g)","8804645000515","발주가능","정상","0","0","1080","9917","0","0","0","","NO","0.718"
"20260920","Food","Coffee & Tea","커피믹스","아이브루","SFJEJ2","2341900","맥널티 iBrew 미니 헤이즐넛향 200개입(200g)","8804645000515","발주가능","정상","0","1","1","9917","0","0","0","","NO","0.718"
"20260920","Food","Coffee & Tea","커피믹스","아이브루","FC","2341900","맥널티 iBrew 미니 헤이즐넛향 200개입(200g)","8804645000515","발주가능","정상","0","39","848","9917","0","0","0","","NO","0.718"
"20260920","Food","Coffee & Tea","커피믹스","아이브루","FC","3067423","아이브루 헤이즐넛향 70개입","8804645000706","발주가능","정상","0","14","220","4025","0","0","0","","NO","0.718"
"20260920","Food","Coffee & Tea","커피믹스","아이브루","FC","3067424","아이브루 케냐AA 블렌드 70개입","8804645000690","발주가능","정상","0","1","91","6205","0","0","0","","NO","0.718"
"20260920","Food","Coffee & Tea","커피믹스","아이브루","FC","3067425","아이브루 예가체프 블렌드 70개입","8804645000683","발주가능","정상","0","0","24","6205","0","0","0","","NO","0.718"
"20260920","Food","Coffee & Tea","커피믹스","프라이빗클럽","FC","3067428","인스턴트 병커피 헤이즐넛향 50g","9311931105162","발주가능","정상","0","135","4233","2300","0","0","0","","NO","0.718"
"20260920","Food","Coffee & Tea","커피세트","맥널티커피","FC","26870612","[2026 추석세트] 맥널티 핸드드립 버라이어티세트 30개입","8804645006258","발주가능","정상","0","39","1338","9395","0","0","0","","NO","0.901"
"20260920","Food","Coffee & Tea","커피세트","맥널티커피","FC","54651094","인스턴트 원두 병커피 맥널티커피 선물세트 50g x 4개입(에스프레소 2병+헤이즐넛 2병), 1세트","8804645007408","발주가능","정상","0","0","0","15305","0","0","0","","YES","0.901"
"20260920","Food","Drinks","과일음료","맥널티커피","FC","24752132","청포도 에이드 190mL 10팩","8804645005893","발주가능","정상","0","27","469","3486","0","0","0","","NO","0.795"
"20260920","Food","Drinks","과일음료","맥널티커피","SFJEJ2","24752132","청포도 에이드 190mL 10팩","8804645005893","발주가능","정상","0","0","1","3486","0","0","0","","NO","0.795"
"20260920","Food","Drinks","과일음료","맥널티커피","RC","24752132","청포도 에이드 190mL 10팩","8804645005893","발주가능","정상","0","0","273","3486","0","0","0","","NO","0.795"
"20260920","Food","Drinks","과일음료","맥널티커피","SFSPA3","24752132","청포도 에이드 190mL 10팩","8804645005893","발주가능","정상","0","1","0","3486","0","0","0","","NO","0.795"
"20260920","Food","Drinks","과일음료","맥널티커피","RC","24752250","블루레몬 에이드 190mL 10팩","8804645005909","발주가능","정상","0","0","237","3486","0","0","0","","NO","0.795"
"20260920","Food","Drinks","과일음료","맥널티커피","FC","24752250","블루레몬 에이드 190mL 10팩","8804645005909","발주가능","정상","0","4","411","3486","0","0","0","","NO","0.795"
"20260920","Food","Drinks","과일음료","맥널티커피","FC","45580036","맥널티 청매실 에이드 190ml*10개입","8804645007071","발주가능","정상","0","9","193","3486","0","0","0","","NO","0.795"
"20260920","Food","Drinks","농축액(음료베이스)","맥널티","FC","51983601","물 한방울 섞이지 않은 김토끼 유기농 레몬즙, 10개, 20g","8804645007361","발주가능","정상","0","0","51","4077","0","0","0","","NO","0.710"
"20260920","Food","Drinks","농축액(음료베이스)","맥널티","FC","58338694","티브루 보리차 원액 간편 액상스틱 진액, 30개, 10ml","8804645007590","발주가능","정상","0","74","1678","5259","0","0","0","","NO","0.710"
"20260920","Food","Drinks","농축액(음료베이스)","맥널티","FC","58338695","티브루 옥수수수염차 원액 간편 액상스틱 진액, 30개, 10ml","8804645007606","발주가능","정상","0","15","763","5259","0","0","0","","NO","0.710"
"20260920","Food","Drinks","농축액(음료베이스)","맥널티","FC","58338696","티브루 헛개수 원액 간편 액상스틱 진액, 30개, 10ml","8804645007613","발주가능","정상","0","20","531","5259","0","0","0","","NO","0.710"
"20260920","Food","Drinks","농축액(음료베이스)","맥널티","SFJEJ2","58338696","티브루 헛개수 원액 간편 액상스틱 진액, 30개, 10ml","8804645007613","발주가능","정상","0","0","1","5259","0","0","0","","NO","0.710"
"20260920","Food","Drinks","농축액(음료베이스)","맥널티커피","FC","62882483","티브루 보리차 진액, 1개, 400g","8804645007651","발주가능","정상","0","4","57","7623","0","0","0","","NO","0.710"
"20260920","Food","Drinks","농축액(음료베이스)","맥널티커피","FC","71636537","맥널티 티브루 호박팥차 무라벨, 20개, 500ml","8804645007934","발주가능","정상","0","40","47","8795","0","0","0","","YES","0.710"
"20260920","Food","Drinks","야채음료","맥널티커피","FC","48914233","맥널티 유자 에이드 190ml 10개","8804645007217","발주가능","정상","0","2","248","3486","0","0","0","","NO","0.612"
"20260920","Food","Drinks","차음료","맥널티커피","FC","24752251","복숭아 아이스티 190mL 10팩","8804645005886","발주가능","정상","0","49","150","3486","0","0","0","","NO","0.695"
"20260920","Food","Drinks","차음료","맥널티커피","RC","24752251","복숭아 아이스티 190mL 10팩","8804645005886","발주가능","정상","0","0","258","3486","0","0","0","","NO","0.695"
"20260920","Food","Drinks","차음료","맥널티커피","SFJEJ2","24752251","복숭아 아이스티 190mL 10팩","8804645005886","발주가능","정상","0","0","1","3486","0","0","0","","NO","0.695"
"20260920","Food","Drinks","차음료","맥널티커피","FC","24944267","맥널티 허니자몽 블랙티 대용량 파우치 1Lx6입","18804645005951","발주가능","정상","0","0","55","10252","0","0","0","","NO","0.695"
"20260920","Food","Drinks","차음료","맥널티커피","FC","24944268","맥널티 복숭아 아이스티 대용량 파우치 1Lx6입","18804645005944","발주가능","정상","0","3","57","10252","0","0","0","","NO","0.695"
"20260920","Food","Drinks","차음료","맥널티커피","FC","26889711","맥널티 제로칼로리 복숭아 아이스티 500ml 24입","18804645006101","발주가능","정상","0","19","243","12205","0","0","0","","NO","0.695"
"20260920","Food","Drinks","차음료","맥널티커피","FC","36669698","제로 아이스티 복숭아, 30개입, 13g","8804645006791","발주가능","정상","0","3","80","5850","0","0","0","","NO","0.695"
"20260920","Food","Drinks","차음료","맥널티커피","FC","36829225","맥널티 제로칼로리 청포도 아이스티 500mlx24입,","18804645006538","발주가능","정상","0","4","76","12205","0","0","0","","NO","0.695"
"20260920","Food","Drinks","차음료","맥널티커피","FC","36829226","제로 아이스티 청포도, 30개입, 13g 1개","8804645006807","발주가능","정상","0","5","58","5850","0","0","0","","NO","0.695"
"20260920","Food","Drinks","차음료","맥널티커피","FC","36863185","맥널티 대용량 제로칼로리 복숭아 아이스티 1.5L 12개","18804645006736","일시중단","단종예정","0","0","0","17427","0","0","0","","YES","0.695"
"20260920","Food","Drinks","차음료","맥널티커피","FC","38262417","복숭아 아이스티 제로, 6개, 1L","18804645006873","발주가능","정상","0","0","37","10577","0","0","0","","NO","0.695"
"20260920","Food","Drinks","차음료","맥널티커피","FC","40520042","맥널티커피 복숭아 아이스티 제로 RTD, 30개, 240ml","18804645006835","발주가능","정상","0","3","292","8795","0","0","0","","NO","0.695"
"20260920","Food","Drinks","차음료","맥널티커피","SFJEJ2","61673272","맥널티커피 복숭아 아이스티 제로, 1.5L, 1개","8804645006739","발주가능","정상","0","0","4","1364","0","0","0","","NO","0.695"
"20260920","Food","Drinks","차음료","맥널티커피","FC","61673272","맥널티커피 복숭아 아이스티 제로, 1.5L, 1개","8804645006739","발주가능","정상","0","183","1362","1364","0","0","0","","NO","0.695"
"20260920","Food","Drinks","차음료","맥널티커피","RC","61673272","맥널티커피 복숭아 아이스티 제로, 1.5L, 1개","8804645006739","발주가능","정상","0","0","1872","1364","0","0","0","","NO","0.695"
"20260920","Food","Drinks","차음료","맥널티커피","SFSPA3","61673272","맥널티커피 복숭아 아이스티 제로, 1.5L, 1개","8804645006739","발주가능","정상","0","0","1","1364","0","0","0","","NO","0.695"
"20260920","Food","Drinks","차음료","맥널티커피","SFJEJ2","73944650","맥널티 복숭아 아이스티 대용량 파우치, 1개, 2.1L","8804645007965","발주가능","정상","0","4","3","2413","0","0","0","","NO","0.695"
"20260920","Food","Drinks","차음료","맥널티커피","FC","73944650","맥널티 복숭아 아이스티 대용량 파우치, 1개, 2.1L","8804645007965","발주가능","정상","0","131","1925","2413","0","0","0","","NO","0.695"
"20260920","Food","Drinks","차음료","맥널티커피","SFSPA3","73944650","맥널티 복숭아 아이스티 대용량 파우치, 1개, 2.1L","8804645007965","발주가능","정상","0","0","0","2413","0","0","0","","NO","0.695"
"20260920","Food","Drinks","차음료","맥널티커피","FC","75850021","맥널티 허니자몽 블랙티, 1L, 1개","8804645005954","발주가능","정상","0","9","218","1714","0","0","0","","NO","0.695"
"20260920","Food","Drinks","커피음료","맥널티커피","FC","24695530","아이스 헤이즐넛향 커피 190mL 10팩","8804645005879","발주가능","정상","0","42","232","3486","0","0","0","","NO","0.686"
"20260920","Food","Drinks","커피음료","맥널티커피","RC","24695530","아이스 헤이즐넛향 커피 190mL 10팩","8804645005879","발주가능","정상","0","0","273","3486","0","0","0","","NO","0.686"
"20260920","Food","Drinks","커피음료","맥널티커피","SFJEJ2","24695531","아이스 아메리카노 스위트 190mL 10팩","8804645005862","발주가능","정상","0","0","1","3486","0","0","0","","NO","0.686"
"20260920","Food","Drinks","커피음료","맥널티커피","RC","24695531","아이스 아메리카노 스위트 190mL 10팩","8804645005862","발주가능","정상","0","0","1092","3486","0","0","0","","NO","0.686"
"20260920","Food","Drinks","커피음료","맥널티커피","FC","24695531","아이스 아메리카노 스위트 190mL 10팩","8804645005862","발주가능","정상","0","53","366","3486","0","0","0","","NO","0.686"
"20260920","Food","Drinks","커피음료","맥널티커피","FC","24695532","아이스 아메리카노 블랙 190mL 10팩","8804645005855","발주가능","정상","0","42","607","3486","0","0","0","","NO","0.686"
"20260920","Food","Drinks","커피음료","맥널티커피","SFODD2","24695532","아이스 아메리카노 블랙 190mL 10팩","8804645005855","발주가능","정상","0","0","1","3486","0","0","0","","NO","0.686"
"20260920","Food","Drinks","커피음료","맥널티커피","RC","24695532","아이스 아메리카노 블랙 190mL 10팩","8804645005855","발주가능","정상","0","0","273","3486","0","0","0","","NO","0.686"
"20260920","Food","Drinks","커피음료","맥널티커피","FC","25484251","맥널티커피 아메리카노 스위트 1Lx6입","18804645005920","발주가능","정상","0","7","95","10252","0","0","0","","NO","0.686"
"20260920","Food","Drinks","커피음료","맥널티커피","FC","25484255","맥널티 아이스 아메리카노 블랙커피 대용량 파우치 1Lx6입","18804645005913","발주가능","정상","0","0","45","10252","0","0","0","","NO","0.686"
"20260920","Food","Drinks","커피음료","맥널티커피","FC","25484257","맥널티 아이스 헤이즐넛향 커피 대용량 파우치 1Lx6입","18804645005937","발주가능","정상","0","3","76","10252","0","0","0","","NO","0.686"
"20260920","Food","Drinks","커피음료","맥널티커피","FC","48466205","맥널티 대용량 제로슈가 스테비아 믹스커피 음료, 12개, 1L","18804645007290","발주가능","정상","0","14","97","17067","0","0","0","","NO","0.686"
"20260920","Food","Drinks","커피음료","맥널티커피","FC","54922706","맥널티 대용량 제로슈가 스테비아 믹스커피 음료, 1L, 6개","8804645007323","발주가능","정상","0","56","1025","8805","0","0","0","","NO","0.686"
"20260920","Food","Drinks","커피음료","맥널티커피","RC","54922706","맥널티 대용량 제로슈가 스테비아 믹스커피 음료, 1L, 6개","8804645007323","발주가능","정상","0","0","160","8805","0","0","0","","NO","0.686"
"20260920","Food","Drinks","커피음료","맥널티커피","RC","68778940","맥널티 아이브루 아메리카노 블랙커피 12개 1L","18804645007306","발주가능","정상","0","0","720","12205","0","0","0","","NO","0.686"
"20260920","Food","Drinks","커피음료","맥널티커피","FC","68778940","맥널티 아이브루 아메리카노 블랙커피 12개 1L","18804645007306","발주가능","정상","0","235","2025","12205","0","0","0","","NO","0.686"
"20260920","Food","Drinks","커피음료","맥널티커피","RC","68778941","맥널티 아이브루 헤이즐넛향 블랙커피 12개 1L","18804645007504","발주가능","정상","0","0","160","12205","0","0","0","","NO","0.686"
"20260920","Food","Drinks","커피음료","맥널티커피","FC","68778941","맥널티 아이브루 헤이즐넛향 블랙커피 12개 1L","18804645007504","발주가능","정상","0","77","278","12205","0","0","0","","NO","0.686"
"20260920","Food","Drinks","커피음료","맥널티커피","FC","68778942","아이브루 아메리카노 블랙커피 무라벨 400ML 20개","8804645007491","발주가능","정상","0","227","1595","12205","0","0","0","","NO","0.686"
"20260920","Food","Drinks","커피음료","맥널티커피","RC","68778942","아이브루 아메리카노 블랙커피 무라벨 400ML 20개","8804645007491","발주가능","정상","0","0","273","12205","0","0","0","","NO","0.686"
"20260920","Food","Drinks","커피음료","맥널티커피","SFDCH1","73951791","맥널티 아이스 아메리카노 블랙 커피 대용량 파우치, 1개, 2.1L","8804645007958","발주가능","정상","0","0","2","2413","0","0","0","","NO","0.686"
"20260920","Food","Drinks","커피음료","맥널티커피","RC","73951791","맥널티 아이스 아메리카노 블랙 커피 대용량 파우치, 1개, 2.1L","8804645007958","발주가능","정상","0","0","11264","2413","0","0","0","","NO","0.686"
"20260920","Food","Drinks","커피음료","맥널티커피","SFSPA3","73951791","맥널티 아이스 아메리카노 블랙 커피 대용량 파우치, 1개, 2.1L","8804645007958","발주가능","정상","0","20","36","2413","0","0","0","","NO","0.686"
"20260920","Food","Drinks","커피음료","맥널티커피","FC","73951791","맥널티 아이스 아메리카노 블랙 커피 대용량 파우치, 1개, 2.1L","8804645007958","발주가능","정상","0","467","2593","2413","0","0","0","","NO","0.686"
"20260920","Food","Drinks","커피음료","맥널티커피","FC","75683093","맥널티 아이스 아메리카노 블랙 1리터, 1L, 1개","8804645005916","발주가능","정상","0","34","1095","1714","0","0","0","","NO","0.686"
"20260920","Food","Drinks","커피음료","맥널티커피","SFSPA3","75683093","맥널티 아이스 아메리카노 블랙 1리터, 1L, 1개","8804645005916","발주가능","정상","0","0","1","1714","0","0","0","","NO","0.686"
"20260920","Food","Drinks","커피음료","맥널티커피","SFJEJ2","75683093","맥널티 아이스 아메리카노 블랙 1리터, 1L, 1개","8804645005916","발주가능","정상","0","0","1","1714","0","0","0","","NO","0.686"
"20260920","Food","Drinks","커피음료","맥널티커피","FC","75694561","맥널티커피 아이스 아메리카노 헤이즐넛, 1개, 1L","8804645005930","발주가능","정상","0","42","1606","1714","0","0","0","","NO","0.686"
"20260920","Food","Drinks","커피음료","맥널티커피","FC","75765043","맥널티 아이스아메리카노 스위트, 1개, 1L","8804645005923","발주가능","정상","0","43","1592","1714","0","0","0","","NO","0.686"
"20260920","Food","Drinks","커피음료","맥널티커피","FC","76540319","맥널티 호랭이 마일드 라떼 캔커피, 30개, 175ml","18804645008013","발주가능","정상","0","79","480","8523","0","0","0","","NO","0.686"
"20260920","Food","Drinks","커피음료","맥널티커피","FC","77572705","맥널티 아이스 아메리카노 헤이즐넛, 1개, 2.1L","8804645008030","발주가능","정상","0","170","655","2413","0","0","0","","NO","0.686"
"20260920","Food","Drinks","커피음료","맥널티커피","RC","77572705","맥널티 아이스 아메리카노 헤이즐넛, 1개, 2.1L","8804645008030","발주가능","정상","0","0","1560","2413","0","0","0","","NO","0.686"
"20260920","Food","Drinks","커피음료","아이브루","RC","70253954","아이브루 디카페인 아메리카노 블랙커피 무라벨, 20개, 400ml","8804645007903","발주가능","정상","0","0","91","13500","0","0","0","","NO","0.686"
"20260920","Food","Drinks","커피음료","아이브루","FC","70253954","아이브루 디카페인 아메리카노 블랙커피 무라벨, 20개, 400ml","8804645007903","발주가능","정상","0","98","155","13500","0","0","0","","NO","0.686"
"20260920","Kitchen","Tools & Gadgets","드립주전자/포트","맥널티커피","FC","15333511","맥널티 드립 주전자 350ml","8804645004490","발주가능","정상","0","16","20","5044","0","0","0","","NO","0.782"
"20260920","Kitchen","Tools & Gadgets","커피필터/여과지","맥널티","FC","12491225","맥널티 핸드드립 커피필터 30개입","8804645300950","발주가능","정상","0","58","1045","2642","0","0","0","","NO","0.529"
"20260920","Kitchen","Tools & Gadgets","커피필터/여과지","맥널티","SFJEJ2","12491225","맥널티 핸드드립 커피필터 30개입","8804645300950","발주가능","정상","0","2","0","2642","0","0","0","","NO","0.529"
"20260919","CE","Kitchen Appliance","커피머신","맥널티커피","FC","31602405","맥널티 2in1 핫앤콜드 진공추출 커피메이커 MCM-065B MCM-065B","8804645006296","발주가능","정상","0","0","15","30859","0","0","0","","NO","0.785"
"20260919","Food","Coffee & Tea","기타전통차","맥널티커피","FC","39149736","맥널티 스테비아 침향 쌍화차, 1개, 30개입, 450g","8804645006913","발주가능","정상","0","0","92","8536","0","0","0","","NO","0.726"
"20260919","Food","Coffee & Tea","기타전통차","맥널티커피","FC","41175263","맥널티커피 스테비아 꿀 유자차, 1개, 30개입, 450g","8804645006951","발주가능","정상","0","3","68","7388","0","0","0","","NO","0.726"
"20260919","Food","Coffee & Tea","둥글레/옥수수/보리/결명자차","맥널티커피","FC","76230458","맥널티 진 보리차 1개 1kg","8804645007996","발주가능","정상","0","6","35","15209","0","0","0","","NO","0.605"
"20260919","Food","Coffee & Tea","드립백/티백","맥널티","FC","3067432","산지별 콜롬비아 슈프리모 핸드드립커피 7개입","8804645000324","발주가능","정상","0","8","234","3043","0","0","0","","NO","0.720"
"20260919","Food","Coffee & Tea","드립백/티백","맥널티","FC","10003518","케냐 AA 핸드드립 블렌드 24개입","8804645000720","발주가능","정상","0","27","74","6068","0","0","0","","NO","0.720"
"20260919","Food","Coffee & Tea","드립백/티백","맥널티커피","FC","3067429","산지별 브라질 세라도 NY2 핸드드립커피 7개입","8804645000300","발주가능","정상","0","0","34","2887","0","0","0","","NO","0.720"
"20260919","Food","Coffee & Tea","드립백/티백","맥널티커피","FC","3067430","산지별 케냐 AA 핸드드립커피 7개입","8804645000355","발주가능","정상","0","12","58","3062","0","0","0","","NO","0.720"
"20260919","Food","Coffee & Tea","드립백/티백","맥널티커피","FC","3067433","산지별 에티오피아 코케 허니 핸드드립커피 7개입","8804645000348","발주가능","정상","0","8","52","2910","0","0","0","","NO","0.720"
"20260919","Food","Coffee & Tea","드립백/티백","맥널티커피","FC","3067434","산지별 에티오피아 예가체프 핸드드립커피 7개입","8804645000331","발주가능","정상","0","1","53","3184","0","0","0","","NO","0.720"
"20260919","Food","Coffee & Tea","드립백/티백","맥널티커피","FC","10003517","콜롬비아 핸드드립 블렌드 24개입","8804645000713","발주가능","정상","0","0","1","5977","0","0","0","","YES","0.720"
"20260919","Food","Coffee & Tea","드립백/티백","맥널티커피","FC","23400108","맥널티 디카페인100% 핸드드립 원두커피 24개입","8804645005732","발주가능","정상","0","4","53","9395","0","0","0","","NO","0.720"
"20260919","Food","Coffee & Tea","드립백/티백","맥널티커피","FC","37713094","맥널티 핸드드립커피 케냐AA(더블에이) 36개입, 8g, 1개","8804645006616","발주가능","정상","0","10","19","11759","0","0","0","","NO","0.720"
"20260919","Food","Coffee & Tea","드립백/티백","맥널티커피","FC","37713095","맥널티 핸드드립커피 에티오피아 예가체프 36개입, 8g, 1개","8804645006623","발주가능","정상","0","8","8","10577","0","0","0","","NO","0.720"
"20260919","Food","Coffee & Tea","드립백/티백","맥널티커피","FC","41391235","맥널티 행복을주는커피 시그니처 블렌드 핸드드립 커피 20개입, 1개, 8g","8804645003653","발주가능","정상","0","11","20","6795","0","0","0","","NO","0.720"
"20260919","Food","Coffee & Tea","드립백/티백","맥널티커피","FC","62821923","맥널티 핸드드립 커피 에티오피아 예가체프 8g 24개입 1개","8804645006920","발주가능","정상","0","5","18","9679","0","0","0","","NO","0.720"
"20260919","Food","Coffee & Tea","드립백/티백","맥널티커피","FC","68147033","베니스브루 스페셜티 핸드드립 가향 커피 오렌지 벨벳, 1개, 7개입, 12g","8804645007712","발주가능","정상","0","0","26","5143","0","0","0","","NO","0.720"
"20260919","Food","Coffee & Tea","드립백/티백","맥널티커피","FC","68147034","베니스브루 스페셜티 핸드드립 가향 커피 쇼콜라 모카, 1개, 7개입, 12g","8804645007729","발주가능","정상","0","1","28","5143","0","0","0","","NO","0.720"
"20260919","Food","Coffee & Tea","드립백/티백","맥널티커피","FC","68777449","베니스브루 베리 블로썸 드립백 커피 12g 1개 7개입","8804645007705","발주가능","정상","0","0","32","5143","0","0","0","","NO","0.720"
"20260919","Food","Coffee & Tea","라떼분말","맥널티커피","FC","34834818","맥널티 스테비아 제로슈가 핫초코 라떼 30개입 15g","8804645006340","발주가능","정상","0","18","613","7500","0","0","0","","NO","0.582"
"20260919","Food","Coffee & Tea","라떼분말","맥널티커피","FC","51063548","스테비아 단백질 옥수수 크림 라떼, 1개, 20개입, 18g","8804645007330","발주가능","정상","0","0","24","5850","0","0","0","","NO","0.582"
"20260919","Food","Coffee & Tea","라떼분말","맥널티커피","FC","51164938","스테비아 단백질 고구마 크림 라떼, 1개, 20개입, 18g","8804645007347","발주가능","정상","0","7","13","5850","0","0","0","","NO","0.582"
"20260919","Food","Coffee & Tea","원두","N_A","FC","76443755","맥널티 브라질 세라도 NY.2 원두 1kg, 1개","8804645006425","발주가능","정상","0","2","235","17609","0","0","0","","NO","0.896"
"20260919","Food","Coffee & Tea","원두","맥널티커피","FC","45570","맥널티_헤이즐넛원두분쇄커피_226G","8804645100208","발주가능","정상","0","67","1467","5000","0","0","0","","NO","0.896"
"20260919","Food","Coffee & Tea","원두","맥널티커피","RC","45570","맥널티_헤이즐넛원두분쇄커피_226G","8804645100208","발주가능","정상","0","0","2176","5000","0","0","0","","NO","0.896"
"20260919","Food","Coffee & Tea","원두","맥널티커피","RC","45572","맥널티_헤이즐넛원두분쇄커피_500G","8804645100468","발주가능","정상","0","0","640","7960","0","0","0","","NO","0.896"
"20260919","Food","Coffee & Tea","원두","맥널티커피","SFSPA3","45572","맥널티_헤이즐넛원두분쇄커피_500G","8804645100468","발주가능","정상","0","3","5","7960","0","0","0","","NO","0.896"
"20260919","Food","Coffee & Tea","원두","맥널티커피","SFJEJ2","45572","맥널티_헤이즐넛원두분쇄커피_500G","8804645100468","발주가능","정상","0","1","3","7960","0","0","0","","NO","0.896"
"20260919","Food","Coffee & Tea","원두","맥널티커피","FC","45572","맥널티_헤이즐넛원두분쇄커피_500G","8804645100468","발주가능","정상","0","34","556","7960","0","0","0","","NO","0.896"
"20260919","Food","Coffee & Tea","원두","맥널티커피","FC","45573","맥널티_블루마운틴스타일원두분쇄커피_500G","8804645100451","발주가능","정상","0","23","728","11091","0","0","0","","NO","0.896"
"20260919","Food","Coffee & Tea","원두","맥널티커피","FC","5344648","맥널티 원두 에스프레소 블랙 1개, 1kg","8804645001239","발주불가","단종","0","0","1","9156","0","0","0","","YES","0.896"
"20260919","Food","Coffee & Tea","원두","맥널티커피","FC","10147177","맥널티 홀빈 블루마운틴 1000g","8804645006302","발주가능","정상","0","8","191","15715","0","0","0","","NO","0.896"
"20260919","Food","Coffee & Tea","원두","맥널티커피","FC","10147180","맥널티 행복을 주는 커피 헤이즐넛향 1kg 홀빈","8804645100185","발주가능","정상","0","5","216","15244","0","0","0","","NO","0.896"
"20260919","Food","Coffee & Tea","원두","맥널티커피","SFJEJ2","10812901","맥널티 베트남 로부스타 원두커피 1kg","8804645003066","발주가능","정상","0","0","1","11700","0","0","0","","NO","0.896"
"20260919","Food","Coffee & Tea","원두","맥널티커피","FC","10812901","맥널티 베트남 로부스타 원두커피 1kg","8804645003066","발주가능","정상","0","37","252","11700","0","0","0","","NO","0.896"
"20260919","Food","Coffee & Tea","원두","맥널티커피","RC","10812901","맥널티 베트남 로부스타 원두커피 1kg","8804645003066","발주가능","정상","0","0","180","11700","0","0","0","","NO","0.896"
"20260919","Food","Coffee & Tea","원두","맥널티커피","FC","11849981","행복을 주는 커피 블루마운틴 블렌드 분쇄 원두 커피 1kg","8804645003486","발주가능","정상","0","4","96","16364","0","0","0","","NO","0.896"
"20260919","Food","Coffee & Tea","원두","맥널티커피","RC","12521866","맥널티 행복을 주는 커피 시그니처 헤이즐넛향 원두 커피 1Kg","8804645003493","발주가능","정상","0","0","216","16364","0","0","0","","NO","0.896"
"20260919","Food","Coffee & Tea","원두","맥널티커피","FC","12521866","맥널티 행복을 주는 커피 시그니처 헤이즐넛향 원두 커피 1Kg","8804645003493","발주가능","정상","0","18","159","16364","0","0","0","","NO","0.896"
"20260919","Food","Coffee & Tea","원두","맥널티커피","FC","13277718","맥널티 행복을 주는 커피 브라질 산토스 1kg","8804645003936","발주가능","정상","0","14","26","14091","0","0","0","","NO","0.896"
"20260919","Food","Coffee & Tea","원두","맥널티커피","FC","13277719","맥널티 행복을 주는 커피 콜롬비아 블렌드 1kg","8804645003929","발주가능","정상","0","30","399","15599","0","0","0","","NO","0.896"
"20260919","Food","Coffee & Tea","원두","맥널티커피","FC","37733154","맥널티 원두 홀빈(분쇄안함) 마일드 미디움 블렌드 200g, 1개","8804645005374","발주가능","정상","0","0","19","5791","0","0","0","","NO","0.896"
"20260919","Food","Coffee & Tea","원두","맥널티커피","FC","38710869","맥널티 홀빈 커피원두, 마일드 미디움 블렌드 1kg, 1개","8804645005329","발주가능","정상","0","0","11","16364","0","0","0","","NO","0.896"
"20260919","Food","Coffee & Tea","원두","맥널티커피","FC","38710870","맥널티 홀빈 커피원두, 콜롬비아 안데스 오리진 1kg, 1개","8804645005343","발주가능","정상","0","6","54","16364","0","0","0","","NO","0.896"
"20260919","Food","Coffee & Tea","원두","맥널티커피","FC","38710872","맥널티 홀빈 커피원두, 시그니처 블렌드 1kg, 1개","8804645005312","발주가능","정상","0","1","80","16364","0","0","0","","NO","0.896"
"20260919","Food","Coffee & Tea","원두","맥널티커피","FC","38813491","맥널티 홀빈 원두 1KG, 브라질 산토스 내추럴, 1개","8804645005350","발주가능","정상","0","13","59","11364","0","0","0","","NO","0.896"
"20260919","Food","Coffee & Tea","원두","맥널티커피","FC","38919334","맥널티 에티오피아 예가체프 홀빈 원두, 1kg, 1개","8804645006852","발주가능","정상","0","0","48","16364","0","0","0","","NO","0.896"
"20260919","Food","Coffee & Tea","원두","맥널티커피","FC","39616644","맥널티 예맨 모카 블렌드 커피 원두, 홀빈(분쇄안함), 500g, 1개","8804645006692","발주가능","정상","0","1","13","11400","0","0","0","","NO","0.896"
"20260919","Food","Coffee & Tea","원두","맥널티커피","FC","39616645","맥널티 시그니처 디카페인 커피 원두, 홀빈(분쇄안함), 500g, 1개","8804645006937","발주가능","정상","0","3","64","12545","0","0","0","","NO","0.896"
"20260919","Food","Coffee & Tea","원두","맥널티커피","FC","39616646","맥널티 게이샤 블렌드 커피 원두, 홀빈(분쇄안함), 500g, 1개","8804645006708","발주가능","정상","0","3","14","11400","0","0","0","","NO","0.896"
"20260919","Food","Coffee & Tea","원두","맥널티커피","FC","39616647","맥널티 하와이안 코나 블렌드 커피 원두, 홀빈(분쇄안함), 500g, 1개","8804645006685","발주가능","정상","0","0","29","11400","0","0","0","","NO","0.896"
"20260919","Food","Coffee & Tea","원두","맥널티커피","FC","48074657","맥널티 브라질 세라도 분쇄 원두 커피, 1개, 500g","8804645007262","발주가능","정상","0","3","66","9395","0","0","0","","NO","0.896"
"20260919","Food","Coffee & Tea","원두","맥널티커피","FC","48074658","맥널티 콜롬비아 안데스 분쇄 원두 커피, 1개, 500g","8804645007255","발주가능","정상","0","4","65","9986","0","0","0","","NO","0.896"
"20260919","Food","Coffee & Tea","원두","맥널티커피","FC","48074659","맥널티 에티오피아 예가체프 분쇄 원두 커피, 1개, 500g","8804645007231","발주가능","정상","0","7","91","9986","0","0","0","","YES","0.896"
"20260919","Food","Coffee & Tea","원두","맥널티커피","FC","58681130","콜롬비아 안데스 오리진 분쇄 커피 원두 1개 226g 핸드드립","8804645007552","발주가능","정상","0","4","19","7159","0","0","0","","NO","0.896"
"20260919","Food","Coffee & Tea","원두","맥널티커피","FC","58681131","브라질 산토스 오리진 분쇄 커피 원두, 226g, 1개, 핸드드립","8804645007545","발주가능","정상","0","3","6","7159","0","0","0","","NO","0.896"
"20260919","Food","Coffee & Tea","원두","맥널티커피","FC","58765769","게이샤 블렌드 분쇄 커피 원두, 1개, 226g, 핸드드립","8804645007514","발주가능","정상","0","3","5","7732","0","0","0","","NO","0.896"
"20260919","Food","Coffee & Tea","원두","맥널티커피","FC","58765770","디카페인 헤이즐넛향 분쇄 커피 원두, 1개, 226g, 핸드드립","8804645007538","발주가능","정상","0","12","105","8018","0","0","0","","NO","0.896"
"20260919","Food","Coffee & Tea","원두","맥널티커피","FC","58850533","하와이안 코나 블렌드 분쇄 커피 원두, 1개, 226g, 핸드드립","8804645007521","발주가능","정상","0","6","14","7732","0","0","0","","NO","0.896"
"20260919","Food","Coffee & Tea","원두","맥널티커피","FC","71777603","투비 다크 블랙 블렌드 홀빈 원두 커피, 1kg, 홀빈(분쇄안함), 1개","8804645007989","발주가능","정상","0","2","49","13115","0","0","0","","NO","0.896"
"20260919","Food","Coffee & Tea","원두","맥널티커피","FC","76697770","투비커피 너티초코 아메리카노 블렌드 홀빈 원두 커피, 1kg, 홀빈(분쇄안함), 1개","8804645008047","발주가능","정상","0","0","38","17125","0","0","0","","NO","0.896"
"20260919","Food","Coffee & Tea","원두커피믹스","맥널티","FC","10003529","아이브루 클래식 100T","8804645002465","발주불가","규격 외","0","0","1","6068","0","0","0","","NO","0.587"
"20260919","Food","Coffee & Tea","원두커피믹스","맥널티","FC","11019882","맥널티 아이브루 다크 블렌드 200T","8804645003219","발주가능","정상","0","3","24","13096","0","0","0","","NO","0.587"
"20260919","Food","Coffee & Tea","원두커피믹스","맥널티커피","FC","11019883","맥널티 아이브루 모카 블랙 200T","8804645003226","발주가능","정상","0","9","53","11687","0","0","0","","NO","0.587"
"20260919","Food","Coffee & Tea","원두커피믹스","맥널티커피","FC","13777565","맥널티 아이브루 모카블랙 70T","8804645003912","발주가능","정상","0","1","39","6519","0","0","0","","NO","0.587"
"20260919","Food","Coffee & Tea","원두커피믹스","맥널티커피","SFJEJ2","15720531","콜롬비아 블랙 100개입","8804645002861","발주가능","정상","0","0","2","6345","0","0","0","","NO","0.587"
"20260919","Food","Coffee & Tea","원두커피믹스","맥널티커피","FC","15720531","콜롬비아 블랙 100개입","8804645002861","발주가능","정상","0","46","593","6345","0","0","0","","NO","0.587"
"20260919","Food","Coffee & Tea","원두커피믹스","맥널티커피","FC","26477367","맥널티 리얼 에스프레소샷 블랙 액상스틱커피 15mlx30개입","8804645006029","발주가능","정상","0","17","405","7388","0","0","0","","NO","0.587"
"20260919","Food","Coffee & Tea","원두커피믹스","맥널티커피","FC","62672352","맥널티 아이브루 플러스 스위트 블랙 원두커피믹스 80개입 2.8g","8804645007620","발주가능","정상","0","2","34","7961","0","0","0","","NO","0.587"
"20260919","Food","Coffee & Tea","원두커피믹스","맥널티커피","FC","67975031","호랭이 커피 오곡향 블랙, 1개, 20개입, 1g","8804645007781","발주가능","정상","0","16","254","2806","0","0","0","","NO","0.587"
"20260919","Food","Coffee & Tea","원두커피믹스","맥널티커피","FC","71629331","맥널티 갓성비 아메리카노 블랙커피, 1개, 100개입, 2g","8804645007873","발주가능","정상","0","84","508","8534","0","0","0","","NO","0.587"
"20260919","Food","Coffee & Tea","원두커피믹스","아이브루","FC","36903434","맥널티 아이브루 플러스 헤이즐넛 블랙커피 100개입","8804645006395","발주가능","정상","0","21","517","7623","0","0","0","","YES","0.587"
"20260919","Food","Coffee & Tea","원두커피믹스","아이브루","FC","36903435","맥널티 아이브루 플러스 오리지널 블랙커피 100개입","8804645006388","발주불가","규격 외","0","0","384","7623","0","0","0","","NO","0.587"
"20260919","Food","Coffee & Tea","원두커피믹스","아이브루","FC","46534985","아이브루 플러스 디카페인 아메리카노 블랙커피, 1개, 80개입, 80g","8804645007118","발주가능","정상","0","13","187","7964","0","0","0","","NO","0.587"
"20260919","Food","Coffee & Tea","원두커피믹스","아이브루","SFJEJ2","56760693","아이브루 플러스 디카페인 블랙커피 헤이즐넛향 (1g x 80개입), 1개","8804645007453","발주가능","정상","0","0","2","7961","0","0","0","","NO","0.587"
"20260919","Food","Coffee & Tea","원두커피믹스","아이브루","FC","56760693","아이브루 플러스 디카페인 블랙커피 헤이즐넛향 (1g x 80개입), 1개","8804645007453","발주가능","정상","0","49","674","7961","0","0","0","","NO","0.587"
"20260919","Food","Coffee & Tea","원두커피믹스","프라이빗클럽","FC","10837643","맥널티 병커피 헤이즐넛향 50gx10개","19311931309161","발주가능","정상","0","3","141","23000","0","0","0","","NO","0.587"
"20260919","Food","Coffee & Tea","원두커피믹스","프라이빗클럽","FC","12091997","Box_입소문난 아이리쉬 50G 10병","19311931311164","발주가능","정상","0","0","28","18625","0","0","0","","NO","0.587"
"20260919","Food","Coffee & Tea","원두커피믹스","프라이빗클럽","FC","52625820","맥널티 인스턴트 원두 병커피 에스프레소 블랙 50g 1개","9311931902167","발주가능","정상","0","37","322","3486","0","0","0","","NO","0.587"
"20260919","Food","Coffee & Tea","율무/견과차","맥널티","FC","64842417","티브루 호박팥차 진액 10ml 30개입 1개","8804645007675","발주가능","정상","0","43","1118","5259","0","0","0","","NO","0.715"
"20260919","Food","Coffee & Tea","율무/견과차","맥널티","SFJEJ2","64842417","티브루 호박팥차 진액 10ml 30개입 1개","8804645007675","발주가능","정상","0","2","7","5259","0","0","0","","NO","0.715"
"20260919","Food","Coffee & Tea","율무/견과차","맥널티커피","FC","39149735","맥널티 스테비아 제로슈가 호두 아몬드 율무차, 1개, 30개입, 450g","8804645006906","발주가능","정상","0","1","117","6815","0","0","0","","NO","0.715"
"20260919","Food","Coffee & Tea","차세트","맥널티커피","FC","78654824","[2026 추석세트] 맥널티 스테비아 전통차 선물세트, 1세트, 율무차(30개) + 쌍화차(30개)","8804645008092","발주가능","정상","0","1","342","19091","0","0","0","","NO","0.901"
"20260919","Food","Coffee & Tea","커피믹스","맥널티커피","FC","45571","맥널티_ 자메이카 블루마운틴 블렌드_226G","8804645100215","발주가능","정상","0","52","1245","5000","0","0","0","","NO","0.718"
"20260919","Food","Coffee & Tea","커피믹스","맥널티커피","RC","45571","맥널티_ 자메이카 블루마운틴 블렌드_226G","8804645100215","발주가능","정상","0","0","512","5000","0","0","0","","NO","0.718"
"20260919","Food","Coffee & Tea","커피믹스","맥널티커피","RC","25240400","맥널티 스테비아 커피믹스 100개입","8804645006067","발주가능","정상","0","0","2160","12941","0","0","0","","NO","0.718"
"20260919","Food","Coffee & Tea","커피믹스","맥널티커피","SFSPA3","25240400","맥널티 스테비아 커피믹스 100개입","8804645006067","발주가능","정상","0","1","5","12941","0","0","0","","NO","0.718"
"20260919","Food","Coffee & Tea","커피믹스","맥널티커피","SFJEJ2","25240400","맥널티 스테비아 커피믹스 100개입","8804645006067","발주가능","정상","0","0","4","12941","0","0","0","","NO","0.718"
"20260919","Food","Coffee & Tea","커피믹스","맥널티커피","FC","25240400","맥널티 스테비아 커피믹스 100개입","8804645006067","발주가능","정상","0","86","885","12941","0","0","0","","NO","0.718"
"20260919","Food","Coffee & Tea","커피믹스","맥널티커피","SFODD4","25240402","맥널티 스테비아 커피믹스 30개입","8804645006074","발주가능","정상","0","0","0","4827","0","0","0","","NO","0.718"
"20260919","Food","Coffee & Tea","커피믹스","맥널티커피","FC","25240402","맥널티 스테비아 커피믹스 30개입","8804645006074","발주가능","정상","0","50","183","4827","0","0","0","","NO","0.718"
"20260919","Food","Coffee & Tea","커피믹스","맥널티커피","FC","29461862","맥널티 아메리카노 아이스 블랙 100개입","8804645006081","발주가능","정상","0","39","138","5850","0","0","0","","NO","0.718"
"20260919","Food","Coffee & Tea","커피믹스","맥널티커피","RC","38933766","맥널티커피 스테비아 디카페인 커피믹스, 1개, 100개입 9.5g","8804645006890","발주가능","정상","0","0","360","18850","0","0","0","","NO","0.718"
"20260919","Food","Coffee & Tea","커피믹스","맥널티커피","FC","38933766","맥널티커피 스테비아 디카페인 커피믹스, 1개, 100개입 9.5g","8804645006890","발주가능","정상","0","63","530","18850","0","0","0","","NO","0.718"
"20260919","Food","Coffee & Tea","커피믹스","맥널티커피","FC","40806729","맥널티 스테비아 디카페인 커피믹스, 1개, 30개입, 285g","8804645006777","발주가능","정상","0","28","660","7027","0","0","0","","NO","0.718"
"20260919","Food","Coffee & Tea","커피믹스","맥널티커피","FC","46730880","산양유 단백질 프로틴 스테비아 커피믹스, 1개, 30개입, 300g","8804645007194","발주가능","정상","0","9","46","6243","0","0","0","","NO","0.718"
"20260919","Food","Coffee & Tea","커피믹스","맥널티커피","FC","47303765","산양유 단백질 프로틴 스테비아 커피믹스, 1개, 100개입, 1000g","8804645007187","발주가능","정상","0","16","83","19988","0","0","0","","NO","0.718"
"20260919","Food","Coffee & Tea","커피믹스","맥널티커피","FC","56214466","맥널티커피 아이브루 바닐라 라떼,12g x 100개입(스틱), 1200g , 1개","8804645007460","발주가능","정상","0","4","104","12543","0","0","0","","NO","0.718"
"20260919","Food","Coffee & Tea","커피믹스","맥널티커피","FC","56214467","맥널티커피 아이브루 카라멜 마끼아또, 12g x 100개입(스틱), 1200g , 1개","8804645007484","발주가능","정상","0","10","88","12543","0","0","0","","NO","0.718"
"20260919","Food","Coffee & Tea","커피믹스","맥널티커피","FC","63447822","스테비아 커피믹스 헤이즐넛향 9.5g 30개입 1개","8804645007637","발주가능","정상","0","16","87","4827","0","0","0","","NO","0.718"
"20260919","Food","Coffee & Tea","커피믹스","맥널티커피","FC","64859139","맥널티 스테비아 솔티드 카라멜 커피믹스 10g 1개 30개입","8804645007668","발주가능","정상","0","13","105","5670","0","0","0","","NO","0.718"
"20260919","Food","Coffee & Tea","커피믹스","맥널티커피","FC","69526598","맥널티 갓성비 제로슈가 커피믹스, 1개, 80개입, 9g","8804645007842","발주가능","정상","0","12","1","8805","0","0","0","","YES","0.718"
"20260919","Food","Coffee & Tea","커피믹스","맥널티커피","RC","69526598","맥널티 갓성비 제로슈가 커피믹스, 1개, 80개입, 9g","8804645007842","발주가능","정상","0","0","64","8805","0","0","0","","YES","0.718"
"20260919","Food","Coffee & Tea","커피믹스","맥널티커피","FC","69634259","맥널티커피 스테비아 커피믹스 헤이즐넛향, 9.5g, 100개입, 1개","8804645007811","발주가능","정상","0","6","22","14261","0","0","0","","NO","0.718"
"20260919","Food","Coffee & Tea","커피믹스","맥널티커피","FC","71115721","호랭이 커피믹스 고소한 오곡향, 1개, 160개입, 9.5g","8804645007880","발주가능","정상","0","11","59","14261","0","0","0","","NO","0.718"
"20260919","Food","Coffee & Tea","커피믹스","맥널티커피","FC","71115722","호랭이 커피믹스 고소한 오곡향, 1개, 20개입, 9.5g","8804645007897","발주가능","정상","0","11","103","2806","0","0","0","","NO","0.718"
"20260919","Food","Coffee & Tea","커피믹스","아이브루","FC","2341900","맥널티 iBrew 미니 헤이즐넛향 200개입(200g)","8804645000515","발주가능","정상","0","47","887","9917","0","0","0","","NO","0.718"
"20260919","Food","Coffee & Tea","커피믹스","아이브루","SFODD2","2341900","맥널티 iBrew 미니 헤이즐넛향 200개입(200g)","8804645000515","발주가능","정상","0","0","2","9917","0","0","0","","NO","0.718"
"20260919","Food","Coffee & Tea","커피믹스","아이브루","SFJEJ2","2341900","맥널티 iBrew 미니 헤이즐넛향 200개입(200g)","8804645000515","발주가능","정상","0","0","2","9917","0","0","0","","NO","0.718"
"20260919","Food","Coffee & Tea","커피믹스","아이브루","RC","2341900","맥널티 iBrew 미니 헤이즐넛향 200개입(200g)","8804645000515","발주가능","정상","0","0","1080","9917","0","0","0","","NO","0.718"
"20260919","Food","Coffee & Tea","커피믹스","아이브루","FC","3067423","아이브루 헤이즐넛향 70개입","8804645000706","발주가능","정상","0","12","234","4025","0","0","0","","NO","0.718"
"20260919","Food","Coffee & Tea","커피믹스","아이브루","FC","3067424","아이브루 케냐AA 블렌드 70개입","8804645000690","발주가능","정상","0","5","92","6205","0","0","0","","NO","0.718"
"20260919","Food","Coffee & Tea","커피믹스","아이브루","FC","3067425","아이브루 예가체프 블렌드 70개입","8804645000683","발주가능","정상","0","0","24","6205","0","0","0","","NO","0.718"
"20260919","Food","Coffee & Tea","커피믹스","프라이빗클럽","FC","3067428","인스턴트 병커피 헤이즐넛향 50g","9311931105162","발주가능","정상","0","140","4361","2300","0","0","0","","NO","0.718"
"20260919","Food","Coffee & Tea","커피세트","맥널티커피","FC","26870612","[2026 추석세트] 맥널티 핸드드립 버라이어티세트 30개입","8804645006258","발주가능","정상","0","14","1376","9395","0","0","0","","NO","0.903"
"20260919","Food","Coffee & Tea","커피세트","맥널티커피","FC","54651094","인스턴트 원두 병커피 맥널티커피 선물세트 50g x 4개입(에스프레소 2병+헤이즐넛 2병), 1세트","8804645007408","발주가능","정상","0","0","0","15305","0","0","0","","YES","0.903"
"20260919","Food","Drinks","과일음료","맥널티커피","SFJEJ2","24752132","청포도 에이드 190mL 10팩","8804645005893","발주가능","정상","0","0","1","3486","0","0","0","","NO","0.795"
"20260919","Food","Drinks","과일음료","맥널티커피","FC","24752132","청포도 에이드 190mL 10팩","8804645005893","발주가능","정상","0","20","497","3486","0","0","0","","NO","0.795"
"20260919","Food","Drinks","과일음료","맥널티커피","SFSPA3","24752132","청포도 에이드 190mL 10팩","8804645005893","발주가능","정상","0","0","1","3486","0","0","0","","NO","0.795"
"20260919","Food","Drinks","과일음료","맥널티커피","RC","24752132","청포도 에이드 190mL 10팩","8804645005893","발주가능","정상","0","0","273","3486","0","0","0","","NO","0.795"
"20260919","Food","Drinks","과일음료","맥널티커피","FC","24752250","블루레몬 에이드 190mL 10팩","8804645005909","발주가능","정상","0","2","415","3486","0","0","0","","NO","0.795"
"20260919","Food","Drinks","과일음료","맥널티커피","RC","24752250","블루레몬 에이드 190mL 10팩","8804645005909","발주가능","정상","0","0","237","3486","0","0","0","","NO","0.795"
"20260919","Food","Drinks","과일음료","맥널티커피","FC","45580036","맥널티 청매실 에이드 190ml*10개입","8804645007071","발주가능","정상","0","1","202","3486","0","0","0","","NO","0.795"
"20260919","Food","Drinks","농축액(음료베이스)","맥널티","FC","51983601","물 한방울 섞이지 않은 김토끼 유기농 레몬즙, 10개, 20g","8804645007361","발주가능","정상","0","0","51","4077","0","0","0","","NO","0.707"
"20260919","Food","Drinks","농축액(음료베이스)","맥널티","FC","58338694","티브루 보리차 원액 간편 액상스틱 진액, 30개, 10ml","8804645007590","발주가능","정상","0","77","1753","5259","0","0","0","","NO","0.707"
"20260919","Food","Drinks","농축액(음료베이스)","맥널티","FC","58338695","티브루 옥수수수염차 원액 간편 액상스틱 진액, 30개, 10ml","8804645007606","발주가능","정상","0","15","776","5259","0","0","0","","NO","0.707"
"20260919","Food","Drinks","농축액(음료베이스)","맥널티","FC","58338696","티브루 헛개수 원액 간편 액상스틱 진액, 30개, 10ml","8804645007613","발주가능","정상","0","45","550","5259","0","0","0","","NO","0.707"
"20260919","Food","Drinks","농축액(음료베이스)","맥널티","SFJEJ2","58338696","티브루 헛개수 원액 간편 액상스틱 진액, 30개, 10ml","8804645007613","발주가능","정상","0","0","1","5259","0","0","0","","NO","0.707"
"20260919","Food","Drinks","농축액(음료베이스)","맥널티커피","FC","62882483","티브루 보리차 진액, 1개, 400g","8804645007651","발주가능","정상","0","18","61","7623","0","0","0","","NO","0.707"
"20260919","Food","Drinks","농축액(음료베이스)","맥널티커피","FC","71636537","맥널티 티브루 호박팥차 무라벨, 20개, 500ml","8804645007934","발주가능","정상","132","49","83","8795","0","0","0","","YES","0.707"
"20260919","Food","Drinks","야채음료","맥널티커피","FC","48914233","맥널티 유자 에이드 190ml 10개","8804645007217","발주가능","정상","0","8","250","3486","0","0","0","","NO","0.606"
"20260919","Food","Drinks","차음료","맥널티커피","SFJEJ2","24752251","복숭아 아이스티 190mL 10팩","8804645005886","발주가능","정상","0","0","1","3486","0","0","0","","NO","0.691"
"20260919","Food","Drinks","차음료","맥널티커피","FC","24752251","복숭아 아이스티 190mL 10팩","8804645005886","발주가능","정상","0","22","199","3486","0","0","0","","NO","0.691"
"20260919","Food","Drinks","차음료","맥널티커피","RC","24752251","복숭아 아이스티 190mL 10팩","8804645005886","발주가능","정상","0","0","258","3486","0","0","0","","NO","0.691"
"20260919","Food","Drinks","차음료","맥널티커피","FC","24944267","맥널티 허니자몽 블랙티 대용량 파우치 1Lx6입","18804645005951","발주가능","정상","0","2","55","10252","0","0","0","","NO","0.691"
"20260919","Food","Drinks","차음료","맥널티커피","FC","24944268","맥널티 복숭아 아이스티 대용량 파우치 1Lx6입","18804645005944","발주가능","정상","0","6","60","10252","0","0","0","","NO","0.691"
"20260919","Food","Drinks","차음료","맥널티커피","FC","26889711","맥널티 제로칼로리 복숭아 아이스티 500ml 24입","18804645006101","발주가능","정상","0","12","262","12205","0","0","0","","NO","0.691"
"20260919","Food","Drinks","차음료","맥널티커피","FC","36669698","제로 아이스티 복숭아, 30개입, 13g","8804645006791","발주가능","정상","0","6","83","5850","0","0","0","","NO","0.691"
"20260919","Food","Drinks","차음료","맥널티커피","FC","36829225","맥널티 제로칼로리 청포도 아이스티 500mlx24입,","18804645006538","발주가능","정상","0","8","80","12205","0","0","0","","NO","0.691"
"20260919","Food","Drinks","차음료","맥널티커피","FC","36829226","제로 아이스티 청포도, 30개입, 13g 1개","8804645006807","발주가능","정상","0","5","63","5850","0","0","0","","NO","0.691"
"20260919","Food","Drinks","차음료","맥널티커피","FC","36863185","맥널티 대용량 제로칼로리 복숭아 아이스티 1.5L 12개","18804645006736","일시중단","단종예정","0","0","0","17427","0","0","0","","YES","0.691"
"20260919","Food","Drinks","차음료","맥널티커피","FC","38262417","복숭아 아이스티 제로, 6개, 1L","18804645006873","발주가능","정상","0","1","37","10577","0","0","0","","NO","0.691"
"20260919","Food","Drinks","차음료","맥널티커피","FC","40520042","맥널티커피 복숭아 아이스티 제로 RTD, 30개, 240ml","18804645006835","발주가능","정상","0","1","295","8795","0","0","0","","NO","0.691"
"20260919","Food","Drinks","차음료","맥널티커피","FC","61673272","맥널티커피 복숭아 아이스티 제로, 1.5L, 1개","8804645006739","발주가능","정상","0","124","1545","1364","0","0","0","","NO","0.691"
"20260919","Food","Drinks","차음료","맥널티커피","SFSPA3","61673272","맥널티커피 복숭아 아이스티 제로, 1.5L, 1개","8804645006739","발주가능","정상","0","0","1","1364","0","0","0","","NO","0.691"
"20260919","Food","Drinks","차음료","맥널티커피","RC","61673272","맥널티커피 복숭아 아이스티 제로, 1.5L, 1개","8804645006739","발주가능","정상","0","0","1872","1364","0","0","0","","NO","0.691"
"20260919","Food","Drinks","차음료","맥널티커피","SFJEJ2","61673272","맥널티커피 복숭아 아이스티 제로, 1.5L, 1개","8804645006739","발주가능","정상","0","0","4","1364","0","0","0","","NO","0.691"
"20260919","Food","Drinks","차음료","맥널티커피","SFSPA3","73944650","맥널티 복숭아 아이스티 대용량 파우치, 1개, 2.1L","8804645007965","발주가능","정상","0","0","0","2413","0","0","0","","NO","0.691"
"20260919","Food","Drinks","차음료","맥널티커피","FC","73944650","맥널티 복숭아 아이스티 대용량 파우치, 1개, 2.1L","8804645007965","발주가능","정상","0","126","2042","2413","0","0","0","","NO","0.691"
"20260919","Food","Drinks","차음료","맥널티커피","SFJEJ2","73944650","맥널티 복숭아 아이스티 대용량 파우치, 1개, 2.1L","8804645007965","발주가능","정상","0","0","7","2413","0","0","0","","NO","0.691"
"20260919","Food","Drinks","차음료","맥널티커피","FC","75850021","맥널티 허니자몽 블랙티, 1L, 1개","8804645005954","발주가능","정상","0","32","227","1714","0","0","0","","NO","0.691"
"20260919","Food","Drinks","커피음료","맥널티커피","RC","24695530","아이스 헤이즐넛향 커피 190mL 10팩","8804645005879","발주가능","정상","0","0","273","3486","0","0","0","","NO","0.684"
"20260919","Food","Drinks","커피음료","맥널티커피","FC","24695530","아이스 헤이즐넛향 커피 190mL 10팩","8804645005879","발주가능","정상","0","33","274","3486","0","0","0","","NO","0.684"
"20260919","Food","Drinks","커피음료","맥널티커피","SFJEJ2","24695531","아이스 아메리카노 스위트 190mL 10팩","8804645005862","발주가능","정상","0","0","1","3486","0","0","0","","NO","0.684"
"20260919","Food","Drinks","커피음료","맥널티커피","RC","24695531","아이스 아메리카노 스위트 190mL 10팩","8804645005862","발주가능","정상","0","0","1092","3486","0","0","0","","NO","0.684"
"20260919","Food","Drinks","커피음료","맥널티커피","FC","24695531","아이스 아메리카노 스위트 190mL 10팩","8804645005862","발주가능","정상","0","23","419","3486","0","0","0","","NO","0.684"
"20260919","Food","Drinks","커피음료","맥널티커피","RC","24695532","아이스 아메리카노 블랙 190mL 10팩","8804645005855","발주가능","정상","0","0","273","3486","0","0","0","","NO","0.684"
"20260919","Food","Drinks","커피음료","맥널티커피","SFODD2","24695532","아이스 아메리카노 블랙 190mL 10팩","8804645005855","발주가능","정상","0","1","1","3486","0","0","0","","NO","0.684"
"20260919","Food","Drinks","커피음료","맥널티커피","FC","24695532","아이스 아메리카노 블랙 190mL 10팩","8804645005855","발주가능","정상","0","67","649","3486","0","0","0","","NO","0.684"
"20260919","Food","Drinks","커피음료","맥널티커피","FC","25484251","맥널티커피 아메리카노 스위트 1Lx6입","18804645005920","발주가능","정상","0","2","102","10252","0","0","0","","NO","0.684"
"20260919","Food","Drinks","커피음료","맥널티커피","FC","25484255","맥널티 아이스 아메리카노 블랙커피 대용량 파우치 1Lx6입","18804645005913","발주가능","정상","0","0","45","10252","0","0","0","","NO","0.684"
"20260919","Food","Drinks","커피음료","맥널티커피","FC","25484257","맥널티 아이스 헤이즐넛향 커피 대용량 파우치 1Lx6입","18804645005937","발주가능","정상","0","2","79","10252","0","0","0","","NO","0.684"
"20260919","Food","Drinks","커피음료","맥널티커피","FC","48466205","맥널티 대용량 제로슈가 스테비아 믹스커피 음료, 12개, 1L","18804645007290","발주가능","정상","0","15","111","17067","0","0","0","","NO","0.684"
"20260919","Food","Drinks","커피음료","맥널티커피","FC","54922706","맥널티 대용량 제로슈가 스테비아 믹스커피 음료, 1L, 6개","8804645007323","발주가능","정상","0","67","1081","8805","0","0","0","","NO","0.684"
"20260919","Food","Drinks","커피음료","맥널티커피","RC","54922706","맥널티 대용량 제로슈가 스테비아 믹스커피 음료, 1L, 6개","8804645007323","발주가능","정상","0","0","160","8805","0","0","0","","NO","0.684"
"20260919","Food","Drinks","커피음료","맥널티커피","RC","68778940","맥널티 아이브루 아메리카노 블랙커피 12개 1L","18804645007306","발주가능","정상","0","0","720","12205","0","0","0","","NO","0.684"
"20260919","Food","Drinks","커피음료","맥널티커피","FC","68778940","맥널티 아이브루 아메리카노 블랙커피 12개 1L","18804645007306","발주가능","정상","0","225","2257","12205","0","0","0","","NO","0.684"
"20260919","Food","Drinks","커피음료","맥널티커피","FC","68778941","맥널티 아이브루 헤이즐넛향 블랙커피 12개 1L","18804645007504","발주가능","정상","0","49","355","12205","0","0","0","","NO","0.684"
"20260919","Food","Drinks","커피음료","맥널티커피","RC","68778941","맥널티 아이브루 헤이즐넛향 블랙커피 12개 1L","18804645007504","발주가능","정상","0","0","160","12205","0","0","0","","NO","0.684"
"20260919","Food","Drinks","커피음료","맥널티커피","RC","68778942","아이브루 아메리카노 블랙커피 무라벨 400ML 20개","8804645007491","발주가능","정상","0","0","273","12205","0","0","0","","NO","0.684"
"20260919","Food","Drinks","커피음료","맥널티커피","FC","68778942","아이브루 아메리카노 블랙커피 무라벨 400ML 20개","8804645007491","발주가능","정상","0","184","1821","12205","0","0","0","","NO","0.684"
"20260919","Food","Drinks","커피음료","맥널티커피","RC","73951791","맥널티 아이스 아메리카노 블랙 커피 대용량 파우치, 1개, 2.1L","8804645007958","발주가능","정상","0","0","11264","2413","0","0","0","","NO","0.684"
"20260919","Food","Drinks","커피음료","맥널티커피","FC","73951791","맥널티 아이스 아메리카노 블랙 커피 대용량 파우치, 1개, 2.1L","8804645007958","발주가능","정상","0","535","3027","2413","0","0","0","","NO","0.684"
"20260919","Food","Drinks","커피음료","맥널티커피","SFSPA3","73951791","맥널티 아이스 아메리카노 블랙 커피 대용량 파우치, 1개, 2.1L","8804645007958","발주가능","정상","0","4","56","2413","0","0","0","","NO","0.684"
"20260919","Food","Drinks","커피음료","맥널티커피","","73951791","맥널티 아이스 아메리카노 블랙 커피 대용량 파우치, 1개, 2.1L","8804645007958","발주가능","정상","0","0","2","2413","0","0","0","","NO","0.684"
"20260919","Food","Drinks","커피음료","맥널티커피","SFSPA3","75683093","맥널티 아이스 아메리카노 블랙 1리터, 1L, 1개","8804645005916","발주가능","정상","0","0","1","1714","0","0","0","","NO","0.684"
"20260919","Food","Drinks","커피음료","맥널티커피","FC","75683093","맥널티 아이스 아메리카노 블랙 1리터, 1L, 1개","8804645005916","발주가능","정상","0","15","1129","1714","0","0","0","","NO","0.684"
"20260919","Food","Drinks","커피음료","맥널티커피","SFJEJ2","75683093","맥널티 아이스 아메리카노 블랙 1리터, 1L, 1개","8804645005916","발주가능","정상","0","0","1","1714","0","0","0","","NO","0.684"
"20260919","Food","Drinks","커피음료","맥널티커피","FC","75694561","맥널티커피 아이스 아메리카노 헤이즐넛, 1개, 1L","8804645005930","발주가능","정상","0","42","1648","1714","0","0","0","","NO","0.684"
"20260919","Food","Drinks","커피음료","맥널티커피","FC","75765043","맥널티 아이스아메리카노 스위트, 1개, 1L","8804645005923","발주가능","정상","0","63","1635","1714","0","0","0","","NO","0.684"
"20260919","Food","Drinks","커피음료","맥널티커피","FC","76540319","맥널티 호랭이 마일드 라떼 캔커피, 30개, 175ml","18804645008013","발주가능","정상","0","56","559","8523","0","0","0","","NO","0.684"
"20260919","Food","Drinks","커피음료","맥널티커피","RC","77572705","맥널티 아이스 아메리카노 헤이즐넛, 1개, 2.1L","8804645008030","발주가능","정상","0","0","1560","2413","0","0","0","","NO","0.684"
"20260919","Food","Drinks","커피음료","맥널티커피","FC","77572705","맥널티 아이스 아메리카노 헤이즐넛, 1개, 2.1L","8804645008030","발주가능","정상","0","249","829","2413","0","0","0","","NO","0.684"
"20260919","Food","Drinks","커피음료","아이브루","RC","70253954","아이브루 디카페인 아메리카노 블랙커피 무라벨, 20개, 400ml","8804645007903","발주가능","정상","0","0","91","13500","0","0","0","","NO","0.684"
"20260919","Food","Drinks","커피음료","아이브루","FC","70253954","아이브루 디카페인 아메리카노 블랙커피 무라벨, 20개, 400ml","8804645007903","발주가능","정상","0","69","253","13500","0","0","0","","NO","0.684"
"20260919","Kitchen","Tools & Gadgets","드립주전자/포트","맥널티커피","FC","15333511","맥널티 드립 주전자 350ml","8804645004490","발주가능","정상","0","10","36","5044","0","0","0","","NO","0.784"
"20260919","Kitchen","Tools & Gadgets","커피필터/여과지","맥널티","FC","12491225","맥널티 핸드드립 커피필터 30개입","8804645300950","발주가능","정상","0","63","1103","2642","0","0","0","","NO","0.538"
"20260919","Kitchen","Tools & Gadgets","커피필터/여과지","맥널티","SFJEJ2","12491225","맥널티 핸드드립 커피필터 30개입","8804645300950","발주가능","정상","0","0","2","2642","0","0","0","","NO","0.538"
"20260918","CE","Kitchen Appliance","커피머신","맥널티커피","FC","31602405","맥널티 2in1 핫앤콜드 진공추출 커피메이커 MCM-065B MCM-065B","8804645006296","발주가능","정상","0","0","15","30859","0","0","0","","NO","0.789"
"20260918","Food","Coffee & Tea","기타전통차","맥널티커피","FC","39149736","맥널티 스테비아 침향 쌍화차, 1개, 30개입, 450g","8804645006913","발주가능","정상","0","3","92","8536","0","0","0","","NO","0.726"
"20260918","Food","Coffee & Tea","기타전통차","맥널티커피","FC","41175263","맥널티커피 스테비아 꿀 유자차, 1개, 30개입, 450g","8804645006951","발주가능","정상","0","3","71","7388","0","0","0","","NO","0.726"
"20260918","Food","Coffee & Tea","둥글레/옥수수/보리/결명자차","맥널티커피","FC","76230458","맥널티 진 보리차 1개 1kg","8804645007996","발주가능","정상","0","1","41","15209","0","0","0","","NO","0.606"
"20260918","Food","Coffee & Tea","드립백/티백","맥널티","FC","3067432","산지별 콜롬비아 슈프리모 핸드드립커피 7개입","8804645000324","발주가능","정상","0","2","242","3043","0","0","0","","NO","0.724"
"20260918","Food","Coffee & Tea","드립백/티백","맥널티","FC","10003518","케냐 AA 핸드드립 블렌드 24개입","8804645000720","발주가능","정상","0","10","101","6068","0","0","0","","NO","0.724"
"20260918","Food","Coffee & Tea","드립백/티백","맥널티커피","FC","3067429","산지별 브라질 세라도 NY2 핸드드립커피 7개입","8804645000300","발주가능","정상","0","5","34","2887","0","0","0","","NO","0.724"
"20260918","Food","Coffee & Tea","드립백/티백","맥널티커피","FC","3067430","산지별 케냐 AA 핸드드립커피 7개입","8804645000355","발주가능","정상","24","6","70","3062","0","0","0","","NO","0.724"
"20260918","Food","Coffee & Tea","드립백/티백","맥널티커피","FC","3067433","산지별 에티오피아 코케 허니 핸드드립커피 7개입","8804645000348","발주가능","정상","0","2","60","2910","0","0","0","","NO","0.724"
"20260918","Food","Coffee & Tea","드립백/티백","맥널티커피","FC","3067434","산지별 에티오피아 예가체프 핸드드립커피 7개입","8804645000331","발주가능","정상","0","6","54","3184","0","0","0","","NO","0.724"
"20260918","Food","Coffee & Tea","드립백/티백","맥널티커피","FC","10003517","콜롬비아 핸드드립 블렌드 24개입","8804645000713","발주가능","정상","0","0","1","5977","0","0","0","","YES","0.724"
"20260918","Food","Coffee & Tea","드립백/티백","맥널티커피","FC","23400108","맥널티 디카페인100% 핸드드립 원두커피 24개입","8804645005732","발주가능","정상","0","7","57","9395","0","0","0","","NO","0.724"
"20260918","Food","Coffee & Tea","드립백/티백","맥널티커피","FC","37713094","맥널티 핸드드립커피 케냐AA(더블에이) 36개입, 8g, 1개","8804645006616","발주가능","정상","24","5","28","11759","0","0","0","","NO","0.724"
"20260918","Food","Coffee & Tea","드립백/티백","맥널티커피","FC","37713095","맥널티 핸드드립커피 에티오피아 예가체프 36개입, 8g, 1개","8804645006623","발주가능","정상","0","12","16","10577","0","0","0","","NO","0.724"
"20260918","Food","Coffee & Tea","드립백/티백","맥널티커피","FC","41391235","맥널티 행복을주는커피 시그니처 블렌드 핸드드립 커피 20개입, 1개, 8g","8804645003653","발주가능","정상","0","10","31","6795","0","0","0","","NO","0.724"
"20260918","Food","Coffee & Tea","드립백/티백","맥널티커피","FC","62821923","맥널티 핸드드립 커피 에티오피아 예가체프 8g 24개입 1개","8804645006920","발주가능","정상","0","6","23","9679","0","0","0","","NO","0.724"
"20260918","Food","Coffee & Tea","드립백/티백","맥널티커피","FC","68147033","베니스브루 스페셜티 핸드드립 가향 커피 오렌지 벨벳, 1개, 7개입, 12g","8804645007712","발주가능","정상","0","0","26","5143","0","0","0","","NO","0.724"
"20260918","Food","Coffee & Tea","드립백/티백","맥널티커피","FC","68147034","베니스브루 스페셜티 핸드드립 가향 커피 쇼콜라 모카, 1개, 7개입, 12g","8804645007729","발주가능","정상","0","0","29","5143","0","0","0","","NO","0.724"
"20260918","Food","Coffee & Tea","드립백/티백","맥널티커피","FC","68777449","베니스브루 베리 블로썸 드립백 커피 12g 1개 7개입","8804645007705","발주가능","정상","0","3","32","5143","0","0","0","","NO","0.724"
"20260918","Food","Coffee & Tea","라떼분말","맥널티커피","FC","34834818","맥널티 스테비아 제로슈가 핫초코 라떼 30개입 15g","8804645006340","발주가능","정상","90","17","631","7500","0","0","0","","NO","0.584"
"20260918","Food","Coffee & Tea","라떼분말","맥널티커피","FC","51063548","스테비아 단백질 옥수수 크림 라떼, 1개, 20개입, 18g","8804645007330","발주가능","정상","0","0","24","5850","0","0","0","","NO","0.584"
"20260918","Food","Coffee & Tea","라떼분말","맥널티커피","FC","51164938","스테비아 단백질 고구마 크림 라떼, 1개, 20개입, 18g","8804645007347","발주가능","정상","0","1","20","5850","0","0","0","","NO","0.584"
"20260918","Food","Coffee & Tea","원두","N_A","FC","76443755","맥널티 브라질 세라도 NY.2 원두 1kg, 1개","8804645006425","발주가능","정상","0","9","237","17609","0","0","0","","NO","0.896"
"20260918","Food","Coffee & Tea","원두","맥널티커피","RC","45570","맥널티_헤이즐넛원두분쇄커피_226G","8804645100208","발주가능","정상","0","0","2176","5000","0","0","0","","NO","0.896"
"20260918","Food","Coffee & Tea","원두","맥널티커피","FC","45570","맥널티_헤이즐넛원두분쇄커피_226G","8804645100208","발주가능","정상","0","94","1533","5000","0","0","0","","NO","0.896"
"20260918","Food","Coffee & Tea","원두","맥널티커피","FC","45572","맥널티_헤이즐넛원두분쇄커피_500G","8804645100468","발주가능","정상","0","35","590","7960","0","0","0","","NO","0.896"
"20260918","Food","Coffee & Tea","원두","맥널티커피","SFJEJ2","45572","맥널티_헤이즐넛원두분쇄커피_500G","8804645100468","발주가능","정상","0","1","4","7960","0","0","0","","NO","0.896"
"20260918","Food","Coffee & Tea","원두","맥널티커피","RC","45572","맥널티_헤이즐넛원두분쇄커피_500G","8804645100468","발주가능","정상","0","0","640","7960","0","0","0","","NO","0.896"
"20260918","Food","Coffee & Tea","원두","맥널티커피","SFSPA3","45572","맥널티_헤이즐넛원두분쇄커피_500G","8804645100468","발주가능","정상","0","1","8","7960","0","0","0","","NO","0.896"
"20260918","Food","Coffee & Tea","원두","맥널티커피","FC","45573","맥널티_블루마운틴스타일원두분쇄커피_500G","8804645100451","발주가능","정상","0","23","111","11091","0","0","0","","NO","0.896"
"20260918","Food","Coffee & Tea","원두","맥널티커피","RC","45573","맥널티_블루마운틴스타일원두분쇄커피_500G","8804645100451","발주가능","정상","0","0","640","11091","0","0","0","","NO","0.896"
"20260918","Food","Coffee & Tea","원두","맥널티커피","FC","5344648","맥널티 원두 에스프레소 블랙 1개, 1kg","8804645001239","발주불가","단종","0","0","1","9156","0","0","0","","YES","0.896"
"20260918","Food","Coffee & Tea","원두","맥널티커피","FC","10147177","맥널티 홀빈 블루마운틴 1000g","8804645006302","발주가능","정상","0","10","198","15715","0","0","0","","NO","0.896"
"20260918","Food","Coffee & Tea","원두","맥널티커피","FC","10147180","맥널티 행복을 주는 커피 헤이즐넛향 1kg 홀빈","8804645100185","발주가능","정상","0","6","221","15244","0","0","0","","NO","0.896"
"20260918","Food","Coffee & Tea","원두","맥널티커피","SFJEJ2","10812901","맥널티 베트남 로부스타 원두커피 1kg","8804645003066","발주가능","정상","0","1","0","11700","0","0","0","","NO","0.896"
"20260918","Food","Coffee & Tea","원두","맥널티커피","RC","10812901","맥널티 베트남 로부스타 원두커피 1kg","8804645003066","발주가능","정상","0","0","180","11700","0","0","0","","NO","0.896"
"20260918","Food","Coffee & Tea","원두","맥널티커피","FC","10812901","맥널티 베트남 로부스타 원두커피 1kg","8804645003066","발주가능","정상","0","42","289","11700","0","0","0","","NO","0.896"
"20260918","Food","Coffee & Tea","원두","맥널티커피","FC","11849981","행복을 주는 커피 블루마운틴 블렌드 분쇄 원두 커피 1kg","8804645003486","발주가능","정상","0","8","98","16364","0","0","0","","NO","0.896"
"20260918","Food","Coffee & Tea","원두","맥널티커피","FC","12521866","맥널티 행복을 주는 커피 시그니처 헤이즐넛향 원두 커피 1Kg","8804645003493","발주가능","정상","0","22","177","16364","0","0","0","","NO","0.896"
"20260918","Food","Coffee & Tea","원두","맥널티커피","RC","12521866","맥널티 행복을 주는 커피 시그니처 헤이즐넛향 원두 커피 1Kg","8804645003493","발주가능","정상","0","0","216","16364","0","0","0","","NO","0.896"
"20260918","Food","Coffee & Tea","원두","맥널티커피","FC","13277718","맥널티 행복을 주는 커피 브라질 산토스 1kg","8804645003936","발주가능","정상","0","12","40","14091","0","0","0","","NO","0.896"
"20260918","Food","Coffee & Tea","원두","맥널티커피","FC","13277719","맥널티 행복을 주는 커피 콜롬비아 블렌드 1kg","8804645003929","발주가능","정상","0","25","429","15599","0","0","0","","NO","0.896"
"20260918","Food","Coffee & Tea","원두","맥널티커피","FC","37733154","맥널티 원두 홀빈(분쇄안함) 마일드 미디움 블렌드 200g, 1개","8804645005374","발주가능","정상","0","0","19","5791","0","0","0","","NO","0.896"
"20260918","Food","Coffee & Tea","원두","맥널티커피","FC","38710869","맥널티 홀빈 커피원두, 마일드 미디움 블렌드 1kg, 1개","8804645005329","발주가능","정상","0","1","11","16364","0","0","0","","NO","0.896"
"20260918","Food","Coffee & Tea","원두","맥널티커피","FC","38710870","맥널티 홀빈 커피원두, 콜롬비아 안데스 오리진 1kg, 1개","8804645005343","발주가능","정상","0","2","60","16364","0","0","0","","NO","0.896"
"20260918","Food","Coffee & Tea","원두","맥널티커피","FC","38710872","맥널티 홀빈 커피원두, 시그니처 블렌드 1kg, 1개","8804645005312","발주가능","정상","0","1","81","16364","0","0","0","","NO","0.896"
"20260918","Food","Coffee & Tea","원두","맥널티커피","FC","38813491","맥널티 홀빈 원두 1KG, 브라질 산토스 내추럴, 1개","8804645005350","발주가능","정상","0","8","72","11364","0","0","0","","NO","0.896"
"20260918","Food","Coffee & Tea","원두","맥널티커피","FC","38919334","맥널티 에티오피아 예가체프 홀빈 원두, 1kg, 1개","8804645006852","발주가능","정상","0","7","48","16364","0","0","0","","NO","0.896"
"20260918","Food","Coffee & Tea","원두","맥널티커피","FC","39616644","맥널티 예맨 모카 블렌드 커피 원두, 홀빈(분쇄안함), 500g, 1개","8804645006692","발주가능","정상","0","0","14","11400","0","0","0","","NO","0.896"
"20260918","Food","Coffee & Tea","원두","맥널티커피","FC","39616645","맥널티 시그니처 디카페인 커피 원두, 홀빈(분쇄안함), 500g, 1개","8804645006937","발주가능","정상","0","5","67","12545","0","0","0","","NO","0.896"
"20260918","Food","Coffee & Tea","원두","맥널티커피","FC","39616646","맥널티 게이샤 블렌드 커피 원두, 홀빈(분쇄안함), 500g, 1개","8804645006708","발주가능","정상","0","4","17","11400","0","0","0","","NO","0.896"
"20260918","Food","Coffee & Tea","원두","맥널티커피","FC","39616647","맥널티 하와이안 코나 블렌드 커피 원두, 홀빈(분쇄안함), 500g, 1개","8804645006685","발주가능","정상","8","3","29","11400","0","0","0","","NO","0.896"
"20260918","Food","Coffee & Tea","원두","맥널티커피","FC","48074657","맥널티 브라질 세라도 분쇄 원두 커피, 1개, 500g","8804645007262","발주가능","정상","0","2","69","9395","0","0","0","","NO","0.896"
"20260918","Food","Coffee & Tea","원두","맥널티커피","FC","48074658","맥널티 콜롬비아 안데스 분쇄 원두 커피, 1개, 500g","8804645007255","발주가능","정상","0","2","69","9986","0","0","0","","NO","0.896"
"20260918","Food","Coffee & Tea","원두","맥널티커피","FC","48074659","맥널티 에티오피아 예가체프 분쇄 원두 커피, 1개, 500g","8804645007231","발주가능","정상","96","7","98","9986","0","0","0","","NO","0.896"
"20260918","Food","Coffee & Tea","원두","맥널티커피","FC","58681130","콜롬비아 안데스 오리진 분쇄 커피 원두 1개 226g 핸드드립","8804645007552","발주가능","정상","16","1","23","7159","0","0","0","","YES","0.896"
"20260918","Food","Coffee & Tea","원두","맥널티커피","FC","58681131","브라질 산토스 오리진 분쇄 커피 원두, 226g, 1개, 핸드드립","8804645007545","발주가능","정상","0","4","9","7159","0","0","0","","NO","0.896"
"20260918","Food","Coffee & Tea","원두","맥널티커피","FC","58765769","게이샤 블렌드 분쇄 커피 원두, 1개, 226g, 핸드드립","8804645007514","발주가능","정상","0","1","8","7732","0","0","0","","NO","0.896"
"20260918","Food","Coffee & Tea","원두","맥널티커피","FC","58765770","디카페인 헤이즐넛향 분쇄 커피 원두, 1개, 226g, 핸드드립","8804645007538","발주가능","정상","32","12","117","8018","0","0","0","","NO","0.896"
"20260918","Food","Coffee & Tea","원두","맥널티커피","FC","58850533","하와이안 코나 블렌드 분쇄 커피 원두, 1개, 226g, 핸드드립","8804645007521","발주가능","정상","0","4","20","7732","0","0","0","","NO","0.896"
"20260918","Food","Coffee & Tea","원두","맥널티커피","FC","71777603","투비 다크 블랙 블렌드 홀빈 원두 커피, 1kg, 홀빈(분쇄안함), 1개","8804645007989","발주가능","정상","0","6","51","13115","0","0","0","","NO","0.896"
"20260918","Food","Coffee & Tea","원두","맥널티커피","FC","76697770","투비커피 너티초코 아메리카노 블렌드 홀빈 원두 커피, 1kg, 홀빈(분쇄안함), 1개","8804645008047","발주가능","정상","0","0","38","17125","0","0","0","","NO","0.896"
"20260918","Food","Coffee & Tea","원두커피믹스","맥널티","FC","10003529","아이브루 클래식 100T","8804645002465","발주불가","규격 외","0","0","1","6068","0","0","0","","NO","0.583"
"20260918","Food","Coffee & Tea","원두커피믹스","맥널티","FC","11019882","맥널티 아이브루 다크 블렌드 200T","8804645003219","발주가능","정상","6","11","27","13096","0","0","0","","NO","0.583"
"20260918","Food","Coffee & Tea","원두커피믹스","맥널티커피","FC","11019883","맥널티 아이브루 모카 블랙 200T","8804645003226","발주가능","정상","30","9","62","11687","0","0","0","","NO","0.583"
"20260918","Food","Coffee & Tea","원두커피믹스","맥널티커피","FC","13777565","맥널티 아이브루 모카블랙 70T","8804645003912","발주가능","정상","0","0","40","6519","0","0","0","","NO","0.583"
"20260918","Food","Coffee & Tea","원두커피믹스","맥널티커피","SFJEJ2","15720531","콜롬비아 블랙 100개입","8804645002861","발주가능","정상","0","0","2","6345","0","0","0","","NO","0.583"
"20260918","Food","Coffee & Tea","원두커피믹스","맥널티커피","FC","15720531","콜롬비아 블랙 100개입","8804645002861","발주가능","정상","0","65","639","6345","0","0","0","","NO","0.583"
"20260918","Food","Coffee & Tea","원두커피믹스","맥널티커피","FC","26477367","맥널티 리얼 에스프레소샷 블랙 액상스틱커피 15mlx30개입","8804645006029","발주가능","정상","0","25","422","7388","0","0","0","","NO","0.583"
"20260918","Food","Coffee & Tea","원두커피믹스","맥널티커피","FC","62672352","맥널티 아이브루 플러스 스위트 블랙 원두커피믹스 80개입 2.8g","8804645007620","발주가능","정상","10","3","36","7961","0","0","0","","NO","0.583"
"20260918","Food","Coffee & Tea","원두커피믹스","맥널티커피","FC","67975031","호랭이 커피 오곡향 블랙, 1개, 20개입, 1g","8804645007781","발주가능","정상","40","37","270","2806","0","0","0","","NO","0.583"
"20260918","Food","Coffee & Tea","원두커피믹스","맥널티커피","FC","71629331","맥널티 갓성비 아메리카노 블랙커피, 1개, 100개입, 2g","8804645007873","발주가능","정상","0","74","229","8534","0","0","0","","NO","0.583"
"20260918","Food","Coffee & Tea","원두커피믹스","아이브루","RC","36903434","맥널티 아이브루 플러스 헤이즐넛 블랙커피 100개입","8804645006395","발주가능","정상","0","0","505","7623","0","0","0","","NO","0.583"
"20260918","Food","Coffee & Tea","원두커피믹스","아이브루","FC","36903434","맥널티 아이브루 플러스 헤이즐넛 블랙커피 100개입","8804645006395","발주가능","정상","0","82","33","7623","0","0","0","","NO","0.583"
"20260918","Food","Coffee & Tea","원두커피믹스","아이브루","FC","36903435","맥널티 아이브루 플러스 오리지널 블랙커피 100개입","8804645006388","발주불가","규격 외","0","0","384","7623","0","0","0","","NO","0.583"
"20260918","Food","Coffee & Tea","원두커피믹스","아이브루","FC","46534985","아이브루 플러스 디카페인 아메리카노 블랙커피, 1개, 80개입, 80g","8804645007118","발주가능","정상","0","11","200","7964","0","0","0","","NO","0.583"
"20260918","Food","Coffee & Tea","원두커피믹스","아이브루","FC","56760693","아이브루 플러스 디카페인 블랙커피 헤이즐넛향 (1g x 80개입), 1개","8804645007453","발주가능","정상","80","46","725","7961","0","0","0","","NO","0.583"
"20260918","Food","Coffee & Tea","원두커피믹스","아이브루","SFJEJ2","56760693","아이브루 플러스 디카페인 블랙커피 헤이즐넛향 (1g x 80개입), 1개","8804645007453","발주가능","정상","0","1","0","7961","0","0","0","","NO","0.583"
"20260918","Food","Coffee & Tea","원두커피믹스","프라이빗클럽","FC","10837643","맥널티 병커피 헤이즐넛향 50gx10개","19311931309161","발주가능","정상","118","6","144","23000","0","0","0","","NO","0.583"
"20260918","Food","Coffee & Tea","원두커피믹스","프라이빗클럽","FC","12091997","Box_입소문난 아이리쉬 50G 10병","19311931311164","발주가능","정상","10","1","28","18625","0","0","0","","NO","0.583"
"20260918","Food","Coffee & Tea","원두커피믹스","프라이빗클럽","FC","52625820","맥널티 인스턴트 원두 병커피 에스프레소 블랙 50g 1개","9311931902167","발주가능","정상","0","49","359","3486","0","0","0","","NO","0.583"
"20260918","Food","Coffee & Tea","율무/견과차","맥널티","SFJEJ2","64842417","티브루 호박팥차 진액 10ml 30개입 1개","8804645007675","발주가능","정상","0","0","9","5259","0","0","0","","NO","0.713"
"20260918","Food","Coffee & Tea","율무/견과차","맥널티","FC","64842417","티브루 호박팥차 진액 10ml 30개입 1개","8804645007675","발주가능","정상","420","38","1161","5259","0","0","0","","NO","0.713"
"20260918","Food","Coffee & Tea","율무/견과차","맥널티커피","FC","39149735","맥널티 스테비아 제로슈가 호두 아몬드 율무차, 1개, 30개입, 450g","8804645006906","발주가능","정상","0","1","118","6815","0","0","0","","NO","0.713"
"20260918","Food","Coffee & Tea","차세트","맥널티커피","FC","78654824","[2026 추석세트] 맥널티 스테비아 전통차 선물세트, 1세트, 율무차(30개) + 쌍화차(30개)","8804645008092","발주가능","정상","45","0","343","19091","0","0","0","","NO","0.900"
"20260918","Food","Coffee & Tea","커피믹스","맥널티커피","RC","45571","맥널티_ 자메이카 블루마운틴 블렌드_226G","8804645100215","발주가능","정상","0","0","512","5000","0","0","0","","NO","0.721"
"20260918","Food","Coffee & Tea","커피믹스","맥널티커피","FC","45571","맥널티_ 자메이카 블루마운틴 블렌드_226G","8804645100215","발주가능","정상","0","64","1295","5000","0","0","0","","NO","0.721"
"20260918","Food","Coffee & Tea","커피믹스","맥널티커피","RC","25240400","맥널티 스테비아 커피믹스 100개입","8804645006067","발주가능","정상","0","0","2160","12941","0","0","0","","NO","0.721"
"20260918","Food","Coffee & Tea","커피믹스","맥널티커피","SFSPA3","25240400","맥널티 스테비아 커피믹스 100개입","8804645006067","발주가능","정상","0","0","6","12941","0","0","0","","NO","0.721"
"20260918","Food","Coffee & Tea","커피믹스","맥널티커피","FC","25240400","맥널티 스테비아 커피믹스 100개입","8804645006067","발주가능","정상","0","73","971","12941","0","0","0","","NO","0.721"
"20260918","Food","Coffee & Tea","커피믹스","맥널티커피","SFODD4","25240402","맥널티 스테비아 커피믹스 30개입","8804645006074","발주가능","정상","0","0","0","4827","0","0","0","","NO","0.721"
"20260918","Food","Coffee & Tea","커피믹스","맥널티커피","FC","25240402","맥널티 스테비아 커피믹스 30개입","8804645006074","발주가능","정상","0","30","233","4827","0","0","0","","NO","0.721"
"20260918","Food","Coffee & Tea","커피믹스","맥널티커피","FC","29461862","맥널티 아메리카노 아이스 블랙 100개입","8804645006081","발주가능","정상","0","54","176","5850","0","0","0","","NO","0.721"
"20260918","Food","Coffee & Tea","커피믹스","맥널티커피","FC","38933766","맥널티커피 스테비아 디카페인 커피믹스, 1개, 100개입 9.5g","8804645006890","발주가능","정상","0","57","591","18850","0","0","0","","NO","0.721"
"20260918","Food","Coffee & Tea","커피믹스","맥널티커피","RC","38933766","맥널티커피 스테비아 디카페인 커피믹스, 1개, 100개입 9.5g","8804645006890","발주가능","정상","0","0","360","18850","0","0","0","","NO","0.721"
"20260918","Food","Coffee & Tea","커피믹스","맥널티커피","FC","40806729","맥널티 스테비아 디카페인 커피믹스, 1개, 30개입, 285g","8804645006777","발주가능","정상","0","18","688","7027","0","0","0","","NO","0.721"
"20260918","Food","Coffee & Tea","커피믹스","맥널티커피","FC","46730880","산양유 단백질 프로틴 스테비아 커피믹스, 1개, 30개입, 300g","8804645007194","발주가능","정상","0","5","55","6243","0","0","0","","NO","0.721"
"20260918","Food","Coffee & Tea","커피믹스","맥널티커피","FC","47303765","산양유 단백질 프로틴 스테비아 커피믹스, 1개, 100개입, 1000g","8804645007187","발주가능","정상","64","13","99","19988","0","0","0","","NO","0.721"
"20260918","Food","Coffee & Tea","커피믹스","맥널티커피","FC","56214466","맥널티커피 아이브루 바닐라 라떼,12g x 100개입(스틱), 1200g , 1개","8804645007460","발주가능","정상","16","6","106","12543","0","0","0","","NO","0.721"
"20260918","Food","Coffee & Tea","커피믹스","맥널티커피","FC","56214467","맥널티커피 아이브루 카라멜 마끼아또, 12g x 100개입(스틱), 1200g , 1개","8804645007484","발주가능","정상","0","14","98","12543","0","0","0","","NO","0.721"
"20260918","Food","Coffee & Tea","커피믹스","맥널티커피","FC","63447822","스테비아 커피믹스 헤이즐넛향 9.5g 30개입 1개","8804645007637","발주가능","정상","24","39","103","4827","0","0","0","","NO","0.721"
"20260918","Food","Coffee & Tea","커피믹스","맥널티커피","FC","64859139","맥널티 스테비아 솔티드 카라멜 커피믹스 10g 1개 30개입","8804645007668","발주가능","정상","0","5","118","5670","0","0","0","","NO","0.721"
"20260918","Food","Coffee & Tea","커피믹스","맥널티커피","RC","69526598","맥널티 갓성비 제로슈가 커피믹스, 1개, 80개입, 9g","8804645007842","발주가능","정상","0","0","64","8805","0","0","0","","NO","0.721"
"20260918","Food","Coffee & Tea","커피믹스","맥널티커피","FC","69526598","맥널티 갓성비 제로슈가 커피믹스, 1개, 80개입, 9g","8804645007842","발주가능","정상","0","39","14","8805","0","0","0","","NO","0.721"
"20260918","Food","Coffee & Tea","커피믹스","맥널티커피","FC","69634259","맥널티커피 스테비아 커피믹스 헤이즐넛향, 9.5g, 100개입, 1개","8804645007811","발주가능","정상","8","7","28","14261","0","0","0","","NO","0.721"
"20260918","Food","Coffee & Tea","커피믹스","맥널티커피","FC","71115721","호랭이 커피믹스 고소한 오곡향, 1개, 160개입, 9.5g","8804645007880","발주가능","정상","0","13","69","14261","0","0","0","","NO","0.721"
"20260918","Food","Coffee & Tea","커피믹스","맥널티커피","FC","71115722","호랭이 커피믹스 고소한 오곡향, 1개, 20개입, 9.5g","8804645007897","발주가능","정상","0","4","113","2806","0","0","0","","NO","0.721"
"20260918","Food","Coffee & Tea","커피믹스","아이브루","FC","2341900","맥널티 iBrew 미니 헤이즐넛향 200개입(200g)","8804645000515","발주가능","정상","0","47","934","9917","0","0","0","","NO","0.721"
"20260918","Food","Coffee & Tea","커피믹스","아이브루","SFODD2","2341900","맥널티 iBrew 미니 헤이즐넛향 200개입(200g)","8804645000515","발주가능","정상","0","0","2","9917","0","0","0","","NO","0.721"
"20260918","Food","Coffee & Tea","커피믹스","아이브루","RC","2341900","맥널티 iBrew 미니 헤이즐넛향 200개입(200g)","8804645000515","발주가능","정상","0","0","1080","9917","0","0","0","","NO","0.721"
"20260918","Food","Coffee & Tea","커피믹스","아이브루","SFJEJ2","2341900","맥널티 iBrew 미니 헤이즐넛향 200개입(200g)","8804645000515","발주가능","정상","0","0","2","9917","0","0","0","","NO","0.721"
"20260918","Food","Coffee & Tea","커피믹스","아이브루","FC","3067423","아이브루 헤이즐넛향 70개입","8804645000706","발주가능","정상","0","10","246","4025","0","0","0","","NO","0.721"
"20260918","Food","Coffee & Tea","커피믹스","아이브루","FC","3067424","아이브루 케냐AA 블렌드 70개입","8804645000690","발주가능","정상","0","1","97","6205","0","0","0","","NO","0.721"
"20260918","Food","Coffee & Tea","커피믹스","아이브루","FC","3067425","아이브루 예가체프 블렌드 70개입","8804645000683","발주가능","정상","0","1","24","6205","0","0","0","","NO","0.721"
"20260918","Food","Coffee & Tea","커피믹스","프라이빗클럽","FC","3067426","인스턴트 병커피 아이리쉬크림 50g","9311931901160","발주가능","정상","0","0","0","2003","0","0","0","","YES","0.721"
"20260918","Food","Coffee & Tea","커피믹스","프라이빗클럽","FC","3067428","인스턴트 병커피 헤이즐넛향 50g","9311931105162","발주가능","정상","0","152","4495","2300","0","0","0","","NO","0.721"
"20260918","Food","Coffee & Tea","커피세트","맥널티커피","FC","26870612","[2026 추석세트] 맥널티 핸드드립 버라이어티세트 30개입","8804645006258","발주가능","정상","0","26","1390","9395","0","0","0","","NO","0.896"
"20260918","Food","Coffee & Tea","커피세트","맥널티커피","FC","54651094","인스턴트 원두 병커피 맥널티커피 선물세트 50g x 4개입(에스프레소 2병+헤이즐넛 2병), 1세트","8804645007408","발주가능","정상","0","0","0","15305","0","0","0","","YES","0.896"
"20260918","Food","Drinks","과일음료","맥널티커피","FC","24752132","청포도 에이드 190mL 10팩","8804645005893","발주가능","정상","0","37","518","3486","0","0","0","","NO","0.796"
"20260918","Food","Drinks","과일음료","맥널티커피","SFSPA3","24752132","청포도 에이드 190mL 10팩","8804645005893","발주가능","정상","0","1","1","3486","0","0","0","","NO","0.796"
"20260918","Food","Drinks","과일음료","맥널티커피","RC","24752132","청포도 에이드 190mL 10팩","8804645005893","발주가능","정상","0","0","273","3486","0","0","0","","NO","0.796"
"20260918","Food","Drinks","과일음료","맥널티커피","RC","24752250","블루레몬 에이드 190mL 10팩","8804645005909","발주가능","정상","0","0","237","3486","0","0","0","","NO","0.796"
"20260918","Food","Drinks","과일음료","맥널티커피","FC","24752250","블루레몬 에이드 190mL 10팩","8804645005909","발주가능","정상","0","10","417","3486","0","0","0","","NO","0.796"
"20260918","Food","Drinks","과일음료","맥널티커피","FC","45580036","맥널티 청매실 에이드 190ml*10개입","8804645007071","발주가능","정상","0","9","203","3486","0","0","0","","NO","0.796"
"20260918","Food","Drinks","농축액(음료베이스)","맥널티","FC","51983601","물 한방울 섞이지 않은 김토끼 유기농 레몬즙, 10개, 20g","8804645007361","발주가능","정상","0","0","51","4077","0","0","0","","NO","0.705"
"20260918","Food","Drinks","농축액(음료베이스)","맥널티","FC","58338694","티브루 보리차 원액 간편 액상스틱 진액, 30개, 10ml","8804645007590","발주가능","정상","0","66","1830","5259","0","0","0","","NO","0.705"
"20260918","Food","Drinks","농축액(음료베이스)","맥널티","FC","58338695","티브루 옥수수수염차 원액 간편 액상스틱 진액, 30개, 10ml","8804645007606","발주가능","정상","0","33","791","5259","0","0","0","","NO","0.705"
"20260918","Food","Drinks","농축액(음료베이스)","맥널티","FC","58338696","티브루 헛개수 원액 간편 액상스틱 진액, 30개, 10ml","8804645007613","발주가능","정상","0","25","593","5259","0","0","0","","NO","0.705"
"20260918","Food","Drinks","농축액(음료베이스)","맥널티","SFJEJ2","58338696","티브루 헛개수 원액 간편 액상스틱 진액, 30개, 10ml","8804645007613","발주가능","정상","0","1","1","5259","0","0","0","","NO","0.705"
"20260918","Food","Drinks","농축액(음료베이스)","맥널티커피","FC","62882483","티브루 보리차 진액, 1개, 400g","8804645007651","발주가능","정상","0","8","79","7623","0","0","0","","NO","0.705"
"20260918","Food","Drinks","농축액(음료베이스)","맥널티커피","FC","71636537","맥널티 티브루 호박팥차 무라벨, 20개, 500ml","8804645007934","발주가능","정상","0","67","0","8795","0","0","0","","YES","0.705"
"20260918","Food","Drinks","야채음료","맥널티커피","FC","48914233","맥널티 유자 에이드 190ml 10개","8804645007217","발주가능","정상","0","18","258","3486","0","0","0","","NO","0.604"
"20260918","Food","Drinks","차음료","맥널티커피","SFJEJ2","24752251","복숭아 아이스티 190mL 10팩","8804645005886","발주가능","정상","0","1","1","3486","0","0","0","","NO","0.693"
"20260918","Food","Drinks","차음료","맥널티커피","FC","24752251","복숭아 아이스티 190mL 10팩","8804645005886","발주가능","정상","0","14","220","3486","0","0","0","","NO","0.693"
"20260918","Food","Drinks","차음료","맥널티커피","RC","24752251","복숭아 아이스티 190mL 10팩","8804645005886","발주가능","정상","0","0","258","3486","0","0","0","","NO","0.693"
"20260918","Food","Drinks","차음료","맥널티커피","FC","24944267","맥널티 허니자몽 블랙티 대용량 파우치 1Lx6입","18804645005951","발주가능","정상","0","3","57","10252","0","0","0","","NO","0.693"
"20260918","Food","Drinks","차음료","맥널티커피","FC","24944268","맥널티 복숭아 아이스티 대용량 파우치 1Lx6입","18804645005944","발주가능","정상","75","2","66","10252","0","0","0","","NO","0.693"
"20260918","Food","Drinks","차음료","맥널티커피","FC","26889711","맥널티 제로칼로리 복숭아 아이스티 500ml 24입","18804645006101","발주가능","정상","90","10","274","12205","0","0","0","","NO","0.693"
"20260918","Food","Drinks","차음료","맥널티커피","FC","36669698","제로 아이스티 복숭아, 30개입, 13g","8804645006791","발주가능","정상","0","1","89","5850","0","0","0","","NO","0.693"
"20260918","Food","Drinks","차음료","맥널티커피","FC","36829225","맥널티 제로칼로리 청포도 아이스티 500mlx24입,","18804645006538","발주가능","정상","0","2","88","12205","0","0","0","","NO","0.693"
"20260918","Food","Drinks","차음료","맥널티커피","FC","36829226","제로 아이스티 청포도, 30개입, 13g 1개","8804645006807","발주가능","정상","0","0","70","5850","0","0","0","","NO","0.693"
"20260918","Food","Drinks","차음료","맥널티커피","FC","36863185","맥널티 대용량 제로칼로리 복숭아 아이스티 1.5L 12개","18804645006736","일시중단","단종예정","0","0","0","17427","0","0","0","","YES","0.693"
"20260918","Food","Drinks","차음료","맥널티커피","FC","38262417","복숭아 아이스티 제로, 6개, 1L","18804645006873","발주가능","정상","0","0","38","10577","0","0","0","","NO","0.693"
"20260918","Food","Drinks","차음료","맥널티커피","FC","40520042","맥널티커피 복숭아 아이스티 제로 RTD, 30개, 240ml","18804645006835","발주가능","정상","0","3","296","8795","0","0","0","","NO","0.693"
"20260918","Food","Drinks","차음료","맥널티커피","SFJEJ2","61673272","맥널티커피 복숭아 아이스티 제로, 1.5L, 1개","8804645006739","발주가능","정상","0","2","1","1364","0","0","0","","NO","0.693"
"20260918","Food","Drinks","차음료","맥널티커피","SFSPA3","61673272","맥널티커피 복숭아 아이스티 제로, 1.5L, 1개","8804645006739","발주가능","정상","0","0","1","1364","0","0","0","","NO","0.693"
"20260918","Food","Drinks","차음료","맥널티커피","FC","61673272","맥널티커피 복숭아 아이스티 제로, 1.5L, 1개","8804645006739","발주가능","정상","0","140","1672","1364","0","0","0","","NO","0.693"
"20260918","Food","Drinks","차음료","맥널티커피","RC","61673272","맥널티커피 복숭아 아이스티 제로, 1.5L, 1개","8804645006739","발주가능","정상","0","0","1872","1364","0","0","0","","NO","0.693"
"20260918","Food","Drinks","차음료","맥널티커피","SFSPA3","73944650","맥널티 복숭아 아이스티 대용량 파우치, 1개, 2.1L","8804645007965","발주가능","정상","0","0","0","2413","0","0","0","","NO","0.693"
"20260918","Food","Drinks","차음료","맥널티커피","FC","73944650","맥널티 복숭아 아이스티 대용량 파우치, 1개, 2.1L","8804645007965","발주가능","정상","0","123","2175","2413","0","0","0","","NO","0.693"
"20260918","Food","Drinks","차음료","맥널티커피","SFJEJ2","73944650","맥널티 복숭아 아이스티 대용량 파우치, 1개, 2.1L","8804645007965","발주가능","정상","0","0","7","2413","0","0","0","","NO","0.693"
"20260918","Food","Drinks","차음료","맥널티커피","FC","75850021","맥널티 허니자몽 블랙티, 1L, 1개","8804645005954","발주가능","정상","0","11","259","1714","0","0","0","","NO","0.693"
"20260918","Food","Drinks","커피음료","맥널티커피","FC","24695530","아이스 헤이즐넛향 커피 190mL 10팩","8804645005879","발주가능","정상","0","47","307","3486","0","0","0","","NO","0.688"
"20260918","Food","Drinks","커피음료","맥널티커피","RC","24695530","아이스 헤이즐넛향 커피 190mL 10팩","8804645005879","발주가능","정상","0","0","273","3486","0","0","0","","NO","0.688"
"20260918","Food","Drinks","커피음료","맥널티커피","RC","24695531","아이스 아메리카노 스위트 190mL 10팩","8804645005862","발주가능","정상","0","0","1365","3486","0","0","0","","NO","0.688"
"20260918","Food","Drinks","커피음료","맥널티커피","FC","24695531","아이스 아메리카노 스위트 190mL 10팩","8804645005862","발주가능","정상","0","53","170","3486","0","0","0","","NO","0.688"
"20260918","Food","Drinks","커피음료","맥널티커피","SFJEJ2","24695531","아이스 아메리카노 스위트 190mL 10팩","8804645005862","발주가능","정상","0","0","0","3486","0","0","0","","NO","0.688"
"20260918","Food","Drinks","커피음료","맥널티커피","FC","24695532","아이스 아메리카노 블랙 190mL 10팩","8804645005855","발주가능","정상","0","12","716","3486","0","0","0","","NO","0.688"
"20260918","Food","Drinks","커피음료","맥널티커피","SFODD2","24695532","아이스 아메리카노 블랙 190mL 10팩","8804645005855","발주가능","정상","0","0","2","3486","0","0","0","","NO","0.688"
"20260918","Food","Drinks","커피음료","맥널티커피","RC","24695532","아이스 아메리카노 블랙 190mL 10팩","8804645005855","발주가능","정상","0","0","273","3486","0","0","0","","NO","0.688"
"20260918","Food","Drinks","커피음료","맥널티커피","FC","25484251","맥널티커피 아메리카노 스위트 1Lx6입","18804645005920","발주가능","정상","0","6","104","10252","0","0","0","","NO","0.688"
"20260918","Food","Drinks","커피음료","맥널티커피","FC","25484255","맥널티 아이스 아메리카노 블랙커피 대용량 파우치 1Lx6입","18804645005913","발주가능","정상","0","2","45","10252","0","0","0","","NO","0.688"
"20260918","Food","Drinks","커피음료","맥널티커피","FC","25484257","맥널티 아이스 헤이즐넛향 커피 대용량 파우치 1Lx6입","18804645005937","발주가능","정상","0","5","81","10252","0","0","0","","NO","0.688"
"20260918","Food","Drinks","커피음료","맥널티커피","FC","48466205","맥널티 대용량 제로슈가 스테비아 믹스커피 음료, 12개, 1L","18804645007290","발주가능","정상","0","18","126","17067","0","0","0","","NO","0.688"
"20260918","Food","Drinks","커피음료","맥널티커피","RC","54922706","맥널티 대용량 제로슈가 스테비아 믹스커피 음료, 1L, 6개","8804645007323","발주가능","정상","0","0","320","8805","0","0","0","","NO","0.688"
"20260918","Food","Drinks","커피음료","맥널티커피","FC","54922706","맥널티 대용량 제로슈가 스테비아 믹스커피 음료, 1L, 6개","8804645007323","발주가능","정상","0","89","988","8805","0","0","0","","NO","0.688"
"20260918","Food","Drinks","커피음료","맥널티커피","RC","68778940","맥널티 아이브루 아메리카노 블랙커피 12개 1L","18804645007306","발주가능","정상","0","0","720","12205","0","0","0","","NO","0.688"
"20260918","Food","Drinks","커피음료","맥널티커피","FC","68778940","맥널티 아이브루 아메리카노 블랙커피 12개 1L","18804645007306","발주가능","정상","0","270","2482","12205","0","0","0","","NO","0.688"
"20260918","Food","Drinks","커피음료","맥널티커피","RC","68778941","맥널티 아이브루 헤이즐넛향 블랙커피 12개 1L","18804645007504","발주가능","정상","0","0","160","12205","0","0","0","","NO","0.688"
"20260918","Food","Drinks","커피음료","맥널티커피","FC","68778941","맥널티 아이브루 헤이즐넛향 블랙커피 12개 1L","18804645007504","발주가능","정상","0","70","404","12205","0","0","0","","NO","0.688"
"20260918","Food","Drinks","커피음료","맥널티커피","RC","68778942","아이브루 아메리카노 블랙커피 무라벨 400ML 20개","8804645007491","발주가능","정상","0","0","364","12205","0","0","0","","NO","0.688"
"20260918","Food","Drinks","커피음료","맥널티커피","FC","68778942","아이브루 아메리카노 블랙커피 무라벨 400ML 20개","8804645007491","발주가능","정상","0","201","1912","12205","0","0","0","","NO","0.688"
"20260918","Food","Drinks","커피음료","맥널티커피","SFSPA3","73951791","맥널티 아이스 아메리카노 블랙 커피 대용량 파우치, 1개, 2.1L","8804645007958","발주가능","정상","0","8","60","2413","0","0","0","","NO","0.688"
"20260918","Food","Drinks","커피음료","맥널티커피","FC","73951791","맥널티 아이스 아메리카노 블랙 커피 대용량 파우치, 1개, 2.1L","8804645007958","발주가능","정상","80","385","3559","2413","0","0","0","","NO","0.688"
"20260918","Food","Drinks","커피음료","맥널티커피","","73951791","맥널티 아이스 아메리카노 블랙 커피 대용량 파우치, 1개, 2.1L","8804645007958","발주가능","정상","0","0","2","2413","0","0","0","","NO","0.688"
"20260918","Food","Drinks","커피음료","맥널티커피","RC","73951791","맥널티 아이스 아메리카노 블랙 커피 대용량 파우치, 1개, 2.1L","8804645007958","발주가능","정상","0","0","11264","2413","0","0","0","","NO","0.688"
"20260918","Food","Drinks","커피음료","맥널티커피","SFJEJ2","75683093","맥널티 아이스 아메리카노 블랙 1리터, 1L, 1개","8804645005916","발주가능","정상","0","0","1","1714","0","0","0","","NO","0.688"
"20260918","Food","Drinks","커피음료","맥널티커피","SFSPA3","75683093","맥널티 아이스 아메리카노 블랙 1리터, 1L, 1개","8804645005916","발주가능","정상","0","0","1","1714","0","0","0","","NO","0.688"
"20260918","Food","Drinks","커피음료","맥널티커피","FC","75683093","맥널티 아이스 아메리카노 블랙 1리터, 1L, 1개","8804645005916","발주가능","정상","0","28","1144","1714","0","0","0","","NO","0.688"
"20260918","Food","Drinks","커피음료","맥널티커피","FC","75694561","맥널티커피 아이스 아메리카노 헤이즐넛, 1개, 1L","8804645005930","발주가능","정상","0","33","1690","1714","0","0","0","","NO","0.688"
"20260918","Food","Drinks","커피음료","맥널티커피","FC","75765043","맥널티 아이스아메리카노 스위트, 1개, 1L","8804645005923","발주가능","정상","0","59","1698","1714","0","0","0","","NO","0.688"
"20260918","Food","Drinks","커피음료","맥널티커피","FC","76540319","맥널티 호랭이 마일드 라떼 캔커피, 30개, 175ml","18804645008013","발주가능","정상","0","121","621","8523","0","0","0","","NO","0.688"
"20260918","Food","Drinks","커피음료","맥널티커피","RC","77572705","맥널티 아이스 아메리카노 헤이즐넛, 1개, 2.1L","8804645008030","발주가능","정상","0","0","1560","2413","0","0","0","","NO","0.688"
"20260918","Food","Drinks","커피음료","맥널티커피","FC","77572705","맥널티 아이스 아메리카노 헤이즐넛, 1개, 2.1L","8804645008030","발주가능","정상","0","246","1078","2413","0","0","0","","NO","0.688"
"20260918","Food","Drinks","커피음료","아이브루","FC","70253954","아이브루 디카페인 아메리카노 블랙커피 무라벨, 20개, 400ml","8804645007903","발주가능","정상","0","105","140","13500","0","0","0","","NO","0.688"
"20260918","Food","Drinks","커피음료","아이브루","RC","70253954","아이브루 디카페인 아메리카노 블랙커피 무라벨, 20개, 400ml","8804645007903","발주가능","정상","0","0","273","13500","0","0","0","","NO","0.688"
"20260918","Kitchen","Tools & Gadgets","드립주전자/포트","맥널티커피","FC","15333511","맥널티 드립 주전자 350ml","8804645004490","발주가능","정상","0","8","45","5044","1","1","0","","NO","0.784"
"20260918","Kitchen","Tools & Gadgets","커피필터/여과지","맥널티","FC","12491225","맥널티 핸드드립 커피필터 30개입","8804645300950","발주가능","정상","0","48","1166","2642","0","0","0","","NO","0.537"
"20260918","Kitchen","Tools & Gadgets","커피필터/여과지","맥널티","SFJEJ2","12491225","맥널티 핸드드립 커피필터 30개입","8804645300950","발주가능","정상","0","0","2","2642","0","0","0","","NO","0.537"
"20260917","CE","Kitchen Appliance","커피머신","맥널티커피","FC","31602405","맥널티 2in1 핫앤콜드 진공추출 커피메이커 MCM-065B MCM-065B","8804645006296","발주가능","정상","5","1","15","30859","1","1","0","","NO","0.788"
"20260917","Food","Coffee & Tea","기타전통차","맥널티커피","FC","39149736","맥널티 스테비아 침향 쌍화차, 1개, 30개입, 450g","8804645006913","발주가능","정상","0","1","95","8536","0","0","0","","NO","0.726"
"20260917","Food","Coffee & Tea","기타전통차","맥널티커피","FC","41175263","맥널티커피 스테비아 꿀 유자차, 1개, 30개입, 450g","8804645006951","발주가능","정상","0","3","74","7388","0","0","0","","NO","0.726"
"20260917","Food","Coffee & Tea","둥글레/옥수수/보리/결명자차","맥널티커피","FC","76230458","맥널티 진 보리차 1개 1kg","8804645007996","발주가능","정상","20","2","42","15209","1","1","0","","NO","0.606"
"20260917","Food","Coffee & Tea","드립백/티백","맥널티","FC","3067432","산지별 콜롬비아 슈프리모 핸드드립커피 7개입","8804645000324","발주가능","정상","0","16","244","3043","0","0","0","","NO","0.725"
"20260917","Food","Coffee & Tea","드립백/티백","맥널티","FC","10003518","케냐 AA 핸드드립 블렌드 24개입","8804645000720","발주가능","정상","60","12","111","6068","1","1","0","","NO","0.725"
"20260917","Food","Coffee & Tea","드립백/티백","맥널티커피","FC","3067429","산지별 브라질 세라도 NY2 핸드드립커피 7개입","8804645000300","발주가능","정상","0","13","39","2887","0","0","0","","NO","0.725"
"20260917","Food","Coffee & Tea","드립백/티백","맥널티커피","FC","3067430","산지별 케냐 AA 핸드드립커피 7개입","8804645000355","발주가능","정상","16","7","52","3062","0.6667","0.6667","0","","NO","0.725"
"20260917","Food","Coffee & Tea","드립백/티백","맥널티커피","FC","3067433","산지별 에티오피아 코케 허니 핸드드립커피 7개입","8804645000348","발주가능","정상","0","3","62","2910","0","0","0","","NO","0.725"
"20260917","Food","Coffee & Tea","드립백/티백","맥널티커피","FC","3067434","산지별 에티오피아 예가체프 핸드드립커피 7개입","8804645000331","발주가능","정상","0","10","60","3184","0","0","0","","NO","0.725"
"20260917","Food","Coffee & Tea","드립백/티백","맥널티커피","FC","10003517","콜롬비아 핸드드립 블렌드 24개입","8804645000713","발주가능","정상","0","0","1","5977","0","0","0","","YES","0.725"
"20260917","Food","Coffee & Tea","드립백/티백","맥널티커피","FC","23400108","맥널티 디카페인100% 핸드드립 원두커피 24개입","8804645005732","발주가능","정상","0","12","64","9395","0","0","0","","NO","0.725"
"20260917","Food","Coffee & Tea","드립백/티백","맥널티커피","FC","37713094","맥널티 핸드드립커피 케냐AA(더블에이) 36개입, 8g, 1개","8804645006616","발주가능","정상","0","3","10","11759","0","0","0","","NO","0.725"
"20260917","Food","Coffee & Tea","드립백/티백","맥널티커피","FC","37713095","맥널티 핸드드립커피 에티오피아 예가체프 36개입, 8g, 1개","8804645006623","발주가능","정상","0","2","28","10577","0","0","0","","NO","0.725"
"20260917","Food","Coffee & Tea","드립백/티백","맥널티커피","FC","41391235","맥널티 행복을주는커피 시그니처 블렌드 핸드드립 커피 20개입, 1개, 8g","8804645003653","발주가능","정상","0","7","41","6795","0","0","0","","NO","0.725"
"20260917","Food","Coffee & Tea","드립백/티백","맥널티커피","FC","62821923","맥널티 핸드드립 커피 에티오피아 예가체프 8g 24개입 1개","8804645006920","발주가능","정상","0","3","29","9679","0","0","0","","NO","0.725"
"20260917","Food","Coffee & Tea","드립백/티백","맥널티커피","FC","68147033","베니스브루 스페셜티 핸드드립 가향 커피 오렌지 벨벳, 1개, 7개입, 12g","8804645007712","발주가능","정상","0","0","26","5143","0","0","0","","NO","0.725"
"20260917","Food","Coffee & Tea","드립백/티백","맥널티커피","FC","68147034","베니스브루 스페셜티 핸드드립 가향 커피 쇼콜라 모카, 1개, 7개입, 12g","8804645007729","발주가능","정상","0","3","29","5143","0","0","0","","NO","0.725"
"20260917","Food","Coffee & Tea","드립백/티백","맥널티커피","FC","68777449","베니스브루 베리 블로썸 드립백 커피 12g 1개 7개입","8804645007705","발주가능","정상","0","1","35","5143","0","0","0","","NO","0.725"
"20260917","Food","Coffee & Tea","라떼분말","맥널티커피","FC","34834818","맥널티 스테비아 제로슈가 핫초코 라떼 30개입 15g","8804645006340","발주가능","정상","90","24","558","7500","1","1","0","","NO","0.586"
"20260917","Food","Coffee & Tea","라떼분말","맥널티커피","FC","51063548","스테비아 단백질 옥수수 크림 라떼, 1개, 20개입, 18g","8804645007330","발주가능","정상","12","0","24","5850","1","1","0","","NO","0.586"
"20260917","Food","Coffee & Tea","라떼분말","맥널티커피","FC","51164938","스테비아 단백질 고구마 크림 라떼, 1개, 20개입, 18g","8804645007347","발주가능","정상","0","0","21","5850","0","0","0","","NO","0.586"
"20260917","Food","Coffee & Tea","원두","N_A","FC","76443755","맥널티 브라질 세라도 NY.2 원두 1kg, 1개","8804645006425","발주가능","정상","0","1","246","17609","0","0","0","","NO","0.896"
"20260917","Food","Coffee & Tea","원두","맥널티커피","RC","45570","맥널티_헤이즐넛원두분쇄커피_226G","8804645100208","발주가능","정상","2048","0","2176","5000","1","1","0","","NO","0.896"
"20260917","Food","Coffee & Tea","원두","맥널티커피","FC","45570","맥널티_헤이즐넛원두분쇄커피_226G","8804645100208","발주가능","정상","1024","83","1627","5000","1","1","0","","NO","0.896"
"20260917","Food","Coffee & Tea","원두","맥널티커피","SFSPA3","45570","맥널티_헤이즐넛원두분쇄커피_226G","8804645100208","발주가능","정상","0","2","0","5000","1","1","0","","NO","0.896"
"20260917","Food","Coffee & Tea","원두","맥널티커피","RC","45572","맥널티_헤이즐넛원두분쇄커피_500G","8804645100468","발주가능","정상","640","0","640","7960","1","1","0","","NO","0.896"
"20260917","Food","Coffee & Tea","원두","맥널티커피","SFSPA3","45572","맥널티_헤이즐넛원두분쇄커피_500G","8804645100468","발주가능","정상","0","4","9","7960","1","1","0","","NO","0.896"
"20260917","Food","Coffee & Tea","원두","맥널티커피","FC","45572","맥널티_헤이즐넛원두분쇄커피_500G","8804645100468","발주가능","정상","0","54","625","7960","1","1","0","","NO","0.896"
"20260917","Food","Coffee & Tea","원두","맥널티커피","SFJEJ2","45572","맥널티_헤이즐넛원두분쇄커피_500G","8804645100468","발주가능","정상","0","1","5","7960","1","1","0","","NO","0.896"
"20260917","Food","Coffee & Tea","원두","맥널티커피","RC","45573","맥널티_블루마운틴스타일원두분쇄커피_500G","8804645100451","발주가능","정상","0","0","640","11091","0","0","0","","NO","0.896"
"20260917","Food","Coffee & Tea","원두","맥널티커피","FC","45573","맥널티_블루마운틴스타일원두분쇄커피_500G","8804645100451","발주가능","정상","0","13","134","11091","0","0","0","","NO","0.896"
"20260917","Food","Coffee & Tea","원두","맥널티커피","FC","5344648","맥널티 원두 에스프레소 블랙 1개, 1kg","8804645001239","발주불가","단종","0","0","1","9156","0","0","0","","YES","0.896"
"20260917","Food","Coffee & Tea","원두","맥널티커피","FC","10147177","맥널티 홀빈 블루마운틴 1000g","8804645006302","발주가능","정상","0","22","208","15715","0","0","0","","NO","0.896"
"20260917","Food","Coffee & Tea","원두","맥널티커피","FC","10147180","맥널티 행복을 주는 커피 헤이즐넛향 1kg 홀빈","8804645100185","발주가능","정상","96","12","227","15244","1","1","0","","NO","0.896"
"20260917","Food","Coffee & Tea","원두","맥널티커피","SFJEJ2","10812901","맥널티 베트남 로부스타 원두커피 1kg","8804645003066","발주가능","정상","0","1","1","11700","0","0","0","","NO","0.896"
"20260917","Food","Coffee & Tea","원두","맥널티커피","RC","10812901","맥널티 베트남 로부스타 원두커피 1kg","8804645003066","발주가능","정상","0","0","180","11700","0","0","0","","NO","0.896"
"20260917","Food","Coffee & Tea","원두","맥널티커피","FC","10812901","맥널티 베트남 로부스타 원두커피 1kg","8804645003066","발주가능","정상","0","19","331","11700","0","0","0","","NO","0.896"
"20260917","Food","Coffee & Tea","원두","맥널티커피","FC","11849981","행복을 주는 커피 블루마운틴 블렌드 분쇄 원두 커피 1kg","8804645003486","발주가능","정상","72","12","105","16364","1","1","0","","NO","0.896"
"20260917","Food","Coffee & Tea","원두","맥널티커피","RC","12521866","맥널티 행복을 주는 커피 시그니처 헤이즐넛향 원두 커피 1Kg","8804645003493","발주가능","정상","0","0","216","16364","0","0","0","","YES","0.896"
"20260917","Food","Coffee & Tea","원두","맥널티커피","FC","12521866","맥널티 행복을 주는 커피 시그니처 헤이즐넛향 원두 커피 1Kg","8804645003493","발주가능","정상","0","23","197","16364","0","0","0","","YES","0.896"
"20260917","Food","Coffee & Tea","원두","맥널티커피","FC","13277718","맥널티 행복을 주는 커피 브라질 산토스 1kg","8804645003936","발주가능","정상","0","18","52","14091","0","0","0","","NO","0.896"
"20260917","Food","Coffee & Tea","원두","맥널티커피","FC","13277719","맥널티 행복을 주는 커피 콜롬비아 블렌드 1kg","8804645003929","발주가능","정상","0","31","454","15599","0","0","0","","NO","0.896"
"20260917","Food","Coffee & Tea","원두","맥널티커피","FC","37733154","맥널티 원두 홀빈(분쇄안함) 마일드 미디움 블렌드 200g, 1개","8804645005374","발주가능","정상","0","0","19","5791","0","0","0","","NO","0.896"
"20260917","Food","Coffee & Tea","원두","맥널티커피","FC","38710869","맥널티 홀빈 커피원두, 마일드 미디움 블렌드 1kg, 1개","8804645005329","발주가능","정상","0","2","12","16364","0","0","0","","NO","0.896"
"20260917","Food","Coffee & Tea","원두","맥널티커피","FC","38710870","맥널티 홀빈 커피원두, 콜롬비아 안데스 오리진 1kg, 1개","8804645005343","발주가능","정상","0","1","62","16364","0","0","0","","NO","0.896"
"20260917","Food","Coffee & Tea","원두","맥널티커피","FC","38710872","맥널티 홀빈 커피원두, 시그니처 블렌드 1kg, 1개","8804645005312","발주가능","정상","0","6","82","16364","0","0","0","","NO","0.896"
"20260917","Food","Coffee & Tea","원두","맥널티커피","FC","38813491","맥널티 홀빈 원두 1KG, 브라질 산토스 내추럴, 1개","8804645005350","발주가능","정상","0","7","80","11364","0","0","0","","NO","0.896"
"20260917","Food","Coffee & Tea","원두","맥널티커피","FC","38919334","맥널티 에티오피아 예가체프 홀빈 원두, 1kg, 1개","8804645006852","발주가능","정상","42","3","55","16364","1","1","0","","NO","0.896"
"20260917","Food","Coffee & Tea","원두","맥널티커피","FC","39616644","맥널티 예맨 모카 블렌드 커피 원두, 홀빈(분쇄안함), 500g, 1개","8804645006692","발주가능","정상","0","0","14","11400","0","0","0","","NO","0.896"
"20260917","Food","Coffee & Tea","원두","맥널티커피","FC","39616645","맥널티 시그니처 디카페인 커피 원두, 홀빈(분쇄안함), 500g, 1개","8804645006937","발주가능","정상","0","3","72","12545","0","0","0","","NO","0.896"
"20260917","Food","Coffee & Tea","원두","맥널티커피","FC","39616646","맥널티 게이샤 블렌드 커피 원두, 홀빈(분쇄안함), 500g, 1개","8804645006708","발주가능","정상","8","3","21","11400","1","1","0","","NO","0.896"
"20260917","Food","Coffee & Tea","원두","맥널티커피","FC","39616647","맥널티 하와이안 코나 블렌드 커피 원두, 홀빈(분쇄안함), 500g, 1개","8804645006685","발주가능","정상","0","1","24","11400","1","1","0","","NO","0.896"
"20260917","Food","Coffee & Tea","원두","맥널티커피","FC","48074657","맥널티 브라질 세라도 분쇄 원두 커피, 1개, 500g","8804645007262","발주가능","정상","0","11","71","9395","0","0","0","","NO","0.896"
"20260917","Food","Coffee & Tea","원두","맥널티커피","FC","48074658","맥널티 콜롬비아 안데스 분쇄 원두 커피, 1개, 500g","8804645007255","발주가능","정상","48","4","71","9986","1","1","0","","NO","0.896"
"20260917","Food","Coffee & Tea","원두","맥널티커피","FC","48074659","맥널티 에티오피아 예가체프 분쇄 원두 커피, 1개, 500g","8804645007231","발주가능","정상","0","9","9","9986","0","0","0","","NO","0.896"
"20260917","Food","Coffee & Tea","원두","맥널티커피","FC","58681130","콜롬비아 안데스 오리진 분쇄 커피 원두 1개 226g 핸드드립","8804645007552","발주가능","정상","8","4","8","7159","0.75","0.75","0","","YES","0.896"
"20260917","Food","Coffee & Tea","원두","맥널티커피","FC","58681131","브라질 산토스 오리진 분쇄 커피 원두, 226g, 1개, 핸드드립","8804645007545","발주가능","정상","0","3","13","7159","0","0","0","","NO","0.896"
"20260917","Food","Coffee & Tea","원두","맥널티커피","FC","58765769","게이샤 블렌드 분쇄 커피 원두, 1개, 226g, 핸드드립","8804645007514","발주가능","정상","8","2","9","7732","0.5","0.5","0","","YES","0.896"
"20260917","Food","Coffee & Tea","원두","맥널티커피","FC","58765770","디카페인 헤이즐넛향 분쇄 커피 원두, 1개, 226g, 핸드드립","8804645007538","발주가능","정상","24","16","97","8018","1","1","0","","NO","0.896"
"20260917","Food","Coffee & Tea","원두","맥널티커피","FC","58850533","하와이안 코나 블렌드 분쇄 커피 원두, 1개, 226g, 핸드드립","8804645007521","발주가능","정상","24","2","24","7732","0.75","0.75","0","","NO","0.896"
"20260917","Food","Coffee & Tea","원두","맥널티커피","FC","71777603","투비 다크 블랙 블렌드 홀빈 원두 커피, 1kg, 홀빈(분쇄안함), 1개","8804645007989","발주가능","정상","0","3","57","13115","0","0","0","","NO","0.896"
"20260917","Food","Coffee & Tea","원두","맥널티커피","FC","76697770","투비커피 너티초코 아메리카노 블렌드 홀빈 원두 커피, 1kg, 홀빈(분쇄안함), 1개","8804645008047","발주가능","정상","0","0","38","17125","0","0","0","","NO","0.896"
"20260917","Food","Coffee & Tea","원두커피믹스","맥널티","FC","10003529","아이브루 클래식 100T","8804645002465","발주불가","규격 외","0","0","1","6068","0","0","0","","NO","0.585"
"20260917","Food","Coffee & Tea","원두커피믹스","맥널티","FC","11019882","맥널티 아이브루 다크 블렌드 200T","8804645003219","발주가능","정상","30","15","33","13096","1","1","0","","NO","0.585"
"20260917","Food","Coffee & Tea","원두커피믹스","맥널티커피","FC","11019883","맥널티 아이브루 모카 블랙 200T","8804645003226","발주가능","정상","0","15","41","11687","1","1","0","","NO","0.585"
"20260917","Food","Coffee & Tea","원두커피믹스","맥널티커피","FC","13777565","맥널티 아이브루 모카블랙 70T","8804645003912","발주가능","정상","16","0","40","6519","1","1","0","","NO","0.585"
"20260917","Food","Coffee & Tea","원두커피믹스","맥널티커피","FC","15720531","콜롬비아 블랙 100개입","8804645002861","발주가능","정상","0","69","706","6345","0","0","0","","NO","0.585"
"20260917","Food","Coffee & Tea","원두커피믹스","맥널티커피","SFJEJ2","15720531","콜롬비아 블랙 100개입","8804645002861","발주가능","정상","0","2","0","6345","0","0","0","","NO","0.585"
"20260917","Food","Coffee & Tea","원두커피믹스","맥널티커피","FC","26477367","맥널티 리얼 에스프레소샷 블랙 액상스틱커피 15mlx30개입","8804645006029","발주가능","정상","160","21","447","7388","1","1","0","","NO","0.585"
"20260917","Food","Coffee & Tea","원두커피믹스","맥널티커피","FC","62672352","맥널티 아이브루 플러스 스위트 블랙 원두커피믹스 80개입 2.8g","8804645007620","발주가능","정상","20","1","29","7961","1","1","0","","NO","0.585"
"20260917","Food","Coffee & Tea","원두커피믹스","맥널티커피","FC","67975031","호랭이 커피 오곡향 블랙, 1개, 20개입, 1g","8804645007781","발주가능","정상","40","26","267","2806","1","1","0","","NO","0.585"
"20260917","Food","Coffee & Tea","원두커피믹스","맥널티커피","FC","71629331","맥널티 갓성비 아메리카노 블랙커피, 1개, 100개입, 2g","8804645007873","발주가능","정상","0","101","661","8534","0","0","0","","NO","0.585"
"20260917","Food","Coffee & Tea","원두커피믹스","아이브루","FC","36903434","맥널티 아이브루 플러스 헤이즐넛 블랙커피 100개입","8804645006395","발주가능","정상","0","79","115","7623","0","0","0","","NO","0.585"
"20260917","Food","Coffee & Tea","원두커피믹스","아이브루","RC","36903434","맥널티 아이브루 플러스 헤이즐넛 블랙커피 100개입","8804645006395","발주가능","정상","0","0","505","7623","0","0","0","","NO","0.585"
"20260917","Food","Coffee & Tea","원두커피믹스","아이브루","FC","36903435","맥널티 아이브루 플러스 오리지널 블랙커피 100개입","8804645006388","발주불가","규격 외","0","0","384","7623","0","0","0","","NO","0.585"
"20260917","Food","Coffee & Tea","원두커피믹스","아이브루","FC","46534985","아이브루 플러스 디카페인 아메리카노 블랙커피, 1개, 80개입, 80g","8804645007118","발주가능","정상","0","29","211","7964","0","0","0","","NO","0.585"
"20260917","Food","Coffee & Tea","원두커피믹스","아이브루","FC","56760693","아이브루 플러스 디카페인 블랙커피 헤이즐넛향 (1g x 80개입), 1개","8804645007453","발주가능","정상","0","61","690","7961","1","1","0","","NO","0.585"
"20260917","Food","Coffee & Tea","원두커피믹스","아이브루","SFJEJ2","56760693","아이브루 플러스 디카페인 블랙커피 헤이즐넛향 (1g x 80개입), 1개","8804645007453","발주가능","정상","0","0","1","7961","1","1","0","","NO","0.585"
"20260917","Food","Coffee & Tea","원두커피믹스","프라이빗클럽","FC","10837643","맥널티 병커피 헤이즐넛향 50gx10개","19311931309161","발주가능","정상","0","4","32","23000","0","0","0","","NO","0.585"
"20260917","Food","Coffee & Tea","원두커피믹스","프라이빗클럽","FC","12091997","Box_입소문난 아이리쉬 50G 10병","19311931311164","발주가능","정상","0","0","19","18625","0","0","0","","NO","0.585"
"20260917","Food","Coffee & Tea","원두커피믹스","프라이빗클럽","FC","52625820","맥널티 인스턴트 원두 병커피 에스프레소 블랙 50g 1개","9311931902167","발주가능","정상","80","21","408","3486","1","1","0","","NO","0.585"
"20260917","Food","Coffee & Tea","율무/견과차","맥널티","SFJEJ2","64842417","티브루 호박팥차 진액 10ml 30개입 1개","8804645007675","발주가능","정상","0","0","9","5259","0","0","0","","NO","0.713"
"20260917","Food","Coffee & Tea","율무/견과차","맥널티","FC","64842417","티브루 호박팥차 진액 10ml 30개입 1개","8804645007675","발주가능","정상","0","35","779","5259","0","0","0","","NO","0.713"
"20260917","Food","Coffee & Tea","율무/견과차","맥널티커피","FC","39149735","맥널티 스테비아 제로슈가 호두 아몬드 율무차, 1개, 30개입, 450g","8804645006906","발주가능","정상","0","5","119","6815","0","0","0","","NO","0.713"
"20260917","Food","Coffee & Tea","차세트","맥널티커피","FC","78654824","[2026 추석세트] 맥널티 스테비아 전통차 선물세트, 1세트, 율무차(30개) + 쌍화차(30개)","8804645008092","발주가능","정상","0","2","298","19091","0","0","0","","NO","0.900"
"20260917","Food","Coffee & Tea","커피믹스","맥널티커피","FC","45571","맥널티_ 자메이카 블루마운틴 블렌드_226G","8804645100215","발주가능","정상","1024","47","1359","5000","1","1","0","","NO","0.718"
"20260917","Food","Coffee & Tea","커피믹스","맥널티커피","RC","45571","맥널티_ 자메이카 블루마운틴 블렌드_226G","8804645100215","발주가능","정상","0","0","512","5000","1","1","0","","NO","0.718"
"20260917","Food","Coffee & Tea","커피믹스","맥널티커피","FC","25240400","맥널티 스테비아 커피믹스 100개입","8804645006067","발주가능","정상","360","88","688","12941","1","1","0","","NO","0.718"
"20260917","Food","Coffee & Tea","커피믹스","맥널티커피","RC","25240400","맥널티 스테비아 커피믹스 100개입","8804645006067","발주가능","정상","360","0","2520","12941","1","1","0","","NO","0.718"
"20260917","Food","Coffee & Tea","커피믹스","맥널티커피","SFSPA3","25240400","맥널티 스테비아 커피믹스 100개입","8804645006067","발주가능","정상","0","0","6","12941","1","1","0","","NO","0.718"
"20260917","Food","Coffee & Tea","커피믹스","맥널티커피","SFODD4","25240402","맥널티 스테비아 커피믹스 30개입","8804645006074","발주가능","정상","0","0","0","4827","0","0","0","","NO","0.718"
"20260917","Food","Coffee & Tea","커피믹스","맥널티커피","FC","25240402","맥널티 스테비아 커피믹스 30개입","8804645006074","발주가능","정상","0","22","263","4827","0","0","0","","NO","0.718"
"20260917","Food","Coffee & Tea","커피믹스","맥널티커피","FC","29461862","맥널티 아메리카노 아이스 블랙 100개입","8804645006081","발주가능","정상","36","59","231","5850","0","0","0","","NO","0.718"
"20260917","Food","Coffee & Tea","커피믹스","맥널티커피","FC","38933766","맥널티커피 스테비아 디카페인 커피믹스, 1개, 100개입 9.5g","8804645006890","발주가능","정상","288","57","648","18850","1","1","0","","NO","0.718"
"20260917","Food","Coffee & Tea","커피믹스","맥널티커피","RC","38933766","맥널티커피 스테비아 디카페인 커피믹스, 1개, 100개입 9.5g","8804645006890","발주가능","정상","0","0","360","18850","1","1","0","","NO","0.718"
"20260917","Food","Coffee & Tea","커피믹스","맥널티커피","FC","40806729","맥널티 스테비아 디카페인 커피믹스, 1개, 30개입, 285g","8804645006777","발주가능","정상","432","16","706","7027","1","1","0","","NO","0.718"
"20260917","Food","Coffee & Tea","커피믹스","맥널티커피","FC","46730880","산양유 단백질 프로틴 스테비아 커피믹스, 1개, 30개입, 300g","8804645007194","발주가능","정상","0","4","60","6243","0","0","0","","NO","0.718"
"20260917","Food","Coffee & Tea","커피믹스","맥널티커피","FC","47303765","산양유 단백질 프로틴 스테비아 커피믹스, 1개, 100개입, 1000g","8804645007187","발주가능","정상","0","16","48","19988","0","0","0","","NO","0.718"
"20260917","Food","Coffee & Tea","커피믹스","맥널티커피","FC","56214466","맥널티커피 아이브루 바닐라 라떼,12g x 100개입(스틱), 1200g , 1개","8804645007460","발주가능","정상","0","10","98","12543","1","1","0","","NO","0.718"
"20260917","Food","Coffee & Tea","커피믹스","맥널티커피","FC","56214467","맥널티커피 아이브루 카라멜 마끼아또, 12g x 100개입(스틱), 1200g , 1개","8804645007484","발주가능","정상","24","7","112","12543","1","1","0","","NO","0.718"
"20260917","Food","Coffee & Tea","커피믹스","맥널티커피","FC","63447822","스테비아 커피믹스 헤이즐넛향 9.5g 30개입 1개","8804645007637","발주가능","정상","0","16","118","4827","1","1","0","","NO","0.718"
"20260917","Food","Coffee & Tea","커피믹스","맥널티커피","FC","64859139","맥널티 스테비아 솔티드 카라멜 커피믹스 10g 1개 30개입","8804645007668","발주가능","정상","24","2","123","5670","1","1","0","","NO","0.718"
"20260917","Food","Coffee & Tea","커피믹스","맥널티커피","FC","69526598","맥널티 갓성비 제로슈가 커피믹스, 1개, 80개입, 9g","8804645007842","발주가능","정상","0","50","53","8805","0","0","0","","NO","0.718"
"20260917","Food","Coffee & Tea","커피믹스","맥널티커피","RC","69526598","맥널티 갓성비 제로슈가 커피믹스, 1개, 80개입, 9g","8804645007842","발주가능","정상","0","0","64","8805","0","0","0","","NO","0.718"
"20260917","Food","Coffee & Tea","커피믹스","맥널티커피","FC","69634259","맥널티커피 스테비아 커피믹스 헤이즐넛향, 9.5g, 100개입, 1개","8804645007811","발주가능","정상","0","5","27","14261","0","0","0","","NO","0.718"
"20260917","Food","Coffee & Tea","커피믹스","맥널티커피","FC","71115721","호랭이 커피믹스 고소한 오곡향, 1개, 160개입, 9.5g","8804645007880","발주가능","정상","24","6","83","14261","1","1","0","","NO","0.718"
"20260917","Food","Coffee & Tea","커피믹스","맥널티커피","FC","71115722","호랭이 커피믹스 고소한 오곡향, 1개, 20개입, 9.5g","8804645007897","발주가능","정상","0","7","118","2806","0","0","0","","NO","0.718"
"20260917","Food","Coffee & Tea","커피믹스","아이브루","RC","2341900","맥널티 iBrew 미니 헤이즐넛향 200개입(200g)","8804645000515","발주가능","정상","0","0","1080","9917","0","0","0","","NO","0.718"
"20260917","Food","Coffee & Tea","커피믹스","아이브루","FC","2341900","맥널티 iBrew 미니 헤이즐넛향 200개입(200g)","8804645000515","발주가능","정상","0","49","978","9917","0","0","0","","NO","0.718"
"20260917","Food","Coffee & Tea","커피믹스","아이브루","SFODD2","2341900","맥널티 iBrew 미니 헤이즐넛향 200개입(200g)","8804645000515","발주가능","정상","0","0","2","9917","0","0","0","","NO","0.718"
"20260917","Food","Coffee & Tea","커피믹스","아이브루","SFJEJ2","2341900","맥널티 iBrew 미니 헤이즐넛향 200개입(200g)","8804645000515","발주가능","정상","0","0","2","9917","0","0","0","","NO","0.718"
"20260917","Food","Coffee & Tea","커피믹스","아이브루","FC","3067423","아이브루 헤이즐넛향 70개입","8804645000706","발주가능","정상","0","12","256","4025","0","0","0","","NO","0.718"
"20260917","Food","Coffee & Tea","커피믹스","아이브루","FC","3067424","아이브루 케냐AA 블렌드 70개입","8804645000690","발주가능","정상","0","3","98","6205","0","0","0","","NO","0.718"
"20260917","Food","Coffee & Tea","커피믹스","아이브루","FC","3067425","아이브루 예가체프 블렌드 70개입","8804645000683","발주가능","정상","0","0","25","6205","0","0","0","","NO","0.718"
"20260917","Food","Coffee & Tea","커피믹스","프라이빗클럽","FC","3067428","인스턴트 병커피 헤이즐넛향 50g","9311931105162","발주가능","정상","900","127","4644","2300","1","1","0","","NO","0.718"
"20260917","Food","Coffee & Tea","커피세트","맥널티커피","FC","26870612","[2026 추석세트] 맥널티 핸드드립 버라이어티세트 30개입","8804645006258","발주가능","정상","0","28","1416","9395","0","0","0","","NO","0.890"
"20260917","Food","Coffee & Tea","커피세트","맥널티커피","FC","54651094","인스턴트 원두 병커피 맥널티커피 선물세트 50g x 4개입(에스프레소 2병+헤이즐넛 2병), 1세트","8804645007408","발주가능","정상","0","0","0","15305","0","0","0","","YES","0.890"
"20260917","Food","Drinks","과일음료","맥널티커피","SFSPA3","24752132","청포도 에이드 190mL 10팩","8804645005893","발주가능","정상","0","1","2","3486","0","0","0","","NO","0.797"
"20260917","Food","Drinks","과일음료","맥널티커피","RC","24752132","청포도 에이드 190mL 10팩","8804645005893","발주가능","정상","0","0","273","3486","0","0","0","","NO","0.797"
"20260917","Food","Drinks","과일음료","맥널티커피","FC","24752132","청포도 에이드 190mL 10팩","8804645005893","발주가능","정상","0","35","555","3486","0","0","0","","NO","0.797"
"20260917","Food","Drinks","과일음료","맥널티커피","RC","24752250","블루레몬 에이드 190mL 10팩","8804645005909","발주가능","정상","0","0","237","3486","0","0","0","","NO","0.797"
"20260917","Food","Drinks","과일음료","맥널티커피","FC","24752250","블루레몬 에이드 190mL 10팩","8804645005909","발주가능","정상","0","18","427","3486","0","0","0","","NO","0.797"
"20260917","Food","Drinks","과일음료","맥널티커피","FC","45580036","맥널티 청매실 에이드 190ml*10개입","8804645007071","발주가능","정상","75","7","212","3486","1","1","0","","NO","0.797"
"20260917","Food","Drinks","농축액(음료베이스)","맥널티","FC","51983601","물 한방울 섞이지 않은 김토끼 유기농 레몬즙, 10개, 20g","8804645007361","발주가능","정상","0","0","51","4077","0","0","0","","NO","0.702"
"20260917","Food","Drinks","농축액(음료베이스)","맥널티","FC","58338694","티브루 보리차 원액 간편 액상스틱 진액, 30개, 10ml","8804645007590","발주가능","정상","0","50","1896","5259","0","0","0","","NO","0.702"
"20260917","Food","Drinks","농축액(음료베이스)","맥널티","FC","58338695","티브루 옥수수수염차 원액 간편 액상스틱 진액, 30개, 10ml","8804645007606","발주가능","정상","0","34","824","5259","0","0","0","","NO","0.702"
"20260917","Food","Drinks","농축액(음료베이스)","맥널티","SFJEJ2","58338696","티브루 헛개수 원액 간편 액상스틱 진액, 30개, 10ml","8804645007613","발주가능","정상","0","0","2","5259","1","1","0","","NO","0.702"
"20260917","Food","Drinks","농축액(음료베이스)","맥널티","FC","58338696","티브루 헛개수 원액 간편 액상스틱 진액, 30개, 10ml","8804645007613","발주가능","정상","48","16","620","5259","1","1","0","","NO","0.702"
"20260917","Food","Drinks","농축액(음료베이스)","맥널티커피","FC","62882483","티브루 보리차 진액, 1개, 400g","8804645007651","발주가능","정상","0","7","87","7623","0","0","0","","NO","0.702"
"20260917","Food","Drinks","농축액(음료베이스)","맥널티커피","FC","71636537","맥널티 티브루 호박팥차 무라벨, 20개, 500ml","8804645007934","발주가능","정상","66","76","67","8795","0.1667","0.1667","0","","YES","0.702"
"20260917","Food","Drinks","야채음료","맥널티커피","FC","48914233","맥널티 유자 에이드 190ml 10개","8804645007217","발주가능","정상","0","10","276","3486","0","0","0","","NO","0.601"
"20260917","Food","Drinks","차음료","맥널티커피","SFJEJ2","24752251","복숭아 아이스티 190mL 10팩","8804645005886","발주가능","정상","0","0","2","3486","0","0","0","","NO","0.690"
"20260917","Food","Drinks","차음료","맥널티커피","RC","24752251","복숭아 아이스티 190mL 10팩","8804645005886","발주가능","정상","0","0","258","3486","0","0","0","","NO","0.690"
"20260917","Food","Drinks","차음료","맥널티커피","FC","24752251","복숭아 아이스티 190mL 10팩","8804645005886","발주가능","정상","0","18","235","3486","0","0","0","","NO","0.690"
"20260917","Food","Drinks","차음료","맥널티커피","FC","24944267","맥널티 허니자몽 블랙티 대용량 파우치 1Lx6입","18804645005951","발주가능","정상","0","0","60","10252","0","0","0","","NO","0.690"
"20260917","Food","Drinks","차음료","맥널티커피","FC","24944268","맥널티 복숭아 아이스티 대용량 파우치 1Lx6입","18804645005944","발주가능","정상","0","4","68","10252","0","0","0","","NO","0.690"
"20260917","Food","Drinks","차음료","맥널티커피","FC","26889711","맥널티 제로칼로리 복숭아 아이스티 500ml 24입","18804645006101","발주가능","정상","0","14","284","12205","0","0","0","","NO","0.690"
"20260917","Food","Drinks","차음료","맥널티커피","FC","36669698","제로 아이스티 복숭아, 30개입, 13g","8804645006791","발주가능","정상","32","0","90","5850","1","1","0","","NO","0.690"
"20260917","Food","Drinks","차음료","맥널티커피","FC","36829225","맥널티 제로칼로리 청포도 아이스티 500mlx24입,","18804645006538","발주가능","정상","20","8","90","12205","1","1","0","","NO","0.690"
"20260917","Food","Drinks","차음료","맥널티커피","FC","36829226","제로 아이스티 청포도, 30개입, 13g 1개","8804645006807","발주가능","정상","0","0","70","5850","0","0","0","","NO","0.690"
"20260917","Food","Drinks","차음료","맥널티커피","FC","36863185","맥널티 대용량 제로칼로리 복숭아 아이스티 1.5L 12개","18804645006736","일시중단","단종예정","0","0","0","17427","0","0","0","","YES","0.690"
"20260917","Food","Drinks","차음료","맥널티커피","FC","38262417","복숭아 아이스티 제로, 6개, 1L","18804645006873","발주가능","정상","0","0","38","10577","0","0","0","","NO","0.690"
"20260917","Food","Drinks","차음료","맥널티커피","FC","40520042","맥널티커피 복숭아 아이스티 제로 RTD, 30개, 240ml","18804645006835","발주가능","정상","0","8","299","8795","0","0","0","","NO","0.690"
"20260917","Food","Drinks","차음료","맥널티커피","FC","61673272","맥널티커피 복숭아 아이스티 제로, 1.5L, 1개","8804645006739","발주가능","정상","0","90","1794","1364","0","0","0","","NO","0.690"
"20260917","Food","Drinks","차음료","맥널티커피","SFJEJ2","61673272","맥널티커피 복숭아 아이스티 제로, 1.5L, 1개","8804645006739","발주가능","정상","0","6","2","1364","0","0","0","","NO","0.690"
"20260917","Food","Drinks","차음료","맥널티커피","RC","61673272","맥널티커피 복숭아 아이스티 제로, 1.5L, 1개","8804645006739","발주가능","정상","0","0","1872","1364","0","0","0","","NO","0.690"
"20260917","Food","Drinks","차음료","맥널티커피","SFSPA3","61673272","맥널티커피 복숭아 아이스티 제로, 1.5L, 1개","8804645006739","발주가능","정상","0","0","1","1364","0","0","0","","NO","0.690"
"20260917","Food","Drinks","차음료","맥널티커피","FC","73944650","맥널티 복숭아 아이스티 대용량 파우치, 1개, 2.1L","8804645007965","발주가능","정상","128","142","2302","2413","1","1","0","","NO","0.690"
"20260917","Food","Drinks","차음료","맥널티커피","SFSPA3","73944650","맥널티 복숭아 아이스티 대용량 파우치, 1개, 2.1L","8804645007965","발주가능","정상","0","3","0","2413","1","1","0","","NO","0.690"
"20260917","Food","Drinks","차음료","맥널티커피","SFJEJ2","73944650","맥널티 복숭아 아이스티 대용량 파우치, 1개, 2.1L","8804645007965","발주가능","정상","0","0","1","2413","1","1","0","","NO","0.690"
"20260917","Food","Drinks","차음료","맥널티커피","FC","75850021","맥널티 허니자몽 블랙티, 1L, 1개","8804645005954","발주가능","정상","0","25","270","1714","0","0","0","","NO","0.690"
"20260917","Food","Drinks","커피음료","맥널티커피","RC","24695530","아이스 헤이즐넛향 커피 190mL 10팩","8804645005879","발주가능","정상","0","0","273","3486","0","0","0","","NO","0.688"
"20260917","Food","Drinks","커피음료","맥널티커피","FC","24695530","아이스 헤이즐넛향 커피 190mL 10팩","8804645005879","발주가능","정상","0","40","354","3486","0","0","0","","NO","0.688"
"20260917","Food","Drinks","커피음료","맥널티커피","SFJEJ2","24695531","아이스 아메리카노 스위트 190mL 10팩","8804645005862","발주가능","정상","0","1","0","3486","0","0","0","","NO","0.688"
"20260917","Food","Drinks","커피음료","맥널티커피","RC","24695531","아이스 아메리카노 스위트 190mL 10팩","8804645005862","발주가능","정상","0","0","1365","3486","0","0","0","","NO","0.688"
"20260917","Food","Drinks","커피음료","맥널티커피","FC","24695531","아이스 아메리카노 스위트 190mL 10팩","8804645005862","발주가능","정상","0","51","223","3486","0","0","0","","NO","0.688"
"20260917","Food","Drinks","커피음료","맥널티커피","RC","24695532","아이스 아메리카노 블랙 190mL 10팩","8804645005855","발주가능","정상","0","0","273","3486","1","1","0","","NO","0.688"
"20260917","Food","Drinks","커피음료","맥널티커피","SFODD2","24695532","아이스 아메리카노 블랙 190mL 10팩","8804645005855","발주가능","정상","0","0","2","3486","1","1","0","","NO","0.688"
"20260917","Food","Drinks","커피음료","맥널티커피","FC","24695532","아이스 아메리카노 블랙 190mL 10팩","8804645005855","발주가능","정상","273","21","729","3486","1","1","0","","NO","0.688"
"20260917","Food","Drinks","커피음료","맥널티커피","FC","25484251","맥널티커피 아메리카노 스위트 1Lx6입","18804645005920","발주가능","정상","0","6","109","10252","0","0","0","","NO","0.688"
"20260917","Food","Drinks","커피음료","맥널티커피","FC","25484255","맥널티 아이스 아메리카노 블랙커피 대용량 파우치 1Lx6입","18804645005913","발주가능","정상","0","0","47","10252","0","0","0","","NO","0.688"
"20260917","Food","Drinks","커피음료","맥널티커피","FC","25484257","맥널티 아이스 헤이즐넛향 커피 대용량 파우치 1Lx6입","18804645005937","발주가능","정상","0","2","86","10252","0","0","0","","NO","0.688"
"20260917","Food","Drinks","커피음료","맥널티커피","FC","48466205","맥널티 대용량 제로슈가 스테비아 믹스커피 음료, 12개, 1L","18804645007290","발주가능","정상","0","16","64","17067","0","0","0","","NO","0.688"
"20260917","Food","Drinks","커피음료","맥널티커피","RC","48466205","맥널티 대용량 제로슈가 스테비아 믹스커피 음료, 12개, 1L","18804645007290","발주가능","정상","0","0","80","17067","0","0","0","","NO","0.688"
"20260917","Food","Drinks","커피음료","맥널티커피","FC","54922706","맥널티 대용량 제로슈가 스테비아 믹스커피 음료, 1L, 6개","8804645007323","발주가능","정상","320","86","1077","8805","1","1","0","","NO","0.688"
"20260917","Food","Drinks","커피음료","맥널티커피","RC","54922706","맥널티 대용량 제로슈가 스테비아 믹스커피 음료, 1L, 6개","8804645007323","발주가능","정상","320","0","320","8805","1","1","0","","NO","0.688"
"20260917","Food","Drinks","커피음료","맥널티커피","FC","68778940","맥널티 아이브루 아메리카노 블랙커피 12개 1L","18804645007306","발주가능","정상","0","179","2672","12205","0.4286","0.4286","0","","NO","0.688"
"20260917","Food","Drinks","커피음료","맥널티커피","RC","68778940","맥널티 아이브루 아메리카노 블랙커피 12개 1L","18804645007306","발주가능","정상","720","0","800","12205","0.4286","0.4286","0","","NO","0.688"
"20260917","Food","Drinks","커피음료","맥널티커피","RC","68778941","맥널티 아이브루 헤이즐넛향 블랙커피 12개 1L","18804645007504","발주가능","정상","0","0","160","12205","0","0","0","","NO","0.688"
"20260917","Food","Drinks","커피음료","맥널티커피","FC","68778941","맥널티 아이브루 헤이즐넛향 블랙커피 12개 1L","18804645007504","발주가능","정상","0","39","474","12205","0","0","0","","NO","0.688"
"20260917","Food","Drinks","커피음료","맥널티커피","RC","68778942","아이브루 아메리카노 블랙커피 무라벨 400ML 20개","8804645007491","발주가능","정상","0","0","364","12205","0.6667","0.6667","0","","NO","0.688"
"20260917","Food","Drinks","커피음료","맥널티커피","FC","68778942","아이브루 아메리카노 블랙커피 무라벨 400ML 20개","8804645007491","발주가능","정상","182","312","2112","12205","0.6667","0.6667","0","","NO","0.688"
"20260917","Food","Drinks","커피음료","맥널티커피","SFJEJ2","73951791","맥널티 아이스 아메리카노 블랙 커피 대용량 파우치, 1개, 2.1L","8804645007958","발주가능","정상","0","1","0","2413","1","1","0","","NO","0.688"
"20260917","Food","Drinks","커피음료","맥널티커피","SFSPA3","73951791","맥널티 아이스 아메리카노 블랙 커피 대용량 파우치, 1개, 2.1L","8804645007958","발주가능","정상","0","16","68","2413","1","1","0","","NO","0.688"
"20260917","Food","Drinks","커피음료","맥널티커피","FC","73951791","맥널티 아이스 아메리카노 블랙 커피 대용량 파우치, 1개, 2.1L","8804645007958","발주가능","정상","80","392","3663","2413","1","1","0","","NO","0.688"
"20260917","Food","Drinks","커피음료","맥널티커피","RC","73951791","맥널티 아이스 아메리카노 블랙 커피 대용량 파우치, 1개, 2.1L","8804645007958","발주가능","정상","1600","0","11462","2413","1","1","0","","NO","0.688"
"20260917","Food","Drinks","커피음료","맥널티커피","FC","75683093","맥널티 아이스 아메리카노 블랙 1리터, 1L, 1개","8804645005916","발주가능","정상","0","13","1172","1714","0","0","0","","NO","0.688"
"20260917","Food","Drinks","커피음료","맥널티커피","SFJEJ2","75683093","맥널티 아이스 아메리카노 블랙 1리터, 1L, 1개","8804645005916","발주가능","정상","0","0","1","1714","0","0","0","","NO","0.688"
"20260917","Food","Drinks","커피음료","맥널티커피","SFSPA3","75683093","맥널티 아이스 아메리카노 블랙 1리터, 1L, 1개","8804645005916","발주가능","정상","0","0","1","1714","0","0","0","","NO","0.688"
"20260917","Food","Drinks","커피음료","맥널티커피","FC","75694561","맥널티커피 아이스 아메리카노 헤이즐넛, 1개, 1L","8804645005930","발주가능","정상","0","26","1722","1714","0","0","0","","NO","0.688"
"20260917","Food","Drinks","커피음료","맥널티커피","FC","75765043","맥널티 아이스아메리카노 스위트, 1개, 1L","8804645005923","발주가능","정상","0","60","1757","1714","0","0","0","","NO","0.688"
"20260917","Food","Drinks","커피음료","맥널티커피","SFSPA3","75765043","맥널티 아이스아메리카노 스위트, 1개, 1L","8804645005923","발주가능","정상","0","2","0","1714","0","0","0","","NO","0.688"
"20260917","Food","Drinks","커피음료","맥널티커피","FC","76540319","맥널티 호랭이 마일드 라떼 캔커피, 30개, 175ml","18804645008013","발주가능","정상","0","90","742","8523","0","0","0","","NO","0.688"
"20260917","Food","Drinks","커피음료","맥널티커피","FC","77572705","맥널티 아이스 아메리카노 헤이즐넛, 1개, 2.1L","8804645008030","발주가능","정상","0","199","1326","2413","0","0","0","","NO","0.688"
"20260917","Food","Drinks","커피음료","맥널티커피","RC","77572705","맥널티 아이스 아메리카노 헤이즐넛, 1개, 2.1L","8804645008030","발주가능","정상","0","0","1560","2413","0","0","0","","NO","0.688"
"20260917","Food","Drinks","커피음료","아이브루","RC","70253954","아이브루 디카페인 아메리카노 블랙커피 무라벨, 20개, 400ml","8804645007903","발주가능","정상","0","0","364","13500","0","0","0","","NO","0.688"
"20260917","Food","Drinks","커피음료","아이브루","FC","70253954","아이브루 디카페인 아메리카노 블랙커피 무라벨, 20개, 400ml","8804645007903","발주가능","정상","0","71","152","13500","0","0","0","","NO","0.688"
"20260917","Kitchen","Tools & Gadgets","드립주전자/포트","맥널티커피","FC","15333511","맥널티 드립 주전자 350ml","8804645004490","발주가능","정상","37","19","53","5044","1","1","0","","NO","0.784"
"20260917","Kitchen","Tools & Gadgets","커피필터/여과지","맥널티","SFJEJ2","12491225","맥널티 핸드드립 커피필터 30개입","8804645300950","발주가능","정상","0","1","1","2642","0","0","0","","NO","0.538"
"20260917","Kitchen","Tools & Gadgets","커피필터/여과지","맥널티","FC","12491225","맥널티 핸드드립 커피필터 30개입","8804645300950","발주가능","정상","0","61","1216","2642","0","0","0","","NO","0.538"
"20260916","CE","Kitchen Appliance","커피머신","맥널티커피","FC","31602405","맥널티 2in1 핫앤콜드 진공추출 커피메이커 MCM-065B MCM-065B","8804645006296","발주가능","정상","0","3","11","30859","0","0","0","","NO","0.785"
"20260916","Food","Coffee & Tea","기타전통차","맥널티커피","FC","39149736","맥널티 스테비아 침향 쌍화차, 1개, 30개입, 450g","8804645006913","발주가능","정상","0","2","96","8536","0","0","0","","NO","0.726"
"20260916","Food","Coffee & Tea","기타전통차","맥널티커피","FC","41175263","맥널티커피 스테비아 꿀 유자차, 1개, 30개입, 450g","8804645006951","발주가능","정상","0","13","77","7388","0","0","0","","NO","0.726"
"20260916","Food","Coffee & Tea","둥글레/옥수수/보리/결명자차","맥널티커피","FC","76230458","맥널티 진 보리차 1개 1kg","8804645007996","발주가능","정상","0","1","24","15209","0","0","0","","NO","0.606"
"20260916","Food","Coffee & Tea","드립백/티백","맥널티","FC","3067432","산지별 콜롬비아 슈프리모 핸드드립커피 7개입","8804645000324","발주가능","정상","0","4","260","3043","0","0","0","","NO","0.726"
"20260916","Food","Coffee & Tea","드립백/티백","맥널티","FC","10003518","케냐 AA 핸드드립 블렌드 24개입","8804645000720","발주가능","정상","0","10","63","6068","0","0","0","","NO","0.726"
"20260916","Food","Coffee & Tea","드립백/티백","맥널티커피","FC","3067429","산지별 브라질 세라도 NY2 핸드드립커피 7개입","8804645000300","발주가능","정상","24","6","52","2887","0","0","0","","NO","0.726"
"20260916","Food","Coffee & Tea","드립백/티백","맥널티커피","FC","3067430","산지별 케냐 AA 핸드드립커피 7개입","8804645000355","발주가능","정상","0","10","43","3062","0","0","0","","NO","0.726"
"20260916","Food","Coffee & Tea","드립백/티백","맥널티커피","FC","3067433","산지별 에티오피아 코케 허니 핸드드립커피 7개입","8804645000348","발주가능","정상","0","2","65","2910","0","0","0","","NO","0.726"
"20260916","Food","Coffee & Tea","드립백/티백","맥널티커피","FC","3067434","산지별 에티오피아 예가체프 핸드드립커피 7개입","8804645000331","발주가능","정상","0","11","70","3184","0","0","0","","NO","0.726"
"20260916","Food","Coffee & Tea","드립백/티백","맥널티커피","FC","10003517","콜롬비아 핸드드립 블렌드 24개입","8804645000713","발주가능","정상","0","0","1","5977","0","0","0","","YES","0.726"
"20260916","Food","Coffee & Tea","드립백/티백","맥널티커피","FC","23400108","맥널티 디카페인100% 핸드드립 원두커피 24개입","8804645005732","발주가능","정상","24","11","75","9395","0","0","0","","NO","0.726"
"20260916","Food","Coffee & Tea","드립백/티백","맥널티커피","FC","37713094","맥널티 핸드드립커피 케냐AA(더블에이) 36개입, 8g, 1개","8804645006616","발주가능","정상","0","11","13","11759","0","0","0","","NO","0.726"
"20260916","Food","Coffee & Tea","드립백/티백","맥널티커피","FC","37713095","맥널티 핸드드립커피 에티오피아 예가체프 36개입, 8g, 1개","8804645006623","발주가능","정상","12","1","30","10577","0","0","0","","NO","0.726"
"20260916","Food","Coffee & Tea","드립백/티백","맥널티커피","FC","41391235","맥널티 행복을주는커피 시그니처 블렌드 핸드드립 커피 20개입, 1개, 8g","8804645003653","발주가능","정상","48","4","48","6795","0","0","0","","YES","0.726"
"20260916","Food","Coffee & Tea","드립백/티백","맥널티커피","FC","62821923","맥널티 핸드드립 커피 에티오피아 예가체프 8g 24개입 1개","8804645006920","발주가능","정상","0","8","32","9679","0","0","0","","NO","0.726"
"20260916","Food","Coffee & Tea","드립백/티백","맥널티커피","FC","68147033","베니스브루 스페셜티 핸드드립 가향 커피 오렌지 벨벳, 1개, 7개입, 12g","8804645007712","발주가능","정상","6","0","26","5143","0","0","0","","NO","0.726"
"20260916","Food","Coffee & Tea","드립백/티백","맥널티커피","FC","68147034","베니스브루 스페셜티 핸드드립 가향 커피 쇼콜라 모카, 1개, 7개입, 12g","8804645007729","발주가능","정상","0","1","32","5143","0","0","0","","NO","0.726"
"20260916","Food","Coffee & Tea","드립백/티백","맥널티커피","FC","68777449","베니스브루 베리 블로썸 드립백 커피 12g 1개 7개입","8804645007705","발주가능","정상","12","0","36","5143","0","0","0","","NO","0.726"
"20260916","Food","Coffee & Tea","라떼분말","맥널티커피","FC","34834818","맥널티 스테비아 제로슈가 핫초코 라떼 30개입 15g","8804645006340","발주가능","정상","0","28","492","7500","0","0","0","","NO","0.584"
"20260916","Food","Coffee & Tea","라떼분말","맥널티커피","FC","51063548","스테비아 단백질 옥수수 크림 라떼, 1개, 20개입, 18g","8804645007330","발주가능","정상","12","0","12","5850","0","0","0","","YES","0.584"
"20260916","Food","Coffee & Tea","라떼분말","맥널티커피","FC","51164938","스테비아 단백질 고구마 크림 라떼, 1개, 20개입, 18g","8804645007347","발주가능","정상","0","2","21","5850","0","0","0","","NO","0.584"
"20260916","Food","Coffee & Tea","원두","N_A","FC","76443755","맥널티 브라질 세라도 NY.2 원두 1kg, 1개","8804645006425","발주가능","정상","0","1","247","17609","0","0","0","","NO","0.896"
"20260916","Food","Coffee & Tea","원두","맥널티커피","RC","45570","맥널티_헤이즐넛원두분쇄커피_226G","8804645100208","발주가능","정상","0","0","128","5000","0","0","0","","NO","0.896"
"20260916","Food","Coffee & Tea","원두","맥널티커피","SFJEJ2","45570","맥널티_헤이즐넛원두분쇄커피_226G","8804645100208","발주가능","정상","0","3","0","5000","0","0","0","","NO","0.896"
"20260916","Food","Coffee & Tea","원두","맥널티커피","SFSPA3","45570","맥널티_헤이즐넛원두분쇄커피_226G","8804645100208","발주가능","정상","0","3","2","5000","0","0","0","","NO","0.896"
"20260916","Food","Coffee & Tea","원두","맥널티커피","FC","45570","맥널티_헤이즐넛원두분쇄커피_226G","8804645100208","발주가능","정상","0","74","684","5000","0","0","0","","NO","0.896"
"20260916","Food","Coffee & Tea","원두","맥널티커피","SFJEJ2","45572","맥널티_헤이즐넛원두분쇄커피_500G","8804645100468","발주가능","정상","0","2","6","7960","0","0","0","","NO","0.896"
"20260916","Food","Coffee & Tea","원두","맥널티커피","FC","45572","맥널티_헤이즐넛원두분쇄커피_500G","8804645100468","발주가능","정상","0","55","679","7960","0","0","0","","NO","0.896"
"20260916","Food","Coffee & Tea","원두","맥널티커피","SFSPA3","45572","맥널티_헤이즐넛원두분쇄커피_500G","8804645100468","발주가능","정상","0","2","13","7960","0","0","0","","NO","0.896"
"20260916","Food","Coffee & Tea","원두","맥널티커피","FC","45573","맥널티_블루마운틴스타일원두분쇄커피_500G","8804645100451","발주가능","정상","0","27","147","11091","0","0","0","","NO","0.896"
"20260916","Food","Coffee & Tea","원두","맥널티커피","RC","45573","맥널티_블루마운틴스타일원두분쇄커피_500G","8804645100451","발주가능","정상","0","0","640","11091","0","0","0","","NO","0.896"
"20260916","Food","Coffee & Tea","원두","맥널티커피","FC","5344648","맥널티 원두 에스프레소 블랙 1개, 1kg","8804645001239","발주불가","단종","0","0","1","9156","0","0","0","","YES","0.896"
"20260916","Food","Coffee & Tea","원두","맥널티커피","FC","10147177","맥널티 홀빈 블루마운틴 1000g","8804645006302","발주가능","정상","80","11","230","15715","0","0","0","","NO","0.896"
"20260916","Food","Coffee & Tea","원두","맥널티커피","FC","10147180","맥널티 행복을 주는 커피 헤이즐넛향 1kg 홀빈","8804645100185","발주가능","정상","0","9","143","15244","0","0","0","","NO","0.896"
"20260916","Food","Coffee & Tea","원두","맥널티커피","FC","10812901","맥널티 베트남 로부스타 원두커피 1kg","8804645003066","발주가능","정상","0","60","131","11700","0","0","0","","NO","0.896"
"20260916","Food","Coffee & Tea","원두","맥널티커피","RC","10812901","맥널티 베트남 로부스타 원두커피 1kg","8804645003066","발주가능","정상","0","0","400","11700","0","0","0","","NO","0.896"
"20260916","Food","Coffee & Tea","원두","맥널티커피","SFJEJ2","10812901","맥널티 베트남 로부스타 원두커피 1kg","8804645003066","발주가능","정상","0","0","2","11700","0","0","0","","NO","0.896"
"20260916","Food","Coffee & Tea","원두","맥널티커피","FC","11849981","행복을 주는 커피 블루마운틴 블렌드 분쇄 원두 커피 1kg","8804645003486","발주가능","정상","0","9","45","16364","0","0","0","","NO","0.896"
"20260916","Food","Coffee & Tea","원두","맥널티커피","FC","12521866","맥널티 행복을 주는 커피 시그니처 헤이즐넛향 원두 커피 1Kg","8804645003493","발주가능","정상","0","35","220","16364","0","0","0","","YES","0.896"
"20260916","Food","Coffee & Tea","원두","맥널티커피","RC","12521866","맥널티 행복을 주는 커피 시그니처 헤이즐넛향 원두 커피 1Kg","8804645003493","발주가능","정상","0","0","216","16364","0","0","0","","YES","0.896"
"20260916","Food","Coffee & Tea","원두","맥널티커피","FC","13277718","맥널티 행복을 주는 커피 브라질 산토스 1kg","8804645003936","발주가능","정상","0","12","70","14091","0","0","0","","NO","0.896"
"20260916","Food","Coffee & Tea","원두","맥널티커피","FC","13277719","맥널티 행복을 주는 커피 콜롬비아 블렌드 1kg","8804645003929","발주가능","정상","0","29","485","15599","0","0","0","","NO","0.896"
"20260916","Food","Coffee & Tea","원두","맥널티커피","FC","37733154","맥널티 원두 홀빈(분쇄안함) 마일드 미디움 블렌드 200g, 1개","8804645005374","발주가능","정상","0","0","19","5791","0","0","0","","NO","0.896"
"20260916","Food","Coffee & Tea","원두","맥널티커피","FC","38710869","맥널티 홀빈 커피원두, 마일드 미디움 블렌드 1kg, 1개","8804645005329","발주가능","정상","0","0","14","16364","0","0","0","","NO","0.896"
"20260916","Food","Coffee & Tea","원두","맥널티커피","FC","38710870","맥널티 홀빈 커피원두, 콜롬비아 안데스 오리진 1kg, 1개","8804645005343","발주가능","정상","0","7","63","16364","0","0","0","","NO","0.896"
"20260916","Food","Coffee & Tea","원두","맥널티커피","FC","38710872","맥널티 홀빈 커피원두, 시그니처 블렌드 1kg, 1개","8804645005312","발주가능","정상","0","2","88","16364","0","0","0","","NO","0.896"
"20260916","Food","Coffee & Tea","원두","맥널티커피","FC","38813491","맥널티 홀빈 원두 1KG, 브라질 산토스 내추럴, 1개","8804645005350","발주가능","정상","0","15","87","11364","0","0","0","","NO","0.896"
"20260916","Food","Coffee & Tea","원두","맥널티커피","FC","38919334","맥널티 에티오피아 예가체프 홀빈 원두, 1kg, 1개","8804645006852","발주가능","정상","0","8","16","16364","0","0","0","","NO","0.896"
"20260916","Food","Coffee & Tea","원두","맥널티커피","FC","39616644","맥널티 예맨 모카 블렌드 커피 원두, 홀빈(분쇄안함), 500g, 1개","8804645006692","발주가능","정상","0","0","14","11400","0","0","0","","NO","0.896"
"20260916","Food","Coffee & Tea","원두","맥널티커피","FC","39616645","맥널티 시그니처 디카페인 커피 원두, 홀빈(분쇄안함), 500g, 1개","8804645006937","발주가능","정상","32","1","75","12545","0","0","0","","NO","0.896"
"20260916","Food","Coffee & Tea","원두","맥널티커피","FC","39616646","맥널티 게이샤 블렌드 커피 원두, 홀빈(분쇄안함), 500g, 1개","8804645006708","발주가능","정상","16","0","16","11400","0","0","0","","YES","0.896"
"20260916","Food","Coffee & Tea","원두","맥널티커피","FC","39616647","맥널티 하와이안 코나 블렌드 커피 원두, 홀빈(분쇄안함), 500g, 1개","8804645006685","발주가능","정상","0","2","25","11400","0","0","0","","NO","0.896"
"20260916","Food","Coffee & Tea","원두","맥널티커피","FC","48074657","맥널티 브라질 세라도 분쇄 원두 커피, 1개, 500g","8804645007262","발주가능","정상","0","2","82","9395","0","0","0","","NO","0.896"
"20260916","Food","Coffee & Tea","원두","맥널티커피","FC","48074658","맥널티 콜롬비아 안데스 분쇄 원두 커피, 1개, 500g","8804645007255","발주가능","정상","0","8","27","9986","0","0","0","","NO","0.896"
"20260916","Food","Coffee & Tea","원두","맥널티커피","FC","48074659","맥널티 에티오피아 예가체프 분쇄 원두 커피, 1개, 500g","8804645007231","발주가능","정상","0","12","17","9986","0","0","0","","NO","0.896"
"20260916","Food","Coffee & Tea","원두","맥널티커피","FC","58681130","콜롬비아 안데스 오리진 분쇄 커피 원두 1개 226g 핸드드립","8804645007552","발주가능","정상","0","4","4","7159","0","0","0","","NO","0.896"
"20260916","Food","Coffee & Tea","원두","맥널티커피","FC","58681131","브라질 산토스 오리진 분쇄 커피 원두, 226g, 1개, 핸드드립","8804645007545","발주가능","정상","16","0","16","7159","0","0","0","","YES","0.896"
"20260916","Food","Coffee & Tea","원두","맥널티커피","FC","58765769","게이샤 블렌드 분쇄 커피 원두, 1개, 226g, 핸드드립","8804645007514","발주가능","정상","0","3","3","7732","0","0","0","","NO","0.896"
"20260916","Food","Coffee & Tea","원두","맥널티커피","FC","58765770","디카페인 헤이즐넛향 분쇄 커피 원두, 1개, 226g, 핸드드립","8804645007538","발주가능","정상","8","16","85","8018","0","0","0","","NO","0.896"
"20260916","Food","Coffee & Tea","원두","맥널티커피","FC","58850533","하와이안 코나 블렌드 분쇄 커피 원두, 1개, 226g, 핸드드립","8804645007521","발주가능","정상","0","1","2","7732","0","0","0","","NO","0.896"
"20260916","Food","Coffee & Tea","원두","맥널티커피","FC","71777603","투비 다크 블랙 블렌드 홀빈 원두 커피, 1kg, 홀빈(분쇄안함), 1개","8804645007989","발주가능","정상","0","7","60","13115","0","0","0","","NO","0.896"
"20260916","Food","Coffee & Tea","원두","맥널티커피","FC","76697770","투비커피 너티초코 아메리카노 블렌드 홀빈 원두 커피, 1kg, 홀빈(분쇄안함), 1개","8804645008047","발주가능","정상","0","0","38","17125","0","0","0","","NO","0.896"
"20260916","Food","Coffee & Tea","원두커피믹스","맥널티","FC","10003529","아이브루 클래식 100T","8804645002465","발주불가","규격 외","0","0","1","6068","0","0","0","","NO","0.591"
"20260916","Food","Coffee & Tea","원두커피믹스","맥널티","FC","11019882","맥널티 아이브루 다크 블렌드 200T","8804645003219","발주가능","정상","0","9","19","13096","0","0","0","","NO","0.591"
"20260916","Food","Coffee & Tea","원두커피믹스","맥널티커피","FC","11019883","맥널티 아이브루 모카 블랙 200T","8804645003226","발주가능","정상","30","14","56","11687","0","0","0","","NO","0.591"
"20260916","Food","Coffee & Tea","원두커피믹스","맥널티커피","FC","13777565","맥널티 아이브루 모카블랙 70T","8804645003912","발주가능","정상","0","1","24","6519","0","0","0","","NO","0.591"
"20260916","Food","Coffee & Tea","원두커피믹스","맥널티커피","FC","15720531","콜롬비아 블랙 100개입","8804645002861","발주가능","정상","0","69","775","6345","0","0","0","","NO","0.591"
"20260916","Food","Coffee & Tea","원두커피믹스","맥널티커피","SFSPA3","15720531","콜롬비아 블랙 100개입","8804645002861","발주가능","정상","0","1","0","6345","0","0","0","","NO","0.591"
"20260916","Food","Coffee & Tea","원두커피믹스","맥널티커피","SFJEJ2","15720531","콜롬비아 블랙 100개입","8804645002861","발주가능","정상","0","0","2","6345","0","0","0","","NO","0.591"
"20260916","Food","Coffee & Tea","원두커피믹스","맥널티커피","FC","26477367","맥널티 리얼 에스프레소샷 블랙 액상스틱커피 15mlx30개입","8804645006029","발주가능","정상","0","12","308","7388","0","0","0","","NO","0.591"
"20260916","Food","Coffee & Tea","원두커피믹스","맥널티커피","FC","62672352","맥널티 아이브루 플러스 스위트 블랙 원두커피믹스 80개입 2.8g","8804645007620","발주가능","정상","10","0","10","7961","0","0","0","","YES","0.591"
"20260916","Food","Coffee & Tea","원두커피믹스","맥널티커피","FC","67975031","호랭이 커피 오곡향 블랙, 1개, 20개입, 1g","8804645007781","발주가능","정상","0","8","253","2806","0","0","0","","NO","0.591"
"20260916","Food","Coffee & Tea","원두커피믹스","맥널티커피","FC","71629331","맥널티 갓성비 아메리카노 블랙커피, 1개, 100개입, 2g","8804645007873","발주가능","정상","0","81","762","8534","0","0","0","","NO","0.591"
"20260916","Food","Coffee & Tea","원두커피믹스","아이브루","FC","36903434","맥널티 아이브루 플러스 헤이즐넛 블랙커피 100개입","8804645006395","발주가능","정상","0","63","197","7623","0","0","0","","NO","0.591"
"20260916","Food","Coffee & Tea","원두커피믹스","아이브루","RC","36903434","맥널티 아이브루 플러스 헤이즐넛 블랙커피 100개입","8804645006395","발주가능","정상","0","0","505","7623","0","0","0","","NO","0.591"
"20260916","Food","Coffee & Tea","원두커피믹스","아이브루","FC","36903435","맥널티 아이브루 플러스 오리지널 블랙커피 100개입","8804645006388","발주불가","규격 외","0","0","384","7623","0","0","0","","NO","0.591"
"20260916","Food","Coffee & Tea","원두커피믹스","아이브루","FC","46534985","아이브루 플러스 디카페인 아메리카노 블랙커피, 1개, 80개입, 80g","8804645007118","발주가능","정상","240","0","240","7964","0","0","0","","YES","0.591"
"20260916","Food","Coffee & Tea","원두커피믹스","아이브루","SFSPA3","56760693","아이브루 플러스 디카페인 블랙커피 헤이즐넛향 (1g x 80개입), 1개","8804645007453","발주가능","정상","0","1","0","7961","0","0","0","","NO","0.591"
"20260916","Food","Coffee & Tea","원두커피믹스","아이브루","SFJEJ2","56760693","아이브루 플러스 디카페인 블랙커피 헤이즐넛향 (1g x 80개입), 1개","8804645007453","발주가능","정상","0","1","1","7961","0","0","0","","NO","0.591"
"20260916","Food","Coffee & Tea","원두커피믹스","아이브루","FC","56760693","아이브루 플러스 디카페인 블랙커피 헤이즐넛향 (1g x 80개입), 1개","8804645007453","발주가능","정상","0","35","751","7961","0","0","0","","NO","0.591"
"20260916","Food","Coffee & Tea","원두커피믹스","프라이빗클럽","FC","10837643","맥널티 병커피 헤이즐넛향 50gx10개","19311931309161","발주가능","정상","0","1","36","23000","0","0","0","","NO","0.591"
"20260916","Food","Coffee & Tea","원두커피믹스","프라이빗클럽","FC","12091997","Box_입소문난 아이리쉬 50G 10병","19311931311164","발주가능","정상","0","1","19","18625","0","0","0","","NO","0.591"
"20260916","Food","Coffee & Tea","원두커피믹스","프라이빗클럽","FC","52625820","맥널티 인스턴트 원두 병커피 에스프레소 블랙 50g 1개","9311931902167","발주가능","정상","30","36","349","3486","0","0","0","","NO","0.591"
"20260916","Food","Coffee & Tea","율무/견과차","맥널티","FC","64842417","티브루 호박팥차 진액 10ml 30개입 1개","8804645007675","발주가능","정상","420","52","814","5259","0","0","0","","NO","0.715"
"20260916","Food","Coffee & Tea","율무/견과차","맥널티","SFJEJ2","64842417","티브루 호박팥차 진액 10ml 30개입 1개","8804645007675","발주가능","정상","0","0","9","5259","0","0","0","","NO","0.715"
"20260916","Food","Coffee & Tea","율무/견과차","맥널티커피","FC","39149735","맥널티 스테비아 제로슈가 호두 아몬드 율무차, 1개, 30개입, 450g","8804645006906","발주가능","정상","60","9","124","6815","0","0","0","","YES","0.715"
"20260916","Food","Coffee & Tea","차세트","맥널티커피","FC","78654824","[2026 추석세트] 맥널티 스테비아 전통차 선물세트, 1세트, 율무차(30개) + 쌍화차(30개)","8804645008092","발주가능","정상","0","0","300","19091","0","0","0","","NO","0.899"
"20260916","Food","Coffee & Tea","커피믹스","맥널티커피","RC","45571","맥널티_ 자메이카 블루마운틴 블렌드_226G","8804645100215","발주가능","정상","0","0","512","5000","0","0","0","","NO","0.715"
"20260916","Food","Coffee & Tea","커피믹스","맥널티커피","FC","45571","맥널티_ 자메이카 블루마운틴 블렌드_226G","8804645100215","발주가능","정상","0","56","381","5000","0","0","0","","NO","0.715"
"20260916","Food","Coffee & Tea","커피믹스","맥널티커피","SFSPA3","25240400","맥널티 스테비아 커피믹스 100개입","8804645006067","발주가능","정상","0","2","0","12941","0","0","0","","NO","0.715"
"20260916","Food","Coffee & Tea","커피믹스","맥널티커피","FC","25240400","맥널티 스테비아 커피믹스 100개입","8804645006067","발주가능","정상","0","82","422","12941","0","0","0","","NO","0.715"
"20260916","Food","Coffee & Tea","커피믹스","맥널티커피","RC","25240400","맥널티 스테비아 커피믹스 100개입","8804645006067","발주가능","정상","0","0","2160","12941","0","0","0","","NO","0.715"
"20260916","Food","Coffee & Tea","커피믹스","맥널티커피","SFODD4","25240402","맥널티 스테비아 커피믹스 30개입","8804645006074","발주가능","정상","0","0","0","4827","0","0","0","","NO","0.715"
"20260916","Food","Coffee & Tea","커피믹스","맥널티커피","FC","25240402","맥널티 스테비아 커피믹스 30개입","8804645006074","발주가능","정상","0","33","284","4827","0","0","0","","NO","0.715"
"20260916","Food","Coffee & Tea","커피믹스","맥널티커피","FC","29461862","맥널티 아메리카노 아이스 블랙 100개입","8804645006081","발주가능","정상","240","59","254","5850","0","0","0","","NO","0.715"
"20260916","Food","Coffee & Tea","커피믹스","맥널티커피","RC","38933766","맥널티커피 스테비아 디카페인 커피믹스, 1개, 100개입 9.5g","8804645006890","발주가능","정상","0","0","360","18850","0","0","0","","NO","0.715"
"20260916","Food","Coffee & Tea","커피믹스","맥널티커피","FC","38933766","맥널티커피 스테비아 디카페인 커피믹스, 1개, 100개입 9.5g","8804645006890","발주가능","정상","48","64","417","18850","0","0","0","","NO","0.715"
"20260916","Food","Coffee & Tea","커피믹스","맥널티커피","FC","40806729","맥널티 스테비아 디카페인 커피믹스, 1개, 30개입, 285g","8804645006777","발주가능","정상","0","37","286","7027","0","0","0","","NO","0.715"
"20260916","Food","Coffee & Tea","커피믹스","맥널티커피","FC","46730880","산양유 단백질 프로틴 스테비아 커피믹스, 1개, 30개입, 300g","8804645007194","발주가능","정상","0","6","64","6243","0","0","0","","NO","0.715"
"20260916","Food","Coffee & Tea","커피믹스","맥널티커피","FC","47303765","산양유 단백질 프로틴 스테비아 커피믹스, 1개, 100개입, 1000g","8804645007187","발주가능","정상","64","0","64","19988","0","0","0","","YES","0.715"
"20260916","Food","Coffee & Tea","커피믹스","맥널티커피","FC","56214466","맥널티커피 아이브루 바닐라 라떼,12g x 100개입(스틱), 1200g , 1개","8804645007460","발주가능","정상","8","15","108","12543","0","0","0","","NO","0.715"
"20260916","Food","Coffee & Tea","커피믹스","맥널티커피","FC","56214467","맥널티커피 아이브루 카라멜 마끼아또, 12g x 100개입(스틱), 1200g , 1개","8804645007484","발주가능","정상","0","13","95","12543","0","0","0","","NO","0.715"
"20260916","Food","Coffee & Tea","커피믹스","맥널티커피","FC","63447822","스테비아 커피믹스 헤이즐넛향 9.5g 30개입 1개","8804645007637","발주가능","정상","0","30","134","4827","0","0","0","","NO","0.715"
"20260916","Food","Coffee & Tea","커피믹스","맥널티커피","FC","64859139","맥널티 스테비아 솔티드 카라멜 커피믹스 10g 1개 30개입","8804645007668","발주가능","정상","0","5","101","5670","0","0","0","","NO","0.715"
"20260916","Food","Coffee & Tea","커피믹스","맥널티커피","RC","69526598","맥널티 갓성비 제로슈가 커피믹스, 1개, 80개입, 9g","8804645007842","발주가능","정상","0","0","64","8805","0","0","0","","NO","0.715"
"20260916","Food","Coffee & Tea","커피믹스","맥널티커피","FC","69526598","맥널티 갓성비 제로슈가 커피믹스, 1개, 80개입, 9g","8804645007842","발주가능","정상","0","50","103","8805","0","0","0","","NO","0.715"
"20260916","Food","Coffee & Tea","커피믹스","맥널티커피","FC","69634259","맥널티커피 스테비아 커피믹스 헤이즐넛향, 9.5g, 100개입, 1개","8804645007811","발주가능","정상","0","10","32","14261","0","0","0","","NO","0.715"
"20260916","Food","Coffee & Tea","커피믹스","맥널티커피","FC","71115721","호랭이 커피믹스 고소한 오곡향, 1개, 160개입, 9.5g","8804645007880","발주가능","정상","0","8","65","14261","0","0","0","","NO","0.715"
"20260916","Food","Coffee & Tea","커피믹스","맥널티커피","FC","71115722","호랭이 커피믹스 고소한 오곡향, 1개, 20개입, 9.5g","8804645007897","발주가능","정상","0","8","125","2806","0","0","0","","NO","0.715"
"20260916","Food","Coffee & Tea","커피믹스","아이브루","RC","2341900","맥널티 iBrew 미니 헤이즐넛향 200개입(200g)","8804645000515","발주가능","정상","0","0","1080","9917","0","0","0","","NO","0.715"
"20260916","Food","Coffee & Tea","커피믹스","아이브루","SFJEJ2","2341900","맥널티 iBrew 미니 헤이즐넛향 200개입(200g)","8804645000515","발주가능","정상","0","2","0","9917","0","0","0","","NO","0.715"
"20260916","Food","Coffee & Tea","커피믹스","아이브루","FC","2341900","맥널티 iBrew 미니 헤이즐넛향 200개입(200g)","8804645000515","발주가능","정상","0","75","1026","9917","0","0","0","","NO","0.715"
"20260916","Food","Coffee & Tea","커피믹스","아이브루","SFODD2","2341900","맥널티 iBrew 미니 헤이즐넛향 200개입(200g)","8804645000515","발주가능","정상","0","0","2","9917","0","0","0","","NO","0.715"
"20260916","Food","Coffee & Tea","커피믹스","아이브루","FC","3067423","아이브루 헤이즐넛향 70개입","8804645000706","발주가능","정상","0","13","267","4025","0","0","0","","NO","0.715"
"20260916","Food","Coffee & Tea","커피믹스","아이브루","FC","3067424","아이브루 케냐AA 블렌드 70개입","8804645000690","발주가능","정상","48","1","101","6205","0","0","0","","NO","0.715"
"20260916","Food","Coffee & Tea","커피믹스","아이브루","FC","3067425","아이브루 예가체프 블렌드 70개입","8804645000683","발주가능","정상","0","3","25","6205","0","0","0","","NO","0.715"
"20260916","Food","Coffee & Tea","커피믹스","프라이빗클럽","SFSPA3","3067428","인스턴트 병커피 헤이즐넛향 50g","9311931105162","발주가능","정상","0","1","0","2300","0","0","0","","NO","0.715"
"20260916","Food","Coffee & Tea","커피믹스","프라이빗클럽","FC","3067428","인스턴트 병커피 헤이즐넛향 50g","9311931105162","발주가능","정상","1200","154","3860","2300","0","0","0","","NO","0.715"
"20260916","Food","Coffee & Tea","커피세트","맥널티커피","FC","26870612","[2026 추석세트] 맥널티 핸드드립 버라이어티세트 30개입","8804645006258","발주가능","정상","0","18","1444","9395","0","0","0","","NO","0.894"
"20260916","Food","Coffee & Tea","커피세트","맥널티커피","FC","54651094","인스턴트 원두 병커피 맥널티커피 선물세트 50g x 4개입(에스프레소 2병+헤이즐넛 2병), 1세트","8804645007408","발주가능","정상","0","0","0","15305","0","0","0","","YES","0.894"
"20260916","Food","Drinks","과일음료","맥널티커피","RC","24752132","청포도 에이드 190mL 10팩","8804645005893","발주가능","정상","0","0","273","3486","0","0","0","","NO","0.799"
"20260916","Food","Drinks","과일음료","맥널티커피","FC","24752132","청포도 에이드 190mL 10팩","8804645005893","발주가능","정상","0","12","590","3486","0","0","0","","NO","0.799"
"20260916","Food","Drinks","과일음료","맥널티커피","SFJEJ2","24752132","청포도 에이드 190mL 10팩","8804645005893","발주가능","정상","0","2","0","3486","0","0","0","","NO","0.799"
"20260916","Food","Drinks","과일음료","맥널티커피","SFSPA3","24752132","청포도 에이드 190mL 10팩","8804645005893","발주가능","정상","0","0","3","3486","0","0","0","","NO","0.799"
"20260916","Food","Drinks","과일음료","맥널티커피","FC","24752250","블루레몬 에이드 190mL 10팩","8804645005909","발주가능","정상","0","15","445","3486","0","0","0","","NO","0.799"
"20260916","Food","Drinks","과일음료","맥널티커피","RC","24752250","블루레몬 에이드 190mL 10팩","8804645005909","발주가능","정상","0","0","237","3486","0","0","0","","NO","0.799"
"20260916","Food","Drinks","과일음료","맥널티커피","FC","45580036","맥널티 청매실 에이드 190ml*10개입","8804645007071","발주가능","정상","0","12","144","3486","0","0","0","","NO","0.799"
"20260916","Food","Drinks","농축액(음료베이스)","맥널티","FC","51983601","물 한방울 섞이지 않은 김토끼 유기농 레몬즙, 10개, 20g","8804645007361","발주가능","정상","0","0","51","4077","0","0","0","","NO","0.701"
"20260916","Food","Drinks","농축액(음료베이스)","맥널티","FC","58338694","티브루 보리차 원액 간편 액상스틱 진액, 30개, 10ml","8804645007590","발주가능","정상","0","50","1946","5259","0","0","0","","NO","0.701"
"20260916","Food","Drinks","농축액(음료베이스)","맥널티","FC","58338695","티브루 옥수수수염차 원액 간편 액상스틱 진액, 30개, 10ml","8804645007606","발주가능","정상","0","33","858","5259","0","0","0","","NO","0.701"
"20260916","Food","Drinks","농축액(음료베이스)","맥널티","FC","58338696","티브루 헛개수 원액 간편 액상스틱 진액, 30개, 10ml","8804645007613","발주가능","정상","0","31","588","5259","0","0","0","","NO","0.701"
"20260916","Food","Drinks","농축액(음료베이스)","맥널티","SFJEJ2","58338696","티브루 헛개수 원액 간편 액상스틱 진액, 30개, 10ml","8804645007613","발주가능","정상","0","0","2","5259","0","0","0","","NO","0.701"
"20260916","Food","Drinks","농축액(음료베이스)","맥널티커피","FC","62882483","티브루 보리차 진액, 1개, 400g","8804645007651","발주가능","정상","0","8","94","7623","0","0","0","","NO","0.701"
"20260916","Food","Drinks","농축액(음료베이스)","맥널티커피","FC","71636537","맥널티 티브루 호박팥차 무라벨, 20개, 500ml","8804645007934","발주가능","정상","0","122","77","8795","0","0","0","","NO","0.701"
"20260916","Food","Drinks","야채음료","맥널티커피","FC","48914233","맥널티 유자 에이드 190ml 10개","8804645007217","발주가능","정상","0","1","286","3486","0","0","0","","NO","0.597"
"20260916","Food","Drinks","차음료","맥널티커피","FC","24752251","복숭아 아이스티 190mL 10팩","8804645005886","발주가능","정상","0","11","253","3486","0","0","0","","NO","0.690"
"20260916","Food","Drinks","차음료","맥널티커피","RC","24752251","복숭아 아이스티 190mL 10팩","8804645005886","발주가능","정상","0","0","258","3486","0","0","0","","NO","0.690"
"20260916","Food","Drinks","차음료","맥널티커피","SFJEJ2","24752251","복숭아 아이스티 190mL 10팩","8804645005886","발주가능","정상","0","0","2","3486","0","0","0","","NO","0.690"
"20260916","Food","Drinks","차음료","맥널티커피","FC","24944267","맥널티 허니자몽 블랙티 대용량 파우치 1Lx6입","18804645005951","발주가능","정상","0","3","60","10252","0","0","0","","NO","0.690"
"20260916","Food","Drinks","차음료","맥널티커피","FC","24944268","맥널티 복숭아 아이스티 대용량 파우치 1Lx6입","18804645005944","발주가능","정상","0","2","72","10252","0","0","0","","NO","0.690"
"20260916","Food","Drinks","차음료","맥널티커피","FC","26889711","맥널티 제로칼로리 복숭아 아이스티 500ml 24입","18804645006101","발주가능","정상","0","7","298","12205","0","0","0","","NO","0.690"
"20260916","Food","Drinks","차음료","맥널티커피","FC","36669698","제로 아이스티 복숭아, 30개입, 13g","8804645006791","발주가능","정상","16","5","58","5850","0","0","0","","NO","0.690"
"20260916","Food","Drinks","차음료","맥널티커피","FC","36829225","맥널티 제로칼로리 청포도 아이스티 500mlx24입,","18804645006538","발주가능","정상","0","5","78","12205","0","0","0","","NO","0.690"
"20260916","Food","Drinks","차음료","맥널티커피","FC","36829226","제로 아이스티 청포도, 30개입, 13g 1개","8804645006807","발주가능","정상","0","3","70","5850","0","0","0","","NO","0.690"
"20260916","Food","Drinks","차음료","맥널티커피","FC","36863185","맥널티 대용량 제로칼로리 복숭아 아이스티 1.5L 12개","18804645006736","일시중단","단종예정","0","0","0","17427","0","0","0","","YES","0.690"
"20260916","Food","Drinks","차음료","맥널티커피","FC","38262417","복숭아 아이스티 제로, 6개, 1L","18804645006873","발주가능","정상","0","0","38","10577","0","0","0","","NO","0.690"
"20260916","Food","Drinks","차음료","맥널티커피","FC","40520042","맥널티커피 복숭아 아이스티 제로 RTD, 30개, 240ml","18804645006835","발주가능","정상","0","5","307","8795","0","0","0","","NO","0.690"
"20260916","Food","Drinks","차음료","맥널티커피","RC","61673272","맥널티커피 복숭아 아이스티 제로, 1.5L, 1개","8804645006739","발주가능","정상","0","0","1872","1364","0","0","0","","NO","0.690"
"20260916","Food","Drinks","차음료","맥널티커피","SFJEJ2","61673272","맥널티커피 복숭아 아이스티 제로, 1.5L, 1개","8804645006739","발주가능","정상","0","0","8","1364","0","0","0","","NO","0.690"
"20260916","Food","Drinks","차음료","맥널티커피","FC","61673272","맥널티커피 복숭아 아이스티 제로, 1.5L, 1개","8804645006739","발주가능","정상","0","139","1884","1364","0","0","0","","NO","0.690"
"20260916","Food","Drinks","차음료","맥널티커피","SFSPA3","61673272","맥널티커피 복숭아 아이스티 제로, 1.5L, 1개","8804645006739","발주가능","정상","0","6","1","1364","0","0","0","","NO","0.690"
"20260916","Food","Drinks","차음료","맥널티커피","FC","73944650","맥널티 복숭아 아이스티 대용량 파우치, 1개, 2.1L","8804645007965","발주가능","정상","0","80","2316","2413","0","0","0","","NO","0.690"
"20260916","Food","Drinks","차음료","맥널티커피","SFJEJ2","73944650","맥널티 복숭아 아이스티 대용량 파우치, 1개, 2.1L","8804645007965","발주가능","정상","0","0","1","2413","0","0","0","","NO","0.690"
"20260916","Food","Drinks","차음료","맥널티커피","SFSPA3","73944650","맥널티 복숭아 아이스티 대용량 파우치, 1개, 2.1L","8804645007965","발주가능","정상","0","2","3","2413","0","0","0","","NO","0.690"
"20260916","Food","Drinks","차음료","맥널티커피","FC","75850021","맥널티 허니자몽 블랙티, 1L, 1개","8804645005954","발주가능","정상","0","8","295","1714","0","0","0","","NO","0.690"
"20260916","Food","Drinks","커피음료","맥널티커피","FC","24695530","아이스 헤이즐넛향 커피 190mL 10팩","8804645005879","발주가능","정상","0","34","394","3486","0","0","0","","NO","0.688"
"20260916","Food","Drinks","커피음료","맥널티커피","RC","24695530","아이스 헤이즐넛향 커피 190mL 10팩","8804645005879","발주가능","정상","0","0","273","3486","0","0","0","","NO","0.688"
"20260916","Food","Drinks","커피음료","맥널티커피","FC","24695531","아이스 아메리카노 스위트 190mL 10팩","8804645005862","발주가능","정상","0","22","274","3486","0","0","0","","NO","0.688"
"20260916","Food","Drinks","커피음료","맥널티커피","RC","24695531","아이스 아메리카노 스위트 190mL 10팩","8804645005862","발주가능","정상","0","0","1365","3486","0","0","0","","NO","0.688"
"20260916","Food","Drinks","커피음료","맥널티커피","SFJEJ2","24695531","아이스 아메리카노 스위트 190mL 10팩","8804645005862","발주가능","정상","0","1","1","3486","0","0","0","","NO","0.688"
"20260916","Food","Drinks","커피음료","맥널티커피","RC","24695532","아이스 아메리카노 블랙 190mL 10팩","8804645005855","발주가능","정상","0","0","273","3486","0","0","0","","NO","0.688"
"20260916","Food","Drinks","커피음료","맥널티커피","FC","24695532","아이스 아메리카노 블랙 190mL 10팩","8804645005855","발주가능","정상","0","17","477","3486","0","0","0","","NO","0.688"
"20260916","Food","Drinks","커피음료","맥널티커피","SFODD2","24695532","아이스 아메리카노 블랙 190mL 10팩","8804645005855","발주가능","정상","0","0","2","3486","0","0","0","","NO","0.688"
"20260916","Food","Drinks","커피음료","맥널티커피","FC","25484251","맥널티커피 아메리카노 스위트 1Lx6입","18804645005920","발주가능","정상","0","4","115","10252","0","0","0","","NO","0.688"
"20260916","Food","Drinks","커피음료","맥널티커피","FC","25484255","맥널티 아이스 아메리카노 블랙커피 대용량 파우치 1Lx6입","18804645005913","발주가능","정상","0","3","47","10252","0","0","0","","NO","0.688"
"20260916","Food","Drinks","커피음료","맥널티커피","FC","25484257","맥널티 아이스 헤이즐넛향 커피 대용량 파우치 1Lx6입","18804645005937","발주가능","정상","0","1","88","10252","0","0","0","","NO","0.688"
"20260916","Food","Drinks","커피음료","맥널티커피","FC","48466205","맥널티 대용량 제로슈가 스테비아 믹스커피 음료, 12개, 1L","18804645007290","발주가능","정상","0","21","80","17067","0","0","0","","NO","0.688"
"20260916","Food","Drinks","커피음료","맥널티커피","RC","48466205","맥널티 대용량 제로슈가 스테비아 믹스커피 음료, 12개, 1L","18804645007290","발주가능","정상","0","0","80","17067","0","0","0","","NO","0.688"
"20260916","Food","Drinks","커피음료","맥널티커피","FC","54922706","맥널티 대용량 제로슈가 스테비아 믹스커피 음료, 1L, 6개","8804645007323","발주가능","정상","0","36","842","8805","0","0","0","","NO","0.688"
"20260916","Food","Drinks","커피음료","맥널티커피","FC","68778940","맥널티 아이브루 아메리카노 블랙커피 12개 1L","18804645007306","발주가능","정상","1360","211","2771","12205","0","0","0","","NO","0.688"
"20260916","Food","Drinks","커피음료","맥널티커피","RC","68778940","맥널티 아이브루 아메리카노 블랙커피 12개 1L","18804645007306","발주가능","정상","0","0","160","12205","0","0","0","","NO","0.688"
"20260916","Food","Drinks","커피음료","맥널티커피","FC","68778941","맥널티 아이브루 헤이즐넛향 블랙커피 12개 1L","18804645007504","발주가능","정상","160","58","512","12205","0","0","0","","NO","0.688"
"20260916","Food","Drinks","커피음료","맥널티커피","RC","68778941","맥널티 아이브루 헤이즐넛향 블랙커피 12개 1L","18804645007504","발주가능","정상","0","0","160","12205","0","0","0","","NO","0.688"
"20260916","Food","Drinks","커피음료","맥널티커피","FC","68778942","아이브루 아메리카노 블랙커피 무라벨 400ML 20개","8804645007491","발주가능","정상","1092","244","2152","12205","0","0","0","","NO","0.688"
"20260916","Food","Drinks","커피음료","맥널티커피","RC","68778942","아이브루 아메리카노 블랙커피 무라벨 400ML 20개","8804645007491","발주가능","정상","0","0","455","12205","0","0","0","","NO","0.688"
"20260916","Food","Drinks","커피음료","맥널티커피","SFSPA3","73951791","맥널티 아이스 아메리카노 블랙 커피 대용량 파우치, 1개, 2.1L","8804645007958","발주가능","정상","0","11","24","2413","0","0","0","","NO","0.688"
"20260916","Food","Drinks","커피음료","맥널티커피","SFJEJ2","73951791","맥널티 아이스 아메리카노 블랙 커피 대용량 파우치, 1개, 2.1L","8804645007958","발주가능","정상","0","19","1","2413","0","0","0","","NO","0.688"
"20260916","Food","Drinks","커피음료","맥널티커피","FC","73951791","맥널티 아이스 아메리카노 블랙 커피 대용량 파우치, 1개, 2.1L","8804645007958","발주가능","정상","42","499","3799","2413","0","0","0","","NO","0.688"
"20260916","Food","Drinks","커피음료","맥널티커피","RC","73951791","맥널티 아이스 아메리카노 블랙 커피 대용량 파우치, 1개, 2.1L","8804645007958","발주가능","정상","0","0","10102","2413","0","0","0","","NO","0.688"
"20260916","Food","Drinks","커피음료","맥널티커피","SFSPA3","75683093","맥널티 아이스 아메리카노 블랙 1리터, 1L, 1개","8804645005916","발주가능","정상","0","0","1","1714","0","0","0","","NO","0.688"
"20260916","Food","Drinks","커피음료","맥널티커피","SFJEJ2","75683093","맥널티 아이스 아메리카노 블랙 1리터, 1L, 1개","8804645005916","발주가능","정상","0","0","1","1714","0","0","0","","NO","0.688"
"20260916","Food","Drinks","커피음료","맥널티커피","FC","75683093","맥널티 아이스 아메리카노 블랙 1리터, 1L, 1개","8804645005916","발주가능","정상","0","14","1185","1714","0","0","0","","NO","0.688"
"20260916","Food","Drinks","커피음료","맥널티커피","FC","75694561","맥널티커피 아이스 아메리카노 헤이즐넛, 1개, 1L","8804645005930","발주가능","정상","0","59","1747","1714","0","0","0","","NO","0.688"
"20260916","Food","Drinks","커피음료","맥널티커피","FC","75765043","맥널티 아이스아메리카노 스위트, 1개, 1L","8804645005923","발주가능","정상","0","47","1817","1714","0","0","0","","NO","0.688"
"20260916","Food","Drinks","커피음료","맥널티커피","SFSPA3","75765043","맥널티 아이스아메리카노 스위트, 1개, 1L","8804645005923","발주가능","정상","0","0","2","1714","0","0","0","","NO","0.688"
"20260916","Food","Drinks","커피음료","맥널티커피","FC","76540319","맥널티 호랭이 마일드 라떼 캔커피, 30개, 175ml","18804645008013","발주가능","정상","0","83","832","8523","0","0","0","","NO","0.688"
"20260916","Food","Drinks","커피음료","맥널티커피","RC","77572705","맥널티 아이스 아메리카노 헤이즐넛, 1개, 2.1L","8804645008030","발주가능","정상","0","0","1560","2413","0","0","0","","NO","0.688"
"20260916","Food","Drinks","커피음료","맥널티커피","FC","77572705","맥널티 아이스 아메리카노 헤이즐넛, 1개, 2.1L","8804645008030","발주가능","정상","0","174","1521","2413","0","0","0","","NO","0.688"
"20260916","Food","Drinks","커피음료","아이브루","RC","70253954","아이브루 디카페인 아메리카노 블랙커피 무라벨, 20개, 400ml","8804645007903","발주가능","정상","0","0","364","13500","0","0","0","","NO","0.688"
"20260916","Food","Drinks","커피음료","아이브루","FC","70253954","아이브루 디카페인 아메리카노 블랙커피 무라벨, 20개, 400ml","8804645007903","발주가능","정상","0","75","223","13500","0","0","0","","NO","0.688"
"20260916","Kitchen","Tools & Gadgets","드립주전자/포트","맥널티커피","FC","15333511","맥널티 드립 주전자 350ml","8804645004490","발주가능","정상","19","3","35","5044","0","0","0","","NO","0.784"
"20260916","Kitchen","Tools & Gadgets","커피필터/여과지","맥널티","FC","12491225","맥널티 핸드드립 커피필터 30개입","8804645300950","발주가능","정상","0","72","1273","2642","0","0","0","","NO","0.531"
"20260916","Kitchen","Tools & Gadgets","커피필터/여과지","맥널티","SFSPA3","12491225","맥널티 핸드드립 커피필터 30개입","8804645300950","발주가능","정상","0","2","0","2642","0","0","0","","NO","0.531"
"20260916","Kitchen","Tools & Gadgets","커피필터/여과지","맥널티","SFJEJ2","12491225","맥널티 핸드드립 커피필터 30개입","8804645300950","발주가능","정상","0","0","2","2642","0","0","0","","NO","0.531"
"20260915","CE","Kitchen Appliance","커피머신","맥널티커피","FC","31602405","맥널티 2in1 핫앤콜드 진공추출 커피메이커 MCM-065B MCM-065B","8804645006296","발주가능","정상","4","0","14","30859","1","1","0","","NO","0.787"
"20260915","Food","Coffee & Tea","기타전통차","맥널티커피","FC","39149736","맥널티 스테비아 침향 쌍화차, 1개, 30개입, 450g","8804645006913","발주가능","정상","0","0","98","8536","0","0","0","","NO","0.726"
"20260915","Food","Coffee & Tea","기타전통차","맥널티커피","FC","41175263","맥널티커피 스테비아 꿀 유자차, 1개, 30개입, 450g","8804645006951","발주가능","정상","0","2","90","7388","0","0","0","","NO","0.726"
"20260915","Food","Coffee & Tea","둥글레/옥수수/보리/결명자차","맥널티커피","FC","76230458","맥널티 진 보리차 1개 1kg","8804645007996","발주가능","정상","0","0","25","15209","0","0","0","","NO","0.607"
"20260915","Food","Coffee & Tea","드립백/티백","맥널티","FC","3067432","산지별 콜롬비아 슈프리모 핸드드립커피 7개입","8804645000324","발주가능","정상","0","3","264","3043","0","0","0","","NO","0.725"
"20260915","Food","Coffee & Tea","드립백/티백","맥널티","FC","10003518","케냐 AA 핸드드립 블렌드 24개입","8804645000720","발주가능","정상","0","25","73","6068","0","0","0","","NO","0.725"
"20260915","Food","Coffee & Tea","드립백/티백","맥널티커피","FC","3067429","산지별 브라질 세라도 NY2 핸드드립커피 7개입","8804645000300","발주가능","정상","0","1","34","2887","0","0","0","","NO","0.725"
"20260915","Food","Coffee & Tea","드립백/티백","맥널티커피","FC","3067430","산지별 케냐 AA 핸드드립커피 7개입","8804645000355","발주가능","정상","16","6","53","3062","0.5","0.5","0","","NO","0.725"
"20260915","Food","Coffee & Tea","드립백/티백","맥널티커피","FC","3067433","산지별 에티오피아 코케 허니 핸드드립커피 7개입","8804645000348","발주가능","정상","0","1","67","2910","0","0","0","","NO","0.725"
"20260915","Food","Coffee & Tea","드립백/티백","맥널티커피","FC","3067434","산지별 에티오피아 예가체프 핸드드립커피 7개입","8804645000331","발주가능","정상","0","5","81","3184","0","0","0","","NO","0.725"
"20260915","Food","Coffee & Tea","드립백/티백","맥널티커피","FC","10003517","콜롬비아 핸드드립 블렌드 24개입","8804645000713","발주가능","정상","0","0","0","5977","0","0","0","","YES","0.725"
"20260915","Food","Coffee & Tea","드립백/티백","맥널티커피","FC","23400108","맥널티 디카페인100% 핸드드립 원두커피 24개입","8804645005732","발주가능","정상","0","6","62","9395","0","0","0","","NO","0.725"
"20260915","Food","Coffee & Tea","드립백/티백","맥널티커피","FC","37713094","맥널티 핸드드립커피 케냐AA(더블에이) 36개입, 8g, 1개","8804645006616","발주가능","정상","0","39","24","11759","0","0","0","","NO","0.725"
"20260915","Food","Coffee & Tea","드립백/티백","맥널티커피","FC","37713095","맥널티 핸드드립커피 에티오피아 예가체프 36개입, 8g, 1개","8804645006623","발주가능","정상","0","0","19","10577","0","0","0","","NO","0.725"
"20260915","Food","Coffee & Tea","드립백/티백","맥널티커피","FC","41391235","맥널티 행복을주는커피 시그니처 블렌드 핸드드립 커피 20개입, 1개, 8g","8804645003653","발주가능","정상","0","51","4","6795","0","0","0","","YES","0.725"
"20260915","Food","Coffee & Tea","드립백/티백","맥널티커피","FC","62821923","맥널티 핸드드립 커피 에티오피아 예가체프 8g 24개입 1개","8804645006920","발주가능","정상","0","2","40","9679","0","0","0","","NO","0.725"
"20260915","Food","Coffee & Tea","드립백/티백","맥널티커피","FC","68147033","베니스브루 스페셜티 핸드드립 가향 커피 오렌지 벨벳, 1개, 7개입, 12g","8804645007712","발주가능","정상","0","1","20","5143","0","0","0","","NO","0.725"
"20260915","Food","Coffee & Tea","드립백/티백","맥널티커피","FC","68147034","베니스브루 스페셜티 핸드드립 가향 커피 쇼콜라 모카, 1개, 7개입, 12g","8804645007729","발주가능","정상","0","1","33","5143","0","0","0","","NO","0.725"
"20260915","Food","Coffee & Tea","드립백/티백","맥널티커피","FC","68777449","베니스브루 베리 블로썸 드립백 커피 12g 1개 7개입","8804645007705","발주가능","정상","12","0","24","5143","1","1","0","","NO","0.725"
"20260915","Food","Coffee & Tea","라떼분말","맥널티커피","FC","34834818","맥널티 스테비아 제로슈가 핫초코 라떼 30개입 15g","8804645006340","발주가능","정상","90","20","520","7500","1","1","0","","NO","0.584"
"20260915","Food","Coffee & Tea","라떼분말","맥널티커피","FC","51063548","스테비아 단백질 옥수수 크림 라떼, 1개, 20개입, 18g","8804645007330","발주가능","정상","0","0","0","5850","0","0","0","","YES","0.584"
"20260915","Food","Coffee & Tea","라떼분말","맥널티커피","FC","51164938","스테비아 단백질 고구마 크림 라떼, 1개, 20개입, 18g","8804645007347","발주가능","정상","0","1","23","5850","0","0","0","","NO","0.584"
"20260915","Food","Coffee & Tea","원두","N_A","FC","76443755","맥널티 브라질 세라도 NY.2 원두 1kg, 1개","8804645006425","발주가능","정상","0","2","248","17609","0","0","0","","NO","0.896"
"20260915","Food","Coffee & Tea","원두","맥널티커피","RC","45570","맥널티_헤이즐넛원두분쇄커피_226G","8804645100208","발주가능","정상","0","0","128","5000","0","0","0","","NO","0.896"
"20260915","Food","Coffee & Tea","원두","맥널티커피","FC","45570","맥널티_헤이즐넛원두분쇄커피_226G","8804645100208","발주가능","정상","0","78","758","5000","0","0","0","","NO","0.896"
"20260915","Food","Coffee & Tea","원두","맥널티커피","SFSPA3","45570","맥널티_헤이즐넛원두분쇄커피_226G","8804645100208","발주가능","정상","0","2","5","5000","0","0","0","","NO","0.896"
"20260915","Food","Coffee & Tea","원두","맥널티커피","SFJEJ2","45570","맥널티_헤이즐넛원두분쇄커피_226G","8804645100208","발주가능","정상","0","2","3","5000","0","0","0","","NO","0.896"
"20260915","Food","Coffee & Tea","원두","맥널티커피","SFJEJ2","45572","맥널티_헤이즐넛원두분쇄커피_500G","8804645100468","발주가능","정상","0","0","8","7960","0","0","0","","NO","0.896"
"20260915","Food","Coffee & Tea","원두","맥널티커피","FC","45572","맥널티_헤이즐넛원두분쇄커피_500G","8804645100468","발주가능","정상","0","60","734","7960","0","0","0","","NO","0.896"
"20260915","Food","Coffee & Tea","원두","맥널티커피","SFSPA3","45572","맥널티_헤이즐넛원두분쇄커피_500G","8804645100468","발주가능","정상","0","0","15","7960","0","0","0","","NO","0.896"
"20260915","Food","Coffee & Tea","원두","맥널티커피","RC","45573","맥널티_블루마운틴스타일원두분쇄커피_500G","8804645100451","발주가능","정상","0","0","640","11091","0","0","0","","NO","0.896"
"20260915","Food","Coffee & Tea","원두","맥널티커피","FC","45573","맥널티_블루마운틴스타일원두분쇄커피_500G","8804645100451","발주가능","정상","0","29","174","11091","0","0","0","","NO","0.896"
"20260915","Food","Coffee & Tea","원두","맥널티커피","FC","5344648","맥널티 원두 에스프레소 블랙 1개, 1kg","8804645001239","발주불가","단종","0","0","1","9156","0","0","0","","YES","0.896"
"20260915","Food","Coffee & Tea","원두","맥널티커피","FC","10147177","맥널티 홀빈 블루마운틴 1000g","8804645006302","발주가능","정상","120","6","159","15715","1","1","0","","NO","0.896"
"20260915","Food","Coffee & Tea","원두","맥널티커피","FC","10147180","맥널티 행복을 주는 커피 헤이즐넛향 1kg 홀빈","8804645100185","발주가능","정상","48","24","152","15244","1","1","0","","NO","0.896"
"20260915","Food","Coffee & Tea","원두","맥널티커피","SFJEJ2","10812901","맥널티 베트남 로부스타 원두커피 1kg","8804645003066","발주가능","정상","0","0","2","11700","0","0","0","","NO","0.896"
"20260915","Food","Coffee & Tea","원두","맥널티커피","FC","10812901","맥널티 베트남 로부스타 원두커피 1kg","8804645003066","발주가능","정상","0","32","191","11700","0","0","0","","NO","0.896"
"20260915","Food","Coffee & Tea","원두","맥널티커피","RC","10812901","맥널티 베트남 로부스타 원두커피 1kg","8804645003066","발주가능","정상","0","0","400","11700","0","0","0","","NO","0.896"
"20260915","Food","Coffee & Tea","원두","맥널티커피","FC","11849981","행복을 주는 커피 블루마운틴 블렌드 분쇄 원두 커피 1kg","8804645003486","발주가능","정상","0","18","54","16364","0","0","0","","NO","0.896"
"20260915","Food","Coffee & Tea","원두","맥널티커피","FC","12521866","맥널티 행복을 주는 커피 시그니처 헤이즐넛향 원두 커피 1Kg","8804645003493","발주가능","정상","0","24","39","16364","0","0","0","","NO","0.896"
"20260915","Food","Coffee & Tea","원두","맥널티커피","RC","12521866","맥널티 행복을 주는 커피 시그니처 헤이즐넛향 원두 커피 1Kg","8804645003493","발주가능","정상","0","0","216","16364","0","0","0","","NO","0.896"
"20260915","Food","Coffee & Tea","원두","맥널티커피","FC","13277718","맥널티 행복을 주는 커피 브라질 산토스 1kg","8804645003936","발주가능","정상","0","13","82","14091","0","0","0","","NO","0.896"
"20260915","Food","Coffee & Tea","원두","맥널티커피","FC","13277719","맥널티 행복을 주는 커피 콜롬비아 블렌드 1kg","8804645003929","발주가능","정상","100","35","514","15599","1","1","0","","NO","0.896"
"20260915","Food","Coffee & Tea","원두","맥널티커피","FC","37733154","맥널티 원두 홀빈(분쇄안함) 마일드 미디움 블렌드 200g, 1개","8804645005374","발주가능","정상","0","1","19","5791","0","0","0","","NO","0.896"
"20260915","Food","Coffee & Tea","원두","맥널티커피","FC","38710869","맥널티 홀빈 커피원두, 마일드 미디움 블렌드 1kg, 1개","8804645005329","발주가능","정상","0","0","14","16364","0","0","0","","NO","0.896"
"20260915","Food","Coffee & Tea","원두","맥널티커피","FC","38710870","맥널티 홀빈 커피원두, 콜롬비아 안데스 오리진 1kg, 1개","8804645005343","발주가능","정상","0","3","70","16364","0","0","0","","NO","0.896"
"20260915","Food","Coffee & Tea","원두","맥널티커피","FC","38710872","맥널티 홀빈 커피원두, 시그니처 블렌드 1kg, 1개","8804645005312","발주가능","정상","0","3","90","16364","0","0","0","","NO","0.896"
"20260915","Food","Coffee & Tea","원두","맥널티커피","FC","38813491","맥널티 홀빈 원두 1KG, 브라질 산토스 내추럴, 1개","8804645005350","발주가능","정상","0","17","102","11364","0","0","0","","NO","0.896"
"20260915","Food","Coffee & Tea","원두","맥널티커피","FC","38919334","맥널티 에티오피아 예가체프 홀빈 원두, 1kg, 1개","8804645006852","발주가능","정상","12","11","24","16364","1","1","0","","NO","0.896"
"20260915","Food","Coffee & Tea","원두","맥널티커피","FC","39616644","맥널티 예맨 모카 블렌드 커피 원두, 홀빈(분쇄안함), 500g, 1개","8804645006692","발주가능","정상","0","0","14","11400","0","0","0","","NO","0.896"
"20260915","Food","Coffee & Tea","원두","맥널티커피","FC","39616645","맥널티 시그니처 디카페인 커피 원두, 홀빈(분쇄안함), 500g, 1개","8804645006937","발주가능","정상","0","4","43","12545","0","0","0","","NO","0.896"
"20260915","Food","Coffee & Tea","원두","맥널티커피","FC","39616646","맥널티 게이샤 블렌드 커피 원두, 홀빈(분쇄안함), 500g, 1개","8804645006708","발주가능","정상","0","0","0","11400","0","0","0","","YES","0.896"
"20260915","Food","Coffee & Tea","원두","맥널티커피","FC","39616647","맥널티 하와이안 코나 블렌드 커피 원두, 홀빈(분쇄안함), 500g, 1개","8804645006685","발주가능","정상","0","2","27","11400","0","0","0","","NO","0.896"
"20260915","Food","Coffee & Tea","원두","맥널티커피","FC","48074657","맥널티 브라질 세라도 분쇄 원두 커피, 1개, 500g","8804645007262","발주가능","정상","0","7","84","9395","0","0","0","","NO","0.896"
"20260915","Food","Coffee & Tea","원두","맥널티커피","FC","48074658","맥널티 콜롬비아 안데스 분쇄 원두 커피, 1개, 500g","8804645007255","발주가능","정상","0","6","34","9986","0","0","0","","NO","0.896"
"20260915","Food","Coffee & Tea","원두","맥널티커피","FC","48074659","맥널티 에티오피아 예가체프 분쇄 원두 커피, 1개, 500g","8804645007231","발주가능","정상","0","10","28","9986","0","0","0","","NO","0.896"
"20260915","Food","Coffee & Tea","원두","맥널티커피","FC","58681130","콜롬비아 안데스 오리진 분쇄 커피 원두 1개 226g 핸드드립","8804645007552","발주가능","정상","0","3","8","7159","0","0","0","","NO","0.896"
"20260915","Food","Coffee & Tea","원두","맥널티커피","FC","58681131","브라질 산토스 오리진 분쇄 커피 원두, 226g, 1개, 핸드드립","8804645007545","발주가능","정상","0","1","0","7159","0","0","0","","YES","0.896"
"20260915","Food","Coffee & Tea","원두","맥널티커피","FC","58765769","게이샤 블렌드 분쇄 커피 원두, 1개, 226g, 핸드드립","8804645007514","발주가능","정상","0","5","6","7732","0","0","0","","NO","0.896"
"20260915","Food","Coffee & Tea","원두","맥널티커피","FC","58765770","디카페인 헤이즐넛향 분쇄 커피 원두, 1개, 226g, 핸드드립","8804645007538","발주가능","정상","24","8","92","8018","0.375","0.375","0","","NO","0.896"
"20260915","Food","Coffee & Tea","원두","맥널티커피","FC","58850533","하와이안 코나 블렌드 분쇄 커피 원두, 1개, 226g, 핸드드립","8804645007521","발주가능","정상","0","5","3","7732","0","0","0","","NO","0.896"
"20260915","Food","Coffee & Tea","원두","맥널티커피","FC","71777603","투비 다크 블랙 블렌드 홀빈 원두 커피, 1kg, 홀빈(분쇄안함), 1개","8804645007989","발주가능","정상","0","7","67","13115","0","0","0","","NO","0.896"
"20260915","Food","Coffee & Tea","원두","맥널티커피","FC","76697770","투비커피 너티초코 아메리카노 블렌드 홀빈 원두 커피, 1kg, 홀빈(분쇄안함), 1개","8804645008047","발주가능","정상","0","0","38","17125","0","0","0","","NO","0.896"
"20260915","Food","Coffee & Tea","원두커피믹스","맥널티","FC","10003529","아이브루 클래식 100T","8804645002465","발주불가","규격 외","0","0","1","6068","0","0","0","","NO","0.591"
"20260915","Food","Coffee & Tea","원두커피믹스","맥널티","FC","11019882","맥널티 아이브루 다크 블렌드 200T","8804645003219","발주가능","정상","0","8","28","13096","0","0","0","","NO","0.591"
"20260915","Food","Coffee & Tea","원두커피믹스","맥널티커피","FC","11019883","맥널티 아이브루 모카 블랙 200T","8804645003226","발주가능","정상","0","14","40","11687","0","0","0","","NO","0.591"
"20260915","Food","Coffee & Tea","원두커피믹스","맥널티커피","FC","13777565","맥널티 아이브루 모카블랙 70T","8804645003912","발주가능","정상","16","2","25","6519","1","1","0","","NO","0.591"
"20260915","Food","Coffee & Tea","원두커피믹스","맥널티커피","FC","15720531","콜롬비아 블랙 100개입","8804645002861","발주가능","정상","0","71","844","6345","0","0","0","","NO","0.591"
"20260915","Food","Coffee & Tea","원두커피믹스","맥널티커피","SFSPA3","15720531","콜롬비아 블랙 100개입","8804645002861","발주가능","정상","0","2","1","6345","0","0","0","","NO","0.591"
"20260915","Food","Coffee & Tea","원두커피믹스","맥널티커피","SFJEJ2","15720531","콜롬비아 블랙 100개입","8804645002861","발주가능","정상","0","1","2","6345","0","0","0","","NO","0.591"
"20260915","Food","Coffee & Tea","원두커피믹스","맥널티커피","FC","26477367","맥널티 리얼 에스프레소샷 블랙 액상스틱커피 15mlx30개입","8804645006029","발주가능","정상","80","15","319","7388","1","1","0","","NO","0.591"
"20260915","Food","Coffee & Tea","원두커피믹스","맥널티커피","FC","67975031","호랭이 커피 오곡향 블랙, 1개, 20개입, 1g","8804645007781","발주가능","정상","0","14","261","2806","0","0","0","","NO","0.591"
"20260915","Food","Coffee & Tea","원두커피믹스","맥널티커피","FC","71629331","맥널티 갓성비 아메리카노 블랙커피, 1개, 100개입, 2g","8804645007873","발주가능","정상","360","68","841","8534","1","1","0","","NO","0.591"
"20260915","Food","Coffee & Tea","원두커피믹스","아이브루","FC","36903434","맥널티 아이브루 플러스 헤이즐넛 블랙커피 100개입","8804645006395","발주가능","정상","0","100","258","7623","0","0","0","","NO","0.591"
"20260915","Food","Coffee & Tea","원두커피믹스","아이브루","RC","36903434","맥널티 아이브루 플러스 헤이즐넛 블랙커피 100개입","8804645006395","발주가능","정상","0","0","505","7623","0","0","0","","NO","0.591"
"20260915","Food","Coffee & Tea","원두커피믹스","아이브루","FC","36903435","맥널티 아이브루 플러스 오리지널 블랙커피 100개입","8804645006388","발주불가","규격 외","0","0","384","7623","0","0","0","","NO","0.591"
"20260915","Food","Coffee & Tea","원두커피믹스","아이브루","FC","46534985","아이브루 플러스 디카페인 아메리카노 블랙커피, 1개, 80개입, 80g","8804645007118","발주가능","정상","0","11","0","7964","0","0","0","","YES","0.591"
"20260915","Food","Coffee & Tea","원두커피믹스","아이브루","SFSPA3","56760693","아이브루 플러스 디카페인 블랙커피 헤이즐넛향 (1g x 80개입), 1개","8804645007453","발주가능","정상","0","4","1","7961","0","0","0","","NO","0.591"
"20260915","Food","Coffee & Tea","원두커피믹스","아이브루","FC","56760693","아이브루 플러스 디카페인 블랙커피 헤이즐넛향 (1g x 80개입), 1개","8804645007453","발주가능","정상","0","58","787","7961","0","0","0","","NO","0.591"
"20260915","Food","Coffee & Tea","원두커피믹스","아이브루","SFJEJ2","56760693","아이브루 플러스 디카페인 블랙커피 헤이즐넛향 (1g x 80개입), 1개","8804645007453","발주가능","정상","0","0","1","7961","0","0","0","","NO","0.591"
"20260915","Food","Coffee & Tea","원두커피믹스","프라이빗클럽","FC","10837643","맥널티 병커피 헤이즐넛향 50gx10개","19311931309161","발주가능","정상","0","2","37","23000","0","0","0","","NO","0.591"
"20260915","Food","Coffee & Tea","원두커피믹스","프라이빗클럽","FC","12091997","Box_입소문난 아이리쉬 50G 10병","19311931311164","발주가능","정상","0","0","20","18625","0","0","0","","NO","0.591"
"20260915","Food","Coffee & Tea","원두커피믹스","프라이빗클럽","FC","52625820","맥널티 인스턴트 원두 병커피 에스프레소 블랙 50g 1개","9311931902167","발주가능","정상","180","15","355","3486","0.8571","0.8571","0","","NO","0.591"
"20260915","Food","Coffee & Tea","율무/견과차","맥널티","FC","64842417","티브루 호박팥차 진액 10ml 30개입 1개","8804645007675","발주가능","정상","0","49","452","5259","0","0","0","","NO","0.710"
"20260915","Food","Coffee & Tea","율무/견과차","맥널티","SFJEJ2","64842417","티브루 호박팥차 진액 10ml 30개입 1개","8804645007675","발주가능","정상","0","3","2","5259","0","0","0","","NO","0.710"
"20260915","Food","Coffee & Tea","율무/견과차","맥널티커피","FC","39149735","맥널티 스테비아 제로슈가 호두 아몬드 율무차, 1개, 30개입, 450g","8804645006906","발주가능","정상","60","2","73","6815","0.5","0.5","0","","YES","0.710"
"20260915","Food","Coffee & Tea","차세트","맥널티커피","FC","78654824","[2026 추석세트] 맥널티 스테비아 전통차 선물세트, 1세트, 율무차(30개) + 쌍화차(30개)","8804645008092","발주가능","정상","240","0","300","19091","0.5","0.5","0","","NO","0.900"
"20260915","Food","Coffee & Tea","커피믹스","맥널티커피","RC","45571","맥널티_ 자메이카 블루마운틴 블렌드_226G","8804645100215","발주가능","정상","0","0","512","5000","0","0","0","","NO","0.715"
"20260915","Food","Coffee & Tea","커피믹스","맥널티커피","FC","45571","맥널티_ 자메이카 블루마운틴 블렌드_226G","8804645100215","발주가능","정상","0","67","435","5000","0","0","0","","NO","0.715"
"20260915","Food","Coffee & Tea","커피믹스","맥널티커피","대구4","25240400","맥널티 스테비아 커피믹스 100개입","8804645006067","발주가능","정상","0","0","0","12941","1","1","0","","NO","0.715"
"20260915","Food","Coffee & Tea","커피믹스","맥널티커피","SFSPA3","25240400","맥널티 스테비아 커피믹스 100개입","8804645006067","발주가능","정상","0","6","2","12941","1","1","0","","NO","0.715"
"20260915","Food","Coffee & Tea","커피믹스","맥널티커피","RC","25240400","맥널티 스테비아 커피믹스 100개입","8804645006067","발주가능","정상","720","0","2160","12941","1","1","0","","NO","0.715"
"20260915","Food","Coffee & Tea","커피믹스","맥널티커피","FC","25240400","맥널티 스테비아 커피믹스 100개입","8804645006067","발주가능","정상","0","92","505","12941","1","1","0","","NO","0.715"
"20260915","Food","Coffee & Tea","커피믹스","맥널티커피","SFODD4","25240402","맥널티 스테비아 커피믹스 30개입","8804645006074","발주가능","정상","0","0","0","4827","0","0","0","","NO","0.715"
"20260915","Food","Coffee & Tea","커피믹스","맥널티커피","FC","25240402","맥널티 스테비아 커피믹스 30개입","8804645006074","발주가능","정상","0","37","317","4827","0","0","0","","NO","0.715"
"20260915","Food","Coffee & Tea","커피믹스","맥널티커피","FC","29461862","맥널티 아메리카노 아이스 블랙 100개입","8804645006081","발주가능","정상","0","40","72","5850","0","0","0","","NO","0.715"
"20260915","Food","Coffee & Tea","커피믹스","맥널티커피","RC","38933766","맥널티커피 스테비아 디카페인 커피믹스, 1개, 100개입 9.5g","8804645006890","발주가능","정상","360","0","360","18850","1","1","0","","NO","0.715"
"20260915","Food","Coffee & Tea","커피믹스","맥널티커피","FC","38933766","맥널티커피 스테비아 디카페인 커피믹스, 1개, 100개입 9.5g","8804645006890","발주가능","정상","48","52","431","18850","1","1","0","","NO","0.715"
"20260915","Food","Coffee & Tea","커피믹스","맥널티커피","FC","40806729","맥널티 스테비아 디카페인 커피믹스, 1개, 30개입, 285g","8804645006777","발주가능","정상","0","37","323","7027","0","0","0","","NO","0.715"
"20260915","Food","Coffee & Tea","커피믹스","맥널티커피","FC","46730880","산양유 단백질 프로틴 스테비아 커피믹스, 1개, 30개입, 300g","8804645007194","발주가능","정상","48","16","70","6243","1","1","0","","NO","0.715"
"20260915","Food","Coffee & Tea","커피믹스","맥널티커피","FC","47303765","산양유 단백질 프로틴 스테비아 커피믹스, 1개, 100개입, 1000g","8804645007187","발주가능","정상","0","0","0","19988","0","0","0","","YES","0.715"
"20260915","Food","Coffee & Tea","커피믹스","맥널티커피","FC","56214466","맥널티커피 아이브루 바닐라 라떼,12g x 100개입(스틱), 1200g , 1개","8804645007460","발주가능","정상","8","5","115","12543","0.5","0.5","0","","NO","0.715"
"20260915","Food","Coffee & Tea","커피믹스","맥널티커피","FC","56214467","맥널티커피 아이브루 카라멜 마끼아또, 12g x 100개입(스틱), 1200g , 1개","8804645007484","발주가능","정상","24","9","108","12543","1","1","0","","NO","0.715"
"20260915","Food","Coffee & Tea","커피믹스","맥널티커피","FC","63447822","스테비아 커피믹스 헤이즐넛향 9.5g 30개입 1개","8804645007637","발주가능","정상","36","23","163","4827","1","1","0","","NO","0.715"
"20260915","Food","Coffee & Tea","커피믹스","맥널티커피","FC","64859139","맥널티 스테비아 솔티드 카라멜 커피믹스 10g 1개 30개입","8804645007668","발주가능","정상","0","12","106","5670","0","0","0","","NO","0.715"
"20260915","Food","Coffee & Tea","커피믹스","맥널티커피","RC","69526598","맥널티 갓성비 제로슈가 커피믹스, 1개, 80개입, 9g","8804645007842","발주가능","정상","0","0","64","8805","0","0","0","","NO","0.715"
"20260915","Food","Coffee & Tea","커피믹스","맥널티커피","FC","69526598","맥널티 갓성비 제로슈가 커피믹스, 1개, 80개입, 9g","8804645007842","발주가능","정상","0","35","153","8805","0","0","0","","NO","0.715"
"20260915","Food","Coffee & Tea","커피믹스","맥널티커피","FC","69634259","맥널티커피 스테비아 커피믹스 헤이즐넛향, 9.5g, 100개입, 1개","8804645007811","발주가능","정상","16","8","42","14261","1","1","0","","NO","0.715"
"20260915","Food","Coffee & Tea","커피믹스","맥널티커피","FC","71115721","호랭이 커피믹스 고소한 오곡향, 1개, 160개입, 9.5g","8804645007880","발주가능","정상","18","5","72","14261","1","1","0","","NO","0.715"
"20260915","Food","Coffee & Tea","커피믹스","맥널티커피","FC","71115722","호랭이 커피믹스 고소한 오곡향, 1개, 20개입, 9.5g","8804645007897","발주가능","정상","0","4","133","2806","0","0","0","","NO","0.715"
"20260915","Food","Coffee & Tea","커피믹스","아이브루","SFJEJ2","2341900","맥널티 iBrew 미니 헤이즐넛향 200개입(200g)","8804645000515","발주가능","정상","0","0","2","9917","1","1","0","","NO","0.715"
"20260915","Food","Coffee & Tea","커피믹스","아이브루","RC","2341900","맥널티 iBrew 미니 헤이즐넛향 200개입(200g)","8804645000515","발주가능","정상","720","0","1080","9917","1","1","0","","NO","0.715"
"20260915","Food","Coffee & Tea","커피믹스","아이브루","SFODD2","2341900","맥널티 iBrew 미니 헤이즐넛향 200개입(200g)","8804645000515","발주가능","정상","0","0","2","9917","1","1","0","","NO","0.715"
"20260915","Food","Coffee & Tea","커피믹스","아이브루","FC","2341900","맥널티 iBrew 미니 헤이즐넛향 200개입(200g)","8804645000515","발주가능","정상","0","54","1100","9917","1","1","0","","NO","0.715"
"20260915","Food","Coffee & Tea","커피믹스","아이브루","FC","3067423","아이브루 헤이즐넛향 70개입","8804645000706","발주가능","정상","0","9","281","4025","0","0","0","","NO","0.715"
"20260915","Food","Coffee & Tea","커피믹스","아이브루","FC","3067424","아이브루 케냐AA 블렌드 70개입","8804645000690","발주가능","정상","0","4","54","6205","0","0","0","","NO","0.715"
"20260915","Food","Coffee & Tea","커피믹스","아이브루","FC","3067425","아이브루 예가체프 블렌드 70개입","8804645000683","발주가능","정상","0","2","28","6205","0","0","0","","NO","0.715"
"20260915","Food","Coffee & Tea","커피믹스","프라이빗클럽","SFSPA3","3067428","인스턴트 병커피 헤이즐넛향 50g","9311931105162","발주가능","정상","0","4","1","2300","1","1","0","","NO","0.715"
"20260915","Food","Coffee & Tea","커피믹스","프라이빗클럽","FC","3067428","인스턴트 병커피 헤이즐넛향 50g","9311931105162","발주가능","정상","0","174","2806","2300","1","1","0","","NO","0.715"
"20260915","Food","Coffee & Tea","커피세트","맥널티커피","FC","26870612","[2026 추석세트] 맥널티 핸드드립 버라이어티세트 30개입","8804645006258","발주가능","정상","640","27","1462","9395","1","1","0","","NO","0.892"
"20260915","Food","Coffee & Tea","커피세트","맥널티커피","FC","54651094","인스턴트 원두 병커피 맥널티커피 선물세트 50g x 4개입(에스프레소 2병+헤이즐넛 2병), 1세트","8804645007408","발주가능","정상","0","0","0","15305","0","0","0","","YES","0.892"
"20260915","Food","Drinks","과일음료","맥널티커피","FC","24752132","청포도 에이드 190mL 10팩","8804645005893","발주가능","정상","0","20","602","3486","0","0","0","","NO","0.801"
"20260915","Food","Drinks","과일음료","맥널티커피","RC","24752132","청포도 에이드 190mL 10팩","8804645005893","발주가능","정상","0","0","273","3486","0","0","0","","NO","0.801"
"20260915","Food","Drinks","과일음료","맥널티커피","SFSPA3","24752132","청포도 에이드 190mL 10팩","8804645005893","발주가능","정상","0","0","3","3486","0","0","0","","NO","0.801"
"20260915","Food","Drinks","과일음료","맥널티커피","SFJEJ2","24752132","청포도 에이드 190mL 10팩","8804645005893","발주가능","정상","0","0","2","3486","0","0","0","","NO","0.801"
"20260915","Food","Drinks","과일음료","맥널티커피","FC","24752250","블루레몬 에이드 190mL 10팩","8804645005909","발주가능","정상","0","5","697","3486","0","0","0","","NO","0.801"
"20260915","Food","Drinks","과일음료","맥널티커피","FC","45580036","맥널티 청매실 에이드 190ml*10개입","8804645007071","발주가능","정상","0","5","156","3486","0","0","0","","NO","0.801"
"20260915","Food","Drinks","농축액(음료베이스)","맥널티","FC","51983601","물 한방울 섞이지 않은 김토끼 유기농 레몬즙, 10개, 20g","8804645007361","발주가능","정상","0","0","51","4077","0","0","0","","NO","0.700"
"20260915","Food","Drinks","농축액(음료베이스)","맥널티","SFSPA3","58338694","티브루 보리차 원액 간편 액상스틱 진액, 30개, 10ml","8804645007590","발주가능","정상","0","2","0","5259","0","0","0","","NO","0.700"
"20260915","Food","Drinks","농축액(음료베이스)","맥널티","FC","58338694","티브루 보리차 원액 간편 액상스틱 진액, 30개, 10ml","8804645007590","발주가능","정상","0","65","1995","5259","0","0","0","","NO","0.700"
"20260915","Food","Drinks","농축액(음료베이스)","맥널티","FC","58338695","티브루 옥수수수염차 원액 간편 액상스틱 진액, 30개, 10ml","8804645007606","발주가능","정상","0","28","891","5259","0","0","0","","NO","0.700"
"20260915","Food","Drinks","농축액(음료베이스)","맥널티","SFJEJ2","58338696","티브루 헛개수 원액 간편 액상스틱 진액, 30개, 10ml","8804645007613","발주가능","정상","0","0","2","5259","1","1","0","","NO","0.700"
"20260915","Food","Drinks","농축액(음료베이스)","맥널티","SFSPA3","58338696","티브루 헛개수 원액 간편 액상스틱 진액, 30개, 10ml","8804645007613","발주가능","정상","0","3","0","5259","1","1","0","","NO","0.700"
"20260915","Food","Drinks","농축액(음료베이스)","맥널티","FC","58338696","티브루 헛개수 원액 간편 액상스틱 진액, 30개, 10ml","8804645007613","발주가능","정상","48","41","618","5259","1","1","0","","NO","0.700"
"20260915","Food","Drinks","농축액(음료베이스)","맥널티커피","FC","62882483","티브루 보리차 진액, 1개, 400g","8804645007651","발주가능","정상","0","1","102","7623","0","0","0","","NO","0.700"
"20260915","Food","Drinks","농축액(음료베이스)","맥널티커피","FC","71636537","맥널티 티브루 호박팥차 무라벨, 20개, 500ml","8804645007934","발주가능","정상","132","80","198","8795","0.6667","0.6667","0","","NO","0.700"
"20260915","Food","Drinks","야채음료","맥널티커피","FC","48914233","맥널티 유자 에이드 190ml 10개","8804645007217","발주가능","정상","0","11","287","3486","0","0","0","","NO","0.600"
"20260915","Food","Drinks","차음료","맥널티커피","SFJEJ2","24752251","복숭아 아이스티 190mL 10팩","8804645005886","발주가능","정상","0","1","2","3486","0","0","0","","NO","0.689"
"20260915","Food","Drinks","차음료","맥널티커피","RC","24752251","복숭아 아이스티 190mL 10팩","8804645005886","발주가능","정상","0","0","258","3486","0","0","0","","NO","0.689"
"20260915","Food","Drinks","차음료","맥널티커피","FC","24752251","복숭아 아이스티 190mL 10팩","8804645005886","발주가능","정상","0","18","264","3486","0","0","0","","NO","0.689"
"20260915","Food","Drinks","차음료","맥널티커피","FC","24944267","맥널티 허니자몽 블랙티 대용량 파우치 1Lx6입","18804645005951","발주가능","정상","0","0","63","10252","0","0","0","","NO","0.689"
"20260915","Food","Drinks","차음료","맥널티커피","FC","24944268","맥널티 복숭아 아이스티 대용량 파우치 1Lx6입","18804645005944","발주가능","정상","75","1","74","10252","1","1","0","","YES","0.689"
"20260915","Food","Drinks","차음료","맥널티커피","FC","26889711","맥널티 제로칼로리 복숭아 아이스티 500ml 24입","18804645006101","발주가능","정상","0","10","305","12205","0","0","0","","NO","0.689"
"20260915","Food","Drinks","차음료","맥널티커피","FC","36669698","제로 아이스티 복숭아, 30개입, 13g","8804645006791","발주가능","정상","0","7","47","5850","0","0","0","","NO","0.689"
"20260915","Food","Drinks","차음료","맥널티커피","FC","36829225","맥널티 제로칼로리 청포도 아이스티 500mlx24입,","18804645006538","발주가능","정상","0","4","83","12205","0","0","0","","NO","0.689"
"20260915","Food","Drinks","차음료","맥널티커피","FC","36829226","제로 아이스티 청포도, 30개입, 13g 1개","8804645006807","발주가능","정상","0","8","73","5850","0","0","0","","NO","0.689"
"20260915","Food","Drinks","차음료","맥널티커피","FC","36863185","맥널티 대용량 제로칼로리 복숭아 아이스티 1.5L 12개","18804645006736","일시중단","단종예정","0","0","0","17427","0","0","0","","YES","0.689"
"20260915","Food","Drinks","차음료","맥널티커피","FC","38262417","복숭아 아이스티 제로, 6개, 1L","18804645006873","발주가능","정상","0","1","38","10577","0","0","0","","NO","0.689"
"20260915","Food","Drinks","차음료","맥널티커피","FC","40520042","맥널티커피 복숭아 아이스티 제로 RTD, 30개, 240ml","18804645006835","발주가능","정상","0","12","312","8795","0","0","0","","NO","0.689"
"20260915","Food","Drinks","차음료","맥널티커피","SFJEJ2","61673272","맥널티커피 복숭아 아이스티 제로, 1.5L, 1개","8804645006739","발주가능","정상","0","0","8","1364","1","1","0","","NO","0.689"
"20260915","Food","Drinks","차음료","맥널티커피","FC","61673272","맥널티커피 복숭아 아이스티 제로, 1.5L, 1개","8804645006739","발주가능","정상","0","150","2023","1364","1","1","0","","NO","0.689"
"20260915","Food","Drinks","차음료","맥널티커피","SFSPA3","61673272","맥널티커피 복숭아 아이스티 제로, 1.5L, 1개","8804645006739","발주가능","정상","0","5","7","1364","1","1","0","","NO","0.689"
"20260915","Food","Drinks","차음료","맥널티커피","RC","61673272","맥널티커피 복숭아 아이스티 제로, 1.5L, 1개","8804645006739","발주가능","정상","624","0","1872","1364","1","1","0","","NO","0.689"
"20260915","Food","Drinks","차음료","맥널티커피","FC","73944650","맥널티 복숭아 아이스티 대용량 파우치, 1개, 2.1L","8804645007965","발주가능","정상","100","85","2395","2413","1","1","0","","NO","0.689"
"20260915","Food","Drinks","차음료","맥널티커피","SFSPA3","73944650","맥널티 복숭아 아이스티 대용량 파우치, 1개, 2.1L","8804645007965","발주가능","정상","0","0","5","2413","1","1","0","","NO","0.689"
"20260915","Food","Drinks","차음료","맥널티커피","SFJEJ2","73944650","맥널티 복숭아 아이스티 대용량 파우치, 1개, 2.1L","8804645007965","발주가능","정상","0","0","1","2413","1","1","0","","NO","0.689"
"20260915","Food","Drinks","차음료","맥널티커피","FC","75850021","맥널티 허니자몽 블랙티, 1L, 1개","8804645005954","발주가능","정상","0","14","303","1714","0","0","0","","NO","0.689"
"20260915","Food","Drinks","커피음료","맥널티커피","SFJEJ2","24695530","아이스 헤이즐넛향 커피 190mL 10팩","8804645005879","발주가능","정상","0","1","0","3486","1","1","0","","NO","0.685"
"20260915","Food","Drinks","커피음료","맥널티커피","RC","24695530","아이스 헤이즐넛향 커피 190mL 10팩","8804645005879","발주가능","정상","0","0","273","3486","1","1","0","","NO","0.685"
"20260915","Food","Drinks","커피음료","맥널티커피","FC","24695530","아이스 헤이즐넛향 커피 190mL 10팩","8804645005879","발주가능","정상","273","23","428","3486","1","1","0","","NO","0.685"
"20260915","Food","Drinks","커피음료","맥널티커피","FC","24695531","아이스 아메리카노 스위트 190mL 10팩","8804645005862","발주가능","정상","0","40","296","3486","0","0","0","","NO","0.685"
"20260915","Food","Drinks","커피음료","맥널티커피","RC","24695531","아이스 아메리카노 스위트 190mL 10팩","8804645005862","발주가능","정상","0","0","1365","3486","0","0","0","","NO","0.685"
"20260915","Food","Drinks","커피음료","맥널티커피","SFJEJ2","24695531","아이스 아메리카노 스위트 190mL 10팩","8804645005862","발주가능","정상","0","0","2","3486","0","0","0","","NO","0.685"
"20260915","Food","Drinks","커피음료","맥널티커피","FC","24695532","아이스 아메리카노 블랙 190mL 10팩","8804645005855","발주가능","정상","0","12","491","3486","0","0","0","","NO","0.685"
"20260915","Food","Drinks","커피음료","맥널티커피","SFODD2","24695532","아이스 아메리카노 블랙 190mL 10팩","8804645005855","발주가능","정상","0","0","2","3486","0","0","0","","NO","0.685"
"20260915","Food","Drinks","커피음료","맥널티커피","RC","24695532","아이스 아메리카노 블랙 190mL 10팩","8804645005855","발주가능","정상","0","0","273","3486","0","0","0","","NO","0.685"
"20260915","Food","Drinks","커피음료","맥널티커피","FC","25484251","맥널티커피 아메리카노 스위트 1Lx6입","18804645005920","발주가능","정상","0","2","119","10252","0","0","0","","NO","0.685"
"20260915","Food","Drinks","커피음료","맥널티커피","FC","25484255","맥널티 아이스 아메리카노 블랙커피 대용량 파우치 1Lx6입","18804645005913","발주가능","정상","0","5","50","10252","0","0","0","","NO","0.685"
"20260915","Food","Drinks","커피음료","맥널티커피","FC","25484257","맥널티 아이스 헤이즐넛향 커피 대용량 파우치 1Lx6입","18804645005937","발주가능","정상","0","4","89","10252","0","0","0","","NO","0.685"
"20260915","Food","Drinks","커피음료","맥널티커피","FC","48466205","맥널티 대용량 제로슈가 스테비아 믹스커피 음료, 12개, 1L","18804645007290","발주가능","정상","0","25","101","17067","0","0","0","","NO","0.685"
"20260915","Food","Drinks","커피음료","맥널티커피","RC","48466205","맥널티 대용량 제로슈가 스테비아 믹스커피 음료, 12개, 1L","18804645007290","발주가능","정상","0","0","80","17067","0","0","0","","NO","0.685"
"20260915","Food","Drinks","커피음료","맥널티커피","FC","54922706","맥널티 대용량 제로슈가 스테비아 믹스커피 음료, 1L, 6개","8804645007323","발주가능","정상","160","86","878","8805","1","1","0","","NO","0.685"
"20260915","Food","Drinks","커피음료","맥널티커피","RC","68778940","맥널티 아이브루 아메리카노 블랙커피 12개 1L","18804645007306","발주가능","정상","0","0","400","12205","0.0556","0.0556","0","","NO","0.685"
"20260915","Food","Drinks","커피음료","맥널티커피","FC","68778940","맥널티 아이브루 아메리카노 블랙커피 12개 1L","18804645007306","발주가능","정상","80","255","1382","12205","0.0556","0.0556","0","","NO","0.685"
"20260915","Food","Drinks","커피음료","맥널티커피","FC","68778941","맥널티 아이브루 헤이즐넛향 블랙커피 12개 1L","18804645007504","발주가능","정상","0","36","410","12205","1","1","0","","NO","0.685"
"20260915","Food","Drinks","커피음료","맥널티커피","RC","68778941","맥널티 아이브루 헤이즐넛향 블랙커피 12개 1L","18804645007504","발주가능","정상","0","0","160","12205","1","1","0","","NO","0.685"
"20260915","Food","Drinks","커피음료","맥널티커피","FC","68778942","아이브루 아메리카노 블랙커피 무라벨 400ML 20개","8804645007491","발주가능","정상","0","252","1302","12205","1","1","0","","NO","0.685"
"20260915","Food","Drinks","커피음료","맥널티커피","RC","68778942","아이브루 아메리카노 블랙커피 무라벨 400ML 20개","8804645007491","발주가능","정상","0","0","455","12205","1","1","0","","NO","0.685"
"20260915","Food","Drinks","커피음료","맥널티커피","SFSPA3","73951791","맥널티 아이스 아메리카노 블랙 커피 대용량 파우치, 1개, 2.1L","8804645007958","발주가능","정상","0","14","35","2413","0.9553","0.9553","0","","NO","0.685"
"20260915","Food","Drinks","커피음료","맥널티커피","FC","73951791","맥널티 아이스 아메리카노 블랙 커피 대용량 파우치, 1개, 2.1L","8804645007958","발주가능","정상","172","385","4050","2413","0.9553","0.9553","0","","NO","0.685"
"20260915","Food","Drinks","커피음료","맥널티커피","RC","73951791","맥널티 아이스 아메리카노 블랙 커피 대용량 파우치, 1개, 2.1L","8804645007958","발주가능","정상","1280","0","10303","2413","0.9553","0.9553","0","","NO","0.685"
"20260915","Food","Drinks","커피음료","맥널티커피","SFJEJ2","73951791","맥널티 아이스 아메리카노 블랙 커피 대용량 파우치, 1개, 2.1L","8804645007958","발주가능","정상","0","8","20","2413","0.9553","0.9553","0","","NO","0.685"
"20260915","Food","Drinks","커피음료","맥널티커피","SFSPA3","75683093","맥널티 아이스 아메리카노 블랙 1리터, 1L, 1개","8804645005916","발주가능","정상","0","0","1","1714","0","0","0","","NO","0.685"
"20260915","Food","Drinks","커피음료","맥널티커피","FC","75683093","맥널티 아이스 아메리카노 블랙 1리터, 1L, 1개","8804645005916","발주가능","정상","0","16","1199","1714","0","0","0","","NO","0.685"
"20260915","Food","Drinks","커피음료","맥널티커피","SFJEJ2","75683093","맥널티 아이스 아메리카노 블랙 1리터, 1L, 1개","8804645005916","발주가능","정상","0","0","1","1714","0","0","0","","NO","0.685"
"20260915","Food","Drinks","커피음료","맥널티커피","FC","75694561","맥널티커피 아이스 아메리카노 헤이즐넛, 1개, 1L","8804645005930","발주가능","정상","0","39","1807","1714","0","0","0","","NO","0.685"
"20260915","Food","Drinks","커피음료","맥널티커피","FC","75765043","맥널티 아이스아메리카노 스위트, 1개, 1L","8804645005923","발주가능","정상","0","42","1864","1714","0","0","0","","NO","0.685"
"20260915","Food","Drinks","커피음료","맥널티커피","SFSPA3","75765043","맥널티 아이스아메리카노 스위트, 1개, 1L","8804645005923","발주가능","정상","0","0","2","1714","0","0","0","","NO","0.685"
"20260915","Food","Drinks","커피음료","맥널티커피","FC","76540319","맥널티 호랭이 마일드 라떼 캔커피, 30개, 175ml","18804645008013","발주가능","정상","0","57","915","8523","0","0","0","","NO","0.685"
"20260915","Food","Drinks","커피음료","맥널티커피","RC","77572705","맥널티 아이스 아메리카노 헤이즐넛, 1개, 2.1L","8804645008030","발주가능","정상","1560","0","1560","2413","1","1","0","","NO","0.685"
"20260915","Food","Drinks","커피음료","맥널티커피","FC","77572705","맥널티 아이스 아메리카노 헤이즐넛, 1개, 2.1L","8804645008030","발주가능","정상","896","170","1693","2413","1","1","0","","NO","0.685"
"20260915","Food","Drinks","커피음료","아이브루","FC","70253954","아이브루 디카페인 아메리카노 블랙커피 무라벨, 20개, 400ml","8804645007903","발주가능","정상","0","81","297","13500","0","0","0","","NO","0.685"
"20260915","Food","Drinks","커피음료","아이브루","RC","70253954","아이브루 디카페인 아메리카노 블랙커피 무라벨, 20개, 400ml","8804645007903","발주가능","정상","0","0","364","13500","0","0","0","","NO","0.685"
"20260915","Kitchen","Tools & Gadgets","드립주전자/포트","맥널티커피","FC","15333511","맥널티 드립 주전자 350ml","8804645004490","발주가능","정상","19","0","19","5044","0.5","0.5","0","","YES","0.788"
"20260915","Kitchen","Tools & Gadgets","커피필터/여과지","맥널티","SFJEJ2","12491225","맥널티 핸드드립 커피필터 30개입","8804645300950","발주가능","정상","0","0","2","2642","0","0","0","","NO","0.521"
"20260915","Kitchen","Tools & Gadgets","커피필터/여과지","맥널티","FC","12491225","맥널티 핸드드립 커피필터 30개입","8804645300950","발주가능","정상","0","77","1343","2642","0","0","0","","NO","0.521"
"20260915","Kitchen","Tools & Gadgets","커피필터/여과지","맥널티","SFSPA3","12491225","맥널티 핸드드립 커피필터 30개입","8804645300950","발주가능","정상","0","3","2","2642","0","0","0","","NO","0.521"
"20260914","CE","Kitchen Appliance","커피머신","맥널티커피","FC","31602405","맥널티 2in1 핫앤콜드 진공추출 커피메이커 MCM-065B MCM-065B","8804645006296","발주가능","정상","0","2","10","30859","0","0","0","","NO","0.784"
"20260914","Food","Coffee & Tea","기타전통차","맥널티커피","FC","39149736","맥널티 스테비아 침향 쌍화차, 1개, 30개입, 450g","8804645006913","발주가능","정상","0","0","98","8536","0","0","0","","NO","0.725"
"20260914","Food","Coffee & Tea","기타전통차","맥널티커피","FC","41175263","맥널티커피 스테비아 꿀 유자차, 1개, 30개입, 450g","8804645006951","발주가능","정상","0","5","92","7388","0","0","0","","NO","0.725"
"20260914","Food","Coffee & Tea","둥글레/옥수수/보리/결명자차","맥널티커피","FC","76230458","맥널티 진 보리차 1개 1kg","8804645007996","발주가능","정상","0","4","25","15209","0","0","0","","NO","0.607"
"20260914","Food","Coffee & Tea","드립백/티백","맥널티","FC","3067432","산지별 콜롬비아 슈프리모 핸드드립커피 7개입","8804645000324","발주가능","정상","0","6","267","3043","0","0","0","","NO","0.727"
"20260914","Food","Coffee & Tea","드립백/티백","맥널티","FC","10003518","케냐 AA 핸드드립 블렌드 24개입","8804645000720","발주가능","정상","0","12","98","6068","0","0","0","","NO","0.727"
"20260914","Food","Coffee & Tea","드립백/티백","맥널티커피","FC","3067429","산지별 브라질 세라도 NY2 핸드드립커피 7개입","8804645000300","발주가능","정상","0","1","35","2887","0","0","0","","NO","0.727"
"20260914","Food","Coffee & Tea","드립백/티백","맥널티커피","FC","3067430","산지별 케냐 AA 핸드드립커피 7개입","8804645000355","발주가능","정상","0","4","42","3062","0","0","0","","NO","0.727"
"20260914","Food","Coffee & Tea","드립백/티백","맥널티커피","FC","3067433","산지별 에티오피아 코케 허니 핸드드립커피 7개입","8804645000348","발주가능","정상","0","0","68","2910","0","0","0","","NO","0.727"
"20260914","Food","Coffee & Tea","드립백/티백","맥널티커피","FC","3067434","산지별 에티오피아 예가체프 핸드드립커피 7개입","8804645000331","발주가능","정상","0","4","86","3184","0","0","0","","NO","0.727"
"20260914","Food","Coffee & Tea","드립백/티백","맥널티커피","FC","10003517","콜롬비아 핸드드립 블렌드 24개입","8804645000713","발주가능","정상","0","13","0","5977","0","0","0","","YES","0.727"
"20260914","Food","Coffee & Tea","드립백/티백","맥널티커피","FC","23400108","맥널티 디카페인100% 핸드드립 원두커피 24개입","8804645005732","발주가능","정상","0","24","69","9395","0","0","0","","NO","0.727"
"20260914","Food","Coffee & Tea","드립백/티백","맥널티커피","FC","37713094","맥널티 핸드드립커피 케냐AA(더블에이) 36개입, 8g, 1개","8804645006616","발주가능","정상","0","4","63","11759","0","0","0","","NO","0.727"
"20260914","Food","Coffee & Tea","드립백/티백","맥널티커피","FC","37713095","맥널티 핸드드립커피 에티오피아 예가체프 36개입, 8g, 1개","8804645006623","발주가능","정상","0","4","19","10577","0","0","0","","NO","0.727"
"20260914","Food","Coffee & Tea","드립백/티백","맥널티커피","FC","41391235","맥널티 행복을주는커피 시그니처 블렌드 핸드드립 커피 20개입, 1개, 8g","8804645003653","발주가능","정상","0","6","55","6795","0","0","0","","NO","0.727"
"20260914","Food","Coffee & Tea","드립백/티백","맥널티커피","FC","62821923","맥널티 핸드드립 커피 에티오피아 예가체프 8g 24개입 1개","8804645006920","발주가능","정상","0","5","42","9679","0","0","0","","NO","0.727"
"20260914","Food","Coffee & Tea","드립백/티백","맥널티커피","FC","68147033","베니스브루 스페셜티 핸드드립 가향 커피 오렌지 벨벳, 1개, 7개입, 12g","8804645007712","발주가능","정상","0","0","21","5143","0","0","0","","NO","0.727"
"20260914","Food","Coffee & Tea","드립백/티백","맥널티커피","FC","68147034","베니스브루 스페셜티 핸드드립 가향 커피 쇼콜라 모카, 1개, 7개입, 12g","8804645007729","발주가능","정상","0","0","34","5143","0","0","0","","NO","0.727"
"20260914","Food","Coffee & Tea","드립백/티백","맥널티커피","FC","68777449","베니스브루 베리 블로썸 드립백 커피 12g 1개 7개입","8804645007705","발주가능","정상","0","0","12","5143","0","0","0","","NO","0.727"
"20260914","Food","Coffee & Tea","라떼분말","맥널티커피","FC","34834818","맥널티 스테비아 제로슈가 핫초코 라떼 30개입 15g","8804645006340","발주가능","정상","0","29","450","7500","0","0","0","","NO","0.581"
"20260914","Food","Coffee & Tea","라떼분말","맥널티커피","FC","51063548","스테비아 단백질 옥수수 크림 라떼, 1개, 20개입, 18g","8804645007330","발주가능","정상","0","3","0","5850","0","0","0","","YES","0.581"
"20260914","Food","Coffee & Tea","라떼분말","맥널티커피","FC","51164938","스테비아 단백질 고구마 크림 라떼, 1개, 20개입, 18g","8804645007347","발주가능","정상","0","0","24","5850","0","0","0","","NO","0.581"
"20260914","Food","Coffee & Tea","원두","N_A","FC","76443755","맥널티 브라질 세라도 NY.2 원두 1kg, 1개","8804645006425","발주가능","정상","0","1","250","17609","0","0","0","","NO","0.895"
"20260914","Food","Coffee & Tea","원두","맥널티커피","RC","45570","맥널티_헤이즐넛원두분쇄커피_226G","8804645100208","발주가능","정상","0","0","128","5000","0","0","0","","NO","0.895"
"20260914","Food","Coffee & Tea","원두","맥널티커피","SFJEJ2","45570","맥널티_헤이즐넛원두분쇄커피_226G","8804645100208","발주가능","정상","0","0","5","5000","0","0","0","","NO","0.895"
"20260914","Food","Coffee & Tea","원두","맥널티커피","FC","45570","맥널티_헤이즐넛원두분쇄커피_226G","8804645100208","발주가능","정상","0","106","837","5000","0","0","0","","NO","0.895"
"20260914","Food","Coffee & Tea","원두","맥널티커피","SFSPA3","45570","맥널티_헤이즐넛원두분쇄커피_226G","8804645100208","발주가능","정상","0","1","7","5000","0","0","0","","NO","0.895"
"20260914","Food","Coffee & Tea","원두","맥널티커피","SFJEJ2","45572","맥널티_헤이즐넛원두분쇄커피_500G","8804645100468","발주가능","정상","0","1","8","7960","0","0","0","","NO","0.895"
"20260914","Food","Coffee & Tea","원두","맥널티커피","SFSPA3","45572","맥널티_헤이즐넛원두분쇄커피_500G","8804645100468","발주가능","정상","0","1","15","7960","0","0","0","","NO","0.895"
"20260914","Food","Coffee & Tea","원두","맥널티커피","FC","45572","맥널티_헤이즐넛원두분쇄커피_500G","8804645100468","발주가능","정상","0","48","298","7960","0","0","0","","NO","0.895"
"20260914","Food","Coffee & Tea","원두","맥널티커피","RC","45572","맥널티_헤이즐넛원두분쇄커피_500G","8804645100468","발주가능","정상","0","0","496","7960","0","0","0","","NO","0.895"
"20260914","Food","Coffee & Tea","원두","맥널티커피","FC","45573","맥널티_블루마운틴스타일원두분쇄커피_500G","8804645100451","발주가능","정상","0","27","203","11091","0","0","0","","NO","0.895"
"20260914","Food","Coffee & Tea","원두","맥널티커피","RC","45573","맥널티_블루마운틴스타일원두분쇄커피_500G","8804645100451","발주가능","정상","0","0","640","11091","0","0","0","","NO","0.895"
"20260914","Food","Coffee & Tea","원두","맥널티커피","FC","5344648","맥널티 원두 에스프레소 블랙 1개, 1kg","8804645001239","발주불가","단종","0","0","1","9156","0","0","0","","YES","0.895"
"20260914","Food","Coffee & Tea","원두","맥널티커피","FC","10147177","맥널티 홀빈 블루마운틴 1000g","8804645006302","발주가능","정상","0","13","48","15715","0","0","0","","NO","0.895"
"20260914","Food","Coffee & Tea","원두","맥널티커피","FC","10147180","맥널티 행복을 주는 커피 헤이즐넛향 1kg 홀빈","8804645100185","발주가능","정상","0","9","128","15244","0","0","0","","NO","0.895"
"20260914","Food","Coffee & Tea","원두","맥널티커피","SFJEJ2","10812901","맥널티 베트남 로부스타 원두커피 1kg","8804645003066","발주가능","정상","0","1","1","11700","0","0","0","","NO","0.895"
"20260914","Food","Coffee & Tea","원두","맥널티커피","RC","10812901","맥널티 베트남 로부스타 원두커피 1kg","8804645003066","발주가능","정상","0","0","400","11700","0","0","0","","NO","0.895"
"20260914","Food","Coffee & Tea","원두","맥널티커피","FC","10812901","맥널티 베트남 로부스타 원두커피 1kg","8804645003066","발주가능","정상","0","47","224","11700","0","0","0","","NO","0.895"
"20260914","Food","Coffee & Tea","원두","맥널티커피","FC","11849981","행복을 주는 커피 블루마운틴 블렌드 분쇄 원두 커피 1kg","8804645003486","발주가능","정상","0","11","74","16364","0","0","0","","NO","0.895"
"20260914","Food","Coffee & Tea","원두","맥널티커피","FC","12521866","맥널티 행복을 주는 커피 시그니처 헤이즐넛향 원두 커피 1Kg","8804645003493","발주가능","정상","0","21","60","16364","0","0","0","","NO","0.895"
"20260914","Food","Coffee & Tea","원두","맥널티커피","RC","12521866","맥널티 행복을 주는 커피 시그니처 헤이즐넛향 원두 커피 1Kg","8804645003493","발주가능","정상","0","0","216","16364","0","0","0","","NO","0.895"
"20260914","Food","Coffee & Tea","원두","맥널티커피","FC","13277718","맥널티 행복을 주는 커피 브라질 산토스 1kg","8804645003936","발주가능","정상","0","9","94","14091","0","0","0","","NO","0.895"
"20260914","Food","Coffee & Tea","원두","맥널티커피","FC","13277719","맥널티 행복을 주는 커피 콜롬비아 블렌드 1kg","8804645003929","발주가능","정상","0","54","442","15599","0","0","0","","NO","0.895"
"20260914","Food","Coffee & Tea","원두","맥널티커피","FC","37733154","맥널티 원두 홀빈(분쇄안함) 마일드 미디움 블렌드 200g, 1개","8804645005374","발주가능","정상","0","4","20","5791","0","0","0","","NO","0.895"
"20260914","Food","Coffee & Tea","원두","맥널티커피","FC","38710869","맥널티 홀빈 커피원두, 마일드 미디움 블렌드 1kg, 1개","8804645005329","발주가능","정상","0","1","14","16364","0","0","0","","NO","0.895"
"20260914","Food","Coffee & Tea","원두","맥널티커피","FC","38710870","맥널티 홀빈 커피원두, 콜롬비아 안데스 오리진 1kg, 1개","8804645005343","발주가능","정상","0","6","73","16364","0","0","0","","NO","0.895"
"20260914","Food","Coffee & Tea","원두","맥널티커피","FC","38710872","맥널티 홀빈 커피원두, 시그니처 블렌드 1kg, 1개","8804645005312","발주가능","정상","0","2","93","16364","0","0","0","","NO","0.895"
"20260914","Food","Coffee & Tea","원두","맥널티커피","FC","38813491","맥널티 홀빈 원두 1KG, 브라질 산토스 내추럴, 1개","8804645005350","발주가능","정상","0","16","119","11364","0","0","0","","NO","0.895"
"20260914","Food","Coffee & Tea","원두","맥널티커피","FC","38919334","맥널티 에티오피아 예가체프 홀빈 원두, 1kg, 1개","8804645006852","발주가능","정상","0","8","23","16364","0","0","0","","NO","0.895"
"20260914","Food","Coffee & Tea","원두","맥널티커피","FC","39616644","맥널티 예맨 모카 블렌드 커피 원두, 홀빈(분쇄안함), 500g, 1개","8804645006692","발주가능","정상","0","1","14","11400","0","0","0","","NO","0.895"
"20260914","Food","Coffee & Tea","원두","맥널티커피","FC","39616645","맥널티 시그니처 디카페인 커피 원두, 홀빈(분쇄안함), 500g, 1개","8804645006937","발주가능","정상","0","2","47","12545","0","0","0","","NO","0.895"
"20260914","Food","Coffee & Tea","원두","맥널티커피","FC","39616646","맥널티 게이샤 블렌드 커피 원두, 홀빈(분쇄안함), 500g, 1개","8804645006708","발주가능","정상","0","0","0","11400","0","0","0","","YES","0.895"
"20260914","Food","Coffee & Tea","원두","맥널티커피","FC","39616647","맥널티 하와이안 코나 블렌드 커피 원두, 홀빈(분쇄안함), 500g, 1개","8804645006685","발주가능","정상","0","12","29","11400","0","0","0","","NO","0.895"
"20260914","Food","Coffee & Tea","원두","맥널티커피","FC","48074657","맥널티 브라질 세라도 분쇄 원두 커피, 1개, 500g","8804645007262","발주가능","정상","0","25","91","9395","0","0","0","","NO","0.895"
"20260914","Food","Coffee & Tea","원두","맥널티커피","FC","48074658","맥널티 콜롬비아 안데스 분쇄 원두 커피, 1개, 500g","8804645007255","발주가능","정상","0","6","40","9986","0","0","0","","NO","0.895"
"20260914","Food","Coffee & Tea","원두","맥널티커피","FC","48074659","맥널티 에티오피아 예가체프 분쇄 원두 커피, 1개, 500g","8804645007231","발주가능","정상","0","30","38","9986","0","0","0","","NO","0.895"
"20260914","Food","Coffee & Tea","원두","맥널티커피","FC","58681130","콜롬비아 안데스 오리진 분쇄 커피 원두 1개 226g 핸드드립","8804645007552","발주가능","정상","0","1","11","7159","0","0","0","","NO","0.895"
"20260914","Food","Coffee & Tea","원두","맥널티커피","FC","58681131","브라질 산토스 오리진 분쇄 커피 원두, 226g, 1개, 핸드드립","8804645007545","발주가능","정상","0","4","1","7159","0","0","0","","YES","0.895"
"20260914","Food","Coffee & Tea","원두","맥널티커피","FC","58765769","게이샤 블렌드 분쇄 커피 원두, 1개, 226g, 핸드드립","8804645007514","발주가능","정상","0","0","10","7732","0","0","0","","NO","0.895"
"20260914","Food","Coffee & Tea","원두","맥널티커피","FC","58765770","디카페인 헤이즐넛향 분쇄 커피 원두, 1개, 226g, 핸드드립","8804645007538","발주가능","정상","0","18","78","8018","0","0","0","","NO","0.895"
"20260914","Food","Coffee & Tea","원두","맥널티커피","FC","58850533","하와이안 코나 블렌드 분쇄 커피 원두, 1개, 226g, 핸드드립","8804645007521","발주가능","정상","0","5","8","7732","0","0","0","","NO","0.895"
"20260914","Food","Coffee & Tea","원두","맥널티커피","FC","71777603","투비 다크 블랙 블렌드 홀빈 원두 커피, 1kg, 홀빈(분쇄안함), 1개","8804645007989","발주가능","정상","0","4","74","13115","0","0","0","","NO","0.895"
"20260914","Food","Coffee & Tea","원두","맥널티커피","FC","76697770","투비커피 너티초코 아메리카노 블렌드 홀빈 원두 커피, 1kg, 홀빈(분쇄안함), 1개","8804645008047","발주가능","정상","0","0","38","17125","0","0","0","","NO","0.895"
"20260914","Food","Coffee & Tea","원두커피믹스","맥널티","FC","10003529","아이브루 클래식 100T","8804645002465","발주불가","규격 외","0","0","1","6068","0","0","0","","NO","0.589"
"20260914","Food","Coffee & Tea","원두커피믹스","맥널티","FC","11019882","맥널티 아이브루 다크 블렌드 200T","8804645003219","발주가능","정상","0","9","35","13096","0","0","0","","NO","0.589"
"20260914","Food","Coffee & Tea","원두커피믹스","맥널티커피","FC","11019883","맥널티 아이브루 모카 블랙 200T","8804645003226","발주가능","정상","0","11","54","11687","0","0","0","","NO","0.589"
"20260914","Food","Coffee & Tea","원두커피믹스","맥널티커피","FC","13777565","맥널티 아이브루 모카블랙 70T","8804645003912","발주가능","정상","0","0","11","6519","0","0","0","","NO","0.589"
"20260914","Food","Coffee & Tea","원두커피믹스","맥널티커피","SFJEJ2","15720531","콜롬비아 블랙 100개입","8804645002861","발주가능","정상","0","0","1","6345","0","0","0","","NO","0.589"
"20260914","Food","Coffee & Tea","원두커피믹스","맥널티커피","SFSPA3","15720531","콜롬비아 블랙 100개입","8804645002861","발주가능","정상","0","1","3","6345","0","0","0","","NO","0.589"
"20260914","Food","Coffee & Tea","원두커피믹스","맥널티커피","FC","15720531","콜롬비아 블랙 100개입","8804645002861","발주가능","정상","0","66","917","6345","0","0","0","","NO","0.589"
"20260914","Food","Coffee & Tea","원두커피믹스","맥널티커피","FC","26477367","맥널티 리얼 에스프레소샷 블랙 액상스틱커피 15mlx30개입","8804645006029","발주가능","정상","0","21","254","7388","0","0","0","","NO","0.589"
"20260914","Food","Coffee & Tea","원두커피믹스","맥널티커피","FC","67975031","호랭이 커피 오곡향 블랙, 1개, 20개입, 1g","8804645007781","발주가능","정상","0","29","275","2806","0","0","0","","NO","0.589"
"20260914","Food","Coffee & Tea","원두커피믹스","맥널티커피","FC","71629331","맥널티 갓성비 아메리카노 블랙커피, 1개, 100개입, 2g","8804645007873","발주가능","정상","0","73","551","8534","0","0","0","","NO","0.589"
"20260914","Food","Coffee & Tea","원두커피믹스","아이브루","FC","36903434","맥널티 아이브루 플러스 헤이즐넛 블랙커피 100개입","8804645006395","발주가능","정상","0","104","358","7623","0","0","0","","NO","0.589"
"20260914","Food","Coffee & Tea","원두커피믹스","아이브루","SFSPA3","36903434","맥널티 아이브루 플러스 헤이즐넛 블랙커피 100개입","8804645006395","발주가능","정상","0","1","0","7623","0","0","0","","NO","0.589"
"20260914","Food","Coffee & Tea","원두커피믹스","아이브루","RC","36903434","맥널티 아이브루 플러스 헤이즐넛 블랙커피 100개입","8804645006395","발주가능","정상","0","0","505","7623","0","0","0","","NO","0.589"
"20260914","Food","Coffee & Tea","원두커피믹스","아이브루","FC","36903435","맥널티 아이브루 플러스 오리지널 블랙커피 100개입","8804645006388","발주불가","규격 외","0","0","384","7623","0","0","0","","NO","0.589"
"20260914","Food","Coffee & Tea","원두커피믹스","아이브루","FC","46534985","아이브루 플러스 디카페인 아메리카노 블랙커피, 1개, 80개입, 80g","8804645007118","발주가능","정상","0","27","11","7964","0","0","0","","NO","0.589"
"20260914","Food","Coffee & Tea","원두커피믹스","아이브루","FC","56760693","아이브루 플러스 디카페인 블랙커피 헤이즐넛향 (1g x 80개입), 1개","8804645007453","발주가능","정상","0","63","845","7961","0","0","0","","NO","0.589"
"20260914","Food","Coffee & Tea","원두커피믹스","아이브루","SFJEJ2","56760693","아이브루 플러스 디카페인 블랙커피 헤이즐넛향 (1g x 80개입), 1개","8804645007453","발주가능","정상","0","1","1","7961","0","0","0","","NO","0.589"
"20260914","Food","Coffee & Tea","원두커피믹스","아이브루","SFSPA3","56760693","아이브루 플러스 디카페인 블랙커피 헤이즐넛향 (1g x 80개입), 1개","8804645007453","발주가능","정상","0","6","5","7961","0","0","0","","NO","0.589"
"20260914","Food","Coffee & Tea","원두커피믹스","프라이빗클럽","FC","10837643","맥널티 병커피 헤이즐넛향 50gx10개","19311931309161","발주가능","정상","0","4","39","23000","0","0","0","","NO","0.589"
"20260914","Food","Coffee & Tea","원두커피믹스","프라이빗클럽","FC","12091997","Box_입소문난 아이리쉬 50G 10병","19311931311164","발주가능","정상","0","1","20","18625","0","0","0","","NO","0.589"
"20260914","Food","Coffee & Tea","원두커피믹스","프라이빗클럽","FC","52625820","맥널티 인스턴트 원두 병커피 에스프레소 블랙 50g 1개","9311931902167","발주가능","정상","0","25","187","3486","0","0","0","","NO","0.589"
"20260914","Food","Coffee & Tea","율무/견과차","맥널티","FC","64842417","티브루 호박팥차 진액 10ml 30개입 1개","8804645007675","발주가능","정상","0","55","501","5259","0","0","0","","NO","0.707"
"20260914","Food","Coffee & Tea","율무/견과차","맥널티","SFJEJ2","64842417","티브루 호박팥차 진액 10ml 30개입 1개","8804645007675","발주가능","정상","0","3","5","5259","0","0","0","","NO","0.707"
"20260914","Food","Coffee & Tea","율무/견과차","맥널티","SFSPA3","64842417","티브루 호박팥차 진액 10ml 30개입 1개","8804645007675","발주가능","정상","0","5","0","5259","0","0","0","","NO","0.707"
"20260914","Food","Coffee & Tea","율무/견과차","맥널티커피","FC","39149735","맥널티 스테비아 제로슈가 호두 아몬드 율무차, 1개, 30개입, 450g","8804645006906","발주가능","정상","0","5","10","6815","0","0","0","","NO","0.707"
"20260914","Food","Coffee & Tea","차세트","맥널티커피","FC","78654824","[2026 추석세트] 맥널티 스테비아 전통차 선물세트, 1세트, 율무차(30개) + 쌍화차(30개)","8804645008092","발주가능","정상","0","0","60","19091","0","0","0","","NO","0.900"
"20260914","Food","Coffee & Tea","커피믹스","맥널티커피","RC","45571","맥널티_ 자메이카 블루마운틴 블렌드_226G","8804645100215","발주가능","정상","0","0","512","5000","0","0","0","","NO","0.718"
"20260914","Food","Coffee & Tea","커피믹스","맥널티커피","FC","45571","맥널티_ 자메이카 블루마운틴 블렌드_226G","8804645100215","발주가능","정상","0","62","503","5000","0","0","0","","NO","0.718"
"20260914","Food","Coffee & Tea","커피믹스","맥널티커피","SFSPA3","25240400","맥널티 스테비아 커피믹스 100개입","8804645006067","발주가능","정상","0","0","8","12941","0","0","0","","NO","0.718"
"20260914","Food","Coffee & Tea","커피믹스","맥널티커피","FC","25240400","맥널티 스테비아 커피믹스 100개입","8804645006067","발주가능","정상","0","78","597","12941","0","0","0","","NO","0.718"
"20260914","Food","Coffee & Tea","커피믹스","맥널티커피","RC","25240400","맥널티 스테비아 커피믹스 100개입","8804645006067","발주가능","정상","0","0","1440","12941","0","0","0","","NO","0.718"
"20260914","Food","Coffee & Tea","커피믹스","맥널티커피","FC","25240402","맥널티 스테비아 커피믹스 30개입","8804645006074","발주가능","정상","0","45","354","4827","0","0","0","","NO","0.718"
"20260914","Food","Coffee & Tea","커피믹스","맥널티커피","SFODD4","25240402","맥널티 스테비아 커피믹스 30개입","8804645006074","발주가능","정상","0","0","0","4827","0","0","0","","NO","0.718"
"20260914","Food","Coffee & Tea","커피믹스","맥널티커피","FC","29461862","맥널티 아메리카노 아이스 블랙 100개입","8804645006081","발주가능","정상","0","30","113","5850","0","0","0","","NO","0.718"
"20260914","Food","Coffee & Tea","커피믹스","맥널티커피","FC","38933766","맥널티커피 스테비아 디카페인 커피믹스, 1개, 100개입 9.5g","8804645006890","발주가능","정상","0","75","434","18850","0","0","0","","NO","0.718"
"20260914","Food","Coffee & Tea","커피믹스","맥널티커피","FC","40806729","맥널티 스테비아 디카페인 커피믹스, 1개, 30개입, 285g","8804645006777","발주가능","정상","0","27","360","7027","0","0","0","","NO","0.718"
"20260914","Food","Coffee & Tea","커피믹스","맥널티커피","FC","46730880","산양유 단백질 프로틴 스테비아 커피믹스, 1개, 30개입, 300g","8804645007194","발주가능","정상","0","12","38","6243","0","0","0","","NO","0.718"
"20260914","Food","Coffee & Tea","커피믹스","맥널티커피","FC","56214466","맥널티커피 아이브루 바닐라 라떼,12g x 100개입(스틱), 1200g , 1개","8804645007460","발주가능","정상","0","10","113","12543","0","0","0","","NO","0.718"
"20260914","Food","Coffee & Tea","커피믹스","맥널티커피","FC","56214467","맥널티커피 아이브루 카라멜 마끼아또, 12g x 100개입(스틱), 1200g , 1개","8804645007484","발주가능","정상","0","11","93","12543","0","0","0","","NO","0.718"
"20260914","Food","Coffee & Tea","커피믹스","맥널티커피","FC","63447822","스테비아 커피믹스 헤이즐넛향 9.5g 30개입 1개","8804645007637","발주가능","정상","0","17","150","4827","0","0","0","","NO","0.718"
"20260914","Food","Coffee & Tea","커피믹스","맥널티커피","FC","64859139","맥널티 스테비아 솔티드 카라멜 커피믹스 10g 1개 30개입","8804645007668","발주가능","정상","0","9","118","5670","0","0","0","","NO","0.718"
"20260914","Food","Coffee & Tea","커피믹스","맥널티커피","RC","69526598","맥널티 갓성비 제로슈가 커피믹스, 1개, 80개입, 9g","8804645007842","발주가능","정상","0","0","64","8805","0","0","0","","NO","0.718"
"20260914","Food","Coffee & Tea","커피믹스","맥널티커피","FC","69526598","맥널티 갓성비 제로슈가 커피믹스, 1개, 80개입, 9g","8804645007842","발주가능","정상","0","42","187","8805","0","0","0","","NO","0.718"
"20260914","Food","Coffee & Tea","커피믹스","맥널티커피","FC","69634259","맥널티커피 스테비아 커피믹스 헤이즐넛향, 9.5g, 100개입, 1개","8804645007811","발주가능","정상","0","6","34","14261","0","0","0","","NO","0.718"
"20260914","Food","Coffee & Tea","커피믹스","맥널티커피","FC","71115721","호랭이 커피믹스 고소한 오곡향, 1개, 160개입, 9.5g","8804645007880","발주가능","정상","0","10","58","14261","0","0","0","","NO","0.718"
"20260914","Food","Coffee & Tea","커피믹스","맥널티커피","FC","71115722","호랭이 커피믹스 고소한 오곡향, 1개, 20개입, 9.5g","8804645007897","발주가능","정상","0","3","137","2806","0","0","0","","NO","0.718"
"20260914","Food","Coffee & Tea","커피믹스","아이브루","SFODD2","2341900","맥널티 iBrew 미니 헤이즐넛향 200개입(200g)","8804645000515","발주가능","정상","0","0","2","9917","0","0","0","","NO","0.718"
"20260914","Food","Coffee & Tea","커피믹스","아이브루","FC","2341900","맥널티 iBrew 미니 헤이즐넛향 200개입(200g)","8804645000515","발주가능","정상","0","39","1155","9917","0","0","0","","NO","0.718"
"20260914","Food","Coffee & Tea","커피믹스","아이브루","RC","2341900","맥널티 iBrew 미니 헤이즐넛향 200개입(200g)","8804645000515","발주가능","정상","0","0","360","9917","0","0","0","","NO","0.718"
"20260914","Food","Coffee & Tea","커피믹스","아이브루","SFJEJ2","2341900","맥널티 iBrew 미니 헤이즐넛향 200개입(200g)","8804645000515","발주가능","정상","0","0","2","9917","0","0","0","","NO","0.718"
"20260914","Food","Coffee & Tea","커피믹스","아이브루","FC","3067423","아이브루 헤이즐넛향 70개입","8804645000706","발주가능","정상","0","10","290","4025","0","0","0","","NO","0.718"
"20260914","Food","Coffee & Tea","커피믹스","아이브루","FC","3067424","아이브루 케냐AA 블렌드 70개입","8804645000690","발주가능","정상","0","6","58","6205","0","0","0","","NO","0.718"
"20260914","Food","Coffee & Tea","커피믹스","아이브루","FC","3067425","아이브루 예가체프 블렌드 70개입","8804645000683","발주가능","정상","0","5","30","6205","0","0","0","","NO","0.718"
"20260914","Food","Coffee & Tea","커피믹스","프라이빗클럽","SFSPA3","3067428","인스턴트 병커피 헤이즐넛향 50g","9311931105162","발주가능","정상","0","4","5","2300","0","0","0","","NO","0.718"
"20260914","Food","Coffee & Tea","커피믹스","프라이빗클럽","FC","3067428","인스턴트 병커피 헤이즐넛향 50g","9311931105162","발주가능","정상","0","143","2983","2300","0","0","0","","NO","0.718"
"20260914","Food","Coffee & Tea","커피세트","맥널티커피","FC","26870612","[2026 추석세트] 맥널티 핸드드립 버라이어티세트 30개입","8804645006258","발주가능","정상","0","15","849","9395","0","0","0","","NO","0.895"
"20260914","Food","Coffee & Tea","커피세트","맥널티커피","FC","54651094","인스턴트 원두 병커피 맥널티커피 선물세트 50g x 4개입(에스프레소 2병+헤이즐넛 2병), 1세트","8804645007408","발주가능","정상","0","0","0","15305","0","0","0","","YES","0.895"
"20260914","Food","Drinks","과일음료","맥널티커피","SFJEJ2","24752132","청포도 에이드 190mL 10팩","8804645005893","발주가능","정상","0","0","2","3486","0","0","0","","NO","0.801"
"20260914","Food","Drinks","과일음료","맥널티커피","FC","24752132","청포도 에이드 190mL 10팩","8804645005893","발주가능","정상","0","18","622","3486","0","0","0","","NO","0.801"
"20260914","Food","Drinks","과일음료","맥널티커피","RC","24752132","청포도 에이드 190mL 10팩","8804645005893","발주가능","정상","0","0","273","3486","0","0","0","","NO","0.801"
"20260914","Food","Drinks","과일음료","맥널티커피","SFSPA3","24752132","청포도 에이드 190mL 10팩","8804645005893","발주가능","정상","0","0","3","3486","0","0","0","","NO","0.801"
"20260914","Food","Drinks","과일음료","맥널티커피","FC","24752250","블루레몬 에이드 190mL 10팩","8804645005909","발주가능","정상","0","5","702","3486","0","0","0","","NO","0.801"
"20260914","Food","Drinks","과일음료","맥널티커피","FC","45580036","맥널티 청매실 에이드 190ml*10개입","8804645007071","발주가능","정상","0","12","161","3486","0","0","0","","NO","0.801"
"20260914","Food","Drinks","농축액(음료베이스)","맥널티","FC","51983601","물 한방울 섞이지 않은 김토끼 유기농 레몬즙, 10개, 20g","8804645007361","발주가능","정상","0","2","51","4077","0","0","0","","NO","0.697"
"20260914","Food","Drinks","농축액(음료베이스)","맥널티","FC","58338694","티브루 보리차 원액 간편 액상스틱 진액, 30개, 10ml","8804645007590","발주가능","정상","0","72","2060","5259","0","0","0","","NO","0.697"
"20260914","Food","Drinks","농축액(음료베이스)","맥널티","SFSPA3","58338694","티브루 보리차 원액 간편 액상스틱 진액, 30개, 10ml","8804645007590","발주가능","정상","0","5","2","5259","0","0","0","","NO","0.697"
"20260914","Food","Drinks","농축액(음료베이스)","맥널티","FC","58338695","티브루 옥수수수염차 원액 간편 액상스틱 진액, 30개, 10ml","8804645007606","발주가능","정상","0","24","919","5259","0","0","0","","NO","0.697"
"20260914","Food","Drinks","농축액(음료베이스)","맥널티","SFSPA3","58338696","티브루 헛개수 원액 간편 액상스틱 진액, 30개, 10ml","8804645007613","발주가능","정상","0","0","3","5259","0","0","0","","NO","0.697"
"20260914","Food","Drinks","농축액(음료베이스)","맥널티","SFJEJ2","58338696","티브루 헛개수 원액 간편 액상스틱 진액, 30개, 10ml","8804645007613","발주가능","정상","0","1","0","5259","0","0","0","","NO","0.697"
"20260914","Food","Drinks","농축액(음료베이스)","맥널티","FC","58338696","티브루 헛개수 원액 간편 액상스틱 진액, 30개, 10ml","8804645007613","발주가능","정상","0","17","613","5259","0","0","0","","NO","0.697"
"20260914","Food","Drinks","농축액(음료베이스)","맥널티커피","FC","62882483","티브루 보리차 진액, 1개, 400g","8804645007651","발주가능","정상","0","8","103","7623","0","0","0","","NO","0.697"
"20260914","Food","Drinks","농축액(음료베이스)","맥널티커피","FC","71636537","맥널티 티브루 호박팥차 무라벨, 20개, 500ml","8804645007934","발주가능","정상","0","104","145","8795","0","0","0","","NO","0.697"
"20260914","Food","Drinks","야채음료","맥널티커피","FC","48914233","맥널티 유자 에이드 190ml 10개","8804645007217","발주가능","정상","0","10","298","3486","0","0","0","","NO","0.603"
"20260914","Food","Drinks","차음료","맥널티커피","SFJEJ2","24752251","복숭아 아이스티 190mL 10팩","8804645005886","발주가능","정상","0","1","3","3486","0","0","0","","NO","0.688"
"20260914","Food","Drinks","차음료","맥널티커피","FC","24752251","복숭아 아이스티 190mL 10팩","8804645005886","발주가능","정상","0","16","282","3486","0","0","0","","NO","0.688"
"20260914","Food","Drinks","차음료","맥널티커피","RC","24752251","복숭아 아이스티 190mL 10팩","8804645005886","발주가능","정상","0","0","258","3486","0","0","0","","NO","0.688"
"20260914","Food","Drinks","차음료","맥널티커피","FC","24944267","맥널티 허니자몽 블랙티 대용량 파우치 1Lx6입","18804645005951","발주가능","정상","0","1","63","10252","0","0","0","","NO","0.688"
"20260914","Food","Drinks","차음료","맥널티커피","FC","24944268","맥널티 복숭아 아이스티 대용량 파우치 1Lx6입","18804645005944","발주가능","정상","0","0","0","10252","0","0","0","","YES","0.688"
"20260914","Food","Drinks","차음료","맥널티커피","FC","26889711","맥널티 제로칼로리 복숭아 아이스티 500ml 24입","18804645006101","발주가능","정상","0","7","315","12205","0","0","0","","NO","0.688"
"20260914","Food","Drinks","차음료","맥널티커피","FC","36669698","제로 아이스티 복숭아, 30개입, 13g","8804645006791","발주가능","정상","0","9","54","5850","0","0","0","","NO","0.688"
"20260914","Food","Drinks","차음료","맥널티커피","FC","36829225","맥널티 제로칼로리 청포도 아이스티 500mlx24입,","18804645006538","발주가능","정상","0","3","87","12205","0","0","0","","NO","0.688"
"20260914","Food","Drinks","차음료","맥널티커피","FC","36829226","제로 아이스티 청포도, 30개입, 13g 1개","8804645006807","발주가능","정상","0","6","81","5850","0","0","0","","NO","0.688"
"20260914","Food","Drinks","차음료","맥널티커피","FC","36863185","맥널티 대용량 제로칼로리 복숭아 아이스티 1.5L 12개","18804645006736","일시중단","단종예정","0","0","0","17427","0","0","0","","YES","0.688"
"20260914","Food","Drinks","차음료","맥널티커피","FC","38262417","복숭아 아이스티 제로, 6개, 1L","18804645006873","발주가능","정상","0","2","39","10577","0","0","0","","NO","0.688"
"20260914","Food","Drinks","차음료","맥널티커피","FC","40520042","맥널티커피 복숭아 아이스티 제로 RTD, 30개, 240ml","18804645006835","발주가능","정상","0","5","324","8795","0","0","0","","NO","0.688"
"20260914","Food","Drinks","차음료","맥널티커피","FC","61673272","맥널티커피 복숭아 아이스티 제로, 1.5L, 1개","8804645006739","발주가능","정상","0","139","2180","1364","0","0","0","","NO","0.688"
"20260914","Food","Drinks","차음료","맥널티커피","RC","61673272","맥널티커피 복숭아 아이스티 제로, 1.5L, 1개","8804645006739","발주가능","정상","0","0","1248","1364","0","0","0","","NO","0.688"
"20260914","Food","Drinks","차음료","맥널티커피","SFJEJ2","61673272","맥널티커피 복숭아 아이스티 제로, 1.5L, 1개","8804645006739","발주가능","정상","0","2","4","1364","0","0","0","","NO","0.688"
"20260914","Food","Drinks","차음료","맥널티커피","SFSPA3","61673272","맥널티커피 복숭아 아이스티 제로, 1.5L, 1개","8804645006739","발주가능","정상","0","0","0","1364","0","0","0","","NO","0.688"
"20260914","Food","Drinks","차음료","맥널티커피","SFSPA3","73944650","맥널티 복숭아 아이스티 대용량 파우치, 1개, 2.1L","8804645007965","발주가능","정상","0","0","5","2413","0","0","0","","NO","0.688"
"20260914","Food","Drinks","차음료","맥널티커피","SFJEJ2","73944650","맥널티 복숭아 아이스티 대용량 파우치, 1개, 2.1L","8804645007965","발주가능","정상","0","2","1","2413","0","0","0","","NO","0.688"
"20260914","Food","Drinks","차음료","맥널티커피","FC","73944650","맥널티 복숭아 아이스티 대용량 파우치, 1개, 2.1L","8804645007965","발주가능","정상","0","99","2382","2413","0","0","0","","NO","0.688"
"20260914","Food","Drinks","차음료","맥널티커피","FC","75850021","맥널티 허니자몽 블랙티, 1L, 1개","8804645005954","발주가능","정상","0","14","317","1714","0","0","0","","NO","0.688"
"20260914","Food","Drinks","커피음료","맥널티커피","SFJEJ2","24695530","아이스 헤이즐넛향 커피 190mL 10팩","8804645005879","발주가능","정상","0","0","1","3486","0","0","0","","NO","0.685"
"20260914","Food","Drinks","커피음료","맥널티커피","RC","24695530","아이스 헤이즐넛향 커피 190mL 10팩","8804645005879","발주가능","정상","0","0","273","3486","0","0","0","","NO","0.685"
"20260914","Food","Drinks","커피음료","맥널티커피","FC","24695530","아이스 헤이즐넛향 커피 190mL 10팩","8804645005879","발주가능","정상","0","52","180","3486","0","0","0","","NO","0.685"
"20260914","Food","Drinks","커피음료","맥널티커피","RC","24695531","아이스 아메리카노 스위트 190mL 10팩","8804645005862","발주가능","정상","0","0","1365","3486","0","0","0","","NO","0.685"
"20260914","Food","Drinks","커피음료","맥널티커피","SFJEJ2","24695531","아이스 아메리카노 스위트 190mL 10팩","8804645005862","발주가능","정상","0","0","0","3486","0","0","0","","NO","0.685"
"20260914","Food","Drinks","커피음료","맥널티커피","FC","24695531","아이스 아메리카노 스위트 190mL 10팩","8804645005862","발주가능","정상","0","28","339","3486","0","0","0","","NO","0.685"
"20260914","Food","Drinks","커피음료","맥널티커피","RC","24695532","아이스 아메리카노 블랙 190mL 10팩","8804645005855","발주가능","정상","0","0","273","3486","0","0","0","","NO","0.685"
"20260914","Food","Drinks","커피음료","맥널티커피","SFODD2","24695532","아이스 아메리카노 블랙 190mL 10팩","8804645005855","발주가능","정상","0","0","2","3486","0","0","0","","NO","0.685"
"20260914","Food","Drinks","커피음료","맥널티커피","FC","24695532","아이스 아메리카노 블랙 190mL 10팩","8804645005855","발주가능","정상","0","38","503","3486","0","0","0","","NO","0.685"
"20260914","Food","Drinks","커피음료","맥널티커피","FC","25484251","맥널티커피 아메리카노 스위트 1Lx6입","18804645005920","발주가능","정상","0","4","122","10252","0","0","0","","NO","0.685"
"20260914","Food","Drinks","커피음료","맥널티커피","FC","25484255","맥널티 아이스 아메리카노 블랙커피 대용량 파우치 1Lx6입","18804645005913","발주가능","정상","0","6","55","10252","0","0","0","","NO","0.685"
"20260914","Food","Drinks","커피음료","맥널티커피","FC","25484257","맥널티 아이스 헤이즐넛향 커피 대용량 파우치 1Lx6입","18804645005937","발주가능","정상","0","2","93","10252","0","0","0","","NO","0.685"
"20260914","Food","Drinks","커피음료","맥널티커피","RC","48466205","맥널티 대용량 제로슈가 스테비아 믹스커피 음료, 12개, 1L","18804645007290","발주가능","정상","0","0","80","17067","0","0","0","","NO","0.685"
"20260914","Food","Drinks","커피음료","맥널티커피","FC","48466205","맥널티 대용량 제로슈가 스테비아 믹스커피 음료, 12개, 1L","18804645007290","발주가능","정상","0","13","126","17067","0","0","0","","NO","0.685"
"20260914","Food","Drinks","커피음료","맥널티커피","FC","54922706","맥널티 대용량 제로슈가 스테비아 믹스커피 음료, 1L, 6개","8804645007323","발주가능","정상","0","70","804","8805","0","0","0","","NO","0.685"
"20260914","Food","Drinks","커피음료","맥널티커피","RC","68778940","맥널티 아이브루 아메리카노 블랙커피 12개 1L","18804645007306","발주가능","정상","0","0","560","12205","0","0","0","","NO","0.685"
"20260914","Food","Drinks","커피음료","맥널티커피","FC","68778940","맥널티 아이브루 아메리카노 블랙커피 12개 1L","18804645007306","발주가능","정상","0","166","1397","12205","0","0","0","","NO","0.685"
"20260914","Food","Drinks","커피음료","맥널티커피","FC","68778941","맥널티 아이브루 헤이즐넛향 블랙커피 12개 1L","18804645007504","발주가능","정상","0","40","446","12205","0","0","0","","NO","0.685"
"20260914","Food","Drinks","커피음료","맥널티커피","RC","68778941","맥널티 아이브루 헤이즐넛향 블랙커피 12개 1L","18804645007504","발주가능","정상","0","0","160","12205","0","0","0","","NO","0.685"
"20260914","Food","Drinks","커피음료","맥널티커피","FC","68778942","아이브루 아메리카노 블랙커피 무라벨 400ML 20개","8804645007491","발주가능","정상","0","180","1554","12205","0","0","0","","NO","0.685"
"20260914","Food","Drinks","커피음료","맥널티커피","RC","68778942","아이브루 아메리카노 블랙커피 무라벨 400ML 20개","8804645007491","발주가능","정상","0","0","455","12205","0","0","0","","NO","0.685"
"20260914","Food","Drinks","커피음료","맥널티커피","FC","73951791","맥널티 아이스 아메리카노 블랙 커피 대용량 파우치, 1개, 2.1L","8804645007958","발주가능","정상","0","317","4258","2413","0","0","0","","NO","0.685"
"20260914","Food","Drinks","커피음료","맥널티커피","RC","73951791","맥널티 아이스 아메리카노 블랙 커피 대용량 파우치, 1개, 2.1L","8804645007958","발주가능","정상","0","0","9023","2413","0","0","0","","NO","0.685"
"20260914","Food","Drinks","커피음료","맥널티커피","SFJEJ2","73951791","맥널티 아이스 아메리카노 블랙 커피 대용량 파우치, 1개, 2.1L","8804645007958","발주가능","정상","0","4","28","2413","0","0","0","","NO","0.685"
"20260914","Food","Drinks","커피음료","맥널티커피","SFSPA3","73951791","맥널티 아이스 아메리카노 블랙 커피 대용량 파우치, 1개, 2.1L","8804645007958","발주가능","정상","0","21","49","2413","0","0","0","","NO","0.685"
"20260914","Food","Drinks","커피음료","맥널티커피","SFJEJ2","75683093","맥널티 아이스 아메리카노 블랙 1리터, 1L, 1개","8804645005916","발주가능","정상","0","0","1","1714","0","0","0","","NO","0.685"
"20260914","Food","Drinks","커피음료","맥널티커피","FC","75683093","맥널티 아이스 아메리카노 블랙 1리터, 1L, 1개","8804645005916","발주가능","정상","0","18","1215","1714","0","0","0","","NO","0.685"
"20260914","Food","Drinks","커피음료","맥널티커피","SFSPA3","75683093","맥널티 아이스 아메리카노 블랙 1리터, 1L, 1개","8804645005916","발주가능","정상","0","0","1","1714","0","0","0","","NO","0.685"
"20260914","Food","Drinks","커피음료","맥널티커피","FC","75694561","맥널티커피 아이스 아메리카노 헤이즐넛, 1개, 1L","8804645005930","발주가능","정상","0","69","1848","1714","0","0","0","","NO","0.685"
"20260914","Food","Drinks","커피음료","맥널티커피","FC","75765043","맥널티 아이스아메리카노 스위트, 1개, 1L","8804645005923","발주가능","정상","0","24","1906","1714","0","0","0","","NO","0.685"
"20260914","Food","Drinks","커피음료","맥널티커피","SFSPA3","75765043","맥널티 아이스아메리카노 스위트, 1개, 1L","8804645005923","발주가능","정상","0","0","2","1714","0","0","0","","NO","0.685"
"20260914","Food","Drinks","커피음료","맥널티커피","FC","76540319","맥널티 호랭이 마일드 라떼 캔커피, 30개, 175ml","18804645008013","발주가능","정상","0","45","972","8523","0","0","0","","NO","0.685"
"20260914","Food","Drinks","커피음료","맥널티커피","FC","77572705","맥널티 아이스 아메리카노 헤이즐넛, 1개, 2.1L","8804645008030","발주가능","정상","0","121","575","2413","0","0","0","","NO","0.685"
"20260914","Food","Drinks","커피음료","맥널티커피","RC","77572705","맥널티 아이스 아메리카노 헤이즐넛, 1개, 2.1L","8804645008030","발주가능","정상","0","0","384","2413","0","0","0","","NO","0.685"
"20260914","Food","Drinks","커피음료","아이브루","RC","70253954","아이브루 디카페인 아메리카노 블랙커피 무라벨, 20개, 400ml","8804645007903","발주가능","정상","0","0","364","13500","0","0","0","","NO","0.685"
"20260914","Food","Drinks","커피음료","아이브루","FC","70253954","아이브루 디카페인 아메리카노 블랙커피 무라벨, 20개, 400ml","8804645007903","발주가능","정상","0","87","378","13500","0","0","0","","NO","0.685"
"20260914","Kitchen","Tools & Gadgets","커피필터/여과지","맥널티","FC","12491225","맥널티 핸드드립 커피필터 30개입","8804645300950","발주가능","정상","0","60","1423","2642","0","0","0","","NO","0.520"
"20260914","Kitchen","Tools & Gadgets","커피필터/여과지","맥널티","SFSPA3","12491225","맥널티 핸드드립 커피필터 30개입","8804645300950","발주가능","정상","0","0","5","2642","0","0","0","","NO","0.520"
"20260913","CE","Kitchen Appliance","커피머신","맥널티커피","FC","31602405","맥널티 2in1 핫앤콜드 진공추출 커피메이커 MCM-065B MCM-065B","8804645006296","발주가능","정상","0","0","12","30859","0","0","0","","NO","0.780"
"20260913","Food","Coffee & Tea","기타전통차","맥널티커피","FC","39149736","맥널티 스테비아 침향 쌍화차, 1개, 30개입, 450g","8804645006913","발주가능","정상","0","0","98","8536","0","0","0","","NO","0.722"
"20260913","Food","Coffee & Tea","기타전통차","맥널티커피","FC","41175263","맥널티커피 스테비아 꿀 유자차, 1개, 30개입, 450g","8804645006951","발주가능","정상","0","0","97","7388","0","0","0","","NO","0.722"
"20260913","Food","Coffee & Tea","둥글레/옥수수/보리/결명자차","맥널티커피","FC","76230458","맥널티 진 보리차 1개 1kg","8804645007996","발주가능","정상","0","5","29","15209","0","0","0","","NO","0.609"
"20260913","Food","Coffee & Tea","드립백/티백","맥널티","FC","3067432","산지별 콜롬비아 슈프리모 핸드드립커피 7개입","8804645000324","발주가능","정상","0","0","273","3043","0","0","0","","NO","0.725"
"20260913","Food","Coffee & Tea","드립백/티백","맥널티","FC","10003518","케냐 AA 핸드드립 블렌드 24개입","8804645000720","발주가능","정상","0","9","110","6068","0","0","0","","NO","0.725"
"20260913","Food","Coffee & Tea","드립백/티백","맥널티커피","FC","3067429","산지별 브라질 세라도 NY2 핸드드립커피 7개입","8804645000300","발주가능","정상","0","3","36","2887","0","0","0","","NO","0.725"
"20260913","Food","Coffee & Tea","드립백/티백","맥널티커피","FC","3067430","산지별 케냐 AA 핸드드립커피 7개입","8804645000355","발주가능","정상","0","1","46","3062","0","0","0","","NO","0.725"
"20260913","Food","Coffee & Tea","드립백/티백","맥널티커피","FC","3067433","산지별 에티오피아 코케 허니 핸드드립커피 7개입","8804645000348","발주가능","정상","0","2","68","2910","0","0","0","","NO","0.725"
"20260913","Food","Coffee & Tea","드립백/티백","맥널티커피","FC","3067434","산지별 에티오피아 예가체프 핸드드립커피 7개입","8804645000331","발주가능","정상","0","3","90","3184","0","0","0","","NO","0.725"
"20260913","Food","Coffee & Tea","드립백/티백","맥널티커피","FC","10003517","콜롬비아 핸드드립 블렌드 24개입","8804645000713","발주가능","정상","30","17","13","5977","0","0","0","","YES","0.725"
"20260913","Food","Coffee & Tea","드립백/티백","맥널티커피","FC","23400108","맥널티 디카페인100% 핸드드립 원두커피 24개입","8804645005732","발주가능","정상","0","18","93","9395","0","0","0","","NO","0.725"
"20260913","Food","Coffee & Tea","드립백/티백","맥널티커피","FC","37713094","맥널티 핸드드립커피 케냐AA(더블에이) 36개입, 8g, 1개","8804645006616","발주가능","정상","0","11","67","11759","0","0","0","","NO","0.725"
"20260913","Food","Coffee & Tea","드립백/티백","맥널티커피","FC","37713095","맥널티 핸드드립커피 에티오피아 예가체프 36개입, 8g, 1개","8804645006623","발주가능","정상","0","3","23","10577","0","0","0","","NO","0.725"
"20260913","Food","Coffee & Tea","드립백/티백","맥널티커피","FC","41391235","맥널티 행복을주는커피 시그니처 블렌드 핸드드립 커피 20개입, 1개, 8g","8804645003653","발주가능","정상","0","10","61","6795","0","0","0","","NO","0.725"
"20260913","Food","Coffee & Tea","드립백/티백","맥널티커피","FC","62821923","맥널티 핸드드립 커피 에티오피아 예가체프 8g 24개입 1개","8804645006920","발주가능","정상","0","6","47","9679","0","0","0","","NO","0.725"
"20260913","Food","Coffee & Tea","드립백/티백","맥널티커피","FC","68147033","베니스브루 스페셜티 핸드드립 가향 커피 오렌지 벨벳, 1개, 7개입, 12g","8804645007712","발주가능","정상","0","0","21","5143","0","0","0","","NO","0.725"
"20260913","Food","Coffee & Tea","드립백/티백","맥널티커피","FC","68147034","베니스브루 스페셜티 핸드드립 가향 커피 쇼콜라 모카, 1개, 7개입, 12g","8804645007729","발주가능","정상","0","0","34","5143","0","0","0","","NO","0.725"
"20260913","Food","Coffee & Tea","드립백/티백","맥널티커피","FC","68777449","베니스브루 베리 블로썸 드립백 커피 12g 1개 7개입","8804645007705","발주가능","정상","0","0","12","5143","0","0","0","","NO","0.725"
"20260913","Food","Coffee & Tea","라떼분말","맥널티커피","FC","34834818","맥널티 스테비아 제로슈가 핫초코 라떼 30개입 15g","8804645006340","발주가능","정상","90","13","479","7500","0","0","0","","NO","0.581"
"20260913","Food","Coffee & Tea","라떼분말","맥널티커피","FC","51063548","스테비아 단백질 옥수수 크림 라떼, 1개, 20개입, 18g","8804645007330","발주가능","정상","0","0","3","5850","0","0","0","","NO","0.581"
"20260913","Food","Coffee & Tea","라떼분말","맥널티커피","FC","51164938","스테비아 단백질 고구마 크림 라떼, 1개, 20개입, 18g","8804645007347","발주가능","정상","0","1","24","5850","0","0","0","","NO","0.581"
"20260913","Food","Coffee & Tea","원두","N_A","FC","76443755","맥널티 브라질 세라도 NY.2 원두 1kg, 1개","8804645006425","발주가능","정상","0","0","251","17609","0","0","0","","NO","0.894"
"20260913","Food","Coffee & Tea","원두","맥널티커피","SFSPA3","45570","맥널티_헤이즐넛원두분쇄커피_226G","8804645100208","발주가능","정상","0","0","8","5000","0","0","0","","NO","0.894"
"20260913","Food","Coffee & Tea","원두","맥널티커피","FC","45570","맥널티_헤이즐넛원두분쇄커피_226G","8804645100208","발주가능","정상","0","101","943","5000","0","0","0","","NO","0.894"
"20260913","Food","Coffee & Tea","원두","맥널티커피","RC","45570","맥널티_헤이즐넛원두분쇄커피_226G","8804645100208","발주가능","정상","0","0","128","5000","0","0","0","","NO","0.894"
"20260913","Food","Coffee & Tea","원두","맥널티커피","SFJEJ2","45570","맥널티_헤이즐넛원두분쇄커피_226G","8804645100208","발주가능","정상","0","0","5","5000","0","0","0","","NO","0.894"
"20260913","Food","Coffee & Tea","원두","맥널티커피","FC","45572","맥널티_헤이즐넛원두분쇄커피_500G","8804645100468","발주가능","정상","0","44","354","7960","0","0","0","","NO","0.894"
"20260913","Food","Coffee & Tea","원두","맥널티커피","RC","45572","맥널티_헤이즐넛원두분쇄커피_500G","8804645100468","발주가능","정상","0","0","496","7960","0","0","0","","NO","0.894"
"20260913","Food","Coffee & Tea","원두","맥널티커피","SFSPA3","45572","맥널티_헤이즐넛원두분쇄커피_500G","8804645100468","발주가능","정상","0","2","16","7960","0","0","0","","NO","0.894"
"20260913","Food","Coffee & Tea","원두","맥널티커피","SFJEJ2","45572","맥널티_헤이즐넛원두분쇄커피_500G","8804645100468","발주가능","정상","0","1","1","7960","0","0","0","","NO","0.894"
"20260913","Food","Coffee & Tea","원두","맥널티커피","FC","45573","맥널티_블루마운틴스타일원두분쇄커피_500G","8804645100451","발주가능","정상","0","35","230","11091","0","0","0","","NO","0.894"
"20260913","Food","Coffee & Tea","원두","맥널티커피","RC","45573","맥널티_블루마운틴스타일원두분쇄커피_500G","8804645100451","발주가능","정상","0","0","640","11091","0","0","0","","NO","0.894"
"20260913","Food","Coffee & Tea","원두","맥널티커피","FC","5344648","맥널티 원두 에스프레소 블랙 1개, 1kg","8804645001239","발주불가","단종","0","0","1","9156","0","0","0","","YES","0.894"
"20260913","Food","Coffee & Tea","원두","맥널티커피","FC","10147177","맥널티 홀빈 블루마운틴 1000g","8804645006302","발주가능","정상","0","3","61","15715","0","0","0","","NO","0.894"
"20260913","Food","Coffee & Tea","원두","맥널티커피","FC","10147180","맥널티 행복을 주는 커피 헤이즐넛향 1kg 홀빈","8804645100185","발주가능","정상","0","12","137","15244","0","0","0","","NO","0.894"
"20260913","Food","Coffee & Tea","원두","맥널티커피","RC","10812901","맥널티 베트남 로부스타 원두커피 1kg","8804645003066","발주가능","정상","0","0","400","11700","0","0","0","","NO","0.894"
"20260913","Food","Coffee & Tea","원두","맥널티커피","FC","10812901","맥널티 베트남 로부스타 원두커피 1kg","8804645003066","발주가능","정상","0","22","272","11700","0","0","0","","NO","0.894"
"20260913","Food","Coffee & Tea","원두","맥널티커피","SFJEJ2","10812901","맥널티 베트남 로부스타 원두커피 1kg","8804645003066","발주가능","정상","0","1","1","11700","0","0","0","","NO","0.894"
"20260913","Food","Coffee & Tea","원두","맥널티커피","FC","11849981","행복을 주는 커피 블루마운틴 블렌드 분쇄 원두 커피 1kg","8804645003486","발주가능","정상","0","11","84","16364","0","0","0","","NO","0.894"
"20260913","Food","Coffee & Tea","원두","맥널티커피","FC","12521866","맥널티 행복을 주는 커피 시그니처 헤이즐넛향 원두 커피 1Kg","8804645003493","발주가능","정상","0","11","81","16364","0","0","0","","NO","0.894"
"20260913","Food","Coffee & Tea","원두","맥널티커피","RC","12521866","맥널티 행복을 주는 커피 시그니처 헤이즐넛향 원두 커피 1Kg","8804645003493","발주가능","정상","0","0","432","16364","0","0","0","","NO","0.894"
"20260913","Food","Coffee & Tea","원두","맥널티커피","FC","13277718","맥널티 행복을 주는 커피 브라질 산토스 1kg","8804645003936","발주가능","정상","0","14","103","14091","0","0","0","","NO","0.894"
"20260913","Food","Coffee & Tea","원두","맥널티커피","FC","13277719","맥널티 행복을 주는 커피 콜롬비아 블렌드 1kg","8804645003929","발주가능","정상","0","15","502","15599","0","0","0","","NO","0.894"
"20260913","Food","Coffee & Tea","원두","맥널티커피","FC","37733154","맥널티 원두 홀빈(분쇄안함) 마일드 미디움 블렌드 200g, 1개","8804645005374","발주가능","정상","0","2","24","5791","0","0","0","","NO","0.894"
"20260913","Food","Coffee & Tea","원두","맥널티커피","FC","38710869","맥널티 홀빈 커피원두, 마일드 미디움 블렌드 1kg, 1개","8804645005329","발주가능","정상","0","2","15","16364","0","0","0","","NO","0.894"
"20260913","Food","Coffee & Tea","원두","맥널티커피","FC","38710870","맥널티 홀빈 커피원두, 콜롬비아 안데스 오리진 1kg, 1개","8804645005343","발주가능","정상","0","0","79","16364","0","0","0","","NO","0.894"
"20260913","Food","Coffee & Tea","원두","맥널티커피","FC","38710872","맥널티 홀빈 커피원두, 시그니처 블렌드 1kg, 1개","8804645005312","발주가능","정상","0","3","95","16364","0","0","0","","NO","0.894"
"20260913","Food","Coffee & Tea","원두","맥널티커피","FC","38813491","맥널티 홀빈 원두 1KG, 브라질 산토스 내추럴, 1개","8804645005350","발주가능","정상","0","19","134","11364","0","0","0","","NO","0.894"
"20260913","Food","Coffee & Tea","원두","맥널티커피","FC","38919334","맥널티 에티오피아 예가체프 홀빈 원두, 1kg, 1개","8804645006852","발주가능","정상","0","8","31","16364","0","0","0","","NO","0.894"
"20260913","Food","Coffee & Tea","원두","맥널티커피","FC","39616644","맥널티 예맨 모카 블렌드 커피 원두, 홀빈(분쇄안함), 500g, 1개","8804645006692","발주가능","정상","0","0","15","11400","0","0","0","","NO","0.894"
"20260913","Food","Coffee & Tea","원두","맥널티커피","FC","39616645","맥널티 시그니처 디카페인 커피 원두, 홀빈(분쇄안함), 500g, 1개","8804645006937","발주가능","정상","0","2","49","12545","0","0","0","","NO","0.894"
"20260913","Food","Coffee & Tea","원두","맥널티커피","FC","39616646","맥널티 게이샤 블렌드 커피 원두, 홀빈(분쇄안함), 500g, 1개","8804645006708","발주가능","정상","0","3","0","11400","0","0","0","","YES","0.894"
"20260913","Food","Coffee & Tea","원두","맥널티커피","FC","39616647","맥널티 하와이안 코나 블렌드 커피 원두, 홀빈(분쇄안함), 500g, 1개","8804645006685","발주가능","정상","0","4","41","11400","0","0","0","","NO","0.894"
"20260913","Food","Coffee & Tea","원두","맥널티커피","FC","48074657","맥널티 브라질 세라도 분쇄 원두 커피, 1개, 500g","8804645007262","발주가능","정상","48","1","116","9395","0","0","0","","NO","0.894"
"20260913","Food","Coffee & Tea","원두","맥널티커피","FC","48074658","맥널티 콜롬비아 안데스 분쇄 원두 커피, 1개, 500g","8804645007255","발주가능","정상","0","4","46","9986","0","0","0","","NO","0.894"
"20260913","Food","Coffee & Tea","원두","맥널티커피","FC","48074659","맥널티 에티오피아 예가체프 분쇄 원두 커피, 1개, 500g","8804645007231","발주가능","정상","0","7","68","9986","0","0","0","","NO","0.894"
"20260913","Food","Coffee & Tea","원두","맥널티커피","FC","58681130","콜롬비아 안데스 오리진 분쇄 커피 원두 1개 226g 핸드드립","8804645007552","발주가능","정상","0","13","12","7159","0","0","0","","NO","0.894"
"20260913","Food","Coffee & Tea","원두","맥널티커피","FC","58681131","브라질 산토스 오리진 분쇄 커피 원두, 226g, 1개, 핸드드립","8804645007545","발주가능","정상","0","4","5","7159","0","0","0","","NO","0.894"
"20260913","Food","Coffee & Tea","원두","맥널티커피","FC","58765769","게이샤 블렌드 분쇄 커피 원두, 1개, 226g, 핸드드립","8804645007514","발주가능","정상","0","1","9","7732","0","0","0","","NO","0.894"
"20260913","Food","Coffee & Tea","원두","맥널티커피","FC","58765770","디카페인 헤이즐넛향 분쇄 커피 원두, 1개, 226g, 핸드드립","8804645007538","발주가능","정상","24","6","96","8018","0","0","0","","NO","0.894"
"20260913","Food","Coffee & Tea","원두","맥널티커피","FC","58850533","하와이안 코나 블렌드 분쇄 커피 원두, 1개, 226g, 핸드드립","8804645007521","발주가능","정상","16","3","13","7732","0","0","0","","YES","0.894"
"20260913","Food","Coffee & Tea","원두","맥널티커피","FC","71777603","투비 다크 블랙 블렌드 홀빈 원두 커피, 1kg, 홀빈(분쇄안함), 1개","8804645007989","발주가능","정상","0","11","78","13115","0","0","0","","NO","0.894"
"20260913","Food","Coffee & Tea","원두","맥널티커피","FC","76697770","투비커피 너티초코 아메리카노 블렌드 홀빈 원두 커피, 1kg, 홀빈(분쇄안함), 1개","8804645008047","발주가능","정상","0","0","38","17125","0","0","0","","NO","0.894"
"20260913","Food","Coffee & Tea","원두커피믹스","맥널티","FC","10003529","아이브루 클래식 100T","8804645002465","발주불가","규격 외","0","0","1","6068","0","0","0","","NO","0.584"
"20260913","Food","Coffee & Tea","원두커피믹스","맥널티","FC","11019882","맥널티 아이브루 다크 블렌드 200T","8804645003219","발주가능","정상","0","10","44","13096","0","0","0","","NO","0.584"
"20260913","Food","Coffee & Tea","원두커피믹스","맥널티커피","FC","11019883","맥널티 아이브루 모카 블랙 200T","8804645003226","발주가능","정상","0","6","65","11687","0","0","0","","NO","0.584"
"20260913","Food","Coffee & Tea","원두커피믹스","맥널티커피","FC","13777565","맥널티 아이브루 모카블랙 70T","8804645003912","발주가능","정상","0","2","11","6519","0","0","0","","NO","0.584"
"20260913","Food","Coffee & Tea","원두커피믹스","맥널티커피","SFJEJ2","15720531","콜롬비아 블랙 100개입","8804645002861","발주가능","정상","0","1","1","6345","0","0","0","","NO","0.584"
"20260913","Food","Coffee & Tea","원두커피믹스","맥널티커피","FC","15720531","콜롬비아 블랙 100개입","8804645002861","발주가능","정상","0","38","983","6345","0","0","0","","NO","0.584"
"20260913","Food","Coffee & Tea","원두커피믹스","맥널티커피","SFSPA3","15720531","콜롬비아 블랙 100개입","8804645002861","발주가능","정상","0","0","3","6345","0","0","0","","NO","0.584"
"20260913","Food","Coffee & Tea","원두커피믹스","맥널티커피","FC","26477367","맥널티 리얼 에스프레소샷 블랙 액상스틱커피 15mlx30개입","8804645006029","발주가능","정상","0","10","275","7388","0","0","0","","NO","0.584"
"20260913","Food","Coffee & Tea","원두커피믹스","맥널티커피","FC","62672352","맥널티 아이브루 플러스 스위트 블랙 원두커피믹스 80개입 2.8g","8804645007620","발주가능","정상","0","5","0","7961","0","0","0","","YES","0.584"
"20260913","Food","Coffee & Tea","원두커피믹스","맥널티커피","FC","67975031","호랭이 커피 오곡향 블랙, 1개, 20개입, 1g","8804645007781","발주가능","정상","0","17","304","2806","0","0","0","","NO","0.584"
"20260913","Food","Coffee & Tea","원두커피믹스","맥널티커피","FC","71629331","맥널티 갓성비 아메리카노 블랙커피, 1개, 100개입, 2g","8804645007873","발주가능","정상","0","56","623","8534","0","0","0","","NO","0.584"
"20260913","Food","Coffee & Tea","원두커피믹스","아이브루","SFSPA3","36903434","맥널티 아이브루 플러스 헤이즐넛 블랙커피 100개입","8804645006395","발주가능","정상","0","3","1","7623","0","0","0","","NO","0.584"
"20260913","Food","Coffee & Tea","원두커피믹스","아이브루","FC","36903434","맥널티 아이브루 플러스 헤이즐넛 블랙커피 100개입","8804645006395","발주가능","정상","0","106","462","7623","0","0","0","","NO","0.584"
"20260913","Food","Coffee & Tea","원두커피믹스","아이브루","RC","36903434","맥널티 아이브루 플러스 헤이즐넛 블랙커피 100개입","8804645006395","발주가능","정상","0","0","505","7623","0","0","0","","NO","0.584"
"20260913","Food","Coffee & Tea","원두커피믹스","아이브루","FC","36903435","맥널티 아이브루 플러스 오리지널 블랙커피 100개입","8804645006388","발주불가","규격 외","0","0","384","7623","0","0","0","","NO","0.584"
"20260913","Food","Coffee & Tea","원두커피믹스","아이브루","FC","46534985","아이브루 플러스 디카페인 아메리카노 블랙커피, 1개, 80개입, 80g","8804645007118","발주가능","정상","0","12","38","7964","0","0","0","","NO","0.584"
"20260913","Food","Coffee & Tea","원두커피믹스","아이브루","SFJEJ2","56760693","아이브루 플러스 디카페인 블랙커피 헤이즐넛향 (1g x 80개입), 1개","8804645007453","발주가능","정상","0","0","2","7961","0","0","0","","NO","0.584"
"20260913","Food","Coffee & Tea","원두커피믹스","아이브루","FC","56760693","아이브루 플러스 디카페인 블랙커피 헤이즐넛향 (1g x 80개입), 1개","8804645007453","발주가능","정상","0","50","906","7961","0","0","0","","NO","0.584"
"20260913","Food","Coffee & Tea","원두커피믹스","아이브루","SFSPA3","56760693","아이브루 플러스 디카페인 블랙커피 헤이즐넛향 (1g x 80개입), 1개","8804645007453","발주가능","정상","0","1","11","7961","0","0","0","","NO","0.584"
"20260913","Food","Coffee & Tea","원두커피믹스","프라이빗클럽","FC","10837643","맥널티 병커피 헤이즐넛향 50gx10개","19311931309161","발주가능","정상","0","7","43","23000","0","0","0","","NO","0.584"
"20260913","Food","Coffee & Tea","원두커피믹스","프라이빗클럽","FC","12091997","Box_입소문난 아이리쉬 50G 10병","19311931311164","발주가능","정상","10","0","21","18625","0","0","0","","NO","0.584"
"20260913","Food","Coffee & Tea","원두커피믹스","프라이빗클럽","FC","52625820","맥널티 인스턴트 원두 병커피 에스프레소 블랙 50g 1개","9311931902167","발주가능","정상","0","29","191","3486","0","0","0","","NO","0.584"
"20260913","Food","Coffee & Tea","율무/견과차","맥널티","SFJEJ2","64842417","티브루 호박팥차 진액 10ml 30개입 1개","8804645007675","발주가능","정상","0","1","8","5259","0","0","0","","NO","0.701"
"20260913","Food","Coffee & Tea","율무/견과차","맥널티","FC","64842417","티브루 호박팥차 진액 10ml 30개입 1개","8804645007675","발주가능","정상","0","72","556","5259","0","0","0","","NO","0.701"
"20260913","Food","Coffee & Tea","율무/견과차","맥널티","SFSPA3","64842417","티브루 호박팥차 진액 10ml 30개입 1개","8804645007675","발주가능","정상","0","2","5","5259","0","0","0","","NO","0.701"
"20260913","Food","Coffee & Tea","율무/견과차","맥널티커피","FC","39149735","맥널티 스테비아 제로슈가 호두 아몬드 율무차, 1개, 30개입, 450g","8804645006906","발주가능","정상","0","2","15","6815","0","0","0","","NO","0.701"
"20260913","Food","Coffee & Tea","차세트","맥널티커피","FC","78654824","[2026 추석세트] 맥널티 스테비아 전통차 선물세트, 1세트, 율무차(30개) + 쌍화차(30개)","8804645008092","발주가능","정상","0","0","60","19091","0","0","0","","NO","0.899"
"20260913","Food","Coffee & Tea","커피믹스","맥널티커피","FC","45571","맥널티_ 자메이카 블루마운틴 블렌드_226G","8804645100215","발주가능","정상","0","67","565","5000","0","0","0","","NO","0.715"
"20260913","Food","Coffee & Tea","커피믹스","맥널티커피","RC","45571","맥널티_ 자메이카 블루마운틴 블렌드_226G","8804645100215","발주가능","정상","0","0","512","5000","0","0","0","","NO","0.715"
"20260913","Food","Coffee & Tea","커피믹스","맥널티커피","SFSPA3","25240400","맥널티 스테비아 커피믹스 100개입","8804645006067","발주가능","정상","0","0","8","12941","0","0","0","","NO","0.715"
"20260913","Food","Coffee & Tea","커피믹스","맥널티커피","FC","25240400","맥널티 스테비아 커피믹스 100개입","8804645006067","발주가능","정상","0","75","676","12941","0","0","0","","NO","0.715"
"20260913","Food","Coffee & Tea","커피믹스","맥널티커피","RC","25240400","맥널티 스테비아 커피믹스 100개입","8804645006067","발주가능","정상","0","0","1440","12941","0","0","0","","NO","0.715"
"20260913","Food","Coffee & Tea","커피믹스","맥널티커피","SFODD4","25240402","맥널티 스테비아 커피믹스 30개입","8804645006074","발주가능","정상","0","0","0","4827","0","0","0","","NO","0.715"
"20260913","Food","Coffee & Tea","커피믹스","맥널티커피","FC","25240402","맥널티 스테비아 커피믹스 30개입","8804645006074","발주가능","정상","0","39","399","4827","0","0","0","","NO","0.715"
"20260913","Food","Coffee & Tea","커피믹스","맥널티커피","FC","29461862","맥널티 아메리카노 아이스 블랙 100개입","8804645006081","발주가능","정상","0","32","143","5850","0","0","0","","NO","0.715"
"20260913","Food","Coffee & Tea","커피믹스","맥널티커피","FC","38933766","맥널티커피 스테비아 디카페인 커피믹스, 1개, 100개입 9.5g","8804645006890","발주가능","정상","0","42","509","18850","0","0","0","","NO","0.715"
"20260913","Food","Coffee & Tea","커피믹스","맥널티커피","FC","40806729","맥널티 스테비아 디카페인 커피믹스, 1개, 30개입, 285g","8804645006777","발주가능","정상","0","25","386","7027","0","0","0","","NO","0.715"
"20260913","Food","Coffee & Tea","커피믹스","맥널티커피","FC","46730880","산양유 단백질 프로틴 스테비아 커피믹스, 1개, 30개입, 300g","8804645007194","발주가능","정상","0","4","50","6243","0","0","0","","NO","0.715"
"20260913","Food","Coffee & Tea","커피믹스","맥널티커피","FC","47303765","산양유 단백질 프로틴 스테비아 커피믹스, 1개, 100개입, 1000g","8804645007187","발주가능","정상","0","6","0","19988","0","0","0","","YES","0.715"
"20260913","Food","Coffee & Tea","커피믹스","맥널티커피","FC","56214466","맥널티커피 아이브루 바닐라 라떼,12g x 100개입(스틱), 1200g , 1개","8804645007460","발주가능","정상","0","11","122","12543","0","0","0","","NO","0.715"
"20260913","Food","Coffee & Tea","커피믹스","맥널티커피","FC","56214467","맥널티커피 아이브루 카라멜 마끼아또, 12g x 100개입(스틱), 1200g , 1개","8804645007484","발주가능","정상","0","10","104","12543","0","0","0","","NO","0.715"
"20260913","Food","Coffee & Tea","커피믹스","맥널티커피","FC","63447822","스테비아 커피믹스 헤이즐넛향 9.5g 30개입 1개","8804645007637","발주가능","정상","0","21","167","4827","0","0","0","","NO","0.715"
"20260913","Food","Coffee & Tea","커피믹스","맥널티커피","FC","64859139","맥널티 스테비아 솔티드 카라멜 커피믹스 10g 1개 30개입","8804645007668","발주가능","정상","0","8","127","5670","0","0","0","","NO","0.715"
"20260913","Food","Coffee & Tea","커피믹스","맥널티커피","FC","69526598","맥널티 갓성비 제로슈가 커피믹스, 1개, 80개입, 9g","8804645007842","발주가능","정상","0","30","229","8805","0","0","0","","NO","0.715"
"20260913","Food","Coffee & Tea","커피믹스","맥널티커피","RC","69526598","맥널티 갓성비 제로슈가 커피믹스, 1개, 80개입, 9g","8804645007842","발주가능","정상","0","0","64","8805","0","0","0","","NO","0.715"
"20260913","Food","Coffee & Tea","커피믹스","맥널티커피","FC","69634259","맥널티커피 스테비아 커피믹스 헤이즐넛향, 9.5g, 100개입, 1개","8804645007811","발주가능","정상","0","5","40","14261","0","0","0","","NO","0.715"
"20260913","Food","Coffee & Tea","커피믹스","맥널티커피","FC","71115721","호랭이 커피믹스 고소한 오곡향, 1개, 160개입, 9.5g","8804645007880","발주가능","정상","18","5","68","14261","0","0","0","","NO","0.715"
"20260913","Food","Coffee & Tea","커피믹스","맥널티커피","FC","71115722","호랭이 커피믹스 고소한 오곡향, 1개, 20개입, 9.5g","8804645007897","발주가능","정상","0","10","139","2806","0","0","0","","NO","0.715"
"20260913","Food","Coffee & Tea","커피믹스","아이브루","RC","2341900","맥널티 iBrew 미니 헤이즐넛향 200개입(200g)","8804645000515","발주가능","정상","0","0","360","9917","0","0","0","","NO","0.715"
"20260913","Food","Coffee & Tea","커피믹스","아이브루","SFJEJ2","2341900","맥널티 iBrew 미니 헤이즐넛향 200개입(200g)","8804645000515","발주가능","정상","0","0","2","9917","0","0","0","","NO","0.715"
"20260913","Food","Coffee & Tea","커피믹스","아이브루","SFODD2","2341900","맥널티 iBrew 미니 헤이즐넛향 200개입(200g)","8804645000515","발주가능","정상","0","0","2","9917","0","0","0","","NO","0.715"
"20260913","Food","Coffee & Tea","커피믹스","아이브루","FC","2341900","맥널티 iBrew 미니 헤이즐넛향 200개입(200g)","8804645000515","발주가능","정상","0","60","1185","9917","0","0","0","","NO","0.715"
"20260913","Food","Coffee & Tea","커피믹스","아이브루","FC","3067423","아이브루 헤이즐넛향 70개입","8804645000706","발주가능","정상","0","14","300","4025","0","0","0","","NO","0.715"
"20260913","Food","Coffee & Tea","커피믹스","아이브루","FC","3067424","아이브루 케냐AA 블렌드 70개입","8804645000690","발주가능","정상","16","3","64","6205","0","0","0","","NO","0.715"
"20260913","Food","Coffee & Tea","커피믹스","아이브루","FC","3067425","아이브루 예가체프 블렌드 70개입","8804645000683","발주가능","정상","0","0","35","6205","0","0","0","","NO","0.715"
"20260913","Food","Coffee & Tea","커피믹스","프라이빗클럽","SFSPA3","3067428","인스턴트 병커피 헤이즐넛향 50g","9311931105162","발주가능","정상","0","0","7","2300","0","0","0","","NO","0.715"
"20260913","Food","Coffee & Tea","커피믹스","프라이빗클럽","FC","3067428","인스턴트 병커피 헤이즐넛향 50g","9311931105162","발주가능","정상","0","157","3117","2300","0","0","0","","NO","0.715"
"20260913","Food","Coffee & Tea","커피세트","맥널티커피","FC","26870612","[2026 추석세트] 맥널티 핸드드립 버라이어티세트 30개입","8804645006258","발주가능","정상","0","31","864","9395","0","0","0","","NO","0.895"
"20260913","Food","Coffee & Tea","커피세트","맥널티커피","FC","54651094","인스턴트 원두 병커피 맥널티커피 선물세트 50g x 4개입(에스프레소 2병+헤이즐넛 2병), 1세트","8804645007408","발주가능","정상","0","0","0","15305","0","0","0","","YES","0.895"
"20260913","Food","Drinks","과일음료","맥널티커피","SFSPA3","24752132","청포도 에이드 190mL 10팩","8804645005893","발주가능","정상","0","0","3","3486","0","0","0","","NO","0.800"
"20260913","Food","Drinks","과일음료","맥널티커피","FC","24752132","청포도 에이드 190mL 10팩","8804645005893","발주가능","정상","0","28","640","3486","0","0","0","","NO","0.800"
"20260913","Food","Drinks","과일음료","맥널티커피","SFJEJ2","24752132","청포도 에이드 190mL 10팩","8804645005893","발주가능","정상","0","0","2","3486","0","0","0","","NO","0.800"
"20260913","Food","Drinks","과일음료","맥널티커피","RC","24752132","청포도 에이드 190mL 10팩","8804645005893","발주가능","정상","0","0","273","3486","0","0","0","","NO","0.800"
"20260913","Food","Drinks","과일음료","맥널티커피","FC","24752250","블루레몬 에이드 190mL 10팩","8804645005909","발주가능","정상","0","8","707","3486","0","0","0","","NO","0.800"
"20260913","Food","Drinks","과일음료","맥널티커피","FC","45580036","맥널티 청매실 에이드 190ml*10개입","8804645007071","발주가능","정상","0","2","173","3486","0","0","0","","NO","0.800"
"20260913","Food","Drinks","농축액(음료베이스)","맥널티","FC","51983601","물 한방울 섞이지 않은 김토끼 유기농 레몬즙, 10개, 20g","8804645007361","발주가능","정상","0","0","53","4077","0","0","0","","NO","0.693"
"20260913","Food","Drinks","농축액(음료베이스)","맥널티","SFSPA3","58338694","티브루 보리차 원액 간편 액상스틱 진액, 30개, 10ml","8804645007590","발주가능","정상","0","1","7","5259","0","0","0","","NO","0.693"
"20260913","Food","Drinks","농축액(음료베이스)","맥널티","FC","58338694","티브루 보리차 원액 간편 액상스틱 진액, 30개, 10ml","8804645007590","발주가능","정상","0","80","2130","5259","0","0","0","","NO","0.693"
"20260913","Food","Drinks","농축액(음료베이스)","맥널티","FC","58338695","티브루 옥수수수염차 원액 간편 액상스틱 진액, 30개, 10ml","8804645007606","발주가능","정상","0","26","943","5259","0","0","0","","NO","0.693"
"20260913","Food","Drinks","농축액(음료베이스)","맥널티","SFSPA3","58338696","티브루 헛개수 원액 간편 액상스틱 진액, 30개, 10ml","8804645007613","발주가능","정상","0","0","3","5259","0","0","0","","NO","0.693"
"20260913","Food","Drinks","농축액(음료베이스)","맥널티","FC","58338696","티브루 헛개수 원액 간편 액상스틱 진액, 30개, 10ml","8804645007613","발주가능","정상","0","49","630","5259","0","0","0","","NO","0.693"
"20260913","Food","Drinks","농축액(음료베이스)","맥널티","SFJEJ2","58338696","티브루 헛개수 원액 간편 액상스틱 진액, 30개, 10ml","8804645007613","발주가능","정상","0","0","1","5259","0","0","0","","NO","0.693"
"20260913","Food","Drinks","농축액(음료베이스)","맥널티커피","FC","62882483","티브루 보리차 진액, 1개, 400g","8804645007651","발주가능","정상","0","6","111","7623","0","0","0","","NO","0.693"
"20260913","Food","Drinks","농축액(음료베이스)","맥널티커피","FC","71636537","맥널티 티브루 호박팥차 무라벨, 20개, 500ml","8804645007934","발주가능","정상","0","56","249","8795","0","0","0","","NO","0.693"
"20260913","Food","Drinks","야채음료","맥널티커피","FC","48914233","맥널티 유자 에이드 190ml 10개","8804645007217","발주가능","정상","0","0","308","3486","0","0","0","","NO","0.604"
"20260913","Food","Drinks","차음료","맥널티커피","RC","24752251","복숭아 아이스티 190mL 10팩","8804645005886","발주가능","정상","0","0","258","3486","0","0","0","","NO","0.686"
"20260913","Food","Drinks","차음료","맥널티커피","SFJEJ2","24752251","복숭아 아이스티 190mL 10팩","8804645005886","발주가능","정상","0","0","4","3486","0","0","0","","NO","0.686"
"20260913","Food","Drinks","차음료","맥널티커피","FC","24752251","복숭아 아이스티 190mL 10팩","8804645005886","발주가능","정상","0","19","298","3486","0","0","0","","NO","0.686"
"20260913","Food","Drinks","차음료","맥널티커피","FC","24944267","맥널티 허니자몽 블랙티 대용량 파우치 1Lx6입","18804645005951","발주가능","정상","0","0","64","10252","0","0","0","","NO","0.686"
"20260913","Food","Drinks","차음료","맥널티커피","FC","24944268","맥널티 복숭아 아이스티 대용량 파우치 1Lx6입","18804645005944","발주가능","정상","0","0","0","10252","0","0","0","","YES","0.686"
"20260913","Food","Drinks","차음료","맥널티커피","FC","26889711","맥널티 제로칼로리 복숭아 아이스티 500ml 24입","18804645006101","발주가능","정상","0","9","322","12205","0","0","0","","NO","0.686"
"20260913","Food","Drinks","차음료","맥널티커피","FC","36669698","제로 아이스티 복숭아, 30개입, 13g","8804645006791","발주가능","정상","0","6","63","5850","0","0","0","","NO","0.686"
"20260913","Food","Drinks","차음료","맥널티커피","FC","36829225","맥널티 제로칼로리 청포도 아이스티 500mlx24입,","18804645006538","발주가능","정상","0","5","90","12205","0","0","0","","NO","0.686"
"20260913","Food","Drinks","차음료","맥널티커피","FC","36829226","제로 아이스티 청포도, 30개입, 13g 1개","8804645006807","발주가능","정상","0","4","87","5850","0","0","0","","NO","0.686"
"20260913","Food","Drinks","차음료","맥널티커피","FC","36863185","맥널티 대용량 제로칼로리 복숭아 아이스티 1.5L 12개","18804645006736","일시중단","단종예정","0","0","0","17427","0","0","0","","YES","0.686"
"20260913","Food","Drinks","차음료","맥널티커피","FC","38262417","복숭아 아이스티 제로, 6개, 1L","18804645006873","발주가능","정상","0","2","41","10577","0","0","0","","NO","0.686"
"20260913","Food","Drinks","차음료","맥널티커피","FC","40520042","맥널티커피 복숭아 아이스티 제로 RTD, 30개, 240ml","18804645006835","발주가능","정상","0","2","329","8795","0","0","0","","NO","0.686"
"20260913","Food","Drinks","차음료","맥널티커피","FC","61673272","맥널티커피 복숭아 아이스티 제로, 1.5L, 1개","8804645006739","발주가능","정상","0","177","2319","1364","0","0","0","","NO","0.686"
"20260913","Food","Drinks","차음료","맥널티커피","SFJEJ2","61673272","맥널티커피 복숭아 아이스티 제로, 1.5L, 1개","8804645006739","발주가능","정상","0","0","6","1364","0","0","0","","NO","0.686"
"20260913","Food","Drinks","차음료","맥널티커피","RC","61673272","맥널티커피 복숭아 아이스티 제로, 1.5L, 1개","8804645006739","발주가능","정상","0","0","1248","1364","0","0","0","","NO","0.686"
"20260913","Food","Drinks","차음료","맥널티커피","SFSPA3","61673272","맥널티커피 복숭아 아이스티 제로, 1.5L, 1개","8804645006739","발주가능","정상","0","0","0","1364","0","0","0","","NO","0.686"
"20260913","Food","Drinks","차음료","맥널티커피","SFSPA3","73944650","맥널티 복숭아 아이스티 대용량 파우치, 1개, 2.1L","8804645007965","발주가능","정상","0","0","5","2413","0","0","0","","NO","0.686"
"20260913","Food","Drinks","차음료","맥널티커피","SFJEJ2","73944650","맥널티 복숭아 아이스티 대용량 파우치, 1개, 2.1L","8804645007965","발주가능","정상","0","5","3","2413","0","0","0","","NO","0.686"
"20260913","Food","Drinks","차음료","맥널티커피","FC","73944650","맥널티 복숭아 아이스티 대용량 파우치, 1개, 2.1L","8804645007965","발주가능","정상","0","129","2479","2413","0","0","0","","NO","0.686"
"20260913","Food","Drinks","차음료","맥널티커피","FC","75850021","맥널티 허니자몽 블랙티, 1L, 1개","8804645005954","발주가능","정상","0","6","331","1714","0","0","0","","NO","0.686"
"20260913","Food","Drinks","커피음료","맥널티커피","FC","24695530","아이스 헤이즐넛향 커피 190mL 10팩","8804645005879","발주가능","정상","0","38","232","3486","0","0","0","","NO","0.685"
"20260913","Food","Drinks","커피음료","맥널티커피","RC","24695530","아이스 헤이즐넛향 커피 190mL 10팩","8804645005879","발주가능","정상","0","0","273","3486","0","0","0","","NO","0.685"
"20260913","Food","Drinks","커피음료","맥널티커피","SFJEJ2","24695530","아이스 헤이즐넛향 커피 190mL 10팩","8804645005879","발주가능","정상","0","2","1","3486","0","0","0","","NO","0.685"
"20260913","Food","Drinks","커피음료","맥널티커피","SFJEJ2","24695531","아이스 아메리카노 스위트 190mL 10팩","8804645005862","발주가능","정상","0","0","0","3486","0","0","0","","NO","0.685"
"20260913","Food","Drinks","커피음료","맥널티커피","RC","24695531","아이스 아메리카노 스위트 190mL 10팩","8804645005862","발주가능","정상","0","0","1365","3486","0","0","0","","NO","0.685"
"20260913","Food","Drinks","커피음료","맥널티커피","FC","24695531","아이스 아메리카노 스위트 190mL 10팩","8804645005862","발주가능","정상","0","17","367","3486","0","0","0","","NO","0.685"
"20260913","Food","Drinks","커피음료","맥널티커피","SFODD2","24695532","아이스 아메리카노 블랙 190mL 10팩","8804645005855","발주가능","정상","0","0","2","3486","0","0","0","","NO","0.685"
"20260913","Food","Drinks","커피음료","맥널티커피","RC","24695532","아이스 아메리카노 블랙 190mL 10팩","8804645005855","발주가능","정상","0","0","273","3486","0","0","0","","NO","0.685"
"20260913","Food","Drinks","커피음료","맥널티커피","FC","24695532","아이스 아메리카노 블랙 190mL 10팩","8804645005855","발주가능","정상","0","21","541","3486","0","0","0","","NO","0.685"
"20260913","Food","Drinks","커피음료","맥널티커피","FC","25484251","맥널티커피 아메리카노 스위트 1Lx6입","18804645005920","발주가능","정상","0","5","126","10252","0","0","0","","NO","0.685"
"20260913","Food","Drinks","커피음료","맥널티커피","FC","25484255","맥널티 아이스 아메리카노 블랙커피 대용량 파우치 1Lx6입","18804645005913","발주가능","정상","0","2","61","10252","0","0","0","","NO","0.685"
"20260913","Food","Drinks","커피음료","맥널티커피","FC","25484257","맥널티 아이스 헤이즐넛향 커피 대용량 파우치 1Lx6입","18804645005937","발주가능","정상","0","0","95","10252","0","0","0","","NO","0.685"
"20260913","Food","Drinks","커피음료","맥널티커피","RC","48466205","맥널티 대용량 제로슈가 스테비아 믹스커피 음료, 12개, 1L","18804645007290","발주가능","정상","0","0","80","17067","0","0","0","","NO","0.685"
"20260913","Food","Drinks","커피음료","맥널티커피","FC","48466205","맥널티 대용량 제로슈가 스테비아 믹스커피 음료, 12개, 1L","18804645007290","발주가능","정상","0","12","139","17067","0","0","0","","NO","0.685"
"20260913","Food","Drinks","커피음료","맥널티커피","FC","54922706","맥널티 대용량 제로슈가 스테비아 믹스커피 음료, 1L, 6개","8804645007323","발주가능","정상","0","49","873","8805","0","0","0","","NO","0.685"
"20260913","Food","Drinks","커피음료","맥널티커피","RC","68778940","맥널티 아이브루 아메리카노 블랙커피 12개 1L","18804645007306","발주가능","정상","0","0","800","12205","0","0","0","","NO","0.685"
"20260913","Food","Drinks","커피음료","맥널티커피","FC","68778940","맥널티 아이브루 아메리카노 블랙커피 12개 1L","18804645007306","발주가능","정상","0","270","1321","12205","0","0","0","","NO","0.685"
"20260913","Food","Drinks","커피음료","맥널티커피","FC","68778941","맥널티 아이브루 헤이즐넛향 블랙커피 12개 1L","18804645007504","발주가능","정상","0","50","486","12205","0","0","0","","NO","0.685"
"20260913","Food","Drinks","커피음료","맥널티커피","RC","68778941","맥널티 아이브루 헤이즐넛향 블랙커피 12개 1L","18804645007504","발주가능","정상","0","0","160","12205","0","0","0","","NO","0.685"
"20260913","Food","Drinks","커피음료","맥널티커피","RC","68778942","아이브루 아메리카노 블랙커피 무라벨 400ML 20개","8804645007491","발주가능","정상","0","0","455","12205","0","0","0","","NO","0.685"
"20260913","Food","Drinks","커피음료","맥널티커피","FC","68778942","아이브루 아메리카노 블랙커피 무라벨 400ML 20개","8804645007491","발주가능","정상","0","137","1733","12205","0","0","0","","NO","0.685"
"20260913","Food","Drinks","커피음료","맥널티커피","RC","73951791","맥널티 아이스 아메리카노 블랙 커피 대용량 파우치, 1개, 2.1L","8804645007958","발주가능","정상","0","0","9023","2413","0","0","0","","NO","0.685"
"20260913","Food","Drinks","커피음료","맥널티커피","SFJEJ2","73951791","맥널티 아이스 아메리카노 블랙 커피 대용량 파우치, 1개, 2.1L","8804645007958","발주가능","정상","0","2","17","2413","0","0","0","","NO","0.685"
"20260913","Food","Drinks","커피음료","맥널티커피","FC","73951791","맥널티 아이스 아메리카노 블랙 커피 대용량 파우치, 1개, 2.1L","8804645007958","발주가능","정상","0","422","4598","2413","0","0","0","","NO","0.685"
"20260913","Food","Drinks","커피음료","맥널티커피","SFSPA3","73951791","맥널티 아이스 아메리카노 블랙 커피 대용량 파우치, 1개, 2.1L","8804645007958","발주가능","정상","0","6","70","2413","0","0","0","","NO","0.685"
"20260913","Food","Drinks","커피음료","맥널티커피","FC","75683093","맥널티 아이스 아메리카노 블랙 1리터, 1L, 1개","8804645005916","발주가능","정상","0","14","1233","1714","0","0","0","","NO","0.685"
"20260913","Food","Drinks","커피음료","맥널티커피","SFJEJ2","75683093","맥널티 아이스 아메리카노 블랙 1리터, 1L, 1개","8804645005916","발주가능","정상","0","0","1","1714","0","0","0","","NO","0.685"
"20260913","Food","Drinks","커피음료","맥널티커피","SFSPA3","75683093","맥널티 아이스 아메리카노 블랙 1리터, 1L, 1개","8804645005916","발주가능","정상","0","0","1","1714","0","0","0","","NO","0.685"
"20260913","Food","Drinks","커피음료","맥널티커피","FC","75694561","맥널티커피 아이스 아메리카노 헤이즐넛, 1개, 1L","8804645005930","발주가능","정상","0","52","1917","1714","0","0","0","","NO","0.685"
"20260913","Food","Drinks","커피음료","맥널티커피","SFSPA3","75765043","맥널티 아이스아메리카노 스위트, 1개, 1L","8804645005923","발주가능","정상","0","0","1","1714","0","0","0","","NO","0.685"
"20260913","Food","Drinks","커피음료","맥널티커피","FC","75765043","맥널티 아이스아메리카노 스위트, 1개, 1L","8804645005923","발주가능","정상","0","41","1930","1714","0","0","0","","NO","0.685"
"20260913","Food","Drinks","커피음료","맥널티커피","FC","76540319","맥널티 호랭이 마일드 라떼 캔커피, 30개, 175ml","18804645008013","발주가능","정상","0","42","858","8523","0","0","0","","NO","0.685"
"20260913","Food","Drinks","커피음료","맥널티커피","RC","76540319","맥널티 호랭이 마일드 라떼 캔커피, 30개, 175ml","18804645008013","발주가능","정상","0","0","158","8523","0","0","0","","NO","0.685"
"20260913","Food","Drinks","커피음료","맥널티커피","FC","77572705","맥널티 아이스 아메리카노 헤이즐넛, 1개, 2.1L","8804645008030","발주가능","정상","16","154","696","2413","0","0","0","","NO","0.685"
"20260913","Food","Drinks","커피음료","맥널티커피","RC","77572705","맥널티 아이스 아메리카노 헤이즐넛, 1개, 2.1L","8804645008030","발주가능","정상","0","0","384","2413","0","0","0","","NO","0.685"
"20260913","Food","Drinks","커피음료","아이브루","RC","70253954","아이브루 디카페인 아메리카노 블랙커피 무라벨, 20개, 400ml","8804645007903","발주가능","정상","0","0","455","13500","0","0","0","","NO","0.685"
"20260913","Food","Drinks","커피음료","아이브루","FC","70253954","아이브루 디카페인 아메리카노 블랙커피 무라벨, 20개, 400ml","8804645007903","발주가능","정상","0","55","374","13500","0","0","0","","NO","0.685"
"20260913","Kitchen","Tools & Gadgets","커피필터/여과지","맥널티","FC","12491225","맥널티 핸드드립 커피필터 30개입","8804645300950","발주가능","정상","0","71","1488","2642","0","0","0","","NO","0.522"
"20260913","Kitchen","Tools & Gadgets","커피필터/여과지","맥널티","SFJEJ2","12491225","맥널티 핸드드립 커피필터 30개입","8804645300950","발주가능","정상","0","2","0","2642","0","0","0","","NO","0.522"
"20260913","Kitchen","Tools & Gadgets","커피필터/여과지","맥널티","SFSPA3","12491225","맥널티 핸드드립 커피필터 30개입","8804645300950","발주가능","정상","0","5","0","2642","0","0","0","","NO","0.522"
"20260912","CE","Kitchen Appliance","커피머신","맥널티커피","FC","31602405","맥널티 2in1 핫앤콜드 진공추출 커피메이커 MCM-065B MCM-065B","8804645006296","발주가능","정상","0","1","12","30859","0","0","0","","NO","0.785"
"20260912","Food","Coffee & Tea","기타전통차","맥널티커피","FC","39149736","맥널티 스테비아 침향 쌍화차, 1개, 30개입, 450g","8804645006913","발주가능","정상","0","0","98","8536","0","0","0","","NO","0.722"
"20260912","Food","Coffee & Tea","기타전통차","맥널티커피","FC","41175263","맥널티커피 스테비아 꿀 유자차, 1개, 30개입, 450g","8804645006951","발주가능","정상","0","4","97","7388","0","0","0","","NO","0.722"
"20260912","Food","Coffee & Tea","둥글레/옥수수/보리/결명자차","맥널티커피","FC","76230458","맥널티 진 보리차 1개 1kg","8804645007996","발주가능","정상","0","0","34","15209","0","0","0","","NO","0.606"
"20260912","Food","Coffee & Tea","드립백/티백","맥널티","FC","3067432","산지별 콜롬비아 슈프리모 핸드드립커피 7개입","8804645000324","발주가능","정상","0","5","273","3043","0","0","0","","NO","0.725"
"20260912","Food","Coffee & Tea","드립백/티백","맥널티","FC","10003518","케냐 AA 핸드드립 블렌드 24개입","8804645000720","발주가능","정상","0","17","119","6068","0","0","0","","NO","0.725"
"20260912","Food","Coffee & Tea","드립백/티백","맥널티커피","FC","3067429","산지별 브라질 세라도 NY2 핸드드립커피 7개입","8804645000300","발주가능","정상","0","2","39","2887","0","0","0","","NO","0.725"
"20260912","Food","Coffee & Tea","드립백/티백","맥널티커피","FC","3067430","산지별 케냐 AA 핸드드립커피 7개입","8804645000355","발주가능","정상","0","3","48","3062","0","0","0","","NO","0.725"
"20260912","Food","Coffee & Tea","드립백/티백","맥널티커피","FC","3067433","산지별 에티오피아 코케 허니 핸드드립커피 7개입","8804645000348","발주가능","정상","0","3","70","2910","0","0","0","","NO","0.725"
"20260912","Food","Coffee & Tea","드립백/티백","맥널티커피","FC","3067434","산지별 에티오피아 예가체프 핸드드립커피 7개입","8804645000331","발주가능","정상","0","3","93","3184","0","0","0","","NO","0.725"
"20260912","Food","Coffee & Tea","드립백/티백","맥널티커피","FC","10003517","콜롬비아 핸드드립 블렌드 24개입","8804645000713","발주가능","정상","0","0","0","5977","0","0","0","","YES","0.725"
"20260912","Food","Coffee & Tea","드립백/티백","맥널티커피","FC","23400108","맥널티 디카페인100% 핸드드립 원두커피 24개입","8804645005732","발주가능","정상","0","7","111","9395","0","0","0","","NO","0.725"
"20260912","Food","Coffee & Tea","드립백/티백","맥널티커피","FC","37713094","맥널티 핸드드립커피 케냐AA(더블에이) 36개입, 8g, 1개","8804645006616","발주가능","정상","0","3","78","11759","0","0","0","","NO","0.725"
"20260912","Food","Coffee & Tea","드립백/티백","맥널티커피","FC","37713095","맥널티 핸드드립커피 에티오피아 예가체프 36개입, 8g, 1개","8804645006623","발주가능","정상","0","0","26","10577","0","0","0","","NO","0.725"
"20260912","Food","Coffee & Tea","드립백/티백","맥널티커피","FC","41391235","맥널티 행복을주는커피 시그니처 블렌드 핸드드립 커피 20개입, 1개, 8g","8804645003653","발주가능","정상","0","10","71","6795","0","0","0","","NO","0.725"
"20260912","Food","Coffee & Tea","드립백/티백","맥널티커피","FC","62821923","맥널티 핸드드립 커피 에티오피아 예가체프 8g 24개입 1개","8804645006920","발주가능","정상","0","3","53","9679","0","0","0","","NO","0.725"
"20260912","Food","Coffee & Tea","드립백/티백","맥널티커피","FC","68147033","베니스브루 스페셜티 핸드드립 가향 커피 오렌지 벨벳, 1개, 7개입, 12g","8804645007712","발주가능","정상","0","0","21","5143","0","0","0","","NO","0.725"
"20260912","Food","Coffee & Tea","드립백/티백","맥널티커피","FC","68147034","베니스브루 스페셜티 핸드드립 가향 커피 쇼콜라 모카, 1개, 7개입, 12g","8804645007729","발주가능","정상","0","0","34","5143","0","0","0","","NO","0.725"
"20260912","Food","Coffee & Tea","드립백/티백","맥널티커피","FC","68777449","베니스브루 베리 블로썸 드립백 커피 12g 1개 7개입","8804645007705","발주가능","정상","0","0","12","5143","0","0","0","","NO","0.725"
"20260912","Food","Coffee & Tea","라떼분말","맥널티커피","FC","34834818","맥널티 스테비아 제로슈가 핫초코 라떼 30개입 15g","8804645006340","발주가능","정상","0","9","401","7500","0","0","0","","NO","0.585"
"20260912","Food","Coffee & Tea","라떼분말","맥널티커피","FC","51063548","스테비아 단백질 옥수수 크림 라떼, 1개, 20개입, 18g","8804645007330","발주가능","정상","0","3","3","5850","0","0","0","","NO","0.585"
"20260912","Food","Coffee & Tea","라떼분말","맥널티커피","FC","51164938","스테비아 단백질 고구마 크림 라떼, 1개, 20개입, 18g","8804645007347","발주가능","정상","0","0","25","5850","0","0","0","","NO","0.585"
"20260912","Food","Coffee & Tea","원두","N_A","FC","76443755","맥널티 브라질 세라도 NY.2 원두 1kg, 1개","8804645006425","발주가능","정상","0","2","251","17609","0","0","0","","NO","0.894"
"20260912","Food","Coffee & Tea","원두","맥널티커피","RC","45570","맥널티_헤이즐넛원두분쇄커피_226G","8804645100208","발주가능","정상","0","0","128","5000","0","0","0","","NO","0.894"
"20260912","Food","Coffee & Tea","원두","맥널티커피","SFSPA3","45570","맥널티_헤이즐넛원두분쇄커피_226G","8804645100208","발주가능","정상","0","0","8","5000","0","0","0","","NO","0.894"
"20260912","Food","Coffee & Tea","원두","맥널티커피","FC","45570","맥널티_헤이즐넛원두분쇄커피_226G","8804645100208","발주가능","정상","0","88","1044","5000","0","0","0","","NO","0.894"
"20260912","Food","Coffee & Tea","원두","맥널티커피","SFJEJ2","45570","맥널티_헤이즐넛원두분쇄커피_226G","8804645100208","발주가능","정상","0","0","5","5000","0","0","0","","NO","0.894"
"20260912","Food","Coffee & Tea","원두","맥널티커피","RC","45572","맥널티_헤이즐넛원두분쇄커피_500G","8804645100468","발주가능","정상","0","0","496","7960","0","0","0","","NO","0.894"
"20260912","Food","Coffee & Tea","원두","맥널티커피","SFSPA3","45572","맥널티_헤이즐넛원두분쇄커피_500G","8804645100468","발주가능","정상","0","0","18","7960","0","0","0","","NO","0.894"
"20260912","Food","Coffee & Tea","원두","맥널티커피","FC","45572","맥널티_헤이즐넛원두분쇄커피_500G","8804645100468","발주가능","정상","0","53","397","7960","0","0","0","","NO","0.894"
"20260912","Food","Coffee & Tea","원두","맥널티커피","SFJEJ2","45572","맥널티_헤이즐넛원두분쇄커피_500G","8804645100468","발주가능","정상","0","0","2","7960","0","0","0","","NO","0.894"
"20260912","Food","Coffee & Tea","원두","맥널티커피","FC","45573","맥널티_블루마운틴스타일원두분쇄커피_500G","8804645100451","발주가능","정상","0","16","265","11091","0","0","0","","NO","0.894"
"20260912","Food","Coffee & Tea","원두","맥널티커피","RC","45573","맥널티_블루마운틴스타일원두분쇄커피_500G","8804645100451","발주가능","정상","0","0","640","11091","0","0","0","","NO","0.894"
"20260912","Food","Coffee & Tea","원두","맥널티커피","FC","5344648","맥널티 원두 에스프레소 블랙 1개, 1kg","8804645001239","발주불가","단종","0","0","1","9156","0","0","0","","YES","0.894"
"20260912","Food","Coffee & Tea","원두","맥널티커피","FC","10147177","맥널티 홀빈 블루마운틴 1000g","8804645006302","발주가능","정상","0","15","64","15715","0","0","0","","NO","0.894"
"20260912","Food","Coffee & Tea","원두","맥널티커피","FC","10147180","맥널티 행복을 주는 커피 헤이즐넛향 1kg 홀빈","8804645100185","발주가능","정상","0","8","149","15244","0","0","0","","NO","0.894"
"20260912","Food","Coffee & Tea","원두","맥널티커피","SFJEJ2","10812901","맥널티 베트남 로부스타 원두커피 1kg","8804645003066","발주가능","정상","0","0","2","11700","0","0","0","","NO","0.894"
"20260912","Food","Coffee & Tea","원두","맥널티커피","FC","10812901","맥널티 베트남 로부스타 원두커피 1kg","8804645003066","발주가능","정상","0","15","294","11700","0","0","0","","NO","0.894"
"20260912","Food","Coffee & Tea","원두","맥널티커피","RC","10812901","맥널티 베트남 로부스타 원두커피 1kg","8804645003066","발주가능","정상","0","0","400","11700","0","0","0","","NO","0.894"
"20260912","Food","Coffee & Tea","원두","맥널티커피","FC","11849981","행복을 주는 커피 블루마운틴 블렌드 분쇄 원두 커피 1kg","8804645003486","발주가능","정상","0","15","95","16364","0","0","0","","NO","0.894"
"20260912","Food","Coffee & Tea","원두","맥널티커피","FC","12521866","맥널티 행복을 주는 커피 시그니처 헤이즐넛향 원두 커피 1Kg","8804645003493","발주가능","정상","0","24","91","16364","0","0","0","","NO","0.894"
"20260912","Food","Coffee & Tea","원두","맥널티커피","RC","12521866","맥널티 행복을 주는 커피 시그니처 헤이즐넛향 원두 커피 1Kg","8804645003493","발주가능","정상","0","0","432","16364","0","0","0","","NO","0.894"
"20260912","Food","Coffee & Tea","원두","맥널티커피","FC","13277718","맥널티 행복을 주는 커피 브라질 산토스 1kg","8804645003936","발주가능","정상","0","8","117","14091","0","0","0","","NO","0.894"
"20260912","Food","Coffee & Tea","원두","맥널티커피","FC","13277719","맥널티 행복을 주는 커피 콜롬비아 블렌드 1kg","8804645003929","발주가능","정상","0","36","517","15599","0","0","0","","NO","0.894"
"20260912","Food","Coffee & Tea","원두","맥널티커피","FC","37733154","맥널티 원두 홀빈(분쇄안함) 마일드 미디움 블렌드 200g, 1개","8804645005374","발주가능","정상","0","0","26","5791","0","0","0","","NO","0.894"
"20260912","Food","Coffee & Tea","원두","맥널티커피","FC","38710869","맥널티 홀빈 커피원두, 마일드 미디움 블렌드 1kg, 1개","8804645005329","발주가능","정상","0","0","17","16364","0","0","0","","NO","0.894"
"20260912","Food","Coffee & Tea","원두","맥널티커피","FC","38710870","맥널티 홀빈 커피원두, 콜롬비아 안데스 오리진 1kg, 1개","8804645005343","발주가능","정상","0","5","79","16364","0","0","0","","NO","0.894"
"20260912","Food","Coffee & Tea","원두","맥널티커피","FC","38710872","맥널티 홀빈 커피원두, 시그니처 블렌드 1kg, 1개","8804645005312","발주가능","정상","0","1","98","16364","0","0","0","","NO","0.894"
"20260912","Food","Coffee & Tea","원두","맥널티커피","FC","38813491","맥널티 홀빈 원두 1KG, 브라질 산토스 내추럴, 1개","8804645005350","발주가능","정상","0","3","153","11364","0","0","0","","NO","0.894"
"20260912","Food","Coffee & Tea","원두","맥널티커피","FC","38919334","맥널티 에티오피아 예가체프 홀빈 원두, 1kg, 1개","8804645006852","발주가능","정상","0","15","39","16364","0","0","0","","NO","0.894"
"20260912","Food","Coffee & Tea","원두","맥널티커피","FC","39616644","맥널티 예맨 모카 블렌드 커피 원두, 홀빈(분쇄안함), 500g, 1개","8804645006692","발주가능","정상","0","0","15","11400","0","0","0","","NO","0.894"
"20260912","Food","Coffee & Tea","원두","맥널티커피","FC","39616645","맥널티 시그니처 디카페인 커피 원두, 홀빈(분쇄안함), 500g, 1개","8804645006937","발주가능","정상","0","4","51","12545","0","0","0","","NO","0.894"
"20260912","Food","Coffee & Tea","원두","맥널티커피","FC","39616646","맥널티 게이샤 블렌드 커피 원두, 홀빈(분쇄안함), 500g, 1개","8804645006708","발주가능","정상","0","3","3","11400","0","0","0","","NO","0.894"
"20260912","Food","Coffee & Tea","원두","맥널티커피","FC","39616647","맥널티 하와이안 코나 블렌드 커피 원두, 홀빈(분쇄안함), 500g, 1개","8804645006685","발주가능","정상","0","10","45","11400","0","0","0","","NO","0.894"
"20260912","Food","Coffee & Tea","원두","맥널티커피","FC","48074657","맥널티 브라질 세라도 분쇄 원두 커피, 1개, 500g","8804645007262","발주가능","정상","0","2","69","9395","0","0","0","","NO","0.894"
"20260912","Food","Coffee & Tea","원두","맥널티커피","FC","48074658","맥널티 콜롬비아 안데스 분쇄 원두 커피, 1개, 500g","8804645007255","발주가능","정상","0","5","50","9986","0","0","0","","NO","0.894"
"20260912","Food","Coffee & Tea","원두","맥널티커피","FC","48074659","맥널티 에티오피아 예가체프 분쇄 원두 커피, 1개, 500g","8804645007231","발주가능","정상","0","5","75","9986","0","0","0","","NO","0.894"
"20260912","Food","Coffee & Tea","원두","맥널티커피","FC","58681130","콜롬비아 안데스 오리진 분쇄 커피 원두 1개 226g 핸드드립","8804645007552","발주가능","정상","0","4","25","7159","0","0","0","","NO","0.894"
"20260912","Food","Coffee & Tea","원두","맥널티커피","FC","58681131","브라질 산토스 오리진 분쇄 커피 원두, 226g, 1개, 핸드드립","8804645007545","발주가능","정상","0","7","9","7159","0","0","0","","NO","0.894"
"20260912","Food","Coffee & Tea","원두","맥널티커피","FC","58765769","게이샤 블렌드 분쇄 커피 원두, 1개, 226g, 핸드드립","8804645007514","발주가능","정상","0","2","10","7732","0","0","0","","NO","0.894"
"20260912","Food","Coffee & Tea","원두","맥널티커피","FC","58765770","디카페인 헤이즐넛향 분쇄 커피 원두, 1개, 226g, 핸드드립","8804645007538","발주가능","정상","0","9","78","8018","0","0","0","","NO","0.894"
"20260912","Food","Coffee & Tea","원두","맥널티커피","FC","58850533","하와이안 코나 블렌드 분쇄 커피 원두, 1개, 226g, 핸드드립","8804645007521","발주가능","정상","0","7","0","7732","0","0","0","","YES","0.894"
"20260912","Food","Coffee & Tea","원두","맥널티커피","FC","71777603","투비 다크 블랙 블렌드 홀빈 원두 커피, 1kg, 홀빈(분쇄안함), 1개","8804645007989","발주가능","정상","0","8","89","13115","0","0","0","","NO","0.894"
"20260912","Food","Coffee & Tea","원두","맥널티커피","FC","76697770","투비커피 너티초코 아메리카노 블렌드 홀빈 원두 커피, 1kg, 홀빈(분쇄안함), 1개","8804645008047","발주가능","정상","0","0","38","17125","0","0","0","","NO","0.894"
"20260912","Food","Coffee & Tea","원두커피믹스","맥널티","FC","10003529","아이브루 클래식 100T","8804645002465","발주불가","규격 외","0","0","1","6068","0","0","0","","NO","0.586"
"20260912","Food","Coffee & Tea","원두커피믹스","맥널티","FC","11019882","맥널티 아이브루 다크 블렌드 200T","8804645003219","발주가능","정상","0","4","51","13096","0","0","0","","NO","0.586"
"20260912","Food","Coffee & Tea","원두커피믹스","맥널티커피","FC","11019883","맥널티 아이브루 모카 블랙 200T","8804645003226","발주가능","정상","0","6","71","11687","0","0","0","","NO","0.586"
"20260912","Food","Coffee & Tea","원두커피믹스","맥널티커피","FC","13777565","맥널티 아이브루 모카블랙 70T","8804645003912","발주가능","정상","0","4","13","6519","0","0","0","","NO","0.586"
"20260912","Food","Coffee & Tea","원두커피믹스","맥널티커피","FC","15720531","콜롬비아 블랙 100개입","8804645002861","발주가능","정상","0","26","1021","6345","0","0","0","","NO","0.586"
"20260912","Food","Coffee & Tea","원두커피믹스","맥널티커피","SFSPA3","15720531","콜롬비아 블랙 100개입","8804645002861","발주가능","정상","0","0","4","6345","0","0","0","","NO","0.586"
"20260912","Food","Coffee & Tea","원두커피믹스","맥널티커피","SFJEJ2","15720531","콜롬비아 블랙 100개입","8804645002861","발주가능","정상","0","0","2","6345","0","0","0","","NO","0.586"
"20260912","Food","Coffee & Tea","원두커피믹스","맥널티커피","FC","26477367","맥널티 리얼 에스프레소샷 블랙 액상스틱커피 15mlx30개입","8804645006029","발주가능","정상","0","25","284","7388","0","0","0","","NO","0.586"
"20260912","Food","Coffee & Tea","원두커피믹스","맥널티커피","FC","62672352","맥널티 아이브루 플러스 스위트 블랙 원두커피믹스 80개입 2.8g","8804645007620","발주가능","정상","0","4","5","7961","0","0","0","","NO","0.586"
"20260912","Food","Coffee & Tea","원두커피믹스","맥널티커피","FC","67975031","호랭이 커피 오곡향 블랙, 1개, 20개입, 1g","8804645007781","발주가능","정상","0","6","321","2806","0","0","0","","NO","0.586"
"20260912","Food","Coffee & Tea","원두커피믹스","맥널티커피","FC","71629331","맥널티 갓성비 아메리카노 블랙커피, 1개, 100개입, 2g","8804645007873","발주가능","정상","0","48","679","8534","0","0","0","","NO","0.586"
"20260912","Food","Coffee & Tea","원두커피믹스","아이브루","FC","36903434","맥널티 아이브루 플러스 헤이즐넛 블랙커피 100개입","8804645006395","발주가능","정상","0","54","568","7623","0","0","0","","NO","0.586"
"20260912","Food","Coffee & Tea","원두커피믹스","아이브루","SFSPA3","36903434","맥널티 아이브루 플러스 헤이즐넛 블랙커피 100개입","8804645006395","발주가능","정상","0","1","4","7623","0","0","0","","NO","0.586"
"20260912","Food","Coffee & Tea","원두커피믹스","아이브루","RC","36903434","맥널티 아이브루 플러스 헤이즐넛 블랙커피 100개입","8804645006395","발주가능","정상","0","0","505","7623","0","0","0","","NO","0.586"
"20260912","Food","Coffee & Tea","원두커피믹스","아이브루","FC","36903435","맥널티 아이브루 플러스 오리지널 블랙커피 100개입","8804645006388","발주불가","규격 외","0","0","384","7623","0","0","0","","NO","0.586"
"20260912","Food","Coffee & Tea","원두커피믹스","아이브루","FC","46534985","아이브루 플러스 디카페인 아메리카노 블랙커피, 1개, 80개입, 80g","8804645007118","발주가능","정상","0","5","50","7964","0","0","0","","NO","0.586"
"20260912","Food","Coffee & Tea","원두커피믹스","아이브루","SFSPA3","56760693","아이브루 플러스 디카페인 블랙커피 헤이즐넛향 (1g x 80개입), 1개","8804645007453","발주가능","정상","0","1","12","7961","0","0","0","","NO","0.586"
"20260912","Food","Coffee & Tea","원두커피믹스","아이브루","FC","56760693","아이브루 플러스 디카페인 블랙커피 헤이즐넛향 (1g x 80개입), 1개","8804645007453","발주가능","정상","0","47","956","7961","0","0","0","","NO","0.586"
"20260912","Food","Coffee & Tea","원두커피믹스","아이브루","SFJEJ2","56760693","아이브루 플러스 디카페인 블랙커피 헤이즐넛향 (1g x 80개입), 1개","8804645007453","발주가능","정상","0","0","2","7961","0","0","0","","NO","0.586"
"20260912","Food","Coffee & Tea","원두커피믹스","프라이빗클럽","FC","10837643","맥널티 병커피 헤이즐넛향 50gx10개","19311931309161","발주가능","정상","0","5","50","23000","0","0","0","","NO","0.586"
"20260912","Food","Coffee & Tea","원두커피믹스","프라이빗클럽","FC","12091997","Box_입소문난 아이리쉬 50G 10병","19311931311164","발주가능","정상","0","0","11","18625","0","0","0","","NO","0.586"
"20260912","Food","Coffee & Tea","원두커피믹스","프라이빗클럽","FC","52625820","맥널티 인스턴트 원두 병커피 에스프레소 블랙 50g 1개","9311931902167","발주가능","정상","0","15","220","3486","0","0","0","","NO","0.586"
"20260912","Food","Coffee & Tea","율무/견과차","맥널티","SFJEJ2","64842417","티브루 호박팥차 진액 10ml 30개입 1개","8804645007675","발주가능","정상","0","1","1","5259","0","0","0","","NO","0.706"
"20260912","Food","Coffee & Tea","율무/견과차","맥널티","FC","64842417","티브루 호박팥차 진액 10ml 30개입 1개","8804645007675","발주가능","정상","0","47","636","5259","0","0","0","","NO","0.706"
"20260912","Food","Coffee & Tea","율무/견과차","맥널티","SFSPA3","64842417","티브루 호박팥차 진액 10ml 30개입 1개","8804645007675","발주가능","정상","0","0","7","5259","0","0","0","","NO","0.706"
"20260912","Food","Coffee & Tea","율무/견과차","맥널티커피","FC","39149735","맥널티 스테비아 제로슈가 호두 아몬드 율무차, 1개, 30개입, 450g","8804645006906","발주가능","정상","0","6","17","6815","0","0","0","","NO","0.706"
"20260912","Food","Coffee & Tea","차세트","맥널티커피","FC","78654824","[2026 추석세트] 맥널티 스테비아 전통차 선물세트, 1세트, 율무차(30개) + 쌍화차(30개)","8804645008092","발주가능","정상","0","0","60","19091","0","0","0","","NO","0.899"
"20260912","Food","Coffee & Tea","커피믹스","맥널티커피","RC","45571","맥널티_ 자메이카 블루마운틴 블렌드_226G","8804645100215","발주가능","정상","0","0","512","5000","0","0","0","","NO","0.714"
"20260912","Food","Coffee & Tea","커피믹스","맥널티커피","FC","45571","맥널티_ 자메이카 블루마운틴 블렌드_226G","8804645100215","발주가능","정상","0","67","632","5000","0","0","0","","NO","0.714"
"20260912","Food","Coffee & Tea","커피믹스","맥널티커피","SFJEJ2","25240400","맥널티 스테비아 커피믹스 100개입","8804645006067","발주가능","정상","0","2","0","12941","0","0","0","","NO","0.714"
"20260912","Food","Coffee & Tea","커피믹스","맥널티커피","FC","25240400","맥널티 스테비아 커피믹스 100개입","8804645006067","발주가능","정상","0","83","750","12941","0","0","0","","NO","0.714"
"20260912","Food","Coffee & Tea","커피믹스","맥널티커피","SFSPA3","25240400","맥널티 스테비아 커피믹스 100개입","8804645006067","발주가능","정상","0","0","8","12941","0","0","0","","NO","0.714"
"20260912","Food","Coffee & Tea","커피믹스","맥널티커피","RC","25240400","맥널티 스테비아 커피믹스 100개입","8804645006067","발주가능","정상","0","0","1440","12941","0","0","0","","NO","0.714"
"20260912","Food","Coffee & Tea","커피믹스","맥널티커피","FC","25240402","맥널티 스테비아 커피믹스 30개입","8804645006074","발주가능","정상","0","32","437","4827","0","0","0","","NO","0.714"
"20260912","Food","Coffee & Tea","커피믹스","맥널티커피","SFODD4","25240402","맥널티 스테비아 커피믹스 30개입","8804645006074","발주가능","정상","0","0","0","4827","0","0","0","","NO","0.714"
"20260912","Food","Coffee & Tea","커피믹스","맥널티커피","FC","29461862","맥널티 아메리카노 아이스 블랙 100개입","8804645006081","발주가능","정상","0","17","175","5850","0","0","0","","NO","0.714"
"20260912","Food","Coffee & Tea","커피믹스","맥널티커피","FC","38933766","맥널티커피 스테비아 디카페인 커피믹스, 1개, 100개입 9.5g","8804645006890","발주가능","정상","0","49","551","18850","0","0","0","","NO","0.714"
"20260912","Food","Coffee & Tea","커피믹스","맥널티커피","FC","40806729","맥널티 스테비아 디카페인 커피믹스, 1개, 30개입, 285g","8804645006777","발주가능","정상","0","20","411","7027","0","0","0","","NO","0.714"
"20260912","Food","Coffee & Tea","커피믹스","맥널티커피","FC","46730880","산양유 단백질 프로틴 스테비아 커피믹스, 1개, 30개입, 300g","8804645007194","발주가능","정상","0","8","54","6243","0","0","0","","NO","0.714"
"20260912","Food","Coffee & Tea","커피믹스","맥널티커피","FC","47303765","산양유 단백질 프로틴 스테비아 커피믹스, 1개, 100개입, 1000g","8804645007187","발주가능","정상","0","14","6","19988","0","0","0","","NO","0.714"
"20260912","Food","Coffee & Tea","커피믹스","맥널티커피","FC","56214466","맥널티커피 아이브루 바닐라 라떼,12g x 100개입(스틱), 1200g , 1개","8804645007460","발주가능","정상","0","6","131","12543","0","0","0","","NO","0.714"
"20260912","Food","Coffee & Tea","커피믹스","맥널티커피","FC","56214467","맥널티커피 아이브루 카라멜 마끼아또, 12g x 100개입(스틱), 1200g , 1개","8804645007484","발주가능","정상","0","7","114","12543","0","0","0","","NO","0.714"
"20260912","Food","Coffee & Tea","커피믹스","맥널티커피","FC","63447822","스테비아 커피믹스 헤이즐넛향 9.5g 30개입 1개","8804645007637","발주가능","정상","0","25","188","4827","0","0","0","","NO","0.714"
"20260912","Food","Coffee & Tea","커피믹스","맥널티커피","FC","64859139","맥널티 스테비아 솔티드 카라멜 커피믹스 10g 1개 30개입","8804645007668","발주가능","정상","0","0","134","5670","0","0","0","","NO","0.714"
"20260912","Food","Coffee & Tea","커피믹스","맥널티커피","RC","69526598","맥널티 갓성비 제로슈가 커피믹스, 1개, 80개입, 9g","8804645007842","발주가능","정상","0","0","64","8805","0","0","0","","NO","0.714"
"20260912","Food","Coffee & Tea","커피믹스","맥널티커피","FC","69526598","맥널티 갓성비 제로슈가 커피믹스, 1개, 80개입, 9g","8804645007842","발주가능","정상","0","30","259","8805","0","0","0","","NO","0.714"
"20260912","Food","Coffee & Tea","커피믹스","맥널티커피","FC","69634259","맥널티커피 스테비아 커피믹스 헤이즐넛향, 9.5g, 100개입, 1개","8804645007811","발주가능","정상","0","2","45","14261","0","0","0","","NO","0.714"
"20260912","Food","Coffee & Tea","커피믹스","맥널티커피","FC","71115721","호랭이 커피믹스 고소한 오곡향, 1개, 160개입, 9.5g","8804645007880","발주가능","정상","0","9","55","14261","0","0","0","","NO","0.714"
"20260912","Food","Coffee & Tea","커피믹스","맥널티커피","FC","71115722","호랭이 커피믹스 고소한 오곡향, 1개, 20개입, 9.5g","8804645007897","발주가능","정상","0","9","148","2806","0","0","0","","NO","0.714"
"20260912","Food","Coffee & Tea","커피믹스","아이브루","SFJEJ2","2341900","맥널티 iBrew 미니 헤이즐넛향 200개입(200g)","8804645000515","발주가능","정상","0","0","2","9917","0","0","0","","NO","0.714"
"20260912","Food","Coffee & Tea","커피믹스","아이브루","SFODD2","2341900","맥널티 iBrew 미니 헤이즐넛향 200개입(200g)","8804645000515","발주가능","정상","0","0","2","9917","0","0","0","","NO","0.714"
"20260912","Food","Coffee & Tea","커피믹스","아이브루","RC","2341900","맥널티 iBrew 미니 헤이즐넛향 200개입(200g)","8804645000515","발주가능","정상","0","0","360","9917","0","0","0","","NO","0.714"
"20260912","Food","Coffee & Tea","커피믹스","아이브루","FC","2341900","맥널티 iBrew 미니 헤이즐넛향 200개입(200g)","8804645000515","발주가능","정상","0","47","1245","9917","0","0","0","","NO","0.714"
"20260912","Food","Coffee & Tea","커피믹스","아이브루","SFSPA3","2341900","맥널티 iBrew 미니 헤이즐넛향 200개입(200g)","8804645000515","발주가능","정상","0","2","0","9917","0","0","0","","NO","0.714"
"20260912","Food","Coffee & Tea","커피믹스","아이브루","FC","3067423","아이브루 헤이즐넛향 70개입","8804645000706","발주가능","정상","0","16","314","4025","0","0","0","","NO","0.714"
"20260912","Food","Coffee & Tea","커피믹스","아이브루","FC","3067424","아이브루 케냐AA 블렌드 70개입","8804645000690","발주가능","정상","0","1","51","6205","0","0","0","","NO","0.714"
"20260912","Food","Coffee & Tea","커피믹스","아이브루","FC","3067425","아이브루 예가체프 블렌드 70개입","8804645000683","발주가능","정상","0","4","35","6205","0","0","0","","NO","0.714"
"20260912","Food","Coffee & Tea","커피믹스","프라이빗클럽","FC","3067428","인스턴트 병커피 헤이즐넛향 50g","9311931105162","발주가능","정상","0","138","3272","2300","0","0","0","","NO","0.714"
"20260912","Food","Coffee & Tea","커피믹스","프라이빗클럽","SFSPA3","3067428","인스턴트 병커피 헤이즐넛향 50g","9311931105162","발주가능","정상","0","2","9","2300","0","0","0","","NO","0.714"
"20260912","Food","Coffee & Tea","커피세트","맥널티커피","FC","26870612","[2026 추석세트] 맥널티 핸드드립 버라이어티세트 30개입","8804645006258","발주가능","정상","0","6","895","9395","0","0","0","","NO","0.901"
"20260912","Food","Coffee & Tea","커피세트","맥널티커피","FC","54651094","인스턴트 원두 병커피 맥널티커피 선물세트 50g x 4개입(에스프레소 2병+헤이즐넛 2병), 1세트","8804645007408","발주가능","정상","0","0","0","15305","0","0","0","","YES","0.901"
"20260912","Food","Drinks","과일음료","맥널티커피","SFSPA3","24752132","청포도 에이드 190mL 10팩","8804645005893","발주가능","정상","0","0","3","3486","0","0","0","","NO","0.800"
"20260912","Food","Drinks","과일음료","맥널티커피","SFJEJ2","24752132","청포도 에이드 190mL 10팩","8804645005893","발주가능","정상","0","0","2","3486","0","0","0","","NO","0.800"
"20260912","Food","Drinks","과일음료","맥널티커피","FC","24752132","청포도 에이드 190mL 10팩","8804645005893","발주가능","정상","0","16","668","3486","0","0","0","","NO","0.800"
"20260912","Food","Drinks","과일음료","맥널티커피","RC","24752132","청포도 에이드 190mL 10팩","8804645005893","발주가능","정상","0","0","273","3486","0","0","0","","NO","0.800"
"20260912","Food","Drinks","과일음료","맥널티커피","FC","24752250","블루레몬 에이드 190mL 10팩","8804645005909","발주가능","정상","0","10","716","3486","0","0","0","","NO","0.800"
"20260912","Food","Drinks","과일음료","맥널티커피","FC","45580036","맥널티 청매실 에이드 190ml*10개입","8804645007071","발주가능","정상","0","3","175","3486","0","0","0","","NO","0.800"
"20260912","Food","Drinks","농축액(음료베이스)","맥널티","FC","51983601","물 한방울 섞이지 않은 김토끼 유기농 레몬즙, 10개, 20g","8804645007361","발주가능","정상","0","0","53","4077","0","0","0","","NO","0.692"
"20260912","Food","Drinks","농축액(음료베이스)","맥널티","SFSPA3","58338694","티브루 보리차 원액 간편 액상스틱 진액, 30개, 10ml","8804645007590","발주가능","정상","0","0","8","5259","0","0","0","","NO","0.692"
"20260912","Food","Drinks","농축액(음료베이스)","맥널티","FC","58338694","티브루 보리차 원액 간편 액상스틱 진액, 30개, 10ml","8804645007590","발주가능","정상","0","48","2209","5259","0","0","0","","NO","0.692"
"20260912","Food","Drinks","농축액(음료베이스)","맥널티","FC","58338695","티브루 옥수수수염차 원액 간편 액상스틱 진액, 30개, 10ml","8804645007606","발주가능","정상","0","29","969","5259","0","0","0","","NO","0.692"
"20260912","Food","Drinks","농축액(음료베이스)","맥널티","FC","58338696","티브루 헛개수 원액 간편 액상스틱 진액, 30개, 10ml","8804645007613","발주가능","정상","0","27","678","5259","0","0","0","","NO","0.692"
"20260912","Food","Drinks","농축액(음료베이스)","맥널티","SFSPA3","58338696","티브루 헛개수 원액 간편 액상스틱 진액, 30개, 10ml","8804645007613","발주가능","정상","0","2","3","5259","0","0","0","","NO","0.692"
"20260912","Food","Drinks","농축액(음료베이스)","맥널티","SFJEJ2","58338696","티브루 헛개수 원액 간편 액상스틱 진액, 30개, 10ml","8804645007613","발주가능","정상","0","1","1","5259","0","0","0","","NO","0.692"
"20260912","Food","Drinks","농축액(음료베이스)","맥널티커피","FC","62882483","티브루 보리차 진액, 1개, 400g","8804645007651","발주가능","정상","0","4","117","7623","0","0","0","","NO","0.692"
"20260912","Food","Drinks","농축액(음료베이스)","맥널티커피","FC","71636537","맥널티 티브루 호박팥차 무라벨, 20개, 500ml","8804645007934","발주가능","정상","0","49","304","8795","0","0","0","","NO","0.692"
"20260912","Food","Drinks","야채음료","맥널티커피","FC","48914233","맥널티 유자 에이드 190ml 10개","8804645007217","발주가능","정상","0","0","308","3486","0","0","0","","NO","0.602"
"20260912","Food","Drinks","차음료","맥널티커피","FC","24752251","복숭아 아이스티 190mL 10팩","8804645005886","발주가능","정상","0","20","317","3486","0","0","0","","NO","0.686"
"20260912","Food","Drinks","차음료","맥널티커피","RC","24752251","복숭아 아이스티 190mL 10팩","8804645005886","발주가능","정상","0","0","258","3486","0","0","0","","NO","0.686"
"20260912","Food","Drinks","차음료","맥널티커피","SFJEJ2","24752251","복숭아 아이스티 190mL 10팩","8804645005886","발주가능","정상","0","0","4","3486","0","0","0","","NO","0.686"
"20260912","Food","Drinks","차음료","맥널티커피","FC","24944267","맥널티 허니자몽 블랙티 대용량 파우치 1Lx6입","18804645005951","발주가능","정상","0","0","64","10252","0","0","0","","NO","0.686"
"20260912","Food","Drinks","차음료","맥널티커피","FC","24944268","맥널티 복숭아 아이스티 대용량 파우치 1Lx6입","18804645005944","발주가능","정상","0","0","0","10252","0","0","0","","YES","0.686"
"20260912","Food","Drinks","차음료","맥널티커피","FC","26889711","맥널티 제로칼로리 복숭아 아이스티 500ml 24입","18804645006101","발주가능","정상","0","9","331","12205","0","0","0","","NO","0.686"
"20260912","Food","Drinks","차음료","맥널티커피","FC","36669698","제로 아이스티 복숭아, 30개입, 13g","8804645006791","발주가능","정상","0","2","69","5850","0","0","0","","NO","0.686"
"20260912","Food","Drinks","차음료","맥널티커피","FC","36829225","맥널티 제로칼로리 청포도 아이스티 500mlx24입,","18804645006538","발주가능","정상","0","3","95","12205","0","0","0","","NO","0.686"
"20260912","Food","Drinks","차음료","맥널티커피","FC","36829226","제로 아이스티 청포도, 30개입, 13g 1개","8804645006807","발주가능","정상","0","0","91","5850","0","0","0","","NO","0.686"
"20260912","Food","Drinks","차음료","맥널티커피","FC","36863185","맥널티 대용량 제로칼로리 복숭아 아이스티 1.5L 12개","18804645006736","일시중단","단종예정","0","0","0","17427","0","0","0","","YES","0.686"
"20260912","Food","Drinks","차음료","맥널티커피","FC","38262417","복숭아 아이스티 제로, 6개, 1L","18804645006873","발주가능","정상","0","2","43","10577","0","0","0","","NO","0.686"
"20260912","Food","Drinks","차음료","맥널티커피","FC","40520042","맥널티커피 복숭아 아이스티 제로 RTD, 30개, 240ml","18804645006835","발주가능","정상","0","5","331","8795","0","0","0","","NO","0.686"
"20260912","Food","Drinks","차음료","맥널티커피","FC","61673272","맥널티커피 복숭아 아이스티 제로, 1.5L, 1개","8804645006739","발주가능","정상","0","95","2490","1364","0","0","0","","NO","0.686"
"20260912","Food","Drinks","차음료","맥널티커피","SFSPA3","61673272","맥널티커피 복숭아 아이스티 제로, 1.5L, 1개","8804645006739","발주가능","정상","0","0","0","1364","0","0","0","","NO","0.686"
"20260912","Food","Drinks","차음료","맥널티커피","SFJEJ2","61673272","맥널티커피 복숭아 아이스티 제로, 1.5L, 1개","8804645006739","발주가능","정상","0","0","6","1364","0","0","0","","NO","0.686"
"20260912","Food","Drinks","차음료","맥널티커피","RC","61673272","맥널티커피 복숭아 아이스티 제로, 1.5L, 1개","8804645006739","발주가능","정상","0","0","1248","1364","0","0","0","","NO","0.686"
"20260912","Food","Drinks","차음료","맥널티커피","SFJEJ2","73944650","맥널티 복숭아 아이스티 대용량 파우치, 1개, 2.1L","8804645007965","발주가능","정상","0","0","8","2413","0","0","0","","NO","0.686"
"20260912","Food","Drinks","차음료","맥널티커피","SFSPA3","73944650","맥널티 복숭아 아이스티 대용량 파우치, 1개, 2.1L","8804645007965","발주가능","정상","0","5","5","2413","0","0","0","","NO","0.686"
"20260912","Food","Drinks","차음료","맥널티커피","FC","73944650","맥널티 복숭아 아이스티 대용량 파우치, 1개, 2.1L","8804645007965","발주가능","정상","0","164","2608","2413","0","0","0","","NO","0.686"
"20260912","Food","Drinks","차음료","맥널티커피","FC","75850021","맥널티 허니자몽 블랙티, 1L, 1개","8804645005954","발주가능","정상","0","10","337","1714","0","0","0","","NO","0.686"
"20260912","Food","Drinks","커피음료","맥널티커피","FC","24695530","아이스 헤이즐넛향 커피 190mL 10팩","8804645005879","발주가능","정상","0","14","270","3486","0","0","0","","NO","0.681"
"20260912","Food","Drinks","커피음료","맥널티커피","RC","24695530","아이스 헤이즐넛향 커피 190mL 10팩","8804645005879","발주가능","정상","0","0","273","3486","0","0","0","","NO","0.681"
"20260912","Food","Drinks","커피음료","맥널티커피","SFJEJ2","24695530","아이스 헤이즐넛향 커피 190mL 10팩","8804645005879","발주가능","정상","0","0","3","3486","0","0","0","","NO","0.681"
"20260912","Food","Drinks","커피음료","맥널티커피","SFJEJ2","24695531","아이스 아메리카노 스위트 190mL 10팩","8804645005862","발주가능","정상","0","0","0","3486","0","0","0","","NO","0.681"
"20260912","Food","Drinks","커피음료","맥널티커피","RC","24695531","아이스 아메리카노 스위트 190mL 10팩","8804645005862","발주가능","정상","0","0","1365","3486","0","0","0","","NO","0.681"
"20260912","Food","Drinks","커피음료","맥널티커피","FC","24695531","아이스 아메리카노 스위트 190mL 10팩","8804645005862","발주가능","정상","0","18","384","3486","0","0","0","","NO","0.681"
"20260912","Food","Drinks","커피음료","맥널티커피","FC","24695532","아이스 아메리카노 블랙 190mL 10팩","8804645005855","발주가능","정상","0","24","562","3486","0","0","0","","NO","0.681"
"20260912","Food","Drinks","커피음료","맥널티커피","SFODD2","24695532","아이스 아메리카노 블랙 190mL 10팩","8804645005855","발주가능","정상","0","0","2","3486","0","0","0","","NO","0.681"
"20260912","Food","Drinks","커피음료","맥널티커피","RC","24695532","아이스 아메리카노 블랙 190mL 10팩","8804645005855","발주가능","정상","0","0","273","3486","0","0","0","","NO","0.681"
"20260912","Food","Drinks","커피음료","맥널티커피","FC","25484251","맥널티커피 아메리카노 스위트 1Lx6입","18804645005920","발주가능","정상","0","1","131","10252","0","0","0","","NO","0.681"
"20260912","Food","Drinks","커피음료","맥널티커피","FC","25484255","맥널티 아이스 아메리카노 블랙커피 대용량 파우치 1Lx6입","18804645005913","발주가능","정상","0","0","63","10252","0","0","0","","NO","0.681"
"20260912","Food","Drinks","커피음료","맥널티커피","FC","25484257","맥널티 아이스 헤이즐넛향 커피 대용량 파우치 1Lx6입","18804645005937","발주가능","정상","0","3","95","10252","0","0","0","","NO","0.681"
"20260912","Food","Drinks","커피음료","맥널티커피","FC","48466205","맥널티 대용량 제로슈가 스테비아 믹스커피 음료, 12개, 1L","18804645007290","발주가능","정상","0","11","151","17067","0","0","0","","NO","0.681"
"20260912","Food","Drinks","커피음료","맥널티커피","RC","48466205","맥널티 대용량 제로슈가 스테비아 믹스커피 음료, 12개, 1L","18804645007290","발주가능","정상","0","0","80","17067","0","0","0","","NO","0.681"
"20260912","Food","Drinks","커피음료","맥널티커피","FC","54922706","맥널티 대용량 제로슈가 스테비아 믹스커피 음료, 1L, 6개","8804645007323","발주가능","정상","0","71","922","8805","0","0","0","","NO","0.681"
"20260912","Food","Drinks","커피음료","맥널티커피","FC","68778940","맥널티 아이브루 아메리카노 블랙커피 12개 1L","18804645007306","발주가능","정상","0","281","1591","12205","0","0","0","","NO","0.681"
"20260912","Food","Drinks","커피음료","맥널티커피","RC","68778940","맥널티 아이브루 아메리카노 블랙커피 12개 1L","18804645007306","발주가능","정상","0","0","800","12205","0","0","0","","NO","0.681"
"20260912","Food","Drinks","커피음료","맥널티커피","RC","68778941","맥널티 아이브루 헤이즐넛향 블랙커피 12개 1L","18804645007504","발주가능","정상","0","0","160","12205","0","0","0","","NO","0.681"
"20260912","Food","Drinks","커피음료","맥널티커피","FC","68778941","맥널티 아이브루 헤이즐넛향 블랙커피 12개 1L","18804645007504","발주가능","정상","0","66","536","12205","0","0","0","","NO","0.681"
"20260912","Food","Drinks","커피음료","맥널티커피","FC","68778942","아이브루 아메리카노 블랙커피 무라벨 400ML 20개","8804645007491","발주가능","정상","0","133","1870","12205","0","0","0","","NO","0.681"
"20260912","Food","Drinks","커피음료","맥널티커피","RC","68778942","아이브루 아메리카노 블랙커피 무라벨 400ML 20개","8804645007491","발주가능","정상","0","0","455","12205","0","0","0","","NO","0.681"
"20260912","Food","Drinks","커피음료","맥널티커피","FC","73951791","맥널티 아이스 아메리카노 블랙 커피 대용량 파우치, 1개, 2.1L","8804645007958","발주가능","정상","0","386","5026","2413","0","0","0","","NO","0.681"
"20260912","Food","Drinks","커피음료","맥널티커피","SFSPA3","73951791","맥널티 아이스 아메리카노 블랙 커피 대용량 파우치, 1개, 2.1L","8804645007958","발주가능","정상","0","0","76","2413","0","0","0","","NO","0.681"
"20260912","Food","Drinks","커피음료","맥널티커피","RC","73951791","맥널티 아이스 아메리카노 블랙 커피 대용량 파우치, 1개, 2.1L","8804645007958","발주가능","정상","0","0","9023","2413","0","0","0","","NO","0.681"
"20260912","Food","Drinks","커피음료","맥널티커피","SFJEJ2","73951791","맥널티 아이스 아메리카노 블랙 커피 대용량 파우치, 1개, 2.1L","8804645007958","발주가능","정상","0","1","10","2413","0","0","0","","NO","0.681"
"20260912","Food","Drinks","커피음료","맥널티커피","FC","75683093","맥널티 아이스 아메리카노 블랙 1리터, 1L, 1개","8804645005916","발주가능","정상","0","16","1247","1714","0","0","0","","NO","0.681"
"20260912","Food","Drinks","커피음료","맥널티커피","SFJEJ2","75683093","맥널티 아이스 아메리카노 블랙 1리터, 1L, 1개","8804645005916","발주가능","정상","0","0","1","1714","0","0","0","","NO","0.681"
"20260912","Food","Drinks","커피음료","맥널티커피","SFSPA3","75683093","맥널티 아이스 아메리카노 블랙 1리터, 1L, 1개","8804645005916","발주가능","정상","0","0","1","1714","0","0","0","","NO","0.681"
"20260912","Food","Drinks","커피음료","맥널티커피","FC","75694561","맥널티커피 아이스 아메리카노 헤이즐넛, 1개, 1L","8804645005930","발주가능","정상","0","44","1967","1714","0","0","0","","NO","0.681"
"20260912","Food","Drinks","커피음료","맥널티커피","FC","75765043","맥널티 아이스아메리카노 스위트, 1개, 1L","8804645005923","발주가능","정상","0","33","1968","1714","0","0","0","","NO","0.681"
"20260912","Food","Drinks","커피음료","맥널티커피","SFSPA3","75765043","맥널티 아이스아메리카노 스위트, 1개, 1L","8804645005923","발주가능","정상","0","3","2","1714","0","0","0","","NO","0.681"
"20260912","Food","Drinks","커피음료","맥널티커피","RC","76540319","맥널티 호랭이 마일드 라떼 캔커피, 30개, 175ml","18804645008013","발주가능","정상","0","0","158","8523","0","0","0","","NO","0.681"
"20260912","Food","Drinks","커피음료","맥널티커피","FC","76540319","맥널티 호랭이 마일드 라떼 캔커피, 30개, 175ml","18804645008013","발주가능","정상","0","53","900","8523","0","0","0","","NO","0.681"
"20260912","Food","Drinks","커피음료","맥널티커피","FC","77572705","맥널티 아이스 아메리카노 헤이즐넛, 1개, 2.1L","8804645008030","발주가능","정상","0","148","834","2413","0","0","0","","NO","0.681"
"20260912","Food","Drinks","커피음료","맥널티커피","RC","77572705","맥널티 아이스 아메리카노 헤이즐넛, 1개, 2.1L","8804645008030","발주가능","정상","0","0","384","2413","0","0","0","","NO","0.681"
"20260912","Food","Drinks","커피음료","아이브루","RC","70253954","아이브루 디카페인 아메리카노 블랙커피 무라벨, 20개, 400ml","8804645007903","발주가능","정상","0","0","455","13500","0","0","0","","NO","0.681"
"20260912","Food","Drinks","커피음료","아이브루","FC","70253954","아이브루 디카페인 아메리카노 블랙커피 무라벨, 20개, 400ml","8804645007903","발주가능","정상","0","46","430","13500","0","0","0","","NO","0.681"
"20260912","Kitchen","Tools & Gadgets","드립주전자/포트","맥널티커피","FC","15333511","맥널티 드립 주전자 350ml","8804645004490","발주가능","정상","0","17","0","5044","0","0","0","","YES","0.784"
"20260912","Kitchen","Tools & Gadgets","커피필터/여과지","맥널티","SFJEJ2","12491225","맥널티 핸드드립 커피필터 30개입","8804645300950","발주가능","정상","0","0","2","2642","0","0","0","","NO","0.520"
"20260912","Kitchen","Tools & Gadgets","커피필터/여과지","맥널티","SFSPA3","12491225","맥널티 핸드드립 커피필터 30개입","8804645300950","발주가능","정상","0","0","5","2642","0","0","0","","NO","0.520"
"20260912","Kitchen","Tools & Gadgets","커피필터/여과지","맥널티","FC","12491225","맥널티 핸드드립 커피필터 30개입","8804645300950","발주가능","정상","0","54","1558","2642","0","0","0","","NO","0.520"
"20260911","CE","Kitchen Appliance","커피머신","맥널티커피","FC","31602405","맥널티 2in1 핫앤콜드 진공추출 커피메이커 MCM-065B MCM-065B","8804645006296","발주가능","정상","10","0","13","30859","0","0","0","","NO","0.789"
"20260911","Food","Coffee & Tea","기타전통차","맥널티커피","FC","39149736","맥널티 스테비아 침향 쌍화차, 1개, 30개입, 450g","8804645006913","발주가능","정상","0","0","98","8536","0","0","0","","NO","0.721"
"20260911","Food","Coffee & Tea","기타전통차","맥널티커피","FC","41175263","맥널티커피 스테비아 꿀 유자차, 1개, 30개입, 450g","8804645006951","발주가능","정상","0","2","101","7388","0","0","0","","NO","0.721"
"20260911","Food","Coffee & Tea","둥글레/옥수수/보리/결명자차","맥널티커피","FC","76230458","맥널티 진 보리차 1개 1kg","8804645007996","발주가능","정상","0","0","34","15209","0","0","0","","NO","0.608"
"20260911","Food","Coffee & Tea","드립백/티백","맥널티","FC","3067432","산지별 콜롬비아 슈프리모 핸드드립커피 7개입","8804645000324","발주가능","정상","192","21","278","3043","0","0","0","","NO","0.725"
"20260911","Food","Coffee & Tea","드립백/티백","맥널티","FC","10003518","케냐 AA 핸드드립 블렌드 24개입","8804645000720","발주가능","정상","0","9","136","6068","0","0","0","","NO","0.725"
"20260911","Food","Coffee & Tea","드립백/티백","맥널티커피","FC","3067429","산지별 브라질 세라도 NY2 핸드드립커피 7개입","8804645000300","발주가능","정상","0","0","41","2887","0","0","0","","NO","0.725"
"20260911","Food","Coffee & Tea","드립백/티백","맥널티커피","FC","3067430","산지별 케냐 AA 핸드드립커피 7개입","8804645000355","발주가능","정상","16","11","51","3062","0","0","0","","NO","0.725"
"20260911","Food","Coffee & Tea","드립백/티백","맥널티커피","FC","3067433","산지별 에티오피아 코케 허니 핸드드립커피 7개입","8804645000348","발주가능","정상","0","0","73","2910","0","0","0","","NO","0.725"
"20260911","Food","Coffee & Tea","드립백/티백","맥널티커피","FC","3067434","산지별 에티오피아 예가체프 핸드드립커피 7개입","8804645000331","발주가능","정상","0","4","96","3184","0","0","0","","NO","0.725"
"20260911","Food","Coffee & Tea","드립백/티백","맥널티커피","FC","10003517","콜롬비아 핸드드립 블렌드 24개입","8804645000713","발주가능","정상","0","32","0","5977","0","0","0","","YES","0.725"
"20260911","Food","Coffee & Tea","드립백/티백","맥널티커피","FC","23400108","맥널티 디카페인100% 핸드드립 원두커피 24개입","8804645005732","발주가능","정상","0","13","118","9395","0","0","0","","NO","0.725"
"20260911","Food","Coffee & Tea","드립백/티백","맥널티커피","FC","37713094","맥널티 핸드드립커피 케냐AA(더블에이) 36개입, 8g, 1개","8804645006616","발주가능","정상","48","6","81","11759","0","0","0","","NO","0.725"
"20260911","Food","Coffee & Tea","드립백/티백","맥널티커피","FC","37713095","맥널티 핸드드립커피 에티오피아 예가체프 36개입, 8g, 1개","8804645006623","발주가능","정상","0","3","26","10577","0","0","0","","NO","0.725"
"20260911","Food","Coffee & Tea","드립백/티백","맥널티커피","FC","41391235","맥널티 행복을주는커피 시그니처 블렌드 핸드드립 커피 20개입, 1개, 8g","8804645003653","발주가능","정상","48","9","81","6795","0","0","0","","NO","0.725"
"20260911","Food","Coffee & Tea","드립백/티백","맥널티커피","FC","62821923","맥널티 핸드드립 커피 에티오피아 예가체프 8g 24개입 1개","8804645006920","발주가능","정상","0","3","56","9679","0","0","0","","NO","0.725"
"20260911","Food","Coffee & Tea","드립백/티백","맥널티커피","FC","68147033","베니스브루 스페셜티 핸드드립 가향 커피 오렌지 벨벳, 1개, 7개입, 12g","8804645007712","발주가능","정상","12","0","21","5143","0","0","0","","NO","0.725"
"20260911","Food","Coffee & Tea","드립백/티백","맥널티커피","FC","68147034","베니스브루 스페셜티 핸드드립 가향 커피 쇼콜라 모카, 1개, 7개입, 12g","8804645007729","발주가능","정상","12","1","34","5143","0","0","0","","NO","0.725"
"20260911","Food","Coffee & Tea","드립백/티백","맥널티커피","FC","68777449","베니스브루 베리 블로썸 드립백 커피 12g 1개 7개입","8804645007705","발주가능","정상","0","0","12","5143","0","0","0","","NO","0.725"
"20260911","Food","Coffee & Tea","라떼분말","맥널티커피","FC","34834818","맥널티 스테비아 제로슈가 핫초코 라떼 30개입 15g","8804645006340","발주가능","정상","270","21","410","7500","0","0","0","","NO","0.590"
"20260911","Food","Coffee & Tea","라떼분말","맥널티커피","FC","51063548","스테비아 단백질 옥수수 크림 라떼, 1개, 20개입, 18g","8804645007330","발주가능","정상","0","0","6","5850","0","0","0","","NO","0.590"
"20260911","Food","Coffee & Tea","라떼분말","맥널티커피","FC","51164938","스테비아 단백질 고구마 크림 라떼, 1개, 20개입, 18g","8804645007347","발주가능","정상","0","1","25","5850","0","0","0","","NO","0.590"
"20260911","Food","Coffee & Tea","원두","N_A","FC","76443755","맥널티 브라질 세라도 NY.2 원두 1kg, 1개","8804645006425","발주가능","정상","0","0","253","17609","0","0","0","","NO","0.894"
"20260911","Food","Coffee & Tea","원두","맥널티커피","RC","45570","맥널티_헤이즐넛원두분쇄커피_226G","8804645100208","발주가능","정상","0","0","128","5000","0","0","0","","NO","0.894"
"20260911","Food","Coffee & Tea","원두","맥널티커피","FC","45570","맥널티_헤이즐넛원두분쇄커피_226G","8804645100208","발주가능","정상","0","104","1136","5000","0","0","0","","NO","0.894"
"20260911","Food","Coffee & Tea","원두","맥널티커피","SFJEJ2","45570","맥널티_헤이즐넛원두분쇄커피_226G","8804645100208","발주가능","정상","0","1","0","5000","0","0","0","","NO","0.894"
"20260911","Food","Coffee & Tea","원두","맥널티커피","SFSPA3","45570","맥널티_헤이즐넛원두분쇄커피_226G","8804645100208","발주가능","정상","0","0","8","5000","0","0","0","","NO","0.894"
"20260911","Food","Coffee & Tea","원두","맥널티커피","SFSPA3","45572","맥널티_헤이즐넛원두분쇄커피_500G","8804645100468","발주가능","정상","0","0","2","7960","0","0","0","","NO","0.894"
"20260911","Food","Coffee & Tea","원두","맥널티커피","SFJEJ2","45572","맥널티_헤이즐넛원두분쇄커피_500G","8804645100468","발주가능","정상","0","0","2","7960","0","0","0","","NO","0.894"
"20260911","Food","Coffee & Tea","원두","맥널티커피","FC","45572","맥널티_헤이즐넛원두분쇄커피_500G","8804645100468","발주가능","정상","0","58","466","7960","0","0","0","","NO","0.894"
"20260911","Food","Coffee & Tea","원두","맥널티커피","RC","45572","맥널티_헤이즐넛원두분쇄커피_500G","8804645100468","발주가능","정상","0","0","496","7960","0","0","0","","NO","0.894"
"20260911","Food","Coffee & Tea","원두","맥널티커피","FC","45573","맥널티_블루마운틴스타일원두분쇄커피_500G","8804645100451","발주가능","정상","0","20","281","11091","0","0","0","","NO","0.894"
"20260911","Food","Coffee & Tea","원두","맥널티커피","RC","45573","맥널티_블루마운틴스타일원두분쇄커피_500G","8804645100451","발주가능","정상","0","0","640","11091","0","0","0","","NO","0.894"
"20260911","Food","Coffee & Tea","원두","맥널티커피","FC","5344648","맥널티 원두 에스프레소 블랙 1개, 1kg","8804645001239","발주불가","단종","0","0","1","9156","0","0","0","","YES","0.894"
"20260911","Food","Coffee & Tea","원두","맥널티커피","FC","10147177","맥널티 홀빈 블루마운틴 1000g","8804645006302","발주가능","정상","0","8","77","15715","0","0","0","","NO","0.894"
"20260911","Food","Coffee & Tea","원두","맥널티커피","FC","10147180","맥널티 행복을 주는 커피 헤이즐넛향 1kg 홀빈","8804645100185","발주가능","정상","0","12","157","15244","0","0","0","","NO","0.894"
"20260911","Food","Coffee & Tea","원두","맥널티커피","SFSPA3","10812901","맥널티 베트남 로부스타 원두커피 1kg","8804645003066","발주가능","정상","0","3","0","11700","0","0","0","","NO","0.894"
"20260911","Food","Coffee & Tea","원두","맥널티커피","SFJEJ2","10812901","맥널티 베트남 로부스타 원두커피 1kg","8804645003066","발주가능","정상","0","0","2","11700","0","0","0","","NO","0.894"
"20260911","Food","Coffee & Tea","원두","맥널티커피","RC","10812901","맥널티 베트남 로부스타 원두커피 1kg","8804645003066","발주가능","정상","0","0","400","11700","0","0","0","","NO","0.894"
"20260911","Food","Coffee & Tea","원두","맥널티커피","FC","10812901","맥널티 베트남 로부스타 원두커피 1kg","8804645003066","발주가능","정상","0","25","309","11700","0","0","0","","NO","0.894"
"20260911","Food","Coffee & Tea","원두","맥널티커피","FC","11849981","행복을 주는 커피 블루마운틴 블렌드 분쇄 원두 커피 1kg","8804645003486","발주가능","정상","36","7","108","16364","0","0","0","","NO","0.894"
"20260911","Food","Coffee & Tea","원두","맥널티커피","RC","12521866","맥널티 행복을 주는 커피 시그니처 헤이즐넛향 원두 커피 1Kg","8804645003493","발주가능","정상","0","0","432","16364","0","0","0","","NO","0.894"
"20260911","Food","Coffee & Tea","원두","맥널티커피","FC","12521866","맥널티 행복을 주는 커피 시그니처 헤이즐넛향 원두 커피 1Kg","8804645003493","발주가능","정상","0","18","115","16364","0","0","0","","NO","0.894"
"20260911","Food","Coffee & Tea","원두","맥널티커피","FC","13277718","맥널티 행복을 주는 커피 브라질 산토스 1kg","8804645003936","발주가능","정상","0","6","125","14091","0","0","0","","NO","0.894"
"20260911","Food","Coffee & Tea","원두","맥널티커피","FC","13277719","맥널티 행복을 주는 커피 콜롬비아 블렌드 1kg","8804645003929","발주가능","정상","100","29","553","15599","0","0","0","","NO","0.894"
"20260911","Food","Coffee & Tea","원두","맥널티커피","FC","37733154","맥널티 원두 홀빈(분쇄안함) 마일드 미디움 블렌드 200g, 1개","8804645005374","발주가능","정상","0","0","26","5791","0","0","0","","NO","0.894"
"20260911","Food","Coffee & Tea","원두","맥널티커피","FC","38710869","맥널티 홀빈 커피원두, 마일드 미디움 블렌드 1kg, 1개","8804645005329","발주가능","정상","0","0","17","16364","0","0","0","","NO","0.894"
"20260911","Food","Coffee & Tea","원두","맥널티커피","FC","38710870","맥널티 홀빈 커피원두, 콜롬비아 안데스 오리진 1kg, 1개","8804645005343","발주가능","정상","0","3","84","16364","0","0","0","","NO","0.894"
"20260911","Food","Coffee & Tea","원두","맥널티커피","FC","38710872","맥널티 홀빈 커피원두, 시그니처 블렌드 1kg, 1개","8804645005312","발주가능","정상","0","2","99","16364","0","0","0","","NO","0.894"
"20260911","Food","Coffee & Tea","원두","맥널티커피","FC","38813491","맥널티 홀빈 원두 1KG, 브라질 산토스 내추럴, 1개","8804645005350","발주가능","정상","0","10","156","11364","0","0","0","","NO","0.894"
"20260911","Food","Coffee & Tea","원두","맥널티커피","FC","38919334","맥널티 에티오피아 예가체프 홀빈 원두, 1kg, 1개","8804645006852","발주가능","정상","12","2","54","16364","0","0","0","","NO","0.894"
"20260911","Food","Coffee & Tea","원두","맥널티커피","FC","39616644","맥널티 예맨 모카 블렌드 커피 원두, 홀빈(분쇄안함), 500g, 1개","8804645006692","발주가능","정상","0","0","15","11400","0","0","0","","NO","0.894"
"20260911","Food","Coffee & Tea","원두","맥널티커피","FC","39616645","맥널티 시그니처 디카페인 커피 원두, 홀빈(분쇄안함), 500g, 1개","8804645006937","발주가능","정상","32","6","55","12545","0","0","0","","NO","0.894"
"20260911","Food","Coffee & Tea","원두","맥널티커피","FC","39616646","맥널티 게이샤 블렌드 커피 원두, 홀빈(분쇄안함), 500g, 1개","8804645006708","발주가능","정상","0","3","6","11400","0","0","0","","NO","0.894"
"20260911","Food","Coffee & Tea","원두","맥널티커피","FC","39616647","맥널티 하와이안 코나 블렌드 커피 원두, 홀빈(분쇄안함), 500g, 1개","8804645006685","발주가능","정상","0","1","55","11400","0","0","0","","NO","0.894"
"20260911","Food","Coffee & Tea","원두","맥널티커피","FC","48074657","맥널티 브라질 세라도 분쇄 원두 커피, 1개, 500g","8804645007262","발주가능","정상","0","1","71","9395","0","0","0","","NO","0.894"
"20260911","Food","Coffee & Tea","원두","맥널티커피","FC","48074658","맥널티 콜롬비아 안데스 분쇄 원두 커피, 1개, 500g","8804645007255","발주가능","정상","0","0","55","9986","0","0","0","","NO","0.894"
"20260911","Food","Coffee & Tea","원두","맥널티커피","FC","48074659","맥널티 에티오피아 예가체프 분쇄 원두 커피, 1개, 500g","8804645007231","발주가능","정상","48","9","80","9986","0","0","0","","NO","0.894"
"20260911","Food","Coffee & Tea","원두","맥널티커피","FC","58681130","콜롬비아 안데스 오리진 분쇄 커피 원두 1개 226g 핸드드립","8804645007552","발주가능","정상","0","6","29","7159","0","0","0","","NO","0.894"
"20260911","Food","Coffee & Tea","원두","맥널티커피","FC","58681131","브라질 산토스 오리진 분쇄 커피 원두, 226g, 1개, 핸드드립","8804645007545","발주가능","정상","0","3","16","7159","0","0","0","","NO","0.894"
"20260911","Food","Coffee & Tea","원두","맥널티커피","FC","58765769","게이샤 블렌드 분쇄 커피 원두, 1개, 226g, 핸드드립","8804645007514","발주가능","정상","0","5","12","7732","0","0","0","","NO","0.894"
"20260911","Food","Coffee & Tea","원두","맥널티커피","FC","58765770","디카페인 헤이즐넛향 분쇄 커피 원두, 1개, 226g, 핸드드립","8804645007538","발주가능","정상","32","11","87","8018","0","0","0","","NO","0.894"
"20260911","Food","Coffee & Tea","원두","맥널티커피","FC","58850533","하와이안 코나 블렌드 분쇄 커피 원두, 1개, 226g, 핸드드립","8804645007521","발주가능","정상","0","1","7","7732","0","0","0","","NO","0.894"
"20260911","Food","Coffee & Tea","원두","맥널티커피","FC","71777603","투비 다크 블랙 블렌드 홀빈 원두 커피, 1kg, 홀빈(분쇄안함), 1개","8804645007989","발주가능","정상","0","5","96","13115","0","0","0","","NO","0.894"
"20260911","Food","Coffee & Tea","원두","맥널티커피","FC","76697770","투비커피 너티초코 아메리카노 블렌드 홀빈 원두 커피, 1kg, 홀빈(분쇄안함), 1개","8804645008047","발주가능","정상","0","1","38","17125","0","0","0","","NO","0.894"
"20260911","Food","Coffee & Tea","원두커피믹스","맥널티","FC","10003529","아이브루 클래식 100T","8804645002465","발주불가","규격 외","0","0","1","6068","0","0","0","","NO","0.591"
"20260911","Food","Coffee & Tea","원두커피믹스","맥널티","FC","11019882","맥널티 아이브루 다크 블렌드 200T","8804645003219","발주가능","정상","0","4","55","13096","0","0","0","","NO","0.591"
"20260911","Food","Coffee & Tea","원두커피믹스","맥널티커피","FC","11019883","맥널티 아이브루 모카 블랙 200T","8804645003226","발주가능","정상","0","5","77","11687","0","0","0","","NO","0.591"
"20260911","Food","Coffee & Tea","원두커피믹스","맥널티커피","FC","13777565","맥널티 아이브루 모카블랙 70T","8804645003912","발주가능","정상","0","1","17","6519","0","0","0","","NO","0.591"
"20260911","Food","Coffee & Tea","원두커피믹스","맥널티커피","SFSPA3","15720531","콜롬비아 블랙 100개입","8804645002861","발주가능","정상","0","4","4","6345","0","0","0","","NO","0.591"
"20260911","Food","Coffee & Tea","원두커피믹스","맥널티커피","FC","15720531","콜롬비아 블랙 100개입","8804645002861","발주가능","정상","0","49","1047","6345","0","0","0","","NO","0.591"
"20260911","Food","Coffee & Tea","원두커피믹스","맥널티커피","SFJEJ2","15720531","콜롬비아 블랙 100개입","8804645002861","발주가능","정상","0","0","2","6345","0","0","0","","NO","0.591"
"20260911","Food","Coffee & Tea","원두커피믹스","맥널티커피","FC","26477367","맥널티 리얼 에스프레소샷 블랙 액상스틱커피 15mlx30개입","8804645006029","발주가능","정상","0","19","309","7388","0","0","0","","NO","0.591"
"20260911","Food","Coffee & Tea","원두커피믹스","맥널티커피","FC","62672352","맥널티 아이브루 플러스 스위트 블랙 원두커피믹스 80개입 2.8g","8804645007620","발주가능","정상","0","4","9","7961","0","0","0","","NO","0.591"
"20260911","Food","Coffee & Tea","원두커피믹스","맥널티커피","FC","67975031","호랭이 커피 오곡향 블랙, 1개, 20개입, 1g","8804645007781","발주가능","정상","0","15","327","2806","0","0","0","","NO","0.591"
"20260911","Food","Coffee & Tea","원두커피믹스","맥널티커피","FC","71629331","맥널티 갓성비 아메리카노 블랙커피, 1개, 100개입, 2g","8804645007873","발주가능","정상","0","61","727","8534","0","0","0","","NO","0.591"
"20260911","Food","Coffee & Tea","원두커피믹스","아이브루","RC","36903434","맥널티 아이브루 플러스 헤이즐넛 블랙커피 100개입","8804645006395","발주가능","정상","0","0","505","7623","0","0","0","","NO","0.591"
"20260911","Food","Coffee & Tea","원두커피믹스","아이브루","SFSPA3","36903434","맥널티 아이브루 플러스 헤이즐넛 블랙커피 100개입","8804645006395","발주가능","정상","0","1","5","7623","0","0","0","","NO","0.591"
"20260911","Food","Coffee & Tea","원두커피믹스","아이브루","FC","36903434","맥널티 아이브루 플러스 헤이즐넛 블랙커피 100개입","8804645006395","발주가능","정상","0","99","620","7623","0","0","0","","NO","0.591"
"20260911","Food","Coffee & Tea","원두커피믹스","아이브루","FC","36903435","맥널티 아이브루 플러스 오리지널 블랙커피 100개입","8804645006388","발주불가","규격 외","0","0","384","7623","0","0","0","","NO","0.591"
"20260911","Food","Coffee & Tea","원두커피믹스","아이브루","FC","46534985","아이브루 플러스 디카페인 아메리카노 블랙커피, 1개, 80개입, 80g","8804645007118","발주가능","정상","0","7","54","7964","0","0","0","","NO","0.591"
"20260911","Food","Coffee & Tea","원두커피믹스","아이브루","SFSPA3","56760693","아이브루 플러스 디카페인 블랙커피 헤이즐넛향 (1g x 80개입), 1개","8804645007453","발주가능","정상","0","3","13","7961","0","0","0","","NO","0.591"
"20260911","Food","Coffee & Tea","원두커피믹스","아이브루","FC","56760693","아이브루 플러스 디카페인 블랙커피 헤이즐넛향 (1g x 80개입), 1개","8804645007453","발주가능","정상","320","39","1003","7961","0","0","0","","NO","0.591"
"20260911","Food","Coffee & Tea","원두커피믹스","프라이빗클럽","FC","10837643","맥널티 병커피 헤이즐넛향 50gx10개","19311931309161","발주가능","정상","0","3","55","23000","0","0","0","","NO","0.591"
"20260911","Food","Coffee & Tea","원두커피믹스","프라이빗클럽","FC","12091997","Box_입소문난 아이리쉬 50G 10병","19311931311164","발주가능","정상","0","1","11","18625","0","0","0","","NO","0.591"
"20260911","Food","Coffee & Tea","원두커피믹스","프라이빗클럽","FC","52625820","맥널티 인스턴트 원두 병커피 에스프레소 블랙 50g 1개","9311931902167","발주가능","정상","80","30","233","3486","0","0","0","","NO","0.591"
"20260911","Food","Coffee & Tea","율무/견과차","맥널티","FC","64842417","티브루 호박팥차 진액 10ml 30개입 1개","8804645007675","발주가능","정상","0","54","683","5259","0","0","0","","NO","0.704"
"20260911","Food","Coffee & Tea","율무/견과차","맥널티","SFJEJ2","64842417","티브루 호박팥차 진액 10ml 30개입 1개","8804645007675","발주가능","정상","0","0","2","5259","0","0","0","","NO","0.704"
"20260911","Food","Coffee & Tea","율무/견과차","맥널티","SFSPA3","64842417","티브루 호박팥차 진액 10ml 30개입 1개","8804645007675","발주가능","정상","0","0","7","5259","0","0","0","","NO","0.704"
"20260911","Food","Coffee & Tea","율무/견과차","맥널티커피","FC","39149735","맥널티 스테비아 제로슈가 호두 아몬드 율무차, 1개, 30개입, 450g","8804645006906","발주가능","정상","0","11","23","6815","0","0","0","","NO","0.704"
"20260911","Food","Coffee & Tea","차세트","맥널티커피","FC","78654824","[2026 추석세트] 맥널티 스테비아 전통차 선물세트, 1세트, 율무차(30개) + 쌍화차(30개)","8804645008092","발주가능","정상","0","0","60","19091","0","0","0","","NO","0.901"
"20260911","Food","Coffee & Tea","커피믹스","맥널티커피","RC","45571","맥널티_ 자메이카 블루마운틴 블렌드_226G","8804645100215","발주가능","정상","0","0","512","5000","0","0","0","","NO","0.713"
"20260911","Food","Coffee & Tea","커피믹스","맥널티커피","SFSPA3","45571","맥널티_ 자메이카 블루마운틴 블렌드_226G","8804645100215","발주가능","정상","0","2","0","5000","0","0","0","","NO","0.713"
"20260911","Food","Coffee & Tea","커피믹스","맥널티커피","FC","45571","맥널티_ 자메이카 블루마운틴 블렌드_226G","8804645100215","발주가능","정상","0","54","699","5000","0","0","0","","NO","0.713"
"20260911","Food","Coffee & Tea","커피믹스","맥널티커피","RC","25240400","맥널티 스테비아 커피믹스 100개입","8804645006067","발주가능","정상","0","0","1440","12941","0","0","0","","NO","0.713"
"20260911","Food","Coffee & Tea","커피믹스","맥널티커피","FC","25240400","맥널티 스테비아 커피믹스 100개입","8804645006067","발주가능","정상","0","96","841","12941","0","0","0","","NO","0.713"
"20260911","Food","Coffee & Tea","커피믹스","맥널티커피","SFJEJ2","25240400","맥널티 스테비아 커피믹스 100개입","8804645006067","발주가능","정상","0","0","2","12941","0","0","0","","NO","0.713"
"20260911","Food","Coffee & Tea","커피믹스","맥널티커피","SFODD4","25240402","맥널티 스테비아 커피믹스 30개입","8804645006074","발주가능","정상","0","0","0","4827","0","0","0","","NO","0.713"
"20260911","Food","Coffee & Tea","커피믹스","맥널티커피","FC","25240402","맥널티 스테비아 커피믹스 30개입","8804645006074","발주가능","정상","144","31","468","4827","0","0","0","","NO","0.713"
"20260911","Food","Coffee & Tea","커피믹스","맥널티커피","FC","29461862","맥널티 아메리카노 아이스 블랙 100개입","8804645006081","발주가능","정상","0","41","192","5850","0","0","0","","NO","0.713"
"20260911","Food","Coffee & Tea","커피믹스","맥널티커피","FC","38933766","맥널티커피 스테비아 디카페인 커피믹스, 1개, 100개입 9.5g","8804645006890","발주가능","정상","240","54","600","18850","0","0","0","","NO","0.713"
"20260911","Food","Coffee & Tea","커피믹스","맥널티커피","FC","40806729","맥널티 스테비아 디카페인 커피믹스, 1개, 30개입, 285g","8804645006777","발주가능","정상","0","29","430","7027","0","0","0","","NO","0.713"
"20260911","Food","Coffee & Tea","커피믹스","맥널티커피","FC","46730880","산양유 단백질 프로틴 스테비아 커피믹스, 1개, 30개입, 300g","8804645007194","발주가능","정상","48","11","62","6243","0","0","0","","NO","0.713"
"20260911","Food","Coffee & Tea","커피믹스","맥널티커피","FC","47303765","산양유 단백질 프로틴 스테비아 커피믹스, 1개, 100개입, 1000g","8804645007187","발주가능","정상","0","4","20","19988","0","0","0","","NO","0.713"
"20260911","Food","Coffee & Tea","커피믹스","맥널티커피","FC","56214466","맥널티커피 아이브루 바닐라 라떼,12g x 100개입(스틱), 1200g , 1개","8804645007460","발주가능","정상","16","9","137","12543","0","0","0","","NO","0.713"
"20260911","Food","Coffee & Tea","커피믹스","맥널티커피","FC","56214467","맥널티커피 아이브루 카라멜 마끼아또, 12g x 100개입(스틱), 1200g , 1개","8804645007484","발주가능","정상","24","12","121","12543","0","0","0","","NO","0.713"
"20260911","Food","Coffee & Tea","커피믹스","맥널티커피","FC","63447822","스테비아 커피믹스 헤이즐넛향 9.5g 30개입 1개","8804645007637","발주가능","정상","36","16","213","4827","0","0","0","","NO","0.713"
"20260911","Food","Coffee & Tea","커피믹스","맥널티커피","FC","64859139","맥널티 스테비아 솔티드 카라멜 커피믹스 10g 1개 30개입","8804645007668","발주가능","정상","24","9","134","5670","0","0","0","","NO","0.713"
"20260911","Food","Coffee & Tea","커피믹스","맥널티커피","RC","69526598","맥널티 갓성비 제로슈가 커피믹스, 1개, 80개입, 9g","8804645007842","발주가능","정상","0","0","64","8805","0","0","0","","NO","0.713"
"20260911","Food","Coffee & Tea","커피믹스","맥널티커피","FC","69526598","맥널티 갓성비 제로슈가 커피믹스, 1개, 80개입, 9g","8804645007842","발주가능","정상","0","44","289","8805","0","0","0","","NO","0.713"
"20260911","Food","Coffee & Tea","커피믹스","맥널티커피","FC","69634259","맥널티커피 스테비아 커피믹스 헤이즐넛향, 9.5g, 100개입, 1개","8804645007811","발주가능","정상","0","6","47","14261","0","0","0","","NO","0.713"
"20260911","Food","Coffee & Tea","커피믹스","맥널티커피","FC","71115721","호랭이 커피믹스 고소한 오곡향, 1개, 160개입, 9.5g","8804645007880","발주가능","정상","24","4","64","14261","0","0","0","","NO","0.713"
"20260911","Food","Coffee & Tea","커피믹스","맥널티커피","FC","71115722","호랭이 커피믹스 고소한 오곡향, 1개, 20개입, 9.5g","8804645007897","발주가능","정상","0","4","157","2806","0","0","0","","NO","0.713"
"20260911","Food","Coffee & Tea","커피믹스","아이브루","SFODD2","2341900","맥널티 iBrew 미니 헤이즐넛향 200개입(200g)","8804645000515","발주가능","정상","0","0","2","9917","0","0","0","","NO","0.713"
"20260911","Food","Coffee & Tea","커피믹스","아이브루","SFJEJ2","2341900","맥널티 iBrew 미니 헤이즐넛향 200개입(200g)","8804645000515","발주가능","정상","0","0","2","9917","0","0","0","","NO","0.713"
"20260911","Food","Coffee & Tea","커피믹스","아이브루","RC","2341900","맥널티 iBrew 미니 헤이즐넛향 200개입(200g)","8804645000515","발주가능","정상","0","0","360","9917","0","0","0","","NO","0.713"
"20260911","Food","Coffee & Tea","커피믹스","아이브루","FC","2341900","맥널티 iBrew 미니 헤이즐넛향 200개입(200g)","8804645000515","발주가능","정상","0","39","1292","9917","0","0","0","","NO","0.713"
"20260911","Food","Coffee & Tea","커피믹스","아이브루","SFSPA3","2341900","맥널티 iBrew 미니 헤이즐넛향 200개입(200g)","8804645000515","발주가능","정상","0","1","2","9917","0","0","0","","NO","0.713"
"20260911","Food","Coffee & Tea","커피믹스","아이브루","FC","3067423","아이브루 헤이즐넛향 70개입","8804645000706","발주가능","정상","0","12","330","4025","0","0","0","","NO","0.713"
"20260911","Food","Coffee & Tea","커피믹스","아이브루","FC","3067424","아이브루 케냐AA 블렌드 70개입","8804645000690","발주가능","정상","0","2","52","6205","0","0","0","","NO","0.713"
"20260911","Food","Coffee & Tea","커피믹스","아이브루","FC","3067425","아이브루 예가체프 블렌드 70개입","8804645000683","발주가능","정상","16","0","39","6205","0","0","0","","NO","0.713"
"20260911","Food","Coffee & Tea","커피믹스","프라이빗클럽","FC","3067428","인스턴트 병커피 헤이즐넛향 50g","9311931105162","발주가능","정상","0","164","3402","2300","0","0","0","","NO","0.713"
"20260911","Food","Coffee & Tea","커피믹스","프라이빗클럽","SFSPA3","3067428","인스턴트 병커피 헤이즐넛향 50g","9311931105162","발주가능","정상","0","2","11","2300","0","0","0","","NO","0.713"
"20260911","Food","Coffee & Tea","커피세트","맥널티커피","FC","26870612","[2026 추석세트] 맥널티 핸드드립 버라이어티세트 30개입","8804645006258","발주가능","정상","0","19","901","9395","0","0","0","","NO","0.899"
"20260911","Food","Coffee & Tea","커피세트","맥널티커피","FC","54651094","인스턴트 원두 병커피 맥널티커피 선물세트 50g x 4개입(에스프레소 2병+헤이즐넛 2병), 1세트","8804645007408","발주가능","정상","0","0","0","15305","0","0","0","","YES","0.899"
"20260911","Food","Drinks","과일음료","맥널티커피","SFJEJ2","24752132","청포도 에이드 190mL 10팩","8804645005893","발주가능","정상","0","0","2","3486","0","0","0","","NO","0.799"
"20260911","Food","Drinks","과일음료","맥널티커피","RC","24752132","청포도 에이드 190mL 10팩","8804645005893","발주가능","정상","0","0","273","3486","0","0","0","","NO","0.799"
"20260911","Food","Drinks","과일음료","맥널티커피","FC","24752132","청포도 에이드 190mL 10팩","8804645005893","발주가능","정상","0","21","684","3486","0","0","0","","NO","0.799"
"20260911","Food","Drinks","과일음료","맥널티커피","SFSPA3","24752132","청포도 에이드 190mL 10팩","8804645005893","발주가능","정상","0","0","3","3486","0","0","0","","NO","0.799"
"20260911","Food","Drinks","과일음료","맥널티커피","FC","24752250","블루레몬 에이드 190mL 10팩","8804645005909","발주가능","정상","0","16","726","3486","0","0","0","","NO","0.799"
"20260911","Food","Drinks","과일음료","맥널티커피","FC","45580036","맥널티 청매실 에이드 190ml*10개입","8804645007071","발주가능","정상","0","1","178","3486","0","0","0","","NO","0.799"
"20260911","Food","Drinks","농축액(음료베이스)","맥널티","FC","51983601","물 한방울 섞이지 않은 김토끼 유기농 레몬즙, 10개, 20g","8804645007361","발주가능","정상","0","0","53","4077","0","0","0","","NO","0.692"
"20260911","Food","Drinks","농축액(음료베이스)","맥널티","FC","58338694","티브루 보리차 원액 간편 액상스틱 진액, 30개, 10ml","8804645007590","발주가능","정상","640","73","2257","5259","0","0","0","","NO","0.692"
"20260911","Food","Drinks","농축액(음료베이스)","맥널티","SFSPA3","58338694","티브루 보리차 원액 간편 액상스틱 진액, 30개, 10ml","8804645007590","발주가능","정상","0","0","8","5259","0","0","0","","NO","0.692"
"20260911","Food","Drinks","농축액(음료베이스)","맥널티","FC","58338695","티브루 옥수수수염차 원액 간편 액상스틱 진액, 30개, 10ml","8804645007606","발주가능","정상","32","29","998","5259","0","0","0","","NO","0.692"
"20260911","Food","Drinks","농축액(음료베이스)","맥널티","SFJEJ2","58338696","티브루 헛개수 원액 간편 액상스틱 진액, 30개, 10ml","8804645007613","발주가능","정상","0","0","2","5259","0","0","0","","NO","0.692"
"20260911","Food","Drinks","농축액(음료베이스)","맥널티","FC","58338696","티브루 헛개수 원액 간편 액상스틱 진액, 30개, 10ml","8804645007613","발주가능","정상","96","27","705","5259","0","0","0","","NO","0.692"
"20260911","Food","Drinks","농축액(음료베이스)","맥널티","SFSPA3","58338696","티브루 헛개수 원액 간편 액상스틱 진액, 30개, 10ml","8804645007613","발주가능","정상","0","0","5","5259","0","0","0","","NO","0.692"
"20260911","Food","Drinks","농축액(음료베이스)","맥널티커피","FC","62882483","티브루 보리차 진액, 1개, 400g","8804645007651","발주가능","정상","0","8","121","7623","0","0","0","","NO","0.692"
"20260911","Food","Drinks","농축액(음료베이스)","맥널티커피","FC","71636537","맥널티 티브루 호박팥차 무라벨, 20개, 500ml","8804645007934","발주가능","정상","0","99","353","8795","0","0","0","","NO","0.692"
"20260911","Food","Drinks","야채음료","맥널티커피","FC","48914233","맥널티 유자 에이드 190ml 10개","8804645007217","발주가능","정상","0","8","308","3486","0","0","0","","NO","0.593"
"20260911","Food","Drinks","차음료","맥널티커피","SFJEJ2","24752251","복숭아 아이스티 190mL 10팩","8804645005886","발주가능","정상","0","0","4","3486","0","0","0","","NO","0.684"
"20260911","Food","Drinks","차음료","맥널티커피","RC","24752251","복숭아 아이스티 190mL 10팩","8804645005886","발주가능","정상","0","0","258","3486","0","0","0","","NO","0.684"
"20260911","Food","Drinks","차음료","맥널티커피","FC","24752251","복숭아 아이스티 190mL 10팩","8804645005886","발주가능","정상","0","31","337","3486","0","0","0","","NO","0.684"
"20260911","Food","Drinks","차음료","맥널티커피","FC","24944267","맥널티 허니자몽 블랙티 대용량 파우치 1Lx6입","18804645005951","발주가능","정상","0","0","64","10252","0","0","0","","NO","0.684"
"20260911","Food","Drinks","차음료","맥널티커피","FC","24944268","맥널티 복숭아 아이스티 대용량 파우치 1Lx6입","18804645005944","발주가능","정상","0","0","0","10252","0","0","0","","YES","0.684"
"20260911","Food","Drinks","차음료","맥널티커피","FC","26889711","맥널티 제로칼로리 복숭아 아이스티 500ml 24입","18804645006101","발주가능","정상","0","13","340","12205","0","0","0","","NO","0.684"
"20260911","Food","Drinks","차음료","맥널티커피","FC","36669698","제로 아이스티 복숭아, 30개입, 13g","8804645006791","발주가능","정상","0","6","71","5850","0","0","0","","NO","0.684"
"20260911","Food","Drinks","차음료","맥널티커피","FC","36829225","맥널티 제로칼로리 청포도 아이스티 500mlx24입,","18804645006538","발주가능","정상","63","4","98","12205","0","0","0","","NO","0.684"
"20260911","Food","Drinks","차음료","맥널티커피","FC","36829226","제로 아이스티 청포도, 30개입, 13g 1개","8804645006807","발주가능","정상","0","3","91","5850","0","0","0","","NO","0.684"
"20260911","Food","Drinks","차음료","맥널티커피","FC","36863185","맥널티 대용량 제로칼로리 복숭아 아이스티 1.5L 12개","18804645006736","일시중단","단종예정","0","0","0","17427","0","0","0","","YES","0.684"
"20260911","Food","Drinks","차음료","맥널티커피","FC","38262417","복숭아 아이스티 제로, 6개, 1L","18804645006873","발주가능","정상","0","0","45","10577","0","0","0","","NO","0.684"
"20260911","Food","Drinks","차음료","맥널티커피","FC","40520042","맥널티커피 복숭아 아이스티 제로 RTD, 30개, 240ml","18804645006835","발주가능","정상","0","3","336","8795","0","0","0","","NO","0.684"
"20260911","Food","Drinks","차음료","맥널티커피","SFSPA3","61673272","맥널티커피 복숭아 아이스티 제로, 1.5L, 1개","8804645006739","발주가능","정상","0","0","0","1364","0","0","0","","NO","0.684"
"20260911","Food","Drinks","차음료","맥널티커피","RC","61673272","맥널티커피 복숭아 아이스티 제로, 1.5L, 1개","8804645006739","발주가능","정상","0","0","1248","1364","0","0","0","","NO","0.684"
"20260911","Food","Drinks","차음료","맥널티커피","FC","61673272","맥널티커피 복숭아 아이스티 제로, 1.5L, 1개","8804645006739","발주가능","정상","0","122","2590","1364","0","0","0","","NO","0.684"
"20260911","Food","Drinks","차음료","맥널티커피","SFJEJ2","61673272","맥널티커피 복숭아 아이스티 제로, 1.5L, 1개","8804645006739","발주가능","정상","0","0","6","1364","0","0","0","","NO","0.684"
"20260911","Food","Drinks","차음료","맥널티커피","SFJEJ2","73944650","맥널티 복숭아 아이스티 대용량 파우치, 1개, 2.1L","8804645007965","발주가능","정상","0","0","8","2413","0","0","0","","NO","0.684"
"20260911","Food","Drinks","차음료","맥널티커피","SFSPA3","73944650","맥널티 복숭아 아이스티 대용량 파우치, 1개, 2.1L","8804645007965","발주가능","정상","0","4","10","2413","0","0","0","","NO","0.684"
"20260911","Food","Drinks","차음료","맥널티커피","FC","73944650","맥널티 복숭아 아이스티 대용량 파우치, 1개, 2.1L","8804645007965","발주가능","정상","208","147","2763","2413","0","0","0","","NO","0.684"
"20260911","Food","Drinks","차음료","맥널티커피","FC","75850021","맥널티 허니자몽 블랙티, 1L, 1개","8804645005954","발주가능","정상","36","15","345","1714","0","0","0","","NO","0.684"
"20260911","Food","Drinks","커피음료","맥널티커피","RC","24695530","아이스 헤이즐넛향 커피 190mL 10팩","8804645005879","발주가능","정상","0","0","273","3486","0","0","0","","NO","0.684"
"20260911","Food","Drinks","커피음료","맥널티커피","SFJEJ2","24695530","아이스 헤이즐넛향 커피 190mL 10팩","8804645005879","발주가능","정상","0","0","3","3486","0","0","0","","NO","0.684"
"20260911","Food","Drinks","커피음료","맥널티커피","FC","24695530","아이스 헤이즐넛향 커피 190mL 10팩","8804645005879","발주가능","정상","0","27","284","3486","0","0","0","","NO","0.684"
"20260911","Food","Drinks","커피음료","맥널티커피","FC","24695531","아이스 아메리카노 스위트 190mL 10팩","8804645005862","발주가능","정상","0","33","402","3486","0","0","0","","NO","0.684"
"20260911","Food","Drinks","커피음료","맥널티커피","SFJEJ2","24695531","아이스 아메리카노 스위트 190mL 10팩","8804645005862","발주가능","정상","0","0","0","3486","0","0","0","","NO","0.684"
"20260911","Food","Drinks","커피음료","맥널티커피","RC","24695531","아이스 아메리카노 스위트 190mL 10팩","8804645005862","발주가능","정상","0","0","1365","3486","0","0","0","","NO","0.684"
"20260911","Food","Drinks","커피음료","맥널티커피","SFODD2","24695532","아이스 아메리카노 블랙 190mL 10팩","8804645005855","발주가능","정상","0","0","2","3486","0","0","0","","NO","0.684"
"20260911","Food","Drinks","커피음료","맥널티커피","RC","24695532","아이스 아메리카노 블랙 190mL 10팩","8804645005855","발주가능","정상","0","0","273","3486","0","0","0","","NO","0.684"
"20260911","Food","Drinks","커피음료","맥널티커피","FC","24695532","아이스 아메리카노 블랙 190mL 10팩","8804645005855","발주가능","정상","0","33","587","3486","0","0","0","","NO","0.684"
"20260911","Food","Drinks","커피음료","맥널티커피","FC","25484251","맥널티커피 아메리카노 스위트 1Lx6입","18804645005920","발주가능","정상","0","5","131","10252","0","0","0","","NO","0.684"
"20260911","Food","Drinks","커피음료","맥널티커피","FC","25484255","맥널티 아이스 아메리카노 블랙커피 대용량 파우치 1Lx6입","18804645005913","발주가능","정상","0","3","63","10252","0","0","0","","NO","0.684"
"20260911","Food","Drinks","커피음료","맥널티커피","FC","25484257","맥널티 아이스 헤이즐넛향 커피 대용량 파우치 1Lx6입","18804645005937","발주가능","정상","0","1","98","10252","0","0","0","","NO","0.684"
"20260911","Food","Drinks","커피음료","맥널티커피","RC","48466205","맥널티 대용량 제로슈가 스테비아 믹스커피 음료, 12개, 1L","18804645007290","발주가능","정상","0","0","160","17067","0","0","0","","NO","0.684"
"20260911","Food","Drinks","커피음료","맥널티커피","FC","48466205","맥널티 대용량 제로슈가 스테비아 믹스커피 음료, 12개, 1L","18804645007290","발주가능","정상","0","9","82","17067","0","0","0","","NO","0.684"
"20260911","Food","Drinks","커피음료","맥널티커피","FC","54922706","맥널티 대용량 제로슈가 스테비아 믹스커피 음료, 1L, 6개","8804645007323","발주가능","정상","0","62","993","8805","0","0","0","","NO","0.684"
"20260911","Food","Drinks","커피음료","맥널티커피","FC","68778940","맥널티 아이브루 아메리카노 블랙커피 12개 1L","18804645007306","발주가능","정상","80","178","1868","12205","0","0","0","","NO","0.684"
"20260911","Food","Drinks","커피음료","맥널티커피","RC","68778940","맥널티 아이브루 아메리카노 블랙커피 12개 1L","18804645007306","발주가능","정상","0","0","800","12205","0","0","0","","NO","0.684"
"20260911","Food","Drinks","커피음료","맥널티커피","FC","68778941","맥널티 아이브루 헤이즐넛향 블랙커피 12개 1L","18804645007504","발주가능","정상","80","45","602","12205","0","0","0","","NO","0.684"
"20260911","Food","Drinks","커피음료","맥널티커피","RC","68778941","맥널티 아이브루 헤이즐넛향 블랙커피 12개 1L","18804645007504","발주가능","정상","0","0","160","12205","0","0","0","","NO","0.684"
"20260911","Food","Drinks","커피음료","맥널티커피","RC","68778942","아이브루 아메리카노 블랙커피 무라벨 400ML 20개","8804645007491","발주가능","정상","0","0","546","12205","0","0","0","","NO","0.684"
"20260911","Food","Drinks","커피음료","맥널티커피","FC","68778942","아이브루 아메리카노 블랙커피 무라벨 400ML 20개","8804645007491","발주가능","정상","0","144","1912","12205","0","0","0","","NO","0.684"
"20260911","Food","Drinks","커피음료","맥널티커피","SFSPA3","73951791","맥널티 아이스 아메리카노 블랙 커피 대용량 파우치, 1개, 2.1L","8804645007958","발주가능","정상","0","10","76","2413","0","0","0","","NO","0.684"
"20260911","Food","Drinks","커피음료","맥널티커피","SFJEJ2","73951791","맥널티 아이스 아메리카노 블랙 커피 대용량 파우치, 1개, 2.1L","8804645007958","발주가능","정상","0","1","3","2413","0","0","0","","NO","0.684"
"20260911","Food","Drinks","커피음료","맥널티커피","FC","73951791","맥널티 아이스 아메리카노 블랙 커피 대용량 파우치, 1개, 2.1L","8804645007958","발주가능","정상","80","426","5391","2413","0","0","0","","NO","0.684"
"20260911","Food","Drinks","커피음료","맥널티커피","RC","73951791","맥널티 아이스 아메리카노 블랙 커피 대용량 파우치, 1개, 2.1L","8804645007958","발주가능","정상","0","0","9059","2413","0","0","0","","NO","0.684"
"20260911","Food","Drinks","커피음료","맥널티커피","SFJEJ2","75683093","맥널티 아이스 아메리카노 블랙 1리터, 1L, 1개","8804645005916","발주가능","정상","0","0","1","1714","0","0","0","","NO","0.684"
"20260911","Food","Drinks","커피음료","맥널티커피","SFSPA3","75683093","맥널티 아이스 아메리카노 블랙 1리터, 1L, 1개","8804645005916","발주가능","정상","0","4","0","1714","0","0","0","","NO","0.684"
"20260911","Food","Drinks","커피음료","맥널티커피","FC","75683093","맥널티 아이스 아메리카노 블랙 1리터, 1L, 1개","8804645005916","발주가능","정상","0","8","1264","1714","0","0","0","","NO","0.684"
"20260911","Food","Drinks","커피음료","맥널티커피","FC","75694561","맥널티커피 아이스 아메리카노 헤이즐넛, 1개, 1L","8804645005930","발주가능","정상","246","36","2011","1714","0","0","0","","NO","0.684"
"20260911","Food","Drinks","커피음료","맥널티커피","SFSPA3","75765043","맥널티 아이스아메리카노 스위트, 1개, 1L","8804645005923","발주가능","정상","0","2","5","1714","0","0","0","","NO","0.684"
"20260911","Food","Drinks","커피음료","맥널티커피","FC","75765043","맥널티 아이스아메리카노 스위트, 1개, 1L","8804645005923","발주가능","정상","174","42","2001","1714","0","0","0","","NO","0.684"
"20260911","Food","Drinks","커피음료","맥널티커피","FC","76540319","맥널티 호랭이 마일드 라떼 캔커피, 30개, 175ml","18804645008013","발주가능","정상","0","70","953","8523","0","0","0","","NO","0.684"
"20260911","Food","Drinks","커피음료","맥널티커피","RC","76540319","맥널티 호랭이 마일드 라떼 캔커피, 30개, 175ml","18804645008013","발주가능","정상","0","0","158","8523","0","0","0","","NO","0.684"
"20260911","Food","Drinks","커피음료","맥널티커피","RC","77572705","맥널티 아이스 아메리카노 헤이즐넛, 1개, 2.1L","8804645008030","발주가능","정상","0","0","624","2413","0","0","0","","NO","0.684"
"20260911","Food","Drinks","커피음료","맥널티커피","FC","77572705","맥널티 아이스 아메리카노 헤이즐넛, 1개, 2.1L","8804645008030","발주가능","정상","0","146","742","2413","0","0","0","","NO","0.684"
"20260911","Food","Drinks","커피음료","아이브루","RC","70253954","아이브루 디카페인 아메리카노 블랙커피 무라벨, 20개, 400ml","8804645007903","발주가능","정상","0","0","455","13500","0","0","0","","NO","0.684"
"20260911","Food","Drinks","커피음료","아이브루","FC","70253954","아이브루 디카페인 아메리카노 블랙커피 무라벨, 20개, 400ml","8804645007903","발주가능","정상","0","101","476","13500","0","0","0","","NO","0.684"
"20260911","Kitchen","Tools & Gadgets","드립주전자/포트","맥널티커피","FC","15333511","맥널티 드립 주전자 350ml","8804645004490","발주가능","정상","19","2","17","5044","0","0","0","","YES","0.782"
"20260911","Kitchen","Tools & Gadgets","커피필터/여과지","맥널티","SFSPA3","12491225","맥널티 핸드드립 커피필터 30개입","8804645300950","발주가능","정상","0","0","5","2642","0","0","0","","NO","0.518"
"20260911","Kitchen","Tools & Gadgets","커피필터/여과지","맥널티","FC","12491225","맥널티 핸드드립 커피필터 30개입","8804645300950","발주가능","정상","320","54","1614","2642","0","0","0","","NO","0.518"
"20260910","CE","Kitchen Appliance","커피머신","맥널티커피","FC","31602405","맥널티 2in1 핫앤콜드 진공추출 커피메이커 MCM-065B MCM-065B","8804645006296","발주가능","정상","0","1","3","30859","0","0","0","","NO","0.790"
"20260910","Food","Coffee & Tea","기타전통차","맥널티커피","FC","39149736","맥널티 스테비아 침향 쌍화차, 1개, 30개입, 450g","8804645006913","발주가능","정상","0","0","98","8536","0","0","0","","NO","0.720"
"20260910","Food","Coffee & Tea","기타전통차","맥널티커피","FC","41175263","맥널티커피 스테비아 꿀 유자차, 1개, 30개입, 450g","8804645006951","발주가능","정상","0","1","103","7388","0","0","0","","NO","0.720"
"20260910","Food","Coffee & Tea","둥글레/옥수수/보리/결명자차","맥널티커피","FC","76230458","맥널티 진 보리차 1개 1kg","8804645007996","발주가능","정상","0","0","34","15209","0","0","0","","NO","0.609"
"20260910","Food","Coffee & Tea","드립백/티백","맥널티","FC","3067432","산지별 콜롬비아 슈프리모 핸드드립커피 7개입","8804645000324","발주가능","정상","0","16","107","3043","0","0","0","","NO","0.727"
"20260910","Food","Coffee & Tea","드립백/티백","맥널티","FC","10003518","케냐 AA 핸드드립 블렌드 24개입","8804645000720","발주가능","정상","0","18","145","6068","0","0","0","","NO","0.727"
"20260910","Food","Coffee & Tea","드립백/티백","맥널티커피","FC","3067429","산지별 브라질 세라도 NY2 핸드드립커피 7개입","8804645000300","발주가능","정상","0","0","41","2887","0","0","0","","NO","0.727"
"20260910","Food","Coffee & Tea","드립백/티백","맥널티커피","FC","3067430","산지별 케냐 AA 핸드드립커피 7개입","8804645000355","발주가능","정상","0","2","46","3062","0","0","0","","NO","0.727"
"20260910","Food","Coffee & Tea","드립백/티백","맥널티커피","FC","3067433","산지별 에티오피아 코케 허니 핸드드립커피 7개입","8804645000348","발주가능","정상","0","10","73","2910","0","0","0","","NO","0.727"
"20260910","Food","Coffee & Tea","드립백/티백","맥널티커피","FC","3067434","산지별 에티오피아 예가체프 핸드드립커피 7개입","8804645000331","발주가능","정상","0","5","100","3184","0","0","0","","NO","0.727"
"20260910","Food","Coffee & Tea","드립백/티백","맥널티커피","FC","10003517","콜롬비아 핸드드립 블렌드 24개입","8804645000713","발주가능","정상","0","22","32","5977","0","0","0","","NO","0.727"
"20260910","Food","Coffee & Tea","드립백/티백","맥널티커피","FC","23400108","맥널티 디카페인100% 핸드드립 원두커피 24개입","8804645005732","발주가능","정상","0","16","131","9395","0","0","0","","NO","0.727"
"20260910","Food","Coffee & Tea","드립백/티백","맥널티커피","FC","37713094","맥널티 핸드드립커피 케냐AA(더블에이) 36개입, 8g, 1개","8804645006616","발주가능","정상","0","9","39","11759","0","0","0","","NO","0.727"
"20260910","Food","Coffee & Tea","드립백/티백","맥널티커피","FC","37713095","맥널티 핸드드립커피 에티오피아 예가체프 36개입, 8g, 1개","8804645006623","발주가능","정상","0","3","29","10577","0","0","0","","NO","0.727"
"20260910","Food","Coffee & Tea","드립백/티백","맥널티커피","FC","41391235","맥널티 행복을주는커피 시그니처 블렌드 핸드드립 커피 20개입, 1개, 8g","8804645003653","발주가능","정상","0","7","41","6795","0","0","0","","NO","0.727"
"20260910","Food","Coffee & Tea","드립백/티백","맥널티커피","FC","62821923","맥널티 핸드드립 커피 에티오피아 예가체프 8g 24개입 1개","8804645006920","발주가능","정상","0","1","59","9679","0","0","0","","NO","0.727"
"20260910","Food","Coffee & Tea","드립백/티백","맥널티커피","FC","68147033","베니스브루 스페셜티 핸드드립 가향 커피 오렌지 벨벳, 1개, 7개입, 12g","8804645007712","발주가능","정상","0","1","9","5143","0","0","0","","NO","0.727"
"20260910","Food","Coffee & Tea","드립백/티백","맥널티커피","FC","68147034","베니스브루 스페셜티 핸드드립 가향 커피 쇼콜라 모카, 1개, 7개입, 12g","8804645007729","발주가능","정상","0","0","23","5143","0","0","0","","NO","0.727"
"20260910","Food","Coffee & Tea","드립백/티백","맥널티커피","FC","68777449","베니스브루 베리 블로썸 드립백 커피 12g 1개 7개입","8804645007705","발주가능","정상","0","2","12","5143","0","0","0","","NO","0.727"
"20260910","Food","Coffee & Tea","라떼분말","맥널티커피","FC","34834818","맥널티 스테비아 제로슈가 핫초코 라떼 30개입 15g","8804645006340","발주가능","정상","0","16","160","7500","1","1","0","","NO","0.588"
"20260910","Food","Coffee & Tea","라떼분말","맥널티커피","FC","51063548","스테비아 단백질 옥수수 크림 라떼, 1개, 20개입, 18g","8804645007330","발주가능","정상","0","1","6","5850","0","0","0","","NO","0.588"
"20260910","Food","Coffee & Tea","라떼분말","맥널티커피","FC","51164938","스테비아 단백질 고구마 크림 라떼, 1개, 20개입, 18g","8804645007347","발주가능","정상","0","0","26","5850","0","0","0","","NO","0.588"
"20260910","Food","Coffee & Tea","원두","N_A","FC","76443755","맥널티 브라질 세라도 NY.2 원두 1kg, 1개","8804645006425","발주가능","정상","0","0","253","17609","0","0","0","","NO","0.894"
"20260910","Food","Coffee & Tea","원두","맥널티커피","SFJEJ2","45570","맥널티_헤이즐넛원두분쇄커피_226G","8804645100208","발주가능","정상","0","2","1","5000","0","0","0","","NO","0.894"
"20260910","Food","Coffee & Tea","원두","맥널티커피","RC","45570","맥널티_헤이즐넛원두분쇄커피_226G","8804645100208","발주가능","정상","0","0","1024","5000","0","0","0","","NO","0.894"
"20260910","Food","Coffee & Tea","원두","맥널티커피","FC","45570","맥널티_헤이즐넛원두분쇄커피_226G","8804645100208","발주가능","정상","0","91","352","5000","0","0","0","","NO","0.894"
"20260910","Food","Coffee & Tea","원두","맥널티커피","RC","45572","맥널티_헤이즐넛원두분쇄커피_500G","8804645100468","발주가능","정상","0","0","496","7960","1","1","0","","NO","0.894"
"20260910","Food","Coffee & Tea","원두","맥널티커피","SFJEJ2","45572","맥널티_헤이즐넛원두분쇄커피_500G","8804645100468","발주가능","정상","0","2","0","7960","1","1","0","","NO","0.894"
"20260910","Food","Coffee & Tea","원두","맥널티커피","FC","45572","맥널티_헤이즐넛원두분쇄커피_500G","8804645100468","발주가능","정상","72","46","528","7960","1","1","0","","NO","0.894"
"20260910","Food","Coffee & Tea","원두","맥널티커피","FC","45573","맥널티_블루마운틴스타일원두분쇄커피_500G","8804645100451","발주가능","정상","0","14","301","11091","0","0","0","","NO","0.894"
"20260910","Food","Coffee & Tea","원두","맥널티커피","RC","45573","맥널티_블루마운틴스타일원두분쇄커피_500G","8804645100451","발주가능","정상","0","0","640","11091","0","0","0","","NO","0.894"
"20260910","Food","Coffee & Tea","원두","맥널티커피","FC","5344648","맥널티 원두 에스프레소 블랙 1개, 1kg","8804645001239","발주불가","단종","0","0","1","9156","0","0","0","","YES","0.894"
"20260910","Food","Coffee & Tea","원두","맥널티커피","FC","10147177","맥널티 홀빈 블루마운틴 1000g","8804645006302","발주가능","정상","0","26","84","15715","0","0","0","","NO","0.894"
"20260910","Food","Coffee & Tea","원두","맥널티커피","FC","10147180","맥널티 행복을 주는 커피 헤이즐넛향 1kg 홀빈","8804645100185","발주가능","정상","0","15","169","15244","0","0","0","","NO","0.894"
"20260910","Food","Coffee & Tea","원두","맥널티커피","FC","10812901","맥널티 베트남 로부스타 원두커피 1kg","8804645003066","발주가능","정상","0","35","335","11700","0","0","0","","NO","0.894"
"20260910","Food","Coffee & Tea","원두","맥널티커피","SFJEJ2","10812901","맥널티 베트남 로부스타 원두커피 1kg","8804645003066","발주가능","정상","0","1","1","11700","0","0","0","","NO","0.894"
"20260910","Food","Coffee & Tea","원두","맥널티커피","SFSPA3","10812901","맥널티 베트남 로부스타 원두커피 1kg","8804645003066","발주가능","정상","0","0","3","11700","0","0","0","","NO","0.894"
"20260910","Food","Coffee & Tea","원두","맥널티커피","RC","10812901","맥널티 베트남 로부스타 원두커피 1kg","8804645003066","발주가능","정상","0","0","400","11700","0","0","0","","NO","0.894"
"20260910","Food","Coffee & Tea","원두","맥널티커피","FC","11849981","행복을 주는 커피 블루마운틴 블렌드 분쇄 원두 커피 1kg","8804645003486","발주가능","정상","0","17","79","16364","0","0","0","","NO","0.894"
"20260910","Food","Coffee & Tea","원두","맥널티커피","RC","12521866","맥널티 행복을 주는 커피 시그니처 헤이즐넛향 원두 커피 1Kg","8804645003493","발주가능","정상","216","0","432","16364","1","1","0","","NO","0.894"
"20260910","Food","Coffee & Tea","원두","맥널티커피","FC","12521866","맥널티 행복을 주는 커피 시그니처 헤이즐넛향 원두 커피 1Kg","8804645003493","발주가능","정상","0","30","133","16364","1","1","0","","NO","0.894"
"20260910","Food","Coffee & Tea","원두","맥널티커피","FC","13277718","맥널티 행복을 주는 커피 브라질 산토스 1kg","8804645003936","발주가능","정상","0","22","131","14091","0","0","0","","NO","0.894"
"20260910","Food","Coffee & Tea","원두","맥널티커피","FC","13277719","맥널티 행복을 주는 커피 콜롬비아 블렌드 1kg","8804645003929","발주가능","정상","0","26","480","15599","0","0","0","","NO","0.894"
"20260910","Food","Coffee & Tea","원두","맥널티커피","FC","37733154","맥널티 원두 홀빈(분쇄안함) 마일드 미디움 블렌드 200g, 1개","8804645005374","발주가능","정상","0","0","26","5791","0","0","0","","NO","0.894"
"20260910","Food","Coffee & Tea","원두","맥널티커피","FC","38710869","맥널티 홀빈 커피원두, 마일드 미디움 블렌드 1kg, 1개","8804645005329","발주가능","정상","0","3","17","16364","0","0","0","","NO","0.894"
"20260910","Food","Coffee & Tea","원두","맥널티커피","FC","38710870","맥널티 홀빈 커피원두, 콜롬비아 안데스 오리진 1kg, 1개","8804645005343","발주가능","정상","0","6","87","16364","0","0","0","","NO","0.894"
"20260910","Food","Coffee & Tea","원두","맥널티커피","FC","38710872","맥널티 홀빈 커피원두, 시그니처 블렌드 1kg, 1개","8804645005312","발주가능","정상","0","5","101","16364","0","0","0","","NO","0.894"
"20260910","Food","Coffee & Tea","원두","맥널티커피","FC","38813491","맥널티 홀빈 원두 1KG, 브라질 산토스 내추럴, 1개","8804645005350","발주가능","정상","0","15","166","11364","0","0","0","","NO","0.894"
"20260910","Food","Coffee & Tea","원두","맥널티커피","FC","38919334","맥널티 에티오피아 예가체프 홀빈 원두, 1kg, 1개","8804645006852","발주가능","정상","0","9","44","16364","0","0","0","","NO","0.894"
"20260910","Food","Coffee & Tea","원두","맥널티커피","FC","39616644","맥널티 예맨 모카 블렌드 커피 원두, 홀빈(분쇄안함), 500g, 1개","8804645006692","발주가능","정상","0","1","15","11400","0","0","0","","NO","0.894"
"20260910","Food","Coffee & Tea","원두","맥널티커피","FC","39616645","맥널티 시그니처 디카페인 커피 원두, 홀빈(분쇄안함), 500g, 1개","8804645006937","발주가능","정상","0","8","29","12545","0","0","0","","NO","0.894"
"20260910","Food","Coffee & Tea","원두","맥널티커피","FC","39616646","맥널티 게이샤 블렌드 커피 원두, 홀빈(분쇄안함), 500g, 1개","8804645006708","발주가능","정상","0","2","9","11400","0","0","0","","NO","0.894"
"20260910","Food","Coffee & Tea","원두","맥널티커피","FC","39616647","맥널티 하와이안 코나 블렌드 커피 원두, 홀빈(분쇄안함), 500g, 1개","8804645006685","발주가능","정상","0","6","56","11400","0","0","0","","NO","0.894"
"20260910","Food","Coffee & Tea","원두","맥널티커피","FC","48074657","맥널티 브라질 세라도 분쇄 원두 커피, 1개, 500g","8804645007262","발주가능","정상","0","5","72","9395","0","0","0","","NO","0.894"
"20260910","Food","Coffee & Tea","원두","맥널티커피","FC","48074658","맥널티 콜롬비아 안데스 분쇄 원두 커피, 1개, 500g","8804645007255","발주가능","정상","0","8","55","9986","0","0","0","","NO","0.894"
"20260910","Food","Coffee & Tea","원두","맥널티커피","FC","48074659","맥널티 에티오피아 예가체프 분쇄 원두 커피, 1개, 500g","8804645007231","발주가능","정상","0","21","41","9986","0","0","0","","NO","0.894"
"20260910","Food","Coffee & Tea","원두","맥널티커피","FC","58681130","콜롬비아 안데스 오리진 분쇄 커피 원두 1개 226g 핸드드립","8804645007552","발주가능","정상","0","0","35","7159","0","0","0","","NO","0.894"
"20260910","Food","Coffee & Tea","원두","맥널티커피","FC","58681131","브라질 산토스 오리진 분쇄 커피 원두, 226g, 1개, 핸드드립","8804645007545","발주가능","정상","0","4","19","7159","0","0","0","","NO","0.894"
"20260910","Food","Coffee & Tea","원두","맥널티커피","FC","58765769","게이샤 블렌드 분쇄 커피 원두, 1개, 226g, 핸드드립","8804645007514","발주가능","정상","0","3","17","7732","0","0","0","","NO","0.894"
"20260910","Food","Coffee & Tea","원두","맥널티커피","FC","58765770","디카페인 헤이즐넛향 분쇄 커피 원두, 1개, 226g, 핸드드립","8804645007538","발주가능","정상","0","19","66","8018","0","0","0","","NO","0.894"
"20260910","Food","Coffee & Tea","원두","맥널티커피","FC","58850533","하와이안 코나 블렌드 분쇄 커피 원두, 1개, 226g, 핸드드립","8804645007521","발주가능","정상","0","5","8","7732","0","0","0","","NO","0.894"
"20260910","Food","Coffee & Tea","원두","맥널티커피","FC","71777603","투비 다크 블랙 블렌드 홀빈 원두 커피, 1kg, 홀빈(분쇄안함), 1개","8804645007989","발주가능","정상","0","11","101","13115","0","0","0","","NO","0.894"
"20260910","Food","Coffee & Tea","원두","맥널티커피","FC","76697770","투비커피 너티초코 아메리카노 블렌드 홀빈 원두 커피, 1kg, 홀빈(분쇄안함), 1개","8804645008047","발주가능","정상","0","0","39","17125","0","0","0","","NO","0.894"
"20260910","Food","Coffee & Tea","원두커피믹스","맥널티","FC","10003529","아이브루 클래식 100T","8804645002465","발주불가","규격 외","0","0","1","6068","0","0","0","","NO","0.592"
"20260910","Food","Coffee & Tea","원두커피믹스","맥널티","FC","11019882","맥널티 아이브루 다크 블렌드 200T","8804645003219","발주가능","정상","0","5","59","13096","0","0","0","","NO","0.592"
"20260910","Food","Coffee & Tea","원두커피믹스","맥널티커피","FC","11019883","맥널티 아이브루 모카 블랙 200T","8804645003226","발주가능","정상","0","3","82","11687","0","0","0","","NO","0.592"
"20260910","Food","Coffee & Tea","원두커피믹스","맥널티커피","FC","13777565","맥널티 아이브루 모카블랙 70T","8804645003912","발주가능","정상","0","1","18","6519","0","0","0","","NO","0.592"
"20260910","Food","Coffee & Tea","원두커피믹스","맥널티커피","SFSPA3","15720531","콜롬비아 블랙 100개입","8804645002861","발주가능","정상","0","0","8","6345","0","0","0","","NO","0.592"
"20260910","Food","Coffee & Tea","원두커피믹스","맥널티커피","SFJEJ2","15720531","콜롬비아 블랙 100개입","8804645002861","발주가능","정상","0","1","0","6345","0","0","0","","NO","0.592"
"20260910","Food","Coffee & Tea","원두커피믹스","맥널티커피","FC","15720531","콜롬비아 블랙 100개입","8804645002861","발주가능","정상","0","53","1096","6345","0","0","0","","NO","0.592"
"20260910","Food","Coffee & Tea","원두커피믹스","맥널티커피","FC","26477367","맥널티 리얼 에스프레소샷 블랙 액상스틱커피 15mlx30개입","8804645006029","발주가능","정상","0","26","328","7388","0","0","0","","NO","0.592"
"20260910","Food","Coffee & Tea","원두커피믹스","맥널티커피","FC","62672352","맥널티 아이브루 플러스 스위트 블랙 원두커피믹스 80개입 2.8g","8804645007620","발주가능","정상","0","6","13","7961","0","0","0","","NO","0.592"
"20260910","Food","Coffee & Tea","원두커피믹스","맥널티커피","FC","67975031","호랭이 커피 오곡향 블랙, 1개, 20개입, 1g","8804645007781","발주가능","정상","0","8","342","2806","0","0","0","","NO","0.592"
"20260910","Food","Coffee & Tea","원두커피믹스","맥널티커피","FC","71629331","맥널티 갓성비 아메리카노 블랙커피, 1개, 100개입, 2g","8804645007873","발주가능","정상","0","72","789","8534","0","0","0","","NO","0.592"
"20260910","Food","Coffee & Tea","원두커피믹스","아이브루","SFJEJ2","36903434","맥널티 아이브루 플러스 헤이즐넛 블랙커피 100개입","8804645006395","발주가능","정상","0","1","0","7623","0","0","0","","NO","0.592"
"20260910","Food","Coffee & Tea","원두커피믹스","아이브루","FC","36903434","맥널티 아이브루 플러스 헤이즐넛 블랙커피 100개입","8804645006395","발주가능","정상","0","61","719","7623","0","0","0","","NO","0.592"
"20260910","Food","Coffee & Tea","원두커피믹스","아이브루","SFSPA3","36903434","맥널티 아이브루 플러스 헤이즐넛 블랙커피 100개입","8804645006395","발주가능","정상","0","0","6","7623","0","0","0","","NO","0.592"
"20260910","Food","Coffee & Tea","원두커피믹스","아이브루","RC","36903434","맥널티 아이브루 플러스 헤이즐넛 블랙커피 100개입","8804645006395","발주가능","정상","0","0","505","7623","0","0","0","","NO","0.592"
"20260910","Food","Coffee & Tea","원두커피믹스","아이브루","FC","36903435","맥널티 아이브루 플러스 오리지널 블랙커피 100개입","8804645006388","발주불가","규격 외","0","0","384","7623","0","0","0","","NO","0.592"
"20260910","Food","Coffee & Tea","원두커피믹스","아이브루","FC","46534985","아이브루 플러스 디카페인 아메리카노 블랙커피, 1개, 80개입, 80g","8804645007118","발주가능","정상","0","32","61","7964","0","0","0","","NO","0.592"
"20260910","Food","Coffee & Tea","원두커피믹스","아이브루","FC","56760693","아이브루 플러스 디카페인 블랙커피 헤이즐넛향 (1g x 80개입), 1개","8804645007453","발주가능","정상","80","44","734","7961","0.2","0.2","0","","NO","0.592"
"20260910","Food","Coffee & Tea","원두커피믹스","아이브루","SFSPA3","56760693","아이브루 플러스 디카페인 블랙커피 헤이즐넛향 (1g x 80개입), 1개","8804645007453","발주가능","정상","0","2","6","7961","0.2","0.2","0","","NO","0.592"
"20260910","Food","Coffee & Tea","원두커피믹스","프라이빗클럽","FC","10837643","맥널티 병커피 헤이즐넛향 50gx10개","19311931309161","발주가능","정상","0","7","58","23000","0","0","0","","NO","0.592"
"20260910","Food","Coffee & Tea","원두커피믹스","프라이빗클럽","FC","12091997","Box_입소문난 아이리쉬 50G 10병","19311931311164","발주가능","정상","0","0","12","18625","0","0","0","","NO","0.592"
"20260910","Food","Coffee & Tea","원두커피믹스","프라이빗클럽","FC","52625820","맥널티 인스턴트 원두 병커피 에스프레소 블랙 50g 1개","9311931902167","발주가능","정상","0","27","183","3486","0","0","0","","NO","0.592"
"20260910","Food","Coffee & Tea","율무/견과차","맥널티","FC","64842417","티브루 호박팥차 진액 10ml 30개입 1개","8804645007675","발주가능","정상","80","58","744","5259","0.16","0.16","0","","NO","0.700"
"20260910","Food","Coffee & Tea","율무/견과차","맥널티","SFJEJ2","64842417","티브루 호박팥차 진액 10ml 30개입 1개","8804645007675","발주가능","정상","0","0","2","5259","0.16","0.16","0","","NO","0.700"
"20260910","Food","Coffee & Tea","율무/견과차","맥널티커피","FC","39149735","맥널티 스테비아 제로슈가 호두 아몬드 율무차, 1개, 30개입, 450g","8804645006906","발주가능","정상","0","8","34","6815","0","0","0","","NO","0.700"
"20260910","Food","Coffee & Tea","차세트","맥널티커피","FC","78654824","[2026 추석세트] 맥널티 스테비아 전통차 선물세트, 1세트, 율무차(30개) + 쌍화차(30개)","8804645008092","발주가능","정상","0","0","60","19091","0","0","0","","NO","0.900"
"20260910","Food","Coffee & Tea","커피믹스","맥널티커피","SFSPA3","45571","맥널티_ 자메이카 블루마운틴 블렌드_226G","8804645100215","발주가능","정상","0","5","2","5000","0","0","0","","NO","0.714"
"20260910","Food","Coffee & Tea","커피믹스","맥널티커피","RC","45571","맥널티_ 자메이카 블루마운틴 블렌드_226G","8804645100215","발주가능","정상","0","0","512","5000","0","0","0","","NO","0.714"
"20260910","Food","Coffee & Tea","커피믹스","맥널티커피","FC","45571","맥널티_ 자메이카 블루마운틴 블렌드_226G","8804645100215","발주가능","정상","0","49","749","5000","0","0","0","","NO","0.714"
"20260910","Food","Coffee & Tea","커피믹스","맥널티커피","RC","25240400","맥널티 스테비아 커피믹스 100개입","8804645006067","발주가능","정상","0","0","1440","12941","0","0","0","","NO","0.714"
"20260910","Food","Coffee & Tea","커피믹스","맥널티커피","FC","25240400","맥널티 스테비아 커피믹스 100개입","8804645006067","발주가능","정상","0","82","936","12941","0","0","0","","NO","0.714"
"20260910","Food","Coffee & Tea","커피믹스","맥널티커피","SFJEJ2","25240400","맥널티 스테비아 커피믹스 100개입","8804645006067","발주가능","정상","0","0","1","12941","0","0","0","","NO","0.714"
"20260910","Food","Coffee & Tea","커피믹스","맥널티커피","SFODD4","25240402","맥널티 스테비아 커피믹스 30개입","8804645006074","발주가능","정상","0","0","0","4827","0","0","0","","NO","0.714"
"20260910","Food","Coffee & Tea","커피믹스","맥널티커피","FC","25240402","맥널티 스테비아 커피믹스 30개입","8804645006074","발주가능","정상","0","38","354","4827","0","0","0","","NO","0.714"
"20260910","Food","Coffee & Tea","커피믹스","맥널티커피","FC","29461862","맥널티 아메리카노 아이스 블랙 100개입","8804645006081","발주가능","정상","0","32","233","5850","0","0","0","","NO","0.714"
"20260910","Food","Coffee & Tea","커피믹스","맥널티커피","FC","38933766","맥널티커피 스테비아 디카페인 커피믹스, 1개, 100개입 9.5g","8804645006890","발주가능","정상","0","69","414","18850","0.8333","0.8333","0","","NO","0.714"
"20260910","Food","Coffee & Tea","커피믹스","맥널티커피","FC","40806729","맥널티 스테비아 디카페인 커피믹스, 1개, 30개입, 285g","8804645006777","발주가능","정상","0","31","459","7027","0","0","0","","NO","0.714"
"20260910","Food","Coffee & Tea","커피믹스","맥널티커피","FC","46730880","산양유 단백질 프로틴 스테비아 커피믹스, 1개, 30개입, 300g","8804645007194","발주가능","정상","0","11","25","6243","0","0","0","","NO","0.714"
"20260910","Food","Coffee & Tea","커피믹스","맥널티커피","FC","47303765","산양유 단백질 프로틴 스테비아 커피믹스, 1개, 100개입, 1000g","8804645007187","발주가능","정상","0","16","24","19988","0","0","0","","NO","0.714"
"20260910","Food","Coffee & Tea","커피믹스","맥널티커피","FC","56214466","맥널티커피 아이브루 바닐라 라떼,12g x 100개입(스틱), 1200g , 1개","8804645007460","발주가능","정상","0","8","130","12543","0","0","0","","NO","0.714"
"20260910","Food","Coffee & Tea","커피믹스","맥널티커피","FC","56214467","맥널티커피 아이브루 카라멜 마끼아또, 12g x 100개입(스틱), 1200g , 1개","8804645007484","발주가능","정상","0","11","109","12543","0","0","0","","NO","0.714"
"20260910","Food","Coffee & Tea","커피믹스","맥널티커피","FC","63447822","스테비아 커피믹스 헤이즐넛향 9.5g 30개입 1개","8804645007637","발주가능","정상","0","23","193","4827","0","0","0","","NO","0.714"
"20260910","Food","Coffee & Tea","커피믹스","맥널티커피","FC","64859139","맥널티 스테비아 솔티드 카라멜 커피믹스 10g 1개 30개입","8804645007668","발주가능","정상","0","8","119","5670","0","0","0","","NO","0.714"
"20260910","Food","Coffee & Tea","커피믹스","맥널티커피","RC","69526598","맥널티 갓성비 제로슈가 커피믹스, 1개, 80개입, 9g","8804645007842","발주가능","정상","0","0","64","8805","0","0","0","","NO","0.714"
"20260910","Food","Coffee & Tea","커피믹스","맥널티커피","FC","69526598","맥널티 갓성비 제로슈가 커피믹스, 1개, 80개입, 9g","8804645007842","발주가능","정상","0","21","333","8805","0","0","0","","NO","0.714"
"20260910","Food","Coffee & Tea","커피믹스","맥널티커피","FC","69634259","맥널티커피 스테비아 커피믹스 헤이즐넛향, 9.5g, 100개입, 1개","8804645007811","발주가능","정상","0","3","53","14261","0","0","0","","NO","0.714"
"20260910","Food","Coffee & Tea","커피믹스","맥널티커피","FC","71115721","호랭이 커피믹스 고소한 오곡향, 1개, 160개입, 9.5g","8804645007880","발주가능","정상","0","11","44","14261","0","0","0","","NO","0.714"
"20260910","Food","Coffee & Tea","커피믹스","맥널티커피","FC","71115722","호랭이 커피믹스 고소한 오곡향, 1개, 20개입, 9.5g","8804645007897","발주가능","정상","0","6","161","2806","0","0","0","","NO","0.714"
"20260910","Food","Coffee & Tea","커피믹스","아이브루","SFODD2","2341900","맥널티 iBrew 미니 헤이즐넛향 200개입(200g)","8804645000515","발주가능","정상","0","0","2","9917","1","1","0","","NO","0.714"
"20260910","Food","Coffee & Tea","커피믹스","아이브루","RC","2341900","맥널티 iBrew 미니 헤이즐넛향 200개입(200g)","8804645000515","발주가능","정상","0","0","360","9917","1","1","0","","NO","0.714"
"20260910","Food","Coffee & Tea","커피믹스","아이브루","FC","2341900","맥널티 iBrew 미니 헤이즐넛향 200개입(200g)","8804645000515","발주가능","정상","720","60","1331","9917","1","1","0","","NO","0.714"
"20260910","Food","Coffee & Tea","커피믹스","아이브루","SFJEJ2","2341900","맥널티 iBrew 미니 헤이즐넛향 200개입(200g)","8804645000515","발주가능","정상","0","1","2","9917","1","1","0","","NO","0.714"
"20260910","Food","Coffee & Tea","커피믹스","아이브루","SFSPA3","2341900","맥널티 iBrew 미니 헤이즐넛향 200개입(200g)","8804645000515","발주가능","정상","0","2","3","9917","1","1","0","","NO","0.714"
"20260910","Food","Coffee & Tea","커피믹스","아이브루","FC","3067423","아이브루 헤이즐넛향 70개입","8804645000706","발주가능","정상","0","10","342","4025","0","0","0","","NO","0.714"
"20260910","Food","Coffee & Tea","커피믹스","아이브루","FC","3067424","아이브루 케냐AA 블렌드 70개입","8804645000690","발주가능","정상","0","4","54","6205","0","0","0","","NO","0.714"
"20260910","Food","Coffee & Tea","커피믹스","아이브루","FC","3067425","아이브루 예가체프 블렌드 70개입","8804645000683","발주가능","정상","0","1","23","6205","0","0","0","","NO","0.714"
"20260910","Food","Coffee & Tea","커피믹스","프라이빗클럽","FC","3067428","인스턴트 병커피 헤이즐넛향 50g","9311931105162","발주가능","정상","0","128","3553","2300","0","0","0","","NO","0.714"
"20260910","Food","Coffee & Tea","커피믹스","프라이빗클럽","SFSPA3","3067428","인스턴트 병커피 헤이즐넛향 50g","9311931105162","발주가능","정상","0","4","13","2300","0","0","0","","NO","0.714"
"20260910","Food","Coffee & Tea","커피세트","맥널티커피","FC","26870612","[2026 추석세트] 맥널티 핸드드립 버라이어티세트 30개입","8804645006258","발주가능","정상","320","16","920","9395","1","1","0","","NO","0.899"
"20260910","Food","Coffee & Tea","커피세트","맥널티커피","FC","54651094","인스턴트 원두 병커피 맥널티커피 선물세트 50g x 4개입(에스프레소 2병+헤이즐넛 2병), 1세트","8804645007408","발주가능","정상","0","0","0","15305","0","0","0","","YES","0.899"
"20260910","Food","Drinks","과일음료","맥널티커피","RC","24752132","청포도 에이드 190mL 10팩","8804645005893","발주가능","정상","0","0","273","3486","0","0","0","","NO","0.798"
"20260910","Food","Drinks","과일음료","맥널티커피","SFJEJ2","24752132","청포도 에이드 190mL 10팩","8804645005893","발주가능","정상","0","0","1","3486","0","0","0","","NO","0.798"
"20260910","Food","Drinks","과일음료","맥널티커피","FC","24752132","청포도 에이드 190mL 10팩","8804645005893","발주가능","정상","0","18","709","3486","0","0","0","","NO","0.798"
"20260910","Food","Drinks","과일음료","맥널티커피","FC","24752250","블루레몬 에이드 190mL 10팩","8804645005909","발주가능","정상","0","13","742","3486","0","0","0","","NO","0.798"
"20260910","Food","Drinks","과일음료","맥널티커피","FC","45580036","맥널티 청매실 에이드 190ml*10개입","8804645007071","발주가능","정상","0","6","179","3486","0","0","0","","NO","0.798"
"20260910","Food","Drinks","농축액(음료베이스)","맥널티","FC","51983601","물 한방울 섞이지 않은 김토끼 유기농 레몬즙, 10개, 20g","8804645007361","발주가능","정상","0","6","53","4077","0","0","0","","NO","0.692"
"20260910","Food","Drinks","농축액(음료베이스)","맥널티","FC","58338694","티브루 보리차 원액 간편 액상스틱 진액, 30개, 10ml","8804645007590","발주가능","정상","64","75","1697","5259","1","1","0","","NO","0.692"
"20260910","Food","Drinks","농축액(음료베이스)","맥널티","FC","58338695","티브루 옥수수수염차 원액 간편 액상스틱 진액, 30개, 10ml","8804645007606","발주가능","정상","0","37","995","5259","0","0","0","","NO","0.692"
"20260910","Food","Drinks","농축액(음료베이스)","맥널티","FC","58338696","티브루 헛개수 원액 간편 액상스틱 진액, 30개, 10ml","8804645007613","발주가능","정상","0","38","638","5259","0","0","0","","NO","0.692"
"20260910","Food","Drinks","농축액(음료베이스)","맥널티","SFSPA3","58338696","티브루 헛개수 원액 간편 액상스틱 진액, 30개, 10ml","8804645007613","발주가능","정상","0","0","5","5259","0","0","0","","NO","0.692"
"20260910","Food","Drinks","농축액(음료베이스)","맥널티커피","FC","62882483","티브루 보리차 진액, 1개, 400g","8804645007651","발주가능","정상","0","14","130","7623","0","0","0","","NO","0.692"
"20260910","Food","Drinks","농축액(음료베이스)","맥널티커피","FC","71636537","맥널티 티브루 호박팥차 무라벨, 20개, 500ml","8804645007934","발주가능","정상","132","71","452","8795","1","1","0","","NO","0.692"
"20260910","Food","Drinks","야채음료","맥널티커피","FC","48914233","맥널티 유자 에이드 190ml 10개","8804645007217","발주가능","정상","0","6","316","3486","0","0","0","","NO","0.593"
"20260910","Food","Drinks","차음료","맥널티커피","RC","24752251","복숭아 아이스티 190mL 10팩","8804645005886","발주가능","정상","0","0","258","3486","1","1","0","","NO","0.685"
"20260910","Food","Drinks","차음료","맥널티커피","SFJEJ2","24752251","복숭아 아이스티 190mL 10팩","8804645005886","발주가능","정상","0","0","4","3486","1","1","0","","NO","0.685"
"20260910","Food","Drinks","차음료","맥널티커피","FC","24752251","복숭아 아이스티 190mL 10팩","8804645005886","발주가능","정상","12","24","368","3486","1","1","0","","NO","0.685"
"20260910","Food","Drinks","차음료","맥널티커피","FC","24944267","맥널티 허니자몽 블랙티 대용량 파우치 1Lx6입","18804645005951","발주가능","정상","0","9","64","10252","0","0","0","","NO","0.685"
"20260910","Food","Drinks","차음료","맥널티커피","FC","24944268","맥널티 복숭아 아이스티 대용량 파우치 1Lx6입","18804645005944","발주가능","정상","0","5","0","10252","0","0","0","","YES","0.685"
"20260910","Food","Drinks","차음료","맥널티커피","FC","26889711","맥널티 제로칼로리 복숭아 아이스티 500ml 24입","18804645006101","발주가능","정상","0","7","353","12205","0","0","0","","NO","0.685"
"20260910","Food","Drinks","차음료","맥널티커피","FC","36669698","제로 아이스티 복숭아, 30개입, 13g","8804645006791","발주가능","정상","0","11","77","5850","0","0","0","","NO","0.685"
"20260910","Food","Drinks","차음료","맥널티커피","FC","36829225","맥널티 제로칼로리 청포도 아이스티 500mlx24입,","18804645006538","발주가능","정상","10","3","39","12205","1","1","0","","NO","0.685"
"20260910","Food","Drinks","차음료","맥널티커피","FC","36829226","제로 아이스티 청포도, 30개입, 13g 1개","8804645006807","발주가능","정상","0","4","94","5850","0","0","0","","NO","0.685"
"20260910","Food","Drinks","차음료","맥널티커피","FC","36863185","맥널티 대용량 제로칼로리 복숭아 아이스티 1.5L 12개","18804645006736","일시중단","단종예정","0","0","0","17427","0","0","0","","YES","0.685"
"20260910","Food","Drinks","차음료","맥널티커피","FC","38262417","복숭아 아이스티 제로, 6개, 1L","18804645006873","발주가능","정상","0","1","45","10577","0","0","0","","NO","0.685"
"20260910","Food","Drinks","차음료","맥널티커피","FC","40520042","맥널티커피 복숭아 아이스티 제로 RTD, 30개, 240ml","18804645006835","발주가능","정상","0","8","339","8795","0","0","0","","NO","0.685"
"20260910","Food","Drinks","차음료","맥널티커피","RC","61673272","맥널티커피 복숭아 아이스티 제로, 1.5L, 1개","8804645006739","발주가능","정상","0","0","1872","1364","1","1","0","","NO","0.685"
"20260910","Food","Drinks","차음료","맥널티커피","FC","61673272","맥널티커피 복숭아 아이스티 제로, 1.5L, 1개","8804645006739","발주가능","정상","672","165","2088","1364","1","1","0","","NO","0.685"
"20260910","Food","Drinks","차음료","맥널티커피","SFSPA3","61673272","맥널티커피 복숭아 아이스티 제로, 1.5L, 1개","8804645006739","발주가능","정상","0","1","12","1364","1","1","0","","NO","0.685"
"20260910","Food","Drinks","차음료","맥널티커피","SFJEJ2","61673272","맥널티커피 복숭아 아이스티 제로, 1.5L, 1개","8804645006739","발주가능","정상","0","3","6","1364","1","1","0","","NO","0.685"
"20260910","Food","Drinks","차음료","맥널티커피","SFJEJ2","73944650","맥널티 복숭아 아이스티 대용량 파우치, 1개, 2.1L","8804645007965","발주가능","정상","0","0","8","2413","0","0","0","","NO","0.685"
"20260910","Food","Drinks","차음료","맥널티커피","FC","73944650","맥널티 복숭아 아이스티 대용량 파우치, 1개, 2.1L","8804645007965","발주가능","정상","0","208","2702","2413","0","0","0","","NO","0.685"
"20260910","Food","Drinks","차음료","맥널티커피","SFSPA3","73944650","맥널티 복숭아 아이스티 대용량 파우치, 1개, 2.1L","8804645007965","발주가능","정상","0","6","14","2413","0","0","0","","NO","0.685"
"20260910","Food","Drinks","차음료","맥널티커피","FC","75850021","맥널티 허니자몽 블랙티, 1L, 1개","8804645005954","발주가능","정상","0","10","324","1714","0","0","0","","NO","0.685"
"20260910","Food","Drinks","커피음료","맥널티커피","RC","24695530","아이스 헤이즐넛향 커피 190mL 10팩","8804645005879","발주가능","정상","0","0","273","3486","1","1","0","","NO","0.680"
"20260910","Food","Drinks","커피음료","맥널티커피","FC","24695530","아이스 헤이즐넛향 커피 190mL 10팩","8804645005879","발주가능","정상","12","16","313","3486","1","1","0","","NO","0.680"
"20260910","Food","Drinks","커피음료","맥널티커피","SFJEJ2","24695530","아이스 헤이즐넛향 커피 190mL 10팩","8804645005879","발주가능","정상","0","0","1","3486","1","1","0","","NO","0.680"
"20260910","Food","Drinks","커피음료","맥널티커피","SFJEJ2","24695531","아이스 아메리카노 스위트 190mL 10팩","8804645005862","발주가능","정상","0","0","0","3486","1","1","0","","NO","0.680"
"20260910","Food","Drinks","커피음료","맥널티커피","RC","24695531","아이스 아메리카노 스위트 190mL 10팩","8804645005862","발주가능","정상","819","0","1638","3486","1","1","0","","NO","0.680"
"20260910","Food","Drinks","커피음료","맥널티커피","FC","24695531","아이스 아메리카노 스위트 190mL 10팩","8804645005862","발주가능","정상","12","28","163","3486","1","1","0","","NO","0.680"
"20260910","Food","Drinks","커피음료","맥널티커피","SFODD2","24695532","아이스 아메리카노 블랙 190mL 10팩","8804645005855","발주가능","정상","0","0","2","3486","1","1","0","","NO","0.680"
"20260910","Food","Drinks","커피음료","맥널티커피","RC","24695532","아이스 아메리카노 블랙 190mL 10팩","8804645005855","발주가능","정상","0","0","273","3486","1","1","0","","NO","0.680"
"20260910","Food","Drinks","커피음료","맥널티커피","FC","24695532","아이스 아메리카노 블랙 190mL 10팩","8804645005855","발주가능","정상","546","66","620","3486","1","1","0","","NO","0.680"
"20260910","Food","Drinks","커피음료","맥널티커피","FC","25484251","맥널티커피 아메리카노 스위트 1Lx6입","18804645005920","발주가능","정상","0","6","136","10252","0","0","0","","NO","0.680"
"20260910","Food","Drinks","커피음료","맥널티커피","FC","25484255","맥널티 아이스 아메리카노 블랙커피 대용량 파우치 1Lx6입","18804645005913","발주가능","정상","0","4","66","10252","0","0","0","","NO","0.680"
"20260910","Food","Drinks","커피음료","맥널티커피","FC","25484257","맥널티 아이스 헤이즐넛향 커피 대용량 파우치 1Lx6입","18804645005937","발주가능","정상","0","2","99","10252","0","0","0","","NO","0.680"
"20260910","Food","Drinks","커피음료","맥널티커피","FC","48466205","맥널티 대용량 제로슈가 스테비아 믹스커피 음료, 12개, 1L","18804645007290","발주가능","정상","0","20","91","17067","0","0","0","","NO","0.680"
"20260910","Food","Drinks","커피음료","맥널티커피","RC","48466205","맥널티 대용량 제로슈가 스테비아 믹스커피 음료, 12개, 1L","18804645007290","발주가능","정상","0","0","160","17067","0","0","0","","NO","0.680"
"20260910","Food","Drinks","커피음료","맥널티커피","FC","54922706","맥널티 대용량 제로슈가 스테비아 믹스커피 음료, 1L, 6개","8804645007323","발주가능","정상","0","63","1055","8805","0","0","0","","NO","0.680"
"20260910","Food","Drinks","커피음료","맥널티커피","FC","68778940","맥널티 아이브루 아메리카노 블랙커피 12개 1L","18804645007306","발주가능","정상","400","221","1564","12205","0.8333","0.8333","0","","NO","0.680"
"20260910","Food","Drinks","커피음료","맥널티커피","RC","68778940","맥널티 아이브루 아메리카노 블랙커피 12개 1L","18804645007306","발주가능","정상","0","0","1200","12205","0.8333","0.8333","0","","NO","0.680"
"20260910","Food","Drinks","커피음료","맥널티커피","RC","68778941","맥널티 아이브루 헤이즐넛향 블랙커피 12개 1L","18804645007504","발주가능","정상","0","0","160","12205","1","1","0","","NO","0.680"
"20260910","Food","Drinks","커피음료","맥널티커피","FC","68778941","맥널티 아이브루 헤이즐넛향 블랙커피 12개 1L","18804645007504","발주가능","정상","160","33","567","12205","1","1","0","","NO","0.680"
"20260910","Food","Drinks","커피음료","맥널티커피","RC","68778942","아이브루 아메리카노 블랙커피 무라벨 400ML 20개","8804645007491","발주가능","정상","0","0","637","12205","1","1","0","","NO","0.680"
"20260910","Food","Drinks","커피음료","맥널티커피","FC","68778942","아이브루 아메리카노 블랙커피 무라벨 400ML 20개","8804645007491","발주가능","정상","728","143","1963","12205","1","1","0","","NO","0.680"
"20260910","Food","Drinks","커피음료","맥널티커피","RC","73951791","맥널티 아이스 아메리카노 블랙 커피 대용량 파우치, 1개, 2.1L","8804645007958","발주가능","정상","0","0","9087","2413","0","0","0","","NO","0.680"
"20260910","Food","Drinks","커피음료","맥널티커피","SFSPA3","73951791","맥널티 아이스 아메리카노 블랙 커피 대용량 파우치, 1개, 2.1L","8804645007958","발주가능","정상","0","18","86","2413","0","0","0","","NO","0.680"
"20260910","Food","Drinks","커피음료","맥널티커피","FC","73951791","맥널티 아이스 아메리카노 블랙 커피 대용량 파우치, 1개, 2.1L","8804645007958","발주가능","정상","0","449","5717","2413","0","0","0","","NO","0.680"
"20260910","Food","Drinks","커피음료","맥널티커피","SFJEJ2","73951791","맥널티 아이스 아메리카노 블랙 커피 대용량 파우치, 1개, 2.1L","8804645007958","발주가능","정상","0","12","2","2413","0","0","0","","NO","0.680"
"20260910","Food","Drinks","커피음료","맥널티커피","SFJEJ2","75683093","맥널티 아이스 아메리카노 블랙 1리터, 1L, 1개","8804645005916","발주가능","정상","0","0","1","1714","0","0","0","","NO","0.680"
"20260910","Food","Drinks","커피음료","맥널티커피","FC","75683093","맥널티 아이스 아메리카노 블랙 1리터, 1L, 1개","8804645005916","발주가능","정상","0","8","1270","1714","0","0","0","","NO","0.680"
"20260910","Food","Drinks","커피음료","맥널티커피","SFSPA3","75683093","맥널티 아이스 아메리카노 블랙 1리터, 1L, 1개","8804645005916","발주가능","정상","0","0","4","1714","0","0","0","","NO","0.680"
"20260910","Food","Drinks","커피음료","맥널티커피","SFJEJ2","75694561","맥널티커피 아이스 아메리카노 헤이즐넛, 1개, 1L","8804645005930","발주가능","정상","0","3","0","1714","1","1","0","","NO","0.680"
"20260910","Food","Drinks","커피음료","맥널티커피","FC","75694561","맥널티커피 아이스 아메리카노 헤이즐넛, 1개, 1L","8804645005930","발주가능","정상","0","56","1793","1714","1","1","0","","NO","0.680"
"20260910","Food","Drinks","커피음료","맥널티커피","SFSPA3","75694561","맥널티커피 아이스 아메리카노 헤이즐넛, 1개, 1L","8804645005930","발주가능","정상","0","2","0","1714","1","1","0","","NO","0.680"
"20260910","Food","Drinks","커피음료","맥널티커피","FC","75765043","맥널티 아이스아메리카노 스위트, 1개, 1L","8804645005923","발주가능","정상","0","50","1869","1714","0","0","0","","NO","0.680"
"20260910","Food","Drinks","커피음료","맥널티커피","SFSPA3","75765043","맥널티 아이스아메리카노 스위트, 1개, 1L","8804645005923","발주가능","정상","0","4","7","1714","0","0","0","","NO","0.680"
"20260910","Food","Drinks","커피음료","맥널티커피","RC","76540319","맥널티 호랭이 마일드 라떼 캔커피, 30개, 175ml","18804645008013","발주가능","정상","0","0","158","8523","0","0","0","","NO","0.680"
"20260910","Food","Drinks","커피음료","맥널티커피","FC","76540319","맥널티 호랭이 마일드 라떼 캔커피, 30개, 175ml","18804645008013","발주가능","정상","0","44","1023","8523","0","0","0","","NO","0.680"
"20260910","Food","Drinks","커피음료","맥널티커피","FC","77572705","맥널티 아이스 아메리카노 헤이즐넛, 1개, 2.1L","8804645008030","발주가능","정상","972","93","888","2413","0.9898","0.9898","0","","YES","0.680"
"20260910","Food","Drinks","커피음료","맥널티커피","RC","77572705","맥널티 아이스 아메리카노 헤이즐넛, 1개, 2.1L","8804645008030","발주가능","정상","624","0","624","2413","0.9898","0.9898","0","","YES","0.680"
"20260910","Food","Drinks","커피음료","아이브루","FC","70253954","아이브루 디카페인 아메리카노 블랙커피 무라벨, 20개, 400ml","8804645007903","발주가능","정상","0","54","577","13500","0","0","0","","NO","0.680"
"20260910","Food","Drinks","커피음료","아이브루","RC","70253954","아이브루 디카페인 아메리카노 블랙커피 무라벨, 20개, 400ml","8804645007903","발주가능","정상","0","0","455","13500","0","0","0","","NO","0.680"
"20260910","Kitchen","Tools & Gadgets","커피필터/여과지","맥널티","FC","12491225","맥널티 핸드드립 커피필터 30개입","8804645300950","발주가능","정상","105","51","1352","2642","0.2471","0.2471","0","","NO","0.517"
"20260909","CE","Kitchen Appliance","커피머신","맥널티커피","FC","31602405","맥널티 2in1 핫앤콜드 진공추출 커피메이커 MCM-065B MCM-065B","8804645006296","발주가능","정상","0","0","4","30859","0","0","0","","NO","0.790"
"20260909","Food","Coffee & Tea","기타전통차","맥널티커피","FC","39149736","맥널티 스테비아 침향 쌍화차, 1개, 30개입, 450g","8804645006913","발주가능","정상","0","0","98","8536","0","0","0","","NO","0.719"
"20260909","Food","Coffee & Tea","기타전통차","맥널티커피","FC","41175263","맥널티커피 스테비아 꿀 유자차, 1개, 30개입, 450g","8804645006951","발주가능","정상","0","0","104","7388","0","0","0","","NO","0.719"
"20260909","Food","Coffee & Tea","둥글레/옥수수/보리/결명자차","맥널티커피","FC","76230458","맥널티 진 보리차 1개 1kg","8804645007996","발주가능","정상","0","1","34","15209","0","0","0","","NO","0.608"
"20260909","Food","Coffee & Tea","드립백/티백","맥널티","FC","3067432","산지별 콜롬비아 슈프리모 핸드드립커피 7개입","8804645000324","발주가능","정상","0","8","123","3043","0","0","0","","NO","0.731"
"20260909","Food","Coffee & Tea","드립백/티백","맥널티","FC","10003518","케냐 AA 핸드드립 블렌드 24개입","8804645000720","발주가능","정상","0","7","163","6068","0","0","0","","NO","0.731"
"20260909","Food","Coffee & Tea","드립백/티백","맥널티커피","FC","3067429","산지별 브라질 세라도 NY2 핸드드립커피 7개입","8804645000300","발주가능","정상","0","3","41","2887","0","0","0","","NO","0.731"
"20260909","Food","Coffee & Tea","드립백/티백","맥널티커피","FC","3067430","산지별 케냐 AA 핸드드립커피 7개입","8804645000355","발주가능","정상","0","2","47","3062","0","0","0","","NO","0.731"
"20260909","Food","Coffee & Tea","드립백/티백","맥널티커피","FC","3067433","산지별 에티오피아 코케 허니 핸드드립커피 7개입","8804645000348","발주가능","정상","0","1","83","2910","0","0","0","","NO","0.731"
"20260909","Food","Coffee & Tea","드립백/티백","맥널티커피","FC","3067434","산지별 에티오피아 예가체프 핸드드립커피 7개입","8804645000331","발주가능","정상","0","2","105","3184","0","0","0","","NO","0.731"
"20260909","Food","Coffee & Tea","드립백/티백","맥널티커피","FC","10003517","콜롬비아 핸드드립 블렌드 24개입","8804645000713","발주가능","정상","0","34","54","5977","0","0","0","","NO","0.731"
"20260909","Food","Coffee & Tea","드립백/티백","맥널티커피","FC","23400108","맥널티 디카페인100% 핸드드립 원두커피 24개입","8804645005732","발주가능","정상","0","6","147","9395","0","0","0","","NO","0.731"
"20260909","Food","Coffee & Tea","드립백/티백","맥널티커피","FC","37713094","맥널티 핸드드립커피 케냐AA(더블에이) 36개입, 8g, 1개","8804645006616","발주가능","정상","0","7","48","11759","0","0","0","","NO","0.731"
"20260909","Food","Coffee & Tea","드립백/티백","맥널티커피","FC","37713095","맥널티 핸드드립커피 에티오피아 예가체프 36개입, 8g, 1개","8804645006623","발주가능","정상","0","3","32","10577","0","0","0","","NO","0.731"
"20260909","Food","Coffee & Tea","드립백/티백","맥널티커피","FC","41391235","맥널티 행복을주는커피 시그니처 블렌드 핸드드립 커피 20개입, 1개, 8g","8804645003653","발주가능","정상","0","5","48","6795","0","0","0","","NO","0.731"
"20260909","Food","Coffee & Tea","드립백/티백","맥널티커피","FC","62821923","맥널티 핸드드립 커피 에티오피아 예가체프 8g 24개입 1개","8804645006920","발주가능","정상","0","3","60","9679","0","0","0","","NO","0.731"
"20260909","Food","Coffee & Tea","드립백/티백","맥널티커피","FC","68147033","베니스브루 스페셜티 핸드드립 가향 커피 오렌지 벨벳, 1개, 7개입, 12g","8804645007712","발주가능","정상","0","0","10","5143","0","0","0","","NO","0.731"
"20260909","Food","Coffee & Tea","드립백/티백","맥널티커피","FC","68147034","베니스브루 스페셜티 핸드드립 가향 커피 쇼콜라 모카, 1개, 7개입, 12g","8804645007729","발주가능","정상","0","1","23","5143","0","0","0","","NO","0.731"
"20260909","Food","Coffee & Tea","드립백/티백","맥널티커피","FC","68777449","베니스브루 베리 블로썸 드립백 커피 12g 1개 7개입","8804645007705","발주가능","정상","0","1","14","5143","0","0","0","","NO","0.731"
"20260909","Food","Coffee & Tea","라떼분말","맥널티커피","FC","34834818","맥널티 스테비아 제로슈가 핫초코 라떼 30개입 15g","8804645006340","발주가능","정상","0","17","176","7500","0","0","0","","NO","0.585"
"20260909","Food","Coffee & Tea","라떼분말","맥널티커피","FC","51063548","스테비아 단백질 옥수수 크림 라떼, 1개, 20개입, 18g","8804645007330","발주가능","정상","0","1","7","5850","0","0","0","","NO","0.585"
"20260909","Food","Coffee & Tea","라떼분말","맥널티커피","FC","51164938","스테비아 단백질 고구마 크림 라떼, 1개, 20개입, 18g","8804645007347","발주가능","정상","0","0","26","5850","0","0","0","","NO","0.585"
"20260909","Food","Coffee & Tea","원두","N_A","FC","76443755","맥널티 브라질 세라도 NY.2 원두 1kg, 1개","8804645006425","발주가능","정상","0","2","253","17609","0","0","0","","NO","0.893"
"20260909","Food","Coffee & Tea","원두","맥널티커피","SFJEJ2","45570","맥널티_헤이즐넛원두분쇄커피_226G","8804645100208","발주가능","정상","0","2","3","5000","0","0","0","","NO","0.893"
"20260909","Food","Coffee & Tea","원두","맥널티커피","FC","45570","맥널티_헤이즐넛원두분쇄커피_226G","8804645100208","발주가능","정상","0","74","427","5000","0","0","0","","NO","0.893"
"20260909","Food","Coffee & Tea","원두","맥널티커피","RC","45570","맥널티_헤이즐넛원두분쇄커피_226G","8804645100208","발주가능","정상","0","0","1040","5000","0","0","0","","NO","0.893"
"20260909","Food","Coffee & Tea","원두","맥널티커피","FC","45572","맥널티_헤이즐넛원두분쇄커피_500G","8804645100468","발주가능","정상","0","38","501","7960","0","0","0","","NO","0.893"
"20260909","Food","Coffee & Tea","원두","맥널티커피","RC","45572","맥널티_헤이즐넛원두분쇄커피_500G","8804645100468","발주가능","정상","0","0","496","7960","0","0","0","","NO","0.893"
"20260909","Food","Coffee & Tea","원두","맥널티커피","SFJEJ2","45572","맥널티_헤이즐넛원두분쇄커피_500G","8804645100468","발주가능","정상","0","0","2","7960","0","0","0","","NO","0.893"
"20260909","Food","Coffee & Tea","원두","맥널티커피","RC","45573","맥널티_블루마운틴스타일원두분쇄커피_500G","8804645100451","발주가능","정상","0","0","640","11091","0","0","0","","NO","0.893"
"20260909","Food","Coffee & Tea","원두","맥널티커피","FC","45573","맥널티_블루마운틴스타일원두분쇄커피_500G","8804645100451","발주가능","정상","0","20","315","11091","0","0","0","","NO","0.893"
"20260909","Food","Coffee & Tea","원두","맥널티커피","FC","5344648","맥널티 원두 에스프레소 블랙 1개, 1kg","8804645001239","발주불가","단종","0","0","1","9156","0","0","0","","YES","0.893"
"20260909","Food","Coffee & Tea","원두","맥널티커피","FC","10147177","맥널티 홀빈 블루마운틴 1000g","8804645006302","발주가능","정상","0","12","110","15715","0","0","0","","NO","0.893"
"20260909","Food","Coffee & Tea","원두","맥널티커피","FC","10147180","맥널티 행복을 주는 커피 헤이즐넛향 1kg 홀빈","8804645100185","발주가능","정상","0","18","184","15244","0","0","0","","NO","0.893"
"20260909","Food","Coffee & Tea","원두","맥널티커피","FC","10812901","맥널티 베트남 로부스타 원두커피 1kg","8804645003066","발주가능","정상","0","32","370","11700","0","0","0","","NO","0.893"
"20260909","Food","Coffee & Tea","원두","맥널티커피","SFJEJ2","10812901","맥널티 베트남 로부스타 원두커피 1kg","8804645003066","발주가능","정상","0","1","1","11700","0","0","0","","NO","0.893"
"20260909","Food","Coffee & Tea","원두","맥널티커피","RC","10812901","맥널티 베트남 로부스타 원두커피 1kg","8804645003066","발주가능","정상","0","0","400","11700","0","0","0","","NO","0.893"
"20260909","Food","Coffee & Tea","원두","맥널티커피","SFSPA3","10812901","맥널티 베트남 로부스타 원두커피 1kg","8804645003066","발주가능","정상","0","2","3","11700","0","0","0","","NO","0.893"
"20260909","Food","Coffee & Tea","원두","맥널티커피","FC","11849981","행복을 주는 커피 블루마운틴 블렌드 분쇄 원두 커피 1kg","8804645003486","발주가능","정상","0","16","96","16364","0","0","0","","NO","0.893"
"20260909","Food","Coffee & Tea","원두","맥널티커피","FC","12521866","맥널티 행복을 주는 커피 시그니처 헤이즐넛향 원두 커피 1Kg","8804645003493","발주가능","정상","0","37","161","16364","0","0","0","","NO","0.893"
"20260909","Food","Coffee & Tea","원두","맥널티커피","RC","12521866","맥널티 행복을 주는 커피 시그니처 헤이즐넛향 원두 커피 1Kg","8804645003493","발주가능","정상","0","0","216","16364","0","0","0","","NO","0.893"
"20260909","Food","Coffee & Tea","원두","맥널티커피","FC","13277718","맥널티 행복을 주는 커피 브라질 산토스 1kg","8804645003936","발주가능","정상","0","9","153","14091","0","0","0","","NO","0.893"
"20260909","Food","Coffee & Tea","원두","맥널티커피","FC","13277719","맥널티 행복을 주는 커피 콜롬비아 블렌드 1kg","8804645003929","발주가능","정상","0","16","504","15599","0","0","0","","NO","0.893"
"20260909","Food","Coffee & Tea","원두","맥널티커피","FC","37733154","맥널티 원두 홀빈(분쇄안함) 마일드 미디움 블렌드 200g, 1개","8804645005374","발주가능","정상","0","0","26","5791","0","0","0","","NO","0.893"
"20260909","Food","Coffee & Tea","원두","맥널티커피","FC","38710869","맥널티 홀빈 커피원두, 마일드 미디움 블렌드 1kg, 1개","8804645005329","발주가능","정상","0","0","20","16364","0","0","0","","NO","0.893"
"20260909","Food","Coffee & Tea","원두","맥널티커피","FC","38710870","맥널티 홀빈 커피원두, 콜롬비아 안데스 오리진 1kg, 1개","8804645005343","발주가능","정상","0","0","93","16364","0","0","0","","NO","0.893"
"20260909","Food","Coffee & Tea","원두","맥널티커피","FC","38710872","맥널티 홀빈 커피원두, 시그니처 블렌드 1kg, 1개","8804645005312","발주가능","정상","0","2","106","16364","0","0","0","","NO","0.893"
"20260909","Food","Coffee & Tea","원두","맥널티커피","FC","38813491","맥널티 홀빈 원두 1KG, 브라질 산토스 내추럴, 1개","8804645005350","발주가능","정상","0","14","181","11364","0","0","0","","NO","0.893"
"20260909","Food","Coffee & Tea","원두","맥널티커피","FC","38919334","맥널티 에티오피아 예가체프 홀빈 원두, 1kg, 1개","8804645006852","발주가능","정상","0","3","53","16364","0","0","0","","NO","0.893"
"20260909","Food","Coffee & Tea","원두","맥널티커피","FC","39616644","맥널티 예맨 모카 블렌드 커피 원두, 홀빈(분쇄안함), 500g, 1개","8804645006692","발주가능","정상","0","0","16","11400","0","0","0","","NO","0.893"
"20260909","Food","Coffee & Tea","원두","맥널티커피","FC","39616645","맥널티 시그니처 디카페인 커피 원두, 홀빈(분쇄안함), 500g, 1개","8804645006937","발주가능","정상","0","7","37","12545","0","0","0","","NO","0.893"
"20260909","Food","Coffee & Tea","원두","맥널티커피","FC","39616646","맥널티 게이샤 블렌드 커피 원두, 홀빈(분쇄안함), 500g, 1개","8804645006708","발주가능","정상","0","11","11","11400","0","0","0","","NO","0.893"
"20260909","Food","Coffee & Tea","원두","맥널티커피","FC","39616647","맥널티 하와이안 코나 블렌드 커피 원두, 홀빈(분쇄안함), 500g, 1개","8804645006685","발주가능","정상","0","3","62","11400","0","0","0","","NO","0.893"
"20260909","Food","Coffee & Tea","원두","맥널티커피","FC","48074657","맥널티 브라질 세라도 분쇄 원두 커피, 1개, 500g","8804645007262","발주가능","정상","0","2","77","9395","0","0","0","","NO","0.893"
"20260909","Food","Coffee & Tea","원두","맥널티커피","FC","48074658","맥널티 콜롬비아 안데스 분쇄 원두 커피, 1개, 500g","8804645007255","발주가능","정상","0","3","63","9986","0","0","0","","NO","0.893"
"20260909","Food","Coffee & Tea","원두","맥널티커피","FC","48074659","맥널티 에티오피아 예가체프 분쇄 원두 커피, 1개, 500g","8804645007231","발주가능","정상","0","12","62","9986","0","0","0","","NO","0.893"
"20260909","Food","Coffee & Tea","원두","맥널티커피","FC","58681130","콜롬비아 안데스 오리진 분쇄 커피 원두 1개 226g 핸드드립","8804645007552","발주가능","정상","0","4","35","7159","0","0","0","","NO","0.893"
"20260909","Food","Coffee & Tea","원두","맥널티커피","FC","58681131","브라질 산토스 오리진 분쇄 커피 원두, 226g, 1개, 핸드드립","8804645007545","발주가능","정상","0","3","23","7159","0","0","0","","NO","0.893"
"20260909","Food","Coffee & Tea","원두","맥널티커피","FC","58765769","게이샤 블렌드 분쇄 커피 원두, 1개, 226g, 핸드드립","8804645007514","발주가능","정상","0","2","20","7732","0","0","0","","NO","0.893"
"20260909","Food","Coffee & Tea","원두","맥널티커피","FC","58765770","디카페인 헤이즐넛향 분쇄 커피 원두, 1개, 226g, 핸드드립","8804645007538","발주가능","정상","0","8","84","8018","0","0","0","","NO","0.893"
"20260909","Food","Coffee & Tea","원두","맥널티커피","FC","58850533","하와이안 코나 블렌드 분쇄 커피 원두, 1개, 226g, 핸드드립","8804645007521","발주가능","정상","0","1","13","7732","0","0","0","","NO","0.893"
"20260909","Food","Coffee & Tea","원두","맥널티커피","FC","71777603","투비 다크 블랙 블렌드 홀빈 원두 커피, 1kg, 홀빈(분쇄안함), 1개","8804645007989","발주가능","정상","0","4","112","13115","0","0","0","","NO","0.893"
"20260909","Food","Coffee & Tea","원두","맥널티커피","FC","76697770","투비커피 너티초코 아메리카노 블렌드 홀빈 원두 커피, 1kg, 홀빈(분쇄안함), 1개","8804645008047","발주가능","정상","0","0","39","17125","0","0","0","","NO","0.893"
"20260909","Food","Coffee & Tea","원두커피믹스","맥널티","FC","10003529","아이브루 클래식 100T","8804645002465","발주불가","규격 외","0","0","1","6068","0","0","0","","NO","0.591"
"20260909","Food","Coffee & Tea","원두커피믹스","맥널티","FC","11019882","맥널티 아이브루 다크 블렌드 200T","8804645003219","발주가능","정상","0","3","64","13096","0","0","0","","NO","0.591"
"20260909","Food","Coffee & Tea","원두커피믹스","맥널티커피","FC","11019883","맥널티 아이브루 모카 블랙 200T","8804645003226","발주가능","정상","0","10","85","11687","0","0","0","","NO","0.591"
"20260909","Food","Coffee & Tea","원두커피믹스","맥널티커피","FC","13777565","맥널티 아이브루 모카블랙 70T","8804645003912","발주가능","정상","0","3","19","6519","0","0","0","","NO","0.591"
"20260909","Food","Coffee & Tea","원두커피믹스","맥널티커피","FC","15720531","콜롬비아 블랙 100개입","8804645002861","발주가능","정상","0","42","1152","6345","0","0","0","","NO","0.591"
"20260909","Food","Coffee & Tea","원두커피믹스","맥널티커피","SFJEJ2","15720531","콜롬비아 블랙 100개입","8804645002861","발주가능","정상","0","1","1","6345","0","0","0","","NO","0.591"
"20260909","Food","Coffee & Tea","원두커피믹스","맥널티커피","SFSPA3","15720531","콜롬비아 블랙 100개입","8804645002861","발주가능","정상","0","1","7","6345","0","0","0","","NO","0.591"
"20260909","Food","Coffee & Tea","원두커피믹스","맥널티커피","FC","26477367","맥널티 리얼 에스프레소샷 블랙 액상스틱커피 15mlx30개입","8804645006029","발주가능","정상","0","36","354","7388","0","0","0","","NO","0.591"
"20260909","Food","Coffee & Tea","원두커피믹스","맥널티커피","FC","62672352","맥널티 아이브루 플러스 스위트 블랙 원두커피믹스 80개입 2.8g","8804645007620","발주가능","정상","0","1","19","7961","0","0","0","","NO","0.591"
"20260909","Food","Coffee & Tea","원두커피믹스","맥널티커피","FC","67975031","호랭이 커피 오곡향 블랙, 1개, 20개입, 1g","8804645007781","발주가능","정상","0","19","350","2806","0","0","0","","NO","0.591"
"20260909","Food","Coffee & Tea","원두커피믹스","맥널티커피","FC","71629331","맥널티 갓성비 아메리카노 블랙커피, 1개, 100개입, 2g","8804645007873","발주가능","정상","0","73","860","8534","0","0","0","","NO","0.591"
"20260909","Food","Coffee & Tea","원두커피믹스","아이브루","RC","36903434","맥널티 아이브루 플러스 헤이즐넛 블랙커피 100개입","8804645006395","발주가능","정상","0","0","505","7623","0","0","0","","NO","0.591"
"20260909","Food","Coffee & Tea","원두커피믹스","아이브루","SFJEJ2","36903434","맥널티 아이브루 플러스 헤이즐넛 블랙커피 100개입","8804645006395","발주가능","정상","0","0","1","7623","0","0","0","","NO","0.591"
"20260909","Food","Coffee & Tea","원두커피믹스","아이브루","SFSPA3","36903434","맥널티 아이브루 플러스 헤이즐넛 블랙커피 100개입","8804645006395","발주가능","정상","0","0","6","7623","0","0","0","","NO","0.591"
"20260909","Food","Coffee & Tea","원두커피믹스","아이브루","FC","36903434","맥널티 아이브루 플러스 헤이즐넛 블랙커피 100개입","8804645006395","발주가능","정상","0","77","776","7623","0","0","0","","NO","0.591"
"20260909","Food","Coffee & Tea","원두커피믹스","아이브루","FC","36903435","맥널티 아이브루 플러스 오리지널 블랙커피 100개입","8804645006388","발주불가","규격 외","0","0","384","7623","0","0","0","","NO","0.591"
"20260909","Food","Coffee & Tea","원두커피믹스","아이브루","FC","46534985","아이브루 플러스 디카페인 아메리카노 블랙커피, 1개, 80개입, 80g","8804645007118","발주가능","정상","0","26","92","7964","0","0","0","","NO","0.591"
"20260909","Food","Coffee & Tea","원두커피믹스","아이브루","FC","56760693","아이브루 플러스 디카페인 블랙커피 헤이즐넛향 (1g x 80개입), 1개","8804645007453","발주가능","정상","0","63","698","7961","0","0","0","","NO","0.591"
"20260909","Food","Coffee & Tea","원두커피믹스","아이브루","SFSPA3","56760693","아이브루 플러스 디카페인 블랙커피 헤이즐넛향 (1g x 80개입), 1개","8804645007453","발주가능","정상","0","0","8","7961","0","0","0","","NO","0.591"
"20260909","Food","Coffee & Tea","원두커피믹스","프라이빗클럽","FC","10837643","맥널티 병커피 헤이즐넛향 50gx10개","19311931309161","발주가능","정상","0","3","65","23000","0","0","0","","NO","0.591"
"20260909","Food","Coffee & Tea","원두커피믹스","프라이빗클럽","FC","12091997","Box_입소문난 아이리쉬 50G 10병","19311931311164","발주가능","정상","0","0","11","18625","0","0","0","","NO","0.591"
"20260909","Food","Coffee & Tea","원두커피믹스","프라이빗클럽","FC","52625820","맥널티 인스턴트 원두 병커피 에스프레소 블랙 50g 1개","9311931902167","발주가능","정상","0","16","210","3486","0","0","0","","NO","0.591"
"20260909","Food","Coffee & Tea","율무/견과차","맥널티","SFJEJ2","64842417","티브루 호박팥차 진액 10ml 30개입 1개","8804645007675","발주가능","정상","0","3","0","5259","0","0","0","","NO","0.701"
"20260909","Food","Coffee & Tea","율무/견과차","맥널티","FC","64842417","티브루 호박팥차 진액 10ml 30개입 1개","8804645007675","발주가능","정상","0","37","724","5259","0","0","0","","NO","0.701"
"20260909","Food","Coffee & Tea","율무/견과차","맥널티커피","FC","39149735","맥널티 스테비아 제로슈가 호두 아몬드 율무차, 1개, 30개입, 450g","8804645006906","발주가능","정상","0","9","42","6815","0","0","0","","NO","0.701"
"20260909","Food","Coffee & Tea","차세트","맥널티커피","FC","78654824","[2026 추석세트] 맥널티 스테비아 전통차 선물세트, 1세트, 율무차(30개) + 쌍화차(30개)","8804645008092","발주가능","정상","0","0","60","19091","0","0","0","","NO","0.899"
"20260909","Food","Coffee & Tea","커피믹스","맥널티커피","RC","45571","맥널티_ 자메이카 블루마운틴 블렌드_226G","8804645100215","발주가능","정상","0","0","512","5000","0","0","0","","NO","0.715"
"20260909","Food","Coffee & Tea","커피믹스","맥널티커피","FC","45571","맥널티_ 자메이카 블루마운틴 블렌드_226G","8804645100215","발주가능","정상","0","54","801","5000","0","0","0","","NO","0.715"
"20260909","Food","Coffee & Tea","커피믹스","맥널티커피","SFSPA3","45571","맥널티_ 자메이카 블루마운틴 블렌드_226G","8804645100215","발주가능","정상","0","1","7","5000","0","0","0","","NO","0.715"
"20260909","Food","Coffee & Tea","커피믹스","맥널티커피","FC","25240400","맥널티 스테비아 커피믹스 100개입","8804645006067","발주가능","정상","0","66","1023","12941","0","0","0","","NO","0.715"
"20260909","Food","Coffee & Tea","커피믹스","맥널티커피","RC","25240400","맥널티 스테비아 커피믹스 100개입","8804645006067","발주가능","정상","0","0","1440","12941","0","0","0","","NO","0.715"
"20260909","Food","Coffee & Tea","커피믹스","맥널티커피","FC","25240402","맥널티 스테비아 커피믹스 30개입","8804645006074","발주가능","정상","0","34","394","4827","0","0","0","","NO","0.715"
"20260909","Food","Coffee & Tea","커피믹스","맥널티커피","SFODD4","25240402","맥널티 스테비아 커피믹스 30개입","8804645006074","발주가능","정상","0","0","0","4827","0","0","0","","NO","0.715"
"20260909","Food","Coffee & Tea","커피믹스","맥널티커피","FC","29461862","맥널티 아메리카노 아이스 블랙 100개입","8804645006081","발주가능","정상","0","26","264","5850","0","0","0","","NO","0.715"
"20260909","Food","Coffee & Tea","커피믹스","맥널티커피","FC","38933766","맥널티커피 스테비아 디카페인 커피믹스, 1개, 100개입 9.5g","8804645006890","발주가능","정상","0","47","480","18850","0","0","0","","NO","0.715"
"20260909","Food","Coffee & Tea","커피믹스","맥널티커피","FC","40806729","맥널티 스테비아 디카페인 커피믹스, 1개, 30개입, 285g","8804645006777","발주가능","정상","0","29","490","7027","0","0","0","","NO","0.715"
"20260909","Food","Coffee & Tea","커피믹스","맥널티커피","FC","46730880","산양유 단백질 프로틴 스테비아 커피믹스, 1개, 30개입, 300g","8804645007194","발주가능","정상","0","5","36","6243","0","0","0","","NO","0.715"
"20260909","Food","Coffee & Tea","커피믹스","맥널티커피","FC","47303765","산양유 단백질 프로틴 스테비아 커피믹스, 1개, 100개입, 1000g","8804645007187","발주가능","정상","0","22","40","19988","0","0","0","","NO","0.715"
"20260909","Food","Coffee & Tea","커피믹스","맥널티커피","FC","56214466","맥널티커피 아이브루 바닐라 라떼,12g x 100개입(스틱), 1200g , 1개","8804645007460","발주가능","정상","0","9","138","12543","0","0","0","","NO","0.715"
"20260909","Food","Coffee & Tea","커피믹스","맥널티커피","FC","56214467","맥널티커피 아이브루 카라멜 마끼아또, 12g x 100개입(스틱), 1200g , 1개","8804645007484","발주가능","정상","0","9","120","12543","0","0","0","","NO","0.715"
"20260909","Food","Coffee & Tea","커피믹스","맥널티커피","FC","63447822","스테비아 커피믹스 헤이즐넛향 9.5g 30개입 1개","8804645007637","발주가능","정상","0","6","216","4827","0","0","0","","NO","0.715"
"20260909","Food","Coffee & Tea","커피믹스","맥널티커피","FC","64859139","맥널티 스테비아 솔티드 카라멜 커피믹스 10g 1개 30개입","8804645007668","발주가능","정상","0","7","127","5670","0","0","0","","NO","0.715"
"20260909","Food","Coffee & Tea","커피믹스","맥널티커피","RC","69526598","맥널티 갓성비 제로슈가 커피믹스, 1개, 80개입, 9g","8804645007842","발주가능","정상","0","0","64","8805","0","0","0","","NO","0.715"
"20260909","Food","Coffee & Tea","커피믹스","맥널티커피","FC","69526598","맥널티 갓성비 제로슈가 커피믹스, 1개, 80개입, 9g","8804645007842","발주가능","정상","0","38","354","8805","0","0","0","","NO","0.715"
"20260909","Food","Coffee & Tea","커피믹스","맥널티커피","FC","69634259","맥널티커피 스테비아 커피믹스 헤이즐넛향, 9.5g, 100개입, 1개","8804645007811","발주가능","정상","0","3","56","14261","0","0","0","","NO","0.715"
"20260909","Food","Coffee & Tea","커피믹스","맥널티커피","FC","71115721","호랭이 커피믹스 고소한 오곡향, 1개, 160개입, 9.5g","8804645007880","발주가능","정상","0","8","55","14261","0","0","0","","NO","0.715"
"20260909","Food","Coffee & Tea","커피믹스","맥널티커피","FC","71115722","호랭이 커피믹스 고소한 오곡향, 1개, 20개입, 9.5g","8804645007897","발주가능","정상","0","5","167","2806","0","0","0","","NO","0.715"
"20260909","Food","Coffee & Tea","커피믹스","아이브루","FC","2341900","맥널티 iBrew 미니 헤이즐넛향 200개입(200g)","8804645000515","발주가능","정상","0","65","669","9917","0","0","0","","NO","0.715"
"20260909","Food","Coffee & Tea","커피믹스","아이브루","SFODD2","2341900","맥널티 iBrew 미니 헤이즐넛향 200개입(200g)","8804645000515","발주가능","정상","0","0","2","9917","0","0","0","","NO","0.715"
"20260909","Food","Coffee & Tea","커피믹스","아이브루","SFJEJ2","2341900","맥널티 iBrew 미니 헤이즐넛향 200개입(200g)","8804645000515","발주가능","정상","0","2","3","9917","0","0","0","","NO","0.715"
"20260909","Food","Coffee & Tea","커피믹스","아이브루","RC","2341900","맥널티 iBrew 미니 헤이즐넛향 200개입(200g)","8804645000515","발주가능","정상","0","0","360","9917","0","0","0","","NO","0.715"
"20260909","Food","Coffee & Tea","커피믹스","아이브루","SFSPA3","2341900","맥널티 iBrew 미니 헤이즐넛향 200개입(200g)","8804645000515","발주가능","정상","0","4","5","9917","0","0","0","","NO","0.715"
"20260909","Food","Coffee & Tea","커피믹스","아이브루","FC","3067423","아이브루 헤이즐넛향 70개입","8804645000706","발주가능","정상","0","16","352","4025","0","0","0","","NO","0.715"
"20260909","Food","Coffee & Tea","커피믹스","아이브루","FC","3067424","아이브루 케냐AA 블렌드 70개입","8804645000690","발주가능","정상","0","4","58","6205","0","0","0","","NO","0.715"
"20260909","Food","Coffee & Tea","커피믹스","아이브루","FC","3067425","아이브루 예가체프 블렌드 70개입","8804645000683","발주가능","정상","0","1","24","6205","0","0","0","","NO","0.715"
"20260909","Food","Coffee & Tea","커피믹스","프라이빗클럽","SFSPA3","3067428","인스턴트 병커피 헤이즐넛향 50g","9311931105162","발주가능","정상","0","6","8","2300","0","0","0","","NO","0.715"
"20260909","Food","Coffee & Tea","커피믹스","프라이빗클럽","FC","3067428","인스턴트 병커피 헤이즐넛향 50g","9311931105162","발주가능","정상","0","130","3683","2300","0","0","0","","NO","0.715"
"20260909","Food","Coffee & Tea","커피세트","맥널티커피","FC","26870612","[2026 추석세트] 맥널티 핸드드립 버라이어티세트 30개입","8804645006258","발주가능","정상","0","10","616","9395","0","0","0","","NO","0.892"
"20260909","Food","Coffee & Tea","커피세트","맥널티커피","FC","54651094","인스턴트 원두 병커피 맥널티커피 선물세트 50g x 4개입(에스프레소 2병+헤이즐넛 2병), 1세트","8804645007408","발주가능","정상","0","0","0","15305","0","0","0","","YES","0.892"
"20260909","Food","Drinks","과일음료","맥널티커피","RC","24752132","청포도 에이드 190mL 10팩","8804645005893","발주가능","정상","0","0","273","3486","0","0","0","","NO","0.798"
"20260909","Food","Drinks","과일음료","맥널티커피","SFJEJ2","24752132","청포도 에이드 190mL 10팩","8804645005893","발주가능","정상","0","0","1","3486","0","0","0","","NO","0.798"
"20260909","Food","Drinks","과일음료","맥널티커피","FC","24752132","청포도 에이드 190mL 10팩","8804645005893","발주가능","정상","0","33","727","3486","0","0","0","","NO","0.798"
"20260909","Food","Drinks","과일음료","맥널티커피","FC","24752250","블루레몬 에이드 190mL 10팩","8804645005909","발주가능","정상","0","14","755","3486","0","0","0","","NO","0.798"
"20260909","Food","Drinks","과일음료","맥널티커피","FC","45580036","맥널티 청매실 에이드 190ml*10개입","8804645007071","발주가능","정상","0","4","185","3486","0","0","0","","NO","0.798"
"20260909","Food","Drinks","농축액(음료베이스)","맥널티","FC","51983601","물 한방울 섞이지 않은 김토끼 유기농 레몬즙, 10개, 20g","8804645007361","발주가능","정상","0","0","59","4077","0","0","0","","NO","0.689"
"20260909","Food","Drinks","농축액(음료베이스)","맥널티","FC","58338694","티브루 보리차 원액 간편 액상스틱 진액, 30개, 10ml","8804645007590","발주가능","정상","0","72","1708","5259","0","0","0","","NO","0.689"
"20260909","Food","Drinks","농축액(음료베이스)","맥널티","FC","58338695","티브루 옥수수수염차 원액 간편 액상스틱 진액, 30개, 10ml","8804645007606","발주가능","정상","0","36","1032","5259","0","0","0","","NO","0.689"
"20260909","Food","Drinks","농축액(음료베이스)","맥널티","SFSPA3","58338696","티브루 헛개수 원액 간편 액상스틱 진액, 30개, 10ml","8804645007613","발주가능","정상","0","0","5","5259","0","0","0","","NO","0.689"
"20260909","Food","Drinks","농축액(음료베이스)","맥널티","FC","58338696","티브루 헛개수 원액 간편 액상스틱 진액, 30개, 10ml","8804645007613","발주가능","정상","0","41","677","5259","0","0","0","","NO","0.689"
"20260909","Food","Drinks","농축액(음료베이스)","맥널티","SFJEJ2","58338696","티브루 헛개수 원액 간편 액상스틱 진액, 30개, 10ml","8804645007613","발주가능","정상","0","2","0","5259","0","0","0","","NO","0.689"
"20260909","Food","Drinks","농축액(음료베이스)","맥널티커피","FC","62882483","티브루 보리차 진액, 1개, 400g","8804645007651","발주가능","정상","0","9","144","7623","0","0","0","","NO","0.689"
"20260909","Food","Drinks","농축액(음료베이스)","맥널티커피","FC","71636537","맥널티 티브루 호박팥차 무라벨, 20개, 500ml","8804645007934","발주가능","정상","0","132","391","8795","0","0","0","","NO","0.689"
"20260909","Food","Drinks","야채음료","맥널티커피","FC","48914233","맥널티 유자 에이드 190ml 10개","8804645007217","발주가능","정상","0","5","322","3486","0","0","0","","NO","0.592"
"20260909","Food","Drinks","차음료","맥널티커피","SFJEJ2","24752251","복숭아 아이스티 190mL 10팩","8804645005886","발주가능","정상","0","2","4","3486","0","0","0","","NO","0.689"
"20260909","Food","Drinks","차음료","맥널티커피","FC","24752251","복숭아 아이스티 190mL 10팩","8804645005886","발주가능","정상","0","23","380","3486","0","0","0","","NO","0.689"
"20260909","Food","Drinks","차음료","맥널티커피","RC","24752251","복숭아 아이스티 190mL 10팩","8804645005886","발주가능","정상","0","0","258","3486","0","0","0","","NO","0.689"
"20260909","Food","Drinks","차음료","맥널티커피","FC","24944267","맥널티 허니자몽 블랙티 대용량 파우치 1Lx6입","18804645005951","발주가능","정상","0","0","73","10252","0","0","0","","NO","0.689"
"20260909","Food","Drinks","차음료","맥널티커피","FC","24944268","맥널티 복숭아 아이스티 대용량 파우치 1Lx6입","18804645005944","발주가능","정상","0","4","5","10252","0","0","0","","NO","0.689"
"20260909","Food","Drinks","차음료","맥널티커피","FC","26889711","맥널티 제로칼로리 복숭아 아이스티 500ml 24입","18804645006101","발주가능","정상","0","15","360","12205","0","0","0","","NO","0.689"
"20260909","Food","Drinks","차음료","맥널티커피","FC","36669698","제로 아이스티 복숭아, 30개입, 13g","8804645006791","발주가능","정상","0","1","83","5850","0","0","0","","NO","0.689"
"20260909","Food","Drinks","차음료","맥널티커피","FC","36829225","맥널티 제로칼로리 청포도 아이스티 500mlx24입,","18804645006538","발주가능","정상","0","3","32","12205","0","0","0","","NO","0.689"
"20260909","Food","Drinks","차음료","맥널티커피","FC","36829226","제로 아이스티 청포도, 30개입, 13g 1개","8804645006807","발주가능","정상","0","1","98","5850","0","0","0","","NO","0.689"
"20260909","Food","Drinks","차음료","맥널티커피","FC","36863185","맥널티 대용량 제로칼로리 복숭아 아이스티 1.5L 12개","18804645006736","일시중단","단종예정","0","0","0","17427","0","0","0","","YES","0.689"
"20260909","Food","Drinks","차음료","맥널티커피","FC","38262417","복숭아 아이스티 제로, 6개, 1L","18804645006873","발주가능","정상","0","3","46","10577","0","0","0","","NO","0.689"
"20260909","Food","Drinks","차음료","맥널티커피","FC","40520042","맥널티커피 복숭아 아이스티 제로 RTD, 30개, 240ml","18804645006835","발주가능","정상","0","5","347","8795","0","0","0","","NO","0.689"
"20260909","Food","Drinks","차음료","맥널티커피","SFSPA3","61673272","맥널티커피 복숭아 아이스티 제로, 1.5L, 1개","8804645006739","발주가능","정상","0","0","13","1364","0","0","0","","NO","0.689"
"20260909","Food","Drinks","차음료","맥널티커피","SFJEJ2","61673272","맥널티커피 복숭아 아이스티 제로, 1.5L, 1개","8804645006739","발주가능","정상","0","0","9","1364","0","0","0","","NO","0.689"
"20260909","Food","Drinks","차음료","맥널티커피","FC","61673272","맥널티커피 복숭아 아이스티 제로, 1.5L, 1개","8804645006739","발주가능","정상","0","242","1581","1364","0","0","0","","NO","0.689"
"20260909","Food","Drinks","차음료","맥널티커피","RC","61673272","맥널티커피 복숭아 아이스티 제로, 1.5L, 1개","8804645006739","발주가능","정상","0","0","1872","1364","0","0","0","","NO","0.689"
"20260909","Food","Drinks","차음료","맥널티커피","SFSPA3","73944650","맥널티 복숭아 아이스티 대용량 파우치, 1개, 2.1L","8804645007965","발주가능","정상","0","0","16","2413","0","0","0","","NO","0.689"
"20260909","Food","Drinks","차음료","맥널티커피","SFJEJ2","73944650","맥널티 복숭아 아이스티 대용량 파우치, 1개, 2.1L","8804645007965","발주가능","정상","0","0","1","2413","0","0","0","","NO","0.689"
"20260909","Food","Drinks","차음료","맥널티커피","FC","73944650","맥널티 복숭아 아이스티 대용량 파우치, 1개, 2.1L","8804645007965","발주가능","정상","0","131","2915","2413","0","0","0","","NO","0.689"
"20260909","Food","Drinks","차음료","맥널티커피","FC","75850021","맥널티 허니자몽 블랙티, 1L, 1개","8804645005954","발주가능","정상","0","4","334","1714","0","0","0","","NO","0.689"
"20260909","Food","Drinks","커피음료","맥널티커피","FC","24695530","아이스 헤이즐넛향 커피 190mL 10팩","8804645005879","발주가능","정상","0","35","316","3486","0","0","0","","NO","0.677"
"20260909","Food","Drinks","커피음료","맥널티커피","RC","24695530","아이스 헤이즐넛향 커피 190mL 10팩","8804645005879","발주가능","정상","0","0","273","3486","0","0","0","","NO","0.677"
"20260909","Food","Drinks","커피음료","맥널티커피","SFJEJ2","24695530","아이스 헤이즐넛향 커피 190mL 10팩","8804645005879","발주가능","정상","0","1","0","3486","0","0","0","","NO","0.677"
"20260909","Food","Drinks","커피음료","맥널티커피","RC","24695531","아이스 아메리카노 스위트 190mL 10팩","8804645005862","발주가능","정상","0","0","819","3486","0","0","0","","NO","0.677"
"20260909","Food","Drinks","커피음료","맥널티커피","SFJEJ2","24695531","아이스 아메리카노 스위트 190mL 10팩","8804645005862","발주가능","정상","0","0","0","3486","0","0","0","","NO","0.677"
"20260909","Food","Drinks","커피음료","맥널티커피","FC","24695531","아이스 아메리카노 스위트 190mL 10팩","8804645005862","발주가능","정상","0","43","179","3486","0","0","0","","NO","0.677"
"20260909","Food","Drinks","커피음료","맥널티커피","SFODD2","24695532","아이스 아메리카노 블랙 190mL 10팩","8804645005855","발주가능","정상","0","0","2","3486","0","0","0","","NO","0.677"
"20260909","Food","Drinks","커피음료","맥널티커피","FC","24695532","아이스 아메리카노 블랙 190mL 10팩","8804645005855","발주가능","정상","0","81","137","3486","0","0","0","","NO","0.677"
"20260909","Food","Drinks","커피음료","맥널티커피","RC","24695532","아이스 아메리카노 블랙 190mL 10팩","8804645005855","발주가능","정상","0","0","273","3486","0","0","0","","NO","0.677"
"20260909","Food","Drinks","커피음료","맥널티커피","FC","25484251","맥널티커피 아메리카노 스위트 1Lx6입","18804645005920","발주가능","정상","0","31","142","10252","0","0","0","","NO","0.677"
"20260909","Food","Drinks","커피음료","맥널티커피","FC","25484255","맥널티 아이스 아메리카노 블랙커피 대용량 파우치 1Lx6입","18804645005913","발주가능","정상","0","1","70","10252","0","0","0","","NO","0.677"
"20260909","Food","Drinks","커피음료","맥널티커피","FC","25484257","맥널티 아이스 헤이즐넛향 커피 대용량 파우치 1Lx6입","18804645005937","발주가능","정상","0","4","101","10252","0","0","0","","NO","0.677"
"20260909","Food","Drinks","커피음료","맥널티커피","FC","48466205","맥널티 대용량 제로슈가 스테비아 믹스커피 음료, 12개, 1L","18804645007290","발주가능","정상","0","10","111","17067","0","0","0","","NO","0.677"
"20260909","Food","Drinks","커피음료","맥널티커피","RC","48466205","맥널티 대용량 제로슈가 스테비아 믹스커피 음료, 12개, 1L","18804645007290","발주가능","정상","0","0","160","17067","0","0","0","","NO","0.677"
"20260909","Food","Drinks","커피음료","맥널티커피","FC","54922706","맥널티 대용량 제로슈가 스테비아 믹스커피 음료, 1L, 6개","8804645007323","발주가능","정상","0","54","1118","8805","0","0","0","","NO","0.677"
"20260909","Food","Drinks","커피음료","맥널티커피","RC","68778940","맥널티 아이브루 아메리카노 블랙커피 12개 1L","18804645007306","발주가능","정상","0","0","1600","12205","0","0","0","","NO","0.677"
"20260909","Food","Drinks","커피음료","맥널티커피","FC","68778940","맥널티 아이브루 아메리카노 블랙커피 12개 1L","18804645007306","발주가능","정상","0","280","983","12205","0","0","0","","NO","0.677"
"20260909","Food","Drinks","커피음료","맥널티커피","FC","68778941","맥널티 아이브루 헤이즐넛향 블랙커피 12개 1L","18804645007504","발주가능","정상","0","44","440","11295","0","0","0","","NO","0.677"
"20260909","Food","Drinks","커피음료","맥널티커피","RC","68778941","맥널티 아이브루 헤이즐넛향 블랙커피 12개 1L","18804645007504","발주가능","정상","0","0","160","11295","0","0","0","","NO","0.677"
"20260909","Food","Drinks","커피음료","맥널티커피","RC","68778942","아이브루 아메리카노 블랙커피 무라벨 400ML 20개","8804645007491","발주가능","정상","0","0","637","12205","0","0","0","","NO","0.677"
"20260909","Food","Drinks","커피음료","맥널티커피","FC","68778942","아이브루 아메리카노 블랙커피 무라벨 400ML 20개","8804645007491","발주가능","정상","0","261","1378","12205","0","0","0","","NO","0.677"
"20260909","Food","Drinks","커피음료","맥널티커피","FC","73951791","맥널티 아이스 아메리카노 블랙 커피 대용량 파우치, 1개, 2.1L","8804645007958","발주가능","정상","0","446","5804","2413","0","0","0","","NO","0.677"
"20260909","Food","Drinks","커피음료","맥널티커피","SFSPA3","73951791","맥널티 아이스 아메리카노 블랙 커피 대용량 파우치, 1개, 2.1L","8804645007958","발주가능","정상","0","6","28","2413","0","0","0","","NO","0.677"
"20260909","Food","Drinks","커피음료","맥널티커피","SFJEJ2","73951791","맥널티 아이스 아메리카노 블랙 커피 대용량 파우치, 1개, 2.1L","8804645007958","발주가능","정상","0","12","12","2413","0","0","0","","NO","0.677"
"20260909","Food","Drinks","커피음료","맥널티커피","RC","73951791","맥널티 아이스 아메리카노 블랙 커피 대용량 파우치, 1개, 2.1L","8804645007958","발주가능","정상","0","0","9527","2413","0","0","0","","NO","0.677"
"20260909","Food","Drinks","커피음료","맥널티커피","SFJEJ2","75683093","맥널티 아이스 아메리카노 블랙 1리터, 1L, 1개","8804645005916","발주가능","정상","0","0","1","1714","0","0","0","","NO","0.677"
"20260909","Food","Drinks","커피음료","맥널티커피","SFSPA3","75683093","맥널티 아이스 아메리카노 블랙 1리터, 1L, 1개","8804645005916","발주가능","정상","0","0","4","1714","0","0","0","","NO","0.677"
"20260909","Food","Drinks","커피음료","맥널티커피","FC","75683093","맥널티 아이스 아메리카노 블랙 1리터, 1L, 1개","8804645005916","발주가능","정상","0","8","1280","1714","0","0","0","","NO","0.677"
"20260909","Food","Drinks","커피음료","맥널티커피","SFSPA3","75694561","맥널티커피 아이스 아메리카노 헤이즐넛, 1개, 1L","8804645005930","발주가능","정상","0","0","2","1714","0","0","0","","NO","0.677"
"20260909","Food","Drinks","커피음료","맥널티커피","SFJEJ2","75694561","맥널티커피 아이스 아메리카노 헤이즐넛, 1개, 1L","8804645005930","발주가능","정상","0","0","3","1714","0","0","0","","NO","0.677"
"20260909","Food","Drinks","커피음료","맥널티커피","FC","75694561","맥널티커피 아이스 아메리카노 헤이즐넛, 1개, 1L","8804645005930","발주가능","정상","0","104","1854","1714","0","0","0","","NO","0.677"
"20260909","Food","Drinks","커피음료","맥널티커피","SFSPA3","75765043","맥널티 아이스아메리카노 스위트, 1개, 1L","8804645005923","발주가능","정상","0","0","10","1714","0","0","0","","NO","0.677"
"20260909","Food","Drinks","커피음료","맥널티커피","FC","75765043","맥널티 아이스아메리카노 스위트, 1개, 1L","8804645005923","발주가능","정상","0","33","1918","1714","0","0","0","","NO","0.677"
"20260909","Food","Drinks","커피음료","맥널티커피","RC","76540319","맥널티 호랭이 마일드 라떼 캔커피, 30개, 175ml","18804645008013","발주가능","정상","0","0","158","8523","0","0","0","","NO","0.677"
"20260909","Food","Drinks","커피음료","맥널티커피","FC","76540319","맥널티 호랭이 마일드 라떼 캔커피, 30개, 175ml","18804645008013","발주가능","정상","0","79","1067","8523","0","0","0","","NO","0.677"
"20260909","Food","Drinks","커피음료","맥널티커피","FC","77572705","맥널티 아이스 아메리카노 헤이즐넛, 1개, 2.1L","8804645008030","발주가능","정상","0","127","3","2413","0","0","0","","YES","0.677"
"20260909","Food","Drinks","커피음료","아이브루","RC","70253954","아이브루 디카페인 아메리카노 블랙커피 무라벨, 20개, 400ml","8804645007903","발주가능","정상","0","0","455","13500","0","0","0","","NO","0.677"
"20260909","Food","Drinks","커피음료","아이브루","FC","70253954","아이브루 디카페인 아메리카노 블랙커피 무라벨, 20개, 400ml","8804645007903","발주가능","정상","0","100","630","13500","0","0","0","","NO","0.677"
"20260909","Kitchen","Tools & Gadgets","드립주전자/포트","맥널티커피","FC","15333511","맥널티 드립 주전자 350ml","8804645004490","발주가능","정상","0","10","0","5044","0","0","0","","YES","0.779"
"20260909","Kitchen","Tools & Gadgets","커피필터/여과지","맥널티","FC","12491225","맥널티 핸드드립 커피필터 30개입","8804645300950","발주가능","정상","0","87","1298","2642","0","0","0","","NO","0.526"
"20260908","CE","Kitchen Appliance","커피머신","맥널티커피","FC","31602405","맥널티 2in1 핫앤콜드 진공추출 커피메이커 MCM-065B MCM-065B","8804645006296","발주가능","정상","4","2","4","30859","1","1","0","","YES","0.794"
"20260908","Food","Coffee & Tea","기타전통차","맥널티커피","FC","39149736","맥널티 스테비아 침향 쌍화차, 1개, 30개입, 450g","8804645006913","발주가능","정상","0","0","98","8536","0","0","0","","NO","0.718"
"20260908","Food","Coffee & Tea","기타전통차","맥널티커피","FC","41175263","맥널티커피 스테비아 꿀 유자차, 1개, 30개입, 450g","8804645006951","발주가능","정상","0","2","104","7388","0","0","0","","NO","0.718"
"20260908","Food","Coffee & Tea","둥글레/옥수수/보리/결명자차","맥널티커피","FC","76230458","맥널티 진 보리차 1개 1kg","8804645007996","발주가능","정상","0","7","35","15209","0","0","0","","NO","0.606"
"20260908","Food","Coffee & Tea","드립백/티백","맥널티","FC","3067432","산지별 콜롬비아 슈프리모 핸드드립커피 7개입","8804645000324","발주가능","정상","96","8","131","3043","1","1","0","","NO","0.731"
"20260908","Food","Coffee & Tea","드립백/티백","맥널티","FC","10003518","케냐 AA 핸드드립 블렌드 24개입","8804645000720","발주가능","정상","60","11","170","6068","1","1","0","","NO","0.731"
"20260908","Food","Coffee & Tea","드립백/티백","맥널티커피","FC","3067429","산지별 브라질 세라도 NY2 핸드드립커피 7개입","8804645000300","발주가능","정상","24","2","44","2887","1","1","0","","NO","0.731"
"20260908","Food","Coffee & Tea","드립백/티백","맥널티커피","FC","3067430","산지별 케냐 AA 핸드드립커피 7개입","8804645000355","발주가능","정상","0","6","49","3062","0","0","0","","NO","0.731"
"20260908","Food","Coffee & Tea","드립백/티백","맥널티커피","FC","3067433","산지별 에티오피아 코케 허니 핸드드립커피 7개입","8804645000348","발주가능","정상","0","0","84","2910","0","0","0","","NO","0.731"
"20260908","Food","Coffee & Tea","드립백/티백","맥널티커피","FC","3067434","산지별 에티오피아 예가체프 핸드드립커피 7개입","8804645000331","발주가능","정상","0","2","107","3184","0","0","0","","NO","0.731"
"20260908","Food","Coffee & Tea","드립백/티백","맥널티커피","FC","10003517","콜롬비아 핸드드립 블렌드 24개입","8804645000713","발주가능","정상","0","23","88","5977","0","0","0","","NO","0.731"
"20260908","Food","Coffee & Tea","드립백/티백","맥널티커피","FC","23400108","맥널티 디카페인100% 핸드드립 원두커피 24개입","8804645005732","발주가능","정상","0","4","153","9395","0","0","0","","NO","0.731"
"20260908","Food","Coffee & Tea","드립백/티백","맥널티커피","FC","37713094","맥널티 핸드드립커피 케냐AA(더블에이) 36개입, 8g, 1개","8804645006616","발주가능","정상","24","6","55","11759","1","1","0","","NO","0.731"
"20260908","Food","Coffee & Tea","드립백/티백","맥널티커피","FC","37713095","맥널티 핸드드립커피 에티오피아 예가체프 36개입, 8g, 1개","8804645006623","발주가능","정상","12","1","35","10577","1","1","0","","NO","0.731"
"20260908","Food","Coffee & Tea","드립백/티백","맥널티커피","FC","41391235","맥널티 행복을주는커피 시그니처 블렌드 핸드드립 커피 20개입, 1개, 8g","8804645003653","발주가능","정상","0","9","53","6795","0","0","0","","NO","0.731"
"20260908","Food","Coffee & Tea","드립백/티백","맥널티커피","FC","62821923","맥널티 핸드드립 커피 에티오피아 예가체프 8g 24개입 1개","8804645006920","발주가능","정상","0","3","63","9679","0","0","0","","NO","0.731"
"20260908","Food","Coffee & Tea","드립백/티백","맥널티커피","FC","68147033","베니스브루 스페셜티 핸드드립 가향 커피 오렌지 벨벳, 1개, 7개입, 12g","8804645007712","발주가능","정상","0","1","10","5143","0","0","0","","NO","0.731"
"20260908","Food","Coffee & Tea","드립백/티백","맥널티커피","FC","68147034","베니스브루 스페셜티 핸드드립 가향 커피 쇼콜라 모카, 1개, 7개입, 12g","8804645007729","발주가능","정상","18","3","24","5143","1","1","0","","NO","0.731"
"20260908","Food","Coffee & Tea","드립백/티백","맥널티커피","FC","68777449","베니스브루 베리 블로썸 드립백 커피 12g 1개 7개입","8804645007705","발주가능","정상","6","1","15","5143","1","1","0","","NO","0.731"
"20260908","Food","Coffee & Tea","라떼분말","맥널티커피","FC","34834818","맥널티 스테비아 제로슈가 핫초코 라떼 30개입 15g","8804645006340","발주가능","정상","90","28","193","7500","0.5","0.5","0","","NO","0.580"
"20260908","Food","Coffee & Tea","라떼분말","맥널티커피","FC","51063548","스테비아 단백질 옥수수 크림 라떼, 1개, 20개입, 18g","8804645007330","발주가능","정상","0","0","8","5850","0","0","0","","NO","0.580"
"20260908","Food","Coffee & Tea","라떼분말","맥널티커피","FC","51164938","스테비아 단백질 고구마 크림 라떼, 1개, 20개입, 18g","8804645007347","발주가능","정상","0","0","26","5850","0","0","0","","NO","0.580"
"20260908","Food","Coffee & Tea","원두","N_A","FC","76443755","맥널티 브라질 세라도 NY.2 원두 1kg, 1개","8804645006425","발주가능","정상","0","5","255","17609","0","0","0","","NO","0.893"
"20260908","Food","Coffee & Tea","원두","맥널티커피","SFSPA3","45570","맥널티_헤이즐넛원두분쇄커피_226G","8804645100208","발주가능","정상","0","3","0","5000","0","0","0","","NO","0.893"
"20260908","Food","Coffee & Tea","원두","맥널티커피","SFJEJ2","45570","맥널티_헤이즐넛원두분쇄커피_226G","8804645100208","발주가능","정상","0","2","4","5000","0","0","0","","NO","0.893"
"20260908","Food","Coffee & Tea","원두","맥널티커피","FC","45570","맥널티_헤이즐넛원두분쇄커피_226G","8804645100208","발주가능","정상","0","85","429","5000","0","0","0","","NO","0.893"
"20260908","Food","Coffee & Tea","원두","맥널티커피","RC","45570","맥널티_헤이즐넛원두분쇄커피_226G","8804645100208","발주가능","정상","0","0","1112","5000","0","0","0","","NO","0.893"
"20260908","Food","Coffee & Tea","원두","맥널티커피","RC","45572","맥널티_헤이즐넛원두분쇄커피_500G","8804645100468","발주가능","정상","0","0","496","7960","0","0","0","","NO","0.893"
"20260908","Food","Coffee & Tea","원두","맥널티커피","FC","45572","맥널티_헤이즐넛원두분쇄커피_500G","8804645100468","발주가능","정상","0","59","539","7960","0","0","0","","NO","0.893"
"20260908","Food","Coffee & Tea","원두","맥널티커피","SFJEJ2","45572","맥널티_헤이즐넛원두분쇄커피_500G","8804645100468","발주가능","정상","0","1","2","7960","0","0","0","","NO","0.893"
"20260908","Food","Coffee & Tea","원두","맥널티커피","FC","45573","맥널티_블루마운틴스타일원두분쇄커피_500G","8804645100451","발주가능","정상","0","35","334","11091","1","1","0","","NO","0.893"
"20260908","Food","Coffee & Tea","원두","맥널티커피","RC","45573","맥널티_블루마운틴스타일원두분쇄커피_500G","8804645100451","발주가능","정상","640","0","640","11091","1","1","0","","NO","0.893"
"20260908","Food","Coffee & Tea","원두","맥널티커피","FC","5344648","맥널티 원두 에스프레소 블랙 1개, 1kg","8804645001239","발주불가","단종","0","0","1","9156","0","0","0","","YES","0.893"
"20260908","Food","Coffee & Tea","원두","맥널티커피","FC","10147177","맥널티 홀빈 블루마운틴 1000g","8804645006302","발주가능","정상","0","21","116","15715","0","0","0","","NO","0.893"
"20260908","Food","Coffee & Tea","원두","맥널티커피","FC","10147180","맥널티 행복을 주는 커피 헤이즐넛향 1kg 홀빈","8804645100185","발주가능","정상","0","18","202","15244","0","0","0","","NO","0.893"
"20260908","Food","Coffee & Tea","원두","맥널티커피","SFSPA3","10812901","맥널티 베트남 로부스타 원두커피 1kg","8804645003066","발주가능","정상","0","0","5","11700","0","0","0","","NO","0.893"
"20260908","Food","Coffee & Tea","원두","맥널티커피","RC","10812901","맥널티 베트남 로부스타 원두커피 1kg","8804645003066","발주가능","정상","0","0","400","11700","0","0","0","","NO","0.893"
"20260908","Food","Coffee & Tea","원두","맥널티커피","SFJEJ2","10812901","맥널티 베트남 로부스타 원두커피 1kg","8804645003066","발주가능","정상","0","0","2","11700","0","0","0","","NO","0.893"
"20260908","Food","Coffee & Tea","원두","맥널티커피","FC","10812901","맥널티 베트남 로부스타 원두커피 1kg","8804645003066","발주가능","정상","0","68","402","11700","0","0","0","","NO","0.893"
"20260908","Food","Coffee & Tea","원두","맥널티커피","FC","11849981","행복을 주는 커피 블루마운틴 블렌드 분쇄 원두 커피 1kg","8804645003486","발주가능","정상","0","23","112","16364","0","0","0","","NO","0.893"
"20260908","Food","Coffee & Tea","원두","맥널티커피","RC","12521866","맥널티 행복을 주는 커피 시그니처 헤이즐넛향 원두 커피 1Kg","8804645003493","발주가능","정상","0","0","216","16364","0","0","0","","YES","0.893"
"20260908","Food","Coffee & Tea","원두","맥널티커피","FC","12521866","맥널티 행복을 주는 커피 시그니처 헤이즐넛향 원두 커피 1Kg","8804645003493","발주가능","정상","0","26","198","16364","0","0","0","","YES","0.893"
"20260908","Food","Coffee & Tea","원두","맥널티커피","FC","13277718","맥널티 행복을 주는 커피 브라질 산토스 1kg","8804645003936","발주가능","정상","30","6","162","14091","0.375","0.375","0","","NO","0.893"
"20260908","Food","Coffee & Tea","원두","맥널티커피","FC","13277719","맥널티 행복을 주는 커피 콜롬비아 블렌드 1kg","8804645003929","발주가능","정상","100","37","520","15599","1","1","0","","NO","0.893"
"20260908","Food","Coffee & Tea","원두","맥널티커피","FC","37733154","맥널티 원두 홀빈(분쇄안함) 마일드 미디움 블렌드 200g, 1개","8804645005374","발주가능","정상","0","0","26","5791","0","0","0","","NO","0.893"
"20260908","Food","Coffee & Tea","원두","맥널티커피","FC","38710869","맥널티 홀빈 커피원두, 마일드 미디움 블렌드 1kg, 1개","8804645005329","발주가능","정상","0","0","20","16364","0","0","0","","NO","0.893"
"20260908","Food","Coffee & Tea","원두","맥널티커피","FC","38710870","맥널티 홀빈 커피원두, 콜롬비아 안데스 오리진 1kg, 1개","8804645005343","발주가능","정상","12","6","93","16364","1","1","0","","NO","0.893"
"20260908","Food","Coffee & Tea","원두","맥널티커피","FC","38710872","맥널티 홀빈 커피원두, 시그니처 블렌드 1kg, 1개","8804645005312","발주가능","정상","0","0","108","16364","0","0","0","","NO","0.893"
"20260908","Food","Coffee & Tea","원두","맥널티커피","FC","38813491","맥널티 홀빈 원두 1KG, 브라질 산토스 내추럴, 1개","8804645005350","발주가능","정상","0","13","194","11364","0","0","0","","NO","0.893"
"20260908","Food","Coffee & Tea","원두","맥널티커피","FC","38919334","맥널티 에티오피아 예가체프 홀빈 원두, 1kg, 1개","8804645006852","발주가능","정상","12","6","56","16364","1","1","0","","NO","0.893"
"20260908","Food","Coffee & Tea","원두","맥널티커피","FC","39616644","맥널티 예맨 모카 블렌드 커피 원두, 홀빈(분쇄안함), 500g, 1개","8804645006692","발주가능","정상","0","0","16","11400","0","0","0","","NO","0.893"
"20260908","Food","Coffee & Tea","원두","맥널티커피","FC","39616645","맥널티 시그니처 디카페인 커피 원두, 홀빈(분쇄안함), 500g, 1개","8804645006937","발주가능","정상","0","1","41","12545","0","0","0","","NO","0.893"
"20260908","Food","Coffee & Tea","원두","맥널티커피","FC","39616646","맥널티 게이샤 블렌드 커피 원두, 홀빈(분쇄안함), 500g, 1개","8804645006708","발주가능","정상","0","6","22","11400","0","0","0","","NO","0.893"
"20260908","Food","Coffee & Tea","원두","맥널티커피","FC","39616647","맥널티 하와이안 코나 블렌드 커피 원두, 홀빈(분쇄안함), 500g, 1개","8804645006685","발주가능","정상","0","5","65","11400","0","0","0","","NO","0.893"
"20260908","Food","Coffee & Tea","원두","맥널티커피","FC","48074657","맥널티 브라질 세라도 분쇄 원두 커피, 1개, 500g","8804645007262","발주가능","정상","0","7","79","9395","0","0","0","","NO","0.893"
"20260908","Food","Coffee & Tea","원두","맥널티커피","FC","48074658","맥널티 콜롬비아 안데스 분쇄 원두 커피, 1개, 500g","8804645007255","발주가능","정상","0","2","66","9986","0","0","0","","NO","0.893"
"20260908","Food","Coffee & Tea","원두","맥널티커피","FC","48074659","맥널티 에티오피아 예가체프 분쇄 원두 커피, 1개, 500g","8804645007231","발주가능","정상","0","14","74","9986","0","0","0","","NO","0.893"
"20260908","Food","Coffee & Tea","원두","맥널티커피","FC","58681130","콜롬비아 안데스 오리진 분쇄 커피 원두 1개 226g 핸드드립","8804645007552","발주가능","정상","0","0","39","7159","0","0","0","","NO","0.893"
"20260908","Food","Coffee & Tea","원두","맥널티커피","FC","58681131","브라질 산토스 오리진 분쇄 커피 원두, 226g, 1개, 핸드드립","8804645007545","발주가능","정상","8","6","26","7159","1","1","0","","NO","0.893"
"20260908","Food","Coffee & Tea","원두","맥널티커피","FC","58765769","게이샤 블렌드 분쇄 커피 원두, 1개, 226g, 핸드드립","8804645007514","발주가능","정상","0","1","22","7732","0","0","0","","NO","0.893"
"20260908","Food","Coffee & Tea","원두","맥널티커피","FC","58765770","디카페인 헤이즐넛향 분쇄 커피 원두, 1개, 226g, 핸드드립","8804645007538","발주가능","정상","32","16","91","8018","0.5714","0.5714","0","","NO","0.893"
"20260908","Food","Coffee & Tea","원두","맥널티커피","FC","58850533","하와이안 코나 블렌드 분쇄 커피 원두, 1개, 226g, 핸드드립","8804645007521","발주가능","정상","0","2","14","7732","0","0","0","","NO","0.893"
"20260908","Food","Coffee & Tea","원두","맥널티커피","FC","71777603","투비 다크 블랙 블렌드 홀빈 원두 커피, 1kg, 홀빈(분쇄안함), 1개","8804645007989","발주가능","정상","0","7","116","13115","0","0","0","","NO","0.893"
"20260908","Food","Coffee & Tea","원두","맥널티커피","FC","76697770","투비커피 너티초코 아메리카노 블렌드 홀빈 원두 커피, 1kg, 홀빈(분쇄안함), 1개","8804645008047","발주가능","정상","0","0","39","17125","0","0","0","","NO","0.893"
"20260908","Food","Coffee & Tea","원두커피믹스","맥널티","FC","10003529","아이브루 클래식 100T","8804645002465","발주불가","규격 외","0","0","1","6068","0","0","0","","NO","0.599"
"20260908","Food","Coffee & Tea","원두커피믹스","맥널티","FC","11019882","맥널티 아이브루 다크 블렌드 200T","8804645003219","발주가능","정상","24","3","67","13096","1","1","0","","NO","0.599"
"20260908","Food","Coffee & Tea","원두커피믹스","맥널티커피","FC","11019883","맥널티 아이브루 모카 블랙 200T","8804645003226","발주가능","정상","0","7","95","11687","0","0","0","","NO","0.599"
"20260908","Food","Coffee & Tea","원두커피믹스","맥널티커피","FC","13777565","맥널티 아이브루 모카블랙 70T","8804645003912","발주가능","정상","0","2","22","6519","0","0","0","","NO","0.599"
"20260908","Food","Coffee & Tea","원두커피믹스","맥널티커피","SFSPA3","15720531","콜롬비아 블랙 100개입","8804645002861","발주가능","정상","0","1","8","6345","0","0","0","","NO","0.599"
"20260908","Food","Coffee & Tea","원두커피믹스","맥널티커피","FC","15720531","콜롬비아 블랙 100개입","8804645002861","발주가능","정상","0","22","1191","6345","0","0","0","","NO","0.599"
"20260908","Food","Coffee & Tea","원두커피믹스","맥널티커피","SFJEJ2","15720531","콜롬비아 블랙 100개입","8804645002861","발주가능","정상","0","0","2","6345","0","0","0","","NO","0.599"
"20260908","Food","Coffee & Tea","원두커피믹스","맥널티커피","FC","26477367","맥널티 리얼 에스프레소샷 블랙 액상스틱커피 15mlx30개입","8804645006029","발주가능","정상","0","26","390","7388","0","0","0","","NO","0.599"
"20260908","Food","Coffee & Tea","원두커피믹스","맥널티커피","FC","62672352","맥널티 아이브루 플러스 스위트 블랙 원두커피믹스 80개입 2.8g","8804645007620","발주가능","정상","20","0","20","7961","1","1","0","","YES","0.599"
"20260908","Food","Coffee & Tea","원두커피믹스","맥널티커피","FC","67975031","호랭이 커피 오곡향 블랙, 1개, 20개입, 1g","8804645007781","발주가능","정상","80","24","369","2806","1","1","0","","NO","0.599"
"20260908","Food","Coffee & Tea","원두커피믹스","맥널티커피","FC","71629331","맥널티 갓성비 아메리카노 블랙커피, 1개, 100개입, 2g","8804645007873","발주가능","정상","360","42","932","8534","1","1","0","","NO","0.599"
"20260908","Food","Coffee & Tea","원두커피믹스","아이브루","FC","36903434","맥널티 아이브루 플러스 헤이즐넛 블랙커피 100개입","8804645006395","발주가능","정상","0","77","860","7623","0","0","0","","NO","0.599"
"20260908","Food","Coffee & Tea","원두커피믹스","아이브루","RC","36903434","맥널티 아이브루 플러스 헤이즐넛 블랙커피 100개입","8804645006395","발주가능","정상","0","0","505","7623","0","0","0","","NO","0.599"
"20260908","Food","Coffee & Tea","원두커피믹스","아이브루","SFJEJ2","36903434","맥널티 아이브루 플러스 헤이즐넛 블랙커피 100개입","8804645006395","발주가능","정상","0","0","1","7623","0","0","0","","NO","0.599"
"20260908","Food","Coffee & Tea","원두커피믹스","아이브루","FC","36903435","맥널티 아이브루 플러스 오리지널 블랙커피 100개입","8804645006388","발주불가","규격 외","0","0","384","7623","0","0","0","","NO","0.599"
"20260908","Food","Coffee & Tea","원두커피믹스","아이브루","FC","46534985","아이브루 플러스 디카페인 아메리카노 블랙커피, 1개, 80개입, 80g","8804645007118","발주가능","정상","0","23","118","7964","0","0","0","","NO","0.599"
"20260908","Food","Coffee & Tea","원두커피믹스","아이브루","FC","56760693","아이브루 플러스 디카페인 블랙커피 헤이즐넛향 (1g x 80개입), 1개","8804645007453","발주가능","정상","0","55","761","7961","0","0","0","","NO","0.599"
"20260908","Food","Coffee & Tea","원두커피믹스","아이브루","SFSPA3","56760693","아이브루 플러스 디카페인 블랙커피 헤이즐넛향 (1g x 80개입), 1개","8804645007453","발주가능","정상","0","0","8","7961","0","0","0","","NO","0.599"
"20260908","Food","Coffee & Tea","원두커피믹스","프라이빗클럽","FC","10837643","맥널티 병커피 헤이즐넛향 50gx10개","19311931309161","발주가능","정상","0","5","68","23000","0","0","0","","NO","0.599"
"20260908","Food","Coffee & Tea","원두커피믹스","프라이빗클럽","FC","12091997","Box_입소문난 아이리쉬 50G 10병","19311931311164","발주가능","정상","0","1","11","18625","0","0","0","","NO","0.599"
"20260908","Food","Coffee & Tea","원두커피믹스","프라이빗클럽","FC","52625820","맥널티 인스턴트 원두 병커피 에스프레소 블랙 50g 1개","9311931902167","발주가능","정상","80","59","226","3486","1","1","0","","NO","0.599"
"20260908","Food","Coffee & Tea","율무/견과차","맥널티","FC","64842417","티브루 호박팥차 진액 10ml 30개입 1개","8804645007675","발주가능","정상","0","53","761","5259","0","0","0","","NO","0.703"
"20260908","Food","Coffee & Tea","율무/견과차","맥널티","SFJEJ2","64842417","티브루 호박팥차 진액 10ml 30개입 1개","8804645007675","발주가능","정상","0","1","3","5259","0","0","0","","NO","0.703"
"20260908","Food","Coffee & Tea","율무/견과차","맥널티커피","FC","39149735","맥널티 스테비아 제로슈가 호두 아몬드 율무차, 1개, 30개입, 450g","8804645006906","발주가능","정상","0","14","51","6815","0","0","0","","NO","0.703"
"20260908","Food","Coffee & Tea","차세트","맥널티커피","FC","78654824","[2026 추석세트] 맥널티 스테비아 전통차 선물세트, 1세트, 율무차(30개) + 쌍화차(30개)","8804645008092","발주가능","정상","0","0","60","19091","0","0","0","","NO","0.900"
"20260908","Food","Coffee & Tea","커피믹스","맥널티커피","FC","45571","맥널티_ 자메이카 블루마운틴 블렌드_226G","8804645100215","발주가능","정상","0","75","855","5000","0","0","0","","NO","0.719"
"20260908","Food","Coffee & Tea","커피믹스","맥널티커피","RC","45571","맥널티_ 자메이카 블루마운틴 블렌드_226G","8804645100215","발주가능","정상","0","0","512","5000","0","0","0","","NO","0.719"
"20260908","Food","Coffee & Tea","커피믹스","맥널티커피","SFSPA3","45571","맥널티_ 자메이카 블루마운틴 블렌드_226G","8804645100215","발주가능","정상","0","0","8","5000","0","0","0","","NO","0.719"
"20260908","Food","Coffee & Tea","커피믹스","맥널티커피","FC","25240400","맥널티 스테비아 커피믹스 100개입","8804645006067","발주가능","정상","0","102","1079","12941","0","0","0","","NO","0.719"
"20260908","Food","Coffee & Tea","커피믹스","맥널티커피","SFJEJ2","25240400","맥널티 스테비아 커피믹스 100개입","8804645006067","발주가능","정상","0","1","0","12941","0","0","0","","NO","0.719"
"20260908","Food","Coffee & Tea","커피믹스","맥널티커피","RC","25240400","맥널티 스테비아 커피믹스 100개입","8804645006067","발주가능","정상","0","0","1440","12941","0","0","0","","NO","0.719"
"20260908","Food","Coffee & Tea","커피믹스","맥널티커피","FC","25240402","맥널티 스테비아 커피믹스 30개입","8804645006074","발주가능","정상","288","37","427","4827","1","1","0","","NO","0.719"
"20260908","Food","Coffee & Tea","커피믹스","맥널티커피","SFODD4","25240402","맥널티 스테비아 커피믹스 30개입","8804645006074","발주가능","정상","0","0","0","4827","1","1","0","","NO","0.719"
"20260908","Food","Coffee & Tea","커피믹스","맥널티커피","FC","29461862","맥널티 아메리카노 아이스 블랙 100개입","8804645006081","발주가능","정상","120","31","290","5850","1","1","0","","NO","0.719"
"20260908","Food","Coffee & Tea","커피믹스","맥널티커피","FC","38933766","맥널티커피 스테비아 디카페인 커피믹스, 1개, 100개입 9.5g","8804645006890","발주가능","정상","240","57","527","18850","1","1","0","","NO","0.719"
"20260908","Food","Coffee & Tea","커피믹스","맥널티커피","FC","40806729","맥널티 스테비아 디카페인 커피믹스, 1개, 30개입, 285g","8804645006777","발주가능","정상","0","24","519","7027","0","0","0","","NO","0.719"
"20260908","Food","Coffee & Tea","커피믹스","맥널티커피","FC","46730880","산양유 단백질 프로틴 스테비아 커피믹스, 1개, 30개입, 300g","8804645007194","발주가능","정상","0","7","41","6243","0","0","0","","NO","0.719"
"20260908","Food","Coffee & Tea","커피믹스","맥널티커피","FC","47303765","산양유 단백질 프로틴 스테비아 커피믹스, 1개, 100개입, 1000g","8804645007187","발주가능","정상","64","2","62","19988","1","1","0","","YES","0.719"
"20260908","Food","Coffee & Tea","커피믹스","맥널티커피","FC","56214466","맥널티커피 아이브루 바닐라 라떼,12g x 100개입(스틱), 1200g , 1개","8804645007460","발주가능","정상","16","8","147","12543","1","1","0","","NO","0.719"
"20260908","Food","Coffee & Tea","커피믹스","맥널티커피","FC","56214467","맥널티커피 아이브루 카라멜 마끼아또, 12g x 100개입(스틱), 1200g , 1개","8804645007484","발주가능","정상","32","8","129","12543","1","1","0","","NO","0.719"
"20260908","Food","Coffee & Tea","커피믹스","맥널티커피","FC","63447822","스테비아 커피믹스 헤이즐넛향 9.5g 30개입 1개","8804645007637","발주가능","정상","36","20","222","4827","1","1","0","","NO","0.719"
"20260908","Food","Coffee & Tea","커피믹스","맥널티커피","FC","64859139","맥널티 스테비아 솔티드 카라멜 커피믹스 10g 1개 30개입","8804645007668","발주가능","정상","0","5","134","5670","0","0","0","","NO","0.719"
"20260908","Food","Coffee & Tea","커피믹스","맥널티커피","FC","69526598","맥널티 갓성비 제로슈가 커피믹스, 1개, 80개입, 9g","8804645007842","발주가능","정상","0","27","390","8805","0","0","0","","NO","0.719"
"20260908","Food","Coffee & Tea","커피믹스","맥널티커피","RC","69526598","맥널티 갓성비 제로슈가 커피믹스, 1개, 80개입, 9g","8804645007842","발주가능","정상","0","0","64","8805","0","0","0","","NO","0.719"
"20260908","Food","Coffee & Tea","커피믹스","맥널티커피","FC","69634259","맥널티커피 스테비아 커피믹스 헤이즐넛향, 9.5g, 100개입, 1개","8804645007811","발주가능","정상","0","7","59","14261","0","0","0","","NO","0.719"
"20260908","Food","Coffee & Tea","커피믹스","맥널티커피","FC","71115721","호랭이 커피믹스 고소한 오곡향, 1개, 160개입, 9.5g","8804645007880","발주가능","정상","24","6","63","14261","0.5714","0.5714","0","","NO","0.719"
"20260908","Food","Coffee & Tea","커피믹스","맥널티커피","FC","71115722","호랭이 커피믹스 고소한 오곡향, 1개, 20개입, 9.5g","8804645007897","발주가능","정상","0","1","172","2806","0","0","0","","NO","0.719"
"20260908","Food","Coffee & Tea","커피믹스","아이브루","SFJEJ2","2341900","맥널티 iBrew 미니 헤이즐넛향 200개입(200g)","8804645000515","발주가능","정상","0","0","5","9917","0","0","0","","NO","0.719"
"20260908","Food","Coffee & Tea","커피믹스","아이브루","SFSPA3","2341900","맥널티 iBrew 미니 헤이즐넛향 200개입(200g)","8804645000515","발주가능","정상","0","0","9","9917","0","0","0","","NO","0.719"
"20260908","Food","Coffee & Tea","커피믹스","아이브루","SFODD2","2341900","맥널티 iBrew 미니 헤이즐넛향 200개입(200g)","8804645000515","발주가능","정상","0","0","2","9917","0","0","0","","NO","0.719"
"20260908","Food","Coffee & Tea","커피믹스","아이브루","RC","2341900","맥널티 iBrew 미니 헤이즐넛향 200개입(200g)","8804645000515","발주가능","정상","0","0","360","9917","0","0","0","","NO","0.719"
"20260908","Food","Coffee & Tea","커피믹스","아이브루","FC","2341900","맥널티 iBrew 미니 헤이즐넛향 200개입(200g)","8804645000515","발주가능","정상","0","60","741","9917","0","0","0","","NO","0.719"
"20260908","Food","Coffee & Tea","커피믹스","아이브루","FC","3067423","아이브루 헤이즐넛향 70개입","8804645000706","발주가능","정상","0","28","368","4025","0","0","0","","NO","0.719"
"20260908","Food","Coffee & Tea","커피믹스","아이브루","FC","3067424","아이브루 케냐AA 블렌드 70개입","8804645000690","발주가능","정상","16","3","62","6205","0.5","0.5","0","","NO","0.719"
"20260908","Food","Coffee & Tea","커피믹스","아이브루","FC","3067425","아이브루 예가체프 블렌드 70개입","8804645000683","발주가능","정상","0","1","25","6205","0","0","0","","NO","0.719"
"20260908","Food","Coffee & Tea","커피믹스","프라이빗클럽","FC","3067428","인스턴트 병커피 헤이즐넛향 50g","9311931105162","발주가능","정상","0","229","3809","2300","0","0","0","","NO","0.719"
"20260908","Food","Coffee & Tea","커피믹스","프라이빗클럽","SFSPA3","3067428","인스턴트 병커피 헤이즐넛향 50g","9311931105162","발주가능","정상","0","0","14","2300","0","0","0","","NO","0.719"
"20260908","Food","Coffee & Tea","커피세트","맥널티커피","FC","26870612","[2026 추석세트] 맥널티 핸드드립 버라이어티세트 30개입","8804645006258","발주가능","정상","0","10","626","9395","0","0","0","","NO","0.894"
"20260908","Food","Coffee & Tea","커피세트","맥널티커피","FC","54651094","인스턴트 원두 병커피 맥널티커피 선물세트 50g x 4개입(에스프레소 2병+헤이즐넛 2병), 1세트","8804645007408","발주가능","정상","0","0","0","15305","0","0","0","","YES","0.894"
"20260908","Food","Drinks","과일음료","맥널티커피","FC","24752132","청포도 에이드 190mL 10팩","8804645005893","발주가능","정상","0","18","760","3486","0","0","0","","NO","0.799"
"20260908","Food","Drinks","과일음료","맥널티커피","RC","24752132","청포도 에이드 190mL 10팩","8804645005893","발주가능","정상","0","0","273","3486","0","0","0","","NO","0.799"
"20260908","Food","Drinks","과일음료","맥널티커피","SFJEJ2","24752132","청포도 에이드 190mL 10팩","8804645005893","발주가능","정상","0","2","1","3486","0","0","0","","NO","0.799"
"20260908","Food","Drinks","과일음료","맥널티커피","FC","24752250","블루레몬 에이드 190mL 10팩","8804645005909","발주가능","정상","90","29","769","3486","1","1","0","","NO","0.799"
"20260908","Food","Drinks","과일음료","맥널티커피","FC","45580036","맥널티 청매실 에이드 190ml*10개입","8804645007071","발주가능","정상","0","30","189","3486","0","0","0","","NO","0.799"
"20260908","Food","Drinks","농축액(음료베이스)","맥널티","FC","51983601","물 한방울 섞이지 않은 김토끼 유기농 레몬즙, 10개, 20g","8804645007361","발주가능","정상","0","6","59","4077","0","0","0","","NO","0.694"
"20260908","Food","Drinks","농축액(음료베이스)","맥널티","FC","58338694","티브루 보리차 원액 간편 액상스틱 진액, 30개, 10ml","8804645007590","발주가능","정상","640","78","1780","5259","1","1","0","","NO","0.694"
"20260908","Food","Drinks","농축액(음료베이스)","맥널티","FC","58338695","티브루 옥수수수염차 원액 간편 액상스틱 진액, 30개, 10ml","8804645007606","발주가능","정상","112","45","1068","5259","1","1","0","","NO","0.694"
"20260908","Food","Drinks","농축액(음료베이스)","맥널티","SFJEJ2","58338696","티브루 헛개수 원액 간편 액상스틱 진액, 30개, 10ml","8804645007613","발주가능","정상","0","0","2","5259","1","1","0","","NO","0.694"
"20260908","Food","Drinks","농축액(음료베이스)","맥널티","SFSPA3","58338696","티브루 헛개수 원액 간편 액상스틱 진액, 30개, 10ml","8804645007613","발주가능","정상","0","0","5","5259","1","1","0","","NO","0.694"
"20260908","Food","Drinks","농축액(음료베이스)","맥널티","FC","58338696","티브루 헛개수 원액 간편 액상스틱 진액, 30개, 10ml","8804645007613","발주가능","정상","96","48","717","5259","1","1","0","","NO","0.694"
"20260908","Food","Drinks","농축액(음료베이스)","맥널티커피","FC","62882483","티브루 보리차 진액, 1개, 400g","8804645007651","발주가능","정상","0","7","153","7623","0","0","0","","NO","0.694"
"20260908","Food","Drinks","농축액(음료베이스)","맥널티커피","FC","71636537","맥널티 티브루 호박팥차 무라벨, 20개, 500ml","8804645007934","발주가능","정상","132","58","522","8795","1","1","0","","NO","0.694"
"20260908","Food","Drinks","야채음료","맥널티커피","FC","48914233","맥널티 유자 에이드 190ml 10개","8804645007217","발주가능","정상","0","9","327","3486","0","0","0","","NO","0.592"
"20260908","Food","Drinks","차음료","맥널티커피","RC","24752251","복숭아 아이스티 190mL 10팩","8804645005886","발주가능","정상","0","0","258","3486","0","0","0","","NO","0.690"
"20260908","Food","Drinks","차음료","맥널티커피","SFJEJ2","24752251","복숭아 아이스티 190mL 10팩","8804645005886","발주가능","정상","0","0","6","3486","0","0","0","","NO","0.690"
"20260908","Food","Drinks","차음료","맥널티커피","FC","24752251","복숭아 아이스티 190mL 10팩","8804645005886","발주가능","정상","0","25","403","3486","0","0","0","","NO","0.690"
"20260908","Food","Drinks","차음료","맥널티커피","FC","24944267","맥널티 허니자몽 블랙티 대용량 파우치 1Lx6입","18804645005951","발주가능","정상","0","1","73","10252","0","0","0","","NO","0.690"
"20260908","Food","Drinks","차음료","맥널티커피","FC","24944268","맥널티 복숭아 아이스티 대용량 파우치 1Lx6입","18804645005944","발주가능","정상","0","0","9","10252","0","0","0","","NO","0.690"
"20260908","Food","Drinks","차음료","맥널티커피","FC","26889711","맥널티 제로칼로리 복숭아 아이스티 500ml 24입","18804645006101","발주가능","정상","54","15","375","12205","1","1","0","","NO","0.690"
"20260908","Food","Drinks","차음료","맥널티커피","FC","36669698","제로 아이스티 복숭아, 30개입, 13g","8804645006791","발주가능","정상","0","4","84","5850","0","0","0","","NO","0.690"
"20260908","Food","Drinks","차음료","맥널티커피","FC","36829225","맥널티 제로칼로리 청포도 아이스티 500mlx24입,","18804645006538","발주가능","정상","20","2","35","12205","0.6667","0.6667","0","","NO","0.690"
"20260908","Food","Drinks","차음료","맥널티커피","FC","36829226","제로 아이스티 청포도, 30개입, 13g 1개","8804645006807","발주가능","정상","0","1","99","5850","0","0","0","","NO","0.690"
"20260908","Food","Drinks","차음료","맥널티커피","FC","36863185","맥널티 대용량 제로칼로리 복숭아 아이스티 1.5L 12개","18804645006736","일시중단","단종예정","0","0","0","17427","0","0","0","","YES","0.690"
"20260908","Food","Drinks","차음료","맥널티커피","FC","38262417","복숭아 아이스티 제로, 6개, 1L","18804645006873","발주가능","정상","0","3","49","10577","0","0","0","","NO","0.690"
"20260908","Food","Drinks","차음료","맥널티커피","FC","40520042","맥널티커피 복숭아 아이스티 제로 RTD, 30개, 240ml","18804645006835","발주가능","정상","0","5","352","8795","0","0","0","","NO","0.690"
"20260908","Food","Drinks","차음료","맥널티커피","SFSPA3","61673272","맥널티커피 복숭아 아이스티 제로, 1.5L, 1개","8804645006739","발주가능","정상","0","0","13","1364","1","1","0","","NO","0.690"
"20260908","Food","Drinks","차음료","맥널티커피","FC","61673272","맥널티커피 복숭아 아이스티 제로, 1.5L, 1개","8804645006739","발주가능","정상","0","242","1823","1364","1","1","0","","NO","0.690"
"20260908","Food","Drinks","차음료","맥널티커피","SFJEJ2","61673272","맥널티커피 복숭아 아이스티 제로, 1.5L, 1개","8804645006739","발주가능","정상","0","0","8","1364","1","1","0","","NO","0.690"
"20260908","Food","Drinks","차음료","맥널티커피","RC","61673272","맥널티커피 복숭아 아이스티 제로, 1.5L, 1개","8804645006739","발주가능","정상","624","0","1872","1364","1","1","0","","NO","0.690"
"20260908","Food","Drinks","차음료","맥널티커피","SFSPA3","73944650","맥널티 복숭아 아이스티 대용량 파우치, 1개, 2.1L","8804645007965","발주가능","정상","0","8","8","2413","1","1","0","","NO","0.690"
"20260908","Food","Drinks","차음료","맥널티커피","FC","73944650","맥널티 복숭아 아이스티 대용량 파우치, 1개, 2.1L","8804645007965","발주가능","정상","372","177","3058","2413","1","1","0","","NO","0.690"
"20260908","Food","Drinks","차음료","맥널티커피","SFJEJ2","73944650","맥널티 복숭아 아이스티 대용량 파우치, 1개, 2.1L","8804645007965","발주가능","정상","0","0","1","2413","1","1","0","","NO","0.690"
"20260908","Food","Drinks","차음료","맥널티커피","FC","75850021","맥널티 허니자몽 블랙티, 1L, 1개","8804645005954","발주가능","정상","78","24","338","1714","1","1","0","","NO","0.690"
"20260908","Food","Drinks","커피음료","맥널티커피","FC","24695530","아이스 헤이즐넛향 커피 190mL 10팩","8804645005879","발주가능","정상","0","23","348","3486","0","0","0","","NO","0.679"
"20260908","Food","Drinks","커피음료","맥널티커피","SFJEJ2","24695530","아이스 헤이즐넛향 커피 190mL 10팩","8804645005879","발주가능","정상","0","0","1","3486","0","0","0","","NO","0.679"
"20260908","Food","Drinks","커피음료","맥널티커피","RC","24695530","아이스 헤이즐넛향 커피 190mL 10팩","8804645005879","발주가능","정상","0","0","273","3486","0","0","0","","NO","0.679"
"20260908","Food","Drinks","커피음료","맥널티커피","SFJEJ2","24695531","아이스 아메리카노 스위트 190mL 10팩","8804645005862","발주가능","정상","0","0","0","3486","1","1","0","","NO","0.679"
"20260908","Food","Drinks","커피음료","맥널티커피","RC","24695531","아이스 아메리카노 스위트 190mL 10팩","8804645005862","발주가능","정상","546","0","819","3486","1","1","0","","NO","0.679"
"20260908","Food","Drinks","커피음료","맥널티커피","FC","24695531","아이스 아메리카노 스위트 190mL 10팩","8804645005862","발주가능","정상","0","28","222","3486","1","1","0","","NO","0.679"
"20260908","Food","Drinks","커피음료","맥널티커피","FC","24695532","아이스 아메리카노 블랙 190mL 10팩","8804645005855","발주가능","정상","0","73","220","3486","0","0","0","","NO","0.679"
"20260908","Food","Drinks","커피음료","맥널티커피","RC","24695532","아이스 아메리카노 블랙 190mL 10팩","8804645005855","발주가능","정상","0","0","273","3486","0","0","0","","NO","0.679"
"20260908","Food","Drinks","커피음료","맥널티커피","SFODD2","24695532","아이스 아메리카노 블랙 190mL 10팩","8804645005855","발주가능","정상","0","0","2","3486","0","0","0","","NO","0.679"
"20260908","Food","Drinks","커피음료","맥널티커피","FC","25484251","맥널티커피 아메리카노 스위트 1Lx6입","18804645005920","발주가능","정상","0","2","173","10252","0","0","0","","NO","0.679"
"20260908","Food","Drinks","커피음료","맥널티커피","FC","25484255","맥널티 아이스 아메리카노 블랙커피 대용량 파우치 1Lx6입","18804645005913","발주가능","정상","0","3","71","10252","0","0","0","","NO","0.679"
"20260908","Food","Drinks","커피음료","맥널티커피","FC","25484257","맥널티 아이스 헤이즐넛향 커피 대용량 파우치 1Lx6입","18804645005937","발주가능","정상","0","7","105","10252","0","0","0","","NO","0.679"
"20260908","Food","Drinks","커피음료","맥널티커피","FC","48466205","맥널티 대용량 제로슈가 스테비아 믹스커피 음료, 12개, 1L","18804645007290","발주가능","정상","0","13","120","17067","1","1","0","","NO","0.679"
"20260908","Food","Drinks","커피음료","맥널티커피","RC","48466205","맥널티 대용량 제로슈가 스테비아 믹스커피 음료, 12개, 1L","18804645007290","발주가능","정상","160","0","160","17067","1","1","0","","NO","0.679"
"20260908","Food","Drinks","커피음료","맥널티커피","FC","54922706","맥널티 대용량 제로슈가 스테비아 믹스커피 음료, 1L, 6개","8804645007323","발주가능","정상","0","89","1172","8805","0","0","0","","NO","0.679"
"20260908","Food","Drinks","커피음료","맥널티커피","FC","68778940","맥널티 아이브루 아메리카노 블랙커피 12개 1L","18804645007306","발주가능","정상","0","203","1265","12205","0","0","0","","NO","0.679"
"20260908","Food","Drinks","커피음료","맥널티커피","RC","68778940","맥널티 아이브루 아메리카노 블랙커피 12개 1L","18804645007306","발주가능","정상","0","0","1600","12205","0","0","0","","NO","0.679"
"20260908","Food","Drinks","커피음료","맥널티커피","RC","68778941","맥널티 아이브루 헤이즐넛향 블랙커피 12개 1L","18804645007504","발주가능","정상","0","0","160","11295","0","0","0","","NO","0.679"
"20260908","Food","Drinks","커피음료","맥널티커피","FC","68778941","맥널티 아이브루 헤이즐넛향 블랙커피 12개 1L","18804645007504","발주가능","정상","0","37","484","11295","0","0","0","","NO","0.679"
"20260908","Food","Drinks","커피음료","맥널티커피","RC","68778942","아이브루 아메리카노 블랙커피 무라벨 400ML 20개","8804645007491","발주가능","정상","0","0","910","12205","1","1","0","","NO","0.679"
"20260908","Food","Drinks","커피음료","맥널티커피","FC","68778942","아이브루 아메리카노 블랙커피 무라벨 400ML 20개","8804645007491","발주가능","정상","273","213","1366","12205","1","1","0","","NO","0.679"
"20260908","Food","Drinks","커피음료","맥널티커피","FC","73951791","맥널티 아이스 아메리카노 블랙 커피 대용량 파우치, 1개, 2.1L","8804645007958","발주가능","정상","160","445","6011","2413","1","1","0","","NO","0.679"
"20260908","Food","Drinks","커피음료","맥널티커피","RC","73951791","맥널티 아이스 아메리카노 블랙 커피 대용량 파우치, 1개, 2.1L","8804645007958","발주가능","정상","1600","0","9792","2413","1","1","0","","NO","0.679"
"20260908","Food","Drinks","커피음료","맥널티커피","SFSPA3","73951791","맥널티 아이스 아메리카노 블랙 커피 대용량 파우치, 1개, 2.1L","8804645007958","발주가능","정상","0","8","34","2413","1","1","0","","NO","0.679"
"20260908","Food","Drinks","커피음료","맥널티커피","SFJEJ2","73951791","맥널티 아이스 아메리카노 블랙 커피 대용량 파우치, 1개, 2.1L","8804645007958","발주가능","정상","0","2","24","2413","1","1","0","","NO","0.679"
"20260908","Food","Drinks","커피음료","맥널티커피","FC","75683093","맥널티 아이스 아메리카노 블랙 1리터, 1L, 1개","8804645005916","발주가능","정상","102","34","1292","1714","1","1","0","","NO","0.679"
"20260908","Food","Drinks","커피음료","맥널티커피","SFJEJ2","75683093","맥널티 아이스 아메리카노 블랙 1리터, 1L, 1개","8804645005916","발주가능","정상","0","0","1","1714","1","1","0","","NO","0.679"
"20260908","Food","Drinks","커피음료","맥널티커피","SFSPA3","75694561","맥널티커피 아이스 아메리카노 헤이즐넛, 1개, 1L","8804645005930","발주가능","정상","0","3","2","1714","1","1","0","","NO","0.679"
"20260908","Food","Drinks","커피음료","맥널티커피","SFJEJ2","75694561","맥널티커피 아이스 아메리카노 헤이즐넛, 1개, 1L","8804645005930","발주가능","정상","0","0","3","1714","1","1","0","","NO","0.679"
"20260908","Food","Drinks","커피음료","맥널티커피","FC","75694561","맥널티커피 아이스 아메리카노 헤이즐넛, 1개, 1L","8804645005930","발주가능","정상","120","76","1958","1714","1","1","0","","NO","0.679"
"20260908","Food","Drinks","커피음료","맥널티커피","SFSPA3","75765043","맥널티 아이스아메리카노 스위트, 1개, 1L","8804645005923","발주가능","정상","0","0","7","1714","1","1","0","","NO","0.679"
"20260908","Food","Drinks","커피음료","맥널티커피","FC","75765043","맥널티 아이스아메리카노 스위트, 1개, 1L","8804645005923","발주가능","정상","234","31","1952","1714","1","1","0","","NO","0.679"
"20260908","Food","Drinks","커피음료","맥널티커피","FC","76540319","맥널티 호랭이 마일드 라떼 캔커피, 30개, 175ml","18804645008013","발주가능","정상","0","110","1144","8523","0","0","0","","NO","0.679"
"20260908","Food","Drinks","커피음료","맥널티커피","RC","76540319","맥널티 호랭이 마일드 라떼 캔커피, 30개, 175ml","18804645008013","발주가능","정상","0","0","158","8523","0","0","0","","NO","0.679"
"20260908","Food","Drinks","커피음료","맥널티커피","FC","77572705","맥널티 아이스 아메리카노 헤이즐넛, 1개, 2.1L","8804645008030","발주가능","정상","144","34","128","2413","1","1","0","","YES","0.679"
"20260908","Food","Drinks","커피음료","아이브루","FC","70253954","아이브루 디카페인 아메리카노 블랙커피 무라벨, 20개, 400ml","8804645007903","발주가능","정상","182","56","730","13500","1","1","0","","NO","0.679"
"20260908","Food","Drinks","커피음료","아이브루","RC","70253954","아이브루 디카페인 아메리카노 블랙커피 무라벨, 20개, 400ml","8804645007903","발주가능","정상","0","0","455","13500","1","1","0","","NO","0.679"
"20260908","Kitchen","Tools & Gadgets","드립주전자/포트","맥널티커피","FC","15333511","맥널티 드립 주전자 350ml","8804645004490","발주가능","정상","11","1","10","5044","1","1","0","","YES","0.775"
"20260908","Kitchen","Tools & Gadgets","커피필터/여과지","맥널티","FC","12491225","맥널티 핸드드립 커피필터 30개입","8804645300950","발주가능","정상","0","47","1384","2642","0","0","0","","NO","0.525"
"20260907","CE","Kitchen Appliance","커피머신","맥널티커피","FC","31602405","맥널티 2in1 핫앤콜드 진공추출 커피메이커 MCM-065B MCM-065B","8804645006296","발주가능","정상","0","0","2","30859","0","0","0","","NO","0.786"
"20260907","Food","Coffee & Tea","기타전통차","맥널티커피","FC","39149736","맥널티 스테비아 침향 쌍화차, 1개, 30개입, 450g","8804645006913","발주가능","정상","0","0","98","8536","0","0","0","","NO","0.717"
"20260907","Food","Coffee & Tea","기타전통차","맥널티커피","FC","41175263","맥널티커피 스테비아 꿀 유자차, 1개, 30개입, 450g","8804645006951","발주가능","정상","0","2","106","7388","0","0","0","","NO","0.717"
"20260907","Food","Coffee & Tea","둥글레/옥수수/보리/결명자차","맥널티커피","FC","76230458","맥널티 진 보리차 1개 1kg","8804645007996","발주가능","정상","0","4","42","15209","0","0","0","","NO","0.607"
"20260907","Food","Coffee & Tea","드립백/티백","맥널티","FC","3067432","산지별 콜롬비아 슈프리모 핸드드립커피 7개입","8804645000324","발주가능","정상","0","5","43","3043","0","0","0","","NO","0.734"
"20260907","Food","Coffee & Tea","드립백/티백","맥널티","FC","10003518","케냐 AA 핸드드립 블렌드 24개입","8804645000720","발주가능","정상","0","4","121","6068","0","0","0","","NO","0.734"
"20260907","Food","Coffee & Tea","드립백/티백","맥널티커피","FC","3067429","산지별 브라질 세라도 NY2 핸드드립커피 7개입","8804645000300","발주가능","정상","0","0","22","2887","0","0","0","","NO","0.734"
"20260907","Food","Coffee & Tea","드립백/티백","맥널티커피","FC","3067430","산지별 케냐 AA 핸드드립커피 7개입","8804645000355","발주가능","정상","0","3","55","3062","0","0","0","","NO","0.734"
"20260907","Food","Coffee & Tea","드립백/티백","맥널티커피","FC","3067433","산지별 에티오피아 코케 허니 핸드드립커피 7개입","8804645000348","발주가능","정상","0","0","84","2910","0","0","0","","NO","0.734"
"20260907","Food","Coffee & Tea","드립백/티백","맥널티커피","FC","3067434","산지별 에티오피아 예가체프 핸드드립커피 7개입","8804645000331","발주가능","정상","0","9","109","3184","0","0","0","","NO","0.734"
"20260907","Food","Coffee & Tea","드립백/티백","맥널티커피","FC","10003517","콜롬비아 핸드드립 블렌드 24개입","8804645000713","발주가능","정상","0","40","112","5977","0","0","0","","NO","0.734"
"20260907","Food","Coffee & Tea","드립백/티백","맥널티커피","FC","23400108","맥널티 디카페인100% 핸드드립 원두커피 24개입","8804645005732","발주가능","정상","0","8","156","9395","0","0","0","","NO","0.734"
"20260907","Food","Coffee & Tea","드립백/티백","맥널티커피","FC","37713094","맥널티 핸드드립커피 케냐AA(더블에이) 36개입, 8g, 1개","8804645006616","발주가능","정상","0","6","37","11759","0","0","0","","NO","0.734"
"20260907","Food","Coffee & Tea","드립백/티백","맥널티커피","FC","37713095","맥널티 핸드드립커피 에티오피아 예가체프 36개입, 8g, 1개","8804645006623","발주가능","정상","0","2","24","10577","0","0","0","","NO","0.734"
"20260907","Food","Coffee & Tea","드립백/티백","맥널티커피","FC","41391235","맥널티 행복을주는커피 시그니처 블렌드 핸드드립 커피 20개입, 1개, 8g","8804645003653","발주가능","정상","0","11","62","6795","0","0","0","","NO","0.734"
"20260907","Food","Coffee & Tea","드립백/티백","맥널티커피","FC","62821923","맥널티 핸드드립 커피 에티오피아 예가체프 8g 24개입 1개","8804645006920","발주가능","정상","0","3","66","9679","0","0","0","","NO","0.734"
"20260907","Food","Coffee & Tea","드립백/티백","맥널티커피","FC","68147033","베니스브루 스페셜티 핸드드립 가향 커피 오렌지 벨벳, 1개, 7개입, 12g","8804645007712","발주가능","정상","0","1","11","5143","0","0","0","","NO","0.734"
"20260907","Food","Coffee & Tea","드립백/티백","맥널티커피","FC","68147034","베니스브루 스페셜티 핸드드립 가향 커피 쇼콜라 모카, 1개, 7개입, 12g","8804645007729","발주가능","정상","0","0","9","5143","0","0","0","","NO","0.734"
"20260907","Food","Coffee & Tea","드립백/티백","맥널티커피","FC","68777449","베니스브루 베리 블로썸 드립백 커피 12g 1개 7개입","8804645007705","발주가능","정상","0","0","10","5143","0","0","0","","NO","0.734"
"20260907","Food","Coffee & Tea","라떼분말","맥널티커피","FC","34834818","맥널티 스테비아 제로슈가 핫초코 라떼 30개입 15g","8804645006340","발주가능","정상","0","25","131","7500","0","0","0","","NO","0.578"
"20260907","Food","Coffee & Tea","라떼분말","맥널티커피","FC","51063548","스테비아 단백질 옥수수 크림 라떼, 1개, 20개입, 18g","8804645007330","발주가능","정상","0","2","8","5850","0","0","0","","NO","0.578"
"20260907","Food","Coffee & Tea","라떼분말","맥널티커피","FC","51164938","스테비아 단백질 고구마 크림 라떼, 1개, 20개입, 18g","8804645007347","발주가능","정상","0","1","26","5850","0","0","0","","NO","0.578"
"20260907","Food","Coffee & Tea","원두","N_A","FC","76443755","맥널티 브라질 세라도 NY.2 원두 1kg, 1개","8804645006425","발주가능","정상","0","4","260","17609","0","0","0","","NO","0.894"
"20260907","Food","Coffee & Tea","원두","맥널티커피","SFSPA3","45570","맥널티_헤이즐넛원두분쇄커피_226G","8804645100208","발주가능","정상","0","2","3","5000","0","0","0","","NO","0.894"
"20260907","Food","Coffee & Tea","원두","맥널티커피","FC","45570","맥널티_헤이즐넛원두분쇄커피_226G","8804645100208","발주가능","정상","0","110","474","5000","0","0","0","","NO","0.894"
"20260907","Food","Coffee & Tea","원두","맥널티커피","RC","45570","맥널티_헤이즐넛원두분쇄커피_226G","8804645100208","발주가능","정상","0","0","1152","5000","0","0","0","","NO","0.894"
"20260907","Food","Coffee & Tea","원두","맥널티커피","SFJEJ2","45570","맥널티_헤이즐넛원두분쇄커피_226G","8804645100208","발주가능","정상","0","0","6","5000","0","0","0","","NO","0.894"
"20260907","Food","Coffee & Tea","원두","맥널티커피","RC","45572","맥널티_헤이즐넛원두분쇄커피_500G","8804645100468","발주가능","정상","0","0","496","7960","0","0","0","","NO","0.894"
"20260907","Food","Coffee & Tea","원두","맥널티커피","SFJEJ2","45572","맥널티_헤이즐넛원두분쇄커피_500G","8804645100468","발주가능","정상","0","0","2","7960","0","0","0","","NO","0.894"
"20260907","Food","Coffee & Tea","원두","맥널티커피","FC","45572","맥널티_헤이즐넛원두분쇄커피_500G","8804645100468","발주가능","정상","0","65","599","7960","0","0","0","","NO","0.894"
"20260907","Food","Coffee & Tea","원두","맥널티커피","FC","45573","맥널티_블루마운틴스타일원두분쇄커피_500G","8804645100451","발주가능","정상","0","26","368","11091","0","0","0","","NO","0.894"
"20260907","Food","Coffee & Tea","원두","맥널티커피","FC","5344648","맥널티 원두 에스프레소 블랙 1개, 1kg","8804645001239","발주불가","단종","0","0","1","9156","0","0","0","","YES","0.894"
"20260907","Food","Coffee & Tea","원두","맥널티커피","FC","10147177","맥널티 홀빈 블루마운틴 1000g","8804645006302","발주가능","정상","0","17","135","15715","0","0","0","","NO","0.894"
"20260907","Food","Coffee & Tea","원두","맥널티커피","FC","10147180","맥널티 행복을 주는 커피 헤이즐넛향 1kg 홀빈","8804645100185","발주가능","정상","0","24","220","15244","0","0","0","","NO","0.894"
"20260907","Food","Coffee & Tea","원두","맥널티커피","SFJEJ2","10812901","맥널티 베트남 로부스타 원두커피 1kg","8804645003066","발주가능","정상","0","0","2","11700","0","0","0","","NO","0.894"
"20260907","Food","Coffee & Tea","원두","맥널티커피","FC","10812901","맥널티 베트남 로부스타 원두커피 1kg","8804645003066","발주가능","정상","0","28","466","11700","0","0","0","","NO","0.894"
"20260907","Food","Coffee & Tea","원두","맥널티커피","RC","10812901","맥널티 베트남 로부스타 원두커피 1kg","8804645003066","발주가능","정상","0","0","400","11700","0","0","0","","NO","0.894"
"20260907","Food","Coffee & Tea","원두","맥널티커피","SFSPA3","10812901","맥널티 베트남 로부스타 원두커피 1kg","8804645003066","발주가능","정상","0","2","5","11700","0","0","0","","NO","0.894"
"20260907","Food","Coffee & Tea","원두","맥널티커피","FC","11849981","행복을 주는 커피 블루마운틴 블렌드 분쇄 원두 커피 1kg","8804645003486","발주가능","정상","0","19","135","16364","0","0","0","","NO","0.894"
"20260907","Food","Coffee & Tea","원두","맥널티커피","FC","12521866","맥널티 행복을 주는 커피 시그니처 헤이즐넛향 원두 커피 1Kg","8804645003493","발주가능","정상","0","16","219","16364","0","0","0","","YES","0.894"
"20260907","Food","Coffee & Tea","원두","맥널티커피","RC","12521866","맥널티 행복을 주는 커피 시그니처 헤이즐넛향 원두 커피 1Kg","8804645003493","발주가능","정상","0","0","216","16364","0","0","0","","YES","0.894"
"20260907","Food","Coffee & Tea","원두","맥널티커피","FC","13277718","맥널티 행복을 주는 커피 브라질 산토스 1kg","8804645003936","발주가능","정상","0","13","137","14091","0","0","0","","NO","0.894"
"20260907","Food","Coffee & Tea","원두","맥널티커피","FC","13277719","맥널티 행복을 주는 커피 콜롬비아 블렌드 1kg","8804645003929","발주가능","정상","0","31","457","15599","0","0","0","","NO","0.894"
"20260907","Food","Coffee & Tea","원두","맥널티커피","FC","37733154","맥널티 원두 홀빈(분쇄안함) 마일드 미디움 블렌드 200g, 1개","8804645005374","발주가능","정상","0","2","26","5791","0","0","0","","NO","0.894"
"20260907","Food","Coffee & Tea","원두","맥널티커피","FC","38710869","맥널티 홀빈 커피원두, 마일드 미디움 블렌드 1kg, 1개","8804645005329","발주가능","정상","0","1","20","16364","0","0","0","","NO","0.894"
"20260907","Food","Coffee & Tea","원두","맥널티커피","FC","38710870","맥널티 홀빈 커피원두, 콜롬비아 안데스 오리진 1kg, 1개","8804645005343","발주가능","정상","0","1","87","16364","0","0","0","","NO","0.894"
"20260907","Food","Coffee & Tea","원두","맥널티커피","FC","38710872","맥널티 홀빈 커피원두, 시그니처 블렌드 1kg, 1개","8804645005312","발주가능","정상","0","1","108","16364","0","0","0","","NO","0.894"
"20260907","Food","Coffee & Tea","원두","맥널티커피","FC","38813491","맥널티 홀빈 원두 1KG, 브라질 산토스 내추럴, 1개","8804645005350","발주가능","정상","0","11","207","11364","0","0","0","","NO","0.894"
"20260907","Food","Coffee & Tea","원두","맥널티커피","FC","38919334","맥널티 에티오피아 예가체프 홀빈 원두, 1kg, 1개","8804645006852","발주가능","정상","0","8","50","16364","0","0","0","","NO","0.894"
"20260907","Food","Coffee & Tea","원두","맥널티커피","FC","39616644","맥널티 예맨 모카 블렌드 커피 원두, 홀빈(분쇄안함), 500g, 1개","8804645006692","발주가능","정상","0","0","16","11400","0","0","0","","NO","0.894"
"20260907","Food","Coffee & Tea","원두","맥널티커피","FC","39616645","맥널티 시그니처 디카페인 커피 원두, 홀빈(분쇄안함), 500g, 1개","8804645006937","발주가능","정상","0","3","42","12545","0","0","0","","NO","0.894"
"20260907","Food","Coffee & Tea","원두","맥널티커피","FC","39616646","맥널티 게이샤 블렌드 커피 원두, 홀빈(분쇄안함), 500g, 1개","8804645006708","발주가능","정상","0","4","28","11400","0","0","0","","NO","0.894"
"20260907","Food","Coffee & Tea","원두","맥널티커피","FC","39616647","맥널티 하와이안 코나 블렌드 커피 원두, 홀빈(분쇄안함), 500g, 1개","8804645006685","발주가능","정상","0","6","70","11400","0","0","0","","NO","0.894"
"20260907","Food","Coffee & Tea","원두","맥널티커피","FC","48074657","맥널티 브라질 세라도 분쇄 원두 커피, 1개, 500g","8804645007262","발주가능","정상","0","6","86","9395","0","0","0","","NO","0.894"
"20260907","Food","Coffee & Tea","원두","맥널티커피","FC","48074658","맥널티 콜롬비아 안데스 분쇄 원두 커피, 1개, 500g","8804645007255","발주가능","정상","0","9","68","9986","0","0","0","","NO","0.894"
"20260907","Food","Coffee & Tea","원두","맥널티커피","FC","48074659","맥널티 에티오피아 예가체프 분쇄 원두 커피, 1개, 500g","8804645007231","발주가능","정상","0","10","88","9986","0","0","0","","NO","0.894"
"20260907","Food","Coffee & Tea","원두","맥널티커피","FC","58681130","콜롬비아 안데스 오리진 분쇄 커피 원두 1개 226g 핸드드립","8804645007552","발주가능","정상","0","0","39","7159","0","0","0","","NO","0.894"
"20260907","Food","Coffee & Tea","원두","맥널티커피","FC","58681131","브라질 산토스 오리진 분쇄 커피 원두, 226g, 1개, 핸드드립","8804645007545","발주가능","정상","0","1","24","7159","0","0","0","","NO","0.894"
"20260907","Food","Coffee & Tea","원두","맥널티커피","FC","58765769","게이샤 블렌드 분쇄 커피 원두, 1개, 226g, 핸드드립","8804645007514","발주가능","정상","0","2","23","7732","0","0","0","","NO","0.894"
"20260907","Food","Coffee & Tea","원두","맥널티커피","FC","58765770","디카페인 헤이즐넛향 분쇄 커피 원두, 1개, 226g, 핸드드립","8804645007538","발주가능","정상","0","12","74","8018","0","0","0","","NO","0.894"
"20260907","Food","Coffee & Tea","원두","맥널티커피","FC","58850533","하와이안 코나 블렌드 분쇄 커피 원두, 1개, 226g, 핸드드립","8804645007521","발주가능","정상","0","1","16","7732","0","0","0","","NO","0.894"
"20260907","Food","Coffee & Tea","원두","맥널티커피","FC","71777603","투비 다크 블랙 블렌드 홀빈 원두 커피, 1kg, 홀빈(분쇄안함), 1개","8804645007989","발주가능","정상","0","8","123","13115","0","0","0","","NO","0.894"
"20260907","Food","Coffee & Tea","원두","맥널티커피","FC","76697770","투비커피 너티초코 아메리카노 블렌드 홀빈 원두 커피, 1kg, 홀빈(분쇄안함), 1개","8804645008047","발주가능","정상","0","0","39","17125","0","0","0","","NO","0.894"
"20260907","Food","Coffee & Tea","원두커피믹스","맥널티","FC","10003529","아이브루 클래식 100T","8804645002465","발주불가","규격 외","0","0","1","6068","0","0","0","","NO","0.597"
"20260907","Food","Coffee & Tea","원두커피믹스","맥널티","FC","11019882","맥널티 아이브루 다크 블렌드 200T","8804645003219","발주가능","정상","0","3","46","13096","0","0","0","","NO","0.597"
"20260907","Food","Coffee & Tea","원두커피믹스","맥널티커피","FC","11019883","맥널티 아이브루 모카 블랙 200T","8804645003226","발주가능","정상","0","10","102","11687","0","0","0","","NO","0.597"
"20260907","Food","Coffee & Tea","원두커피믹스","맥널티커피","FC","13777565","맥널티 아이브루 모카블랙 70T","8804645003912","발주가능","정상","0","0","25","6519","0","0","0","","NO","0.597"
"20260907","Food","Coffee & Tea","원두커피믹스","맥널티커피","SFJEJ2","15720531","콜롬비아 블랙 100개입","8804645002861","발주가능","정상","0","0","2","6345","0","0","0","","NO","0.597"
"20260907","Food","Coffee & Tea","원두커피믹스","맥널티커피","FC","15720531","콜롬비아 블랙 100개입","8804645002861","발주가능","정상","0","42","1218","6345","0","0","0","","NO","0.597"
"20260907","Food","Coffee & Tea","원두커피믹스","맥널티커피","SFSPA3","15720531","콜롬비아 블랙 100개입","8804645002861","발주가능","정상","0","0","2","6345","0","0","0","","NO","0.597"
"20260907","Food","Coffee & Tea","원두커피믹스","맥널티커피","FC","26477367","맥널티 리얼 에스프레소샷 블랙 액상스틱커피 15mlx30개입","8804645006029","발주가능","정상","0","54","416","7388","0","0","0","","NO","0.597"
"20260907","Food","Coffee & Tea","원두커피믹스","맥널티커피","FC","62672352","맥널티 아이브루 플러스 스위트 블랙 원두커피믹스 80개입 2.8g","8804645007620","발주가능","정상","0","3","0","7961","0","0","0","","YES","0.597"
"20260907","Food","Coffee & Tea","원두커피믹스","맥널티커피","FC","67975031","호랭이 커피 오곡향 블랙, 1개, 20개입, 1g","8804645007781","발주가능","정상","0","33","313","2806","0","0","0","","NO","0.597"
"20260907","Food","Coffee & Tea","원두커피믹스","맥널티커피","FC","71629331","맥널티 갓성비 아메리카노 블랙커피, 1개, 100개입, 2g","8804645007873","발주가능","정상","0","52","613","8534","0","0","0","","NO","0.597"
"20260907","Food","Coffee & Tea","원두커피믹스","아이브루","RC","36903434","맥널티 아이브루 플러스 헤이즐넛 블랙커피 100개입","8804645006395","발주가능","정상","0","0","505","7623","0","0","0","","NO","0.597"
"20260907","Food","Coffee & Tea","원두커피믹스","아이브루","SFJEJ2","36903434","맥널티 아이브루 플러스 헤이즐넛 블랙커피 100개입","8804645006395","발주가능","정상","0","1","0","7623","0","0","0","","NO","0.597"
"20260907","Food","Coffee & Tea","원두커피믹스","아이브루","FC","36903434","맥널티 아이브루 플러스 헤이즐넛 블랙커피 100개입","8804645006395","발주가능","정상","0","98","938","7623","0","0","0","","NO","0.597"
"20260907","Food","Coffee & Tea","원두커피믹스","아이브루","FC","36903435","맥널티 아이브루 플러스 오리지널 블랙커피 100개입","8804645006388","발주불가","규격 외","0","0","384","7623","0","0","0","","NO","0.597"
"20260907","Food","Coffee & Tea","원두커피믹스","아이브루","FC","46534985","아이브루 플러스 디카페인 아메리카노 블랙커피, 1개, 80개입, 80g","8804645007118","발주가능","정상","0","16","141","7964","0","0","0","","NO","0.597"
"20260907","Food","Coffee & Tea","원두커피믹스","아이브루","FC","56760693","아이브루 플러스 디카페인 블랙커피 헤이즐넛향 (1g x 80개입), 1개","8804645007453","발주가능","정상","0","57","824","7961","0","0","0","","NO","0.597"
"20260907","Food","Coffee & Tea","원두커피믹스","프라이빗클럽","FC","10837643","맥널티 병커피 헤이즐넛향 50gx10개","19311931309161","발주가능","정상","0","15","73","23000","0","0","0","","NO","0.597"
"20260907","Food","Coffee & Tea","원두커피믹스","프라이빗클럽","FC","12091997","Box_입소문난 아이리쉬 50G 10병","19311931311164","발주가능","정상","0","2","13","18625","0","0","0","","NO","0.597"
"20260907","Food","Coffee & Tea","원두커피믹스","프라이빗클럽","FC","52625820","맥널티 인스턴트 원두 병커피 에스프레소 블랙 50g 1개","9311931902167","발주가능","정상","0","32","200","3486","0","0","0","","NO","0.597"
"20260907","Food","Coffee & Tea","율무/견과차","맥널티","SFJEJ2","64842417","티브루 호박팥차 진액 10ml 30개입 1개","8804645007675","발주가능","정상","0","4","4","5259","0","0","0","","NO","0.704"
"20260907","Food","Coffee & Tea","율무/견과차","맥널티","FC","64842417","티브루 호박팥차 진액 10ml 30개입 1개","8804645007675","발주가능","정상","0","64","814","5259","0","0","0","","NO","0.704"
"20260907","Food","Coffee & Tea","율무/견과차","맥널티커피","FC","39149735","맥널티 스테비아 제로슈가 호두 아몬드 율무차, 1개, 30개입, 450g","8804645006906","발주가능","정상","0","6","64","6815","0","0","0","","NO","0.704"
"20260907","Food","Coffee & Tea","차세트","맥널티커피","FC","78654824","[2026 추석세트] 맥널티 스테비아 전통차 선물세트, 1세트, 율무차(30개) + 쌍화차(30개)","8804645008092","발주가능","정상","0","0","60","19091","0","0","0","","NO","0.899"
"20260907","Food","Coffee & Tea","커피믹스","맥널티커피","RC","45571","맥널티_ 자메이카 블루마운틴 블렌드_226G","8804645100215","발주가능","정상","0","0","512","5000","0","0","0","","NO","0.724"
"20260907","Food","Coffee & Tea","커피믹스","맥널티커피","FC","45571","맥널티_ 자메이카 블루마운틴 블렌드_226G","8804645100215","발주가능","정상","0","90","928","5000","0","0","0","","NO","0.724"
"20260907","Food","Coffee & Tea","커피믹스","맥널티커피","SFSPA3","45571","맥널티_ 자메이카 블루마운틴 블렌드_226G","8804645100215","발주가능","정상","0","0","8","5000","0","0","0","","NO","0.724"
"20260907","Food","Coffee & Tea","커피믹스","맥널티커피","SFJEJ2","25240400","맥널티 스테비아 커피믹스 100개입","8804645006067","발주가능","정상","0","0","1","12941","0","0","0","","NO","0.724"
"20260907","Food","Coffee & Tea","커피믹스","맥널티커피","FC","25240400","맥널티 스테비아 커피믹스 100개입","8804645006067","발주가능","정상","0","128","1184","12941","0","0","0","","NO","0.724"
"20260907","Food","Coffee & Tea","커피믹스","맥널티커피","RC","25240400","맥널티 스테비아 커피믹스 100개입","8804645006067","발주가능","정상","0","0","1440","12941","0","0","0","","NO","0.724"
"20260907","Food","Coffee & Tea","커피믹스","맥널티커피","SFODD4","25240402","맥널티 스테비아 커피믹스 30개입","8804645006074","발주가능","정상","0","0","0","4827","0","0","0","","NO","0.724"
"20260907","Food","Coffee & Tea","커피믹스","맥널티커피","FC","25240402","맥널티 스테비아 커피믹스 30개입","8804645006074","발주가능","정상","0","29","176","4827","0","0","0","","NO","0.724"
"20260907","Food","Coffee & Tea","커피믹스","맥널티커피","FC","29461862","맥널티 아메리카노 아이스 블랙 100개입","8804645006081","발주가능","정상","0","27","200","5850","0","0","0","","NO","0.724"
"20260907","Food","Coffee & Tea","커피믹스","맥널티커피","FC","38933766","맥널티커피 스테비아 디카페인 커피믹스, 1개, 100개입 9.5g","8804645006890","발주가능","정상","0","43","344","18850","0","0","0","","NO","0.724"
"20260907","Food","Coffee & Tea","커피믹스","맥널티커피","FC","40806729","맥널티 스테비아 디카페인 커피믹스, 1개, 30개입, 285g","8804645006777","발주가능","정상","0","24","543","7027","0","0","0","","NO","0.724"
"20260907","Food","Coffee & Tea","커피믹스","맥널티커피","FC","46730880","산양유 단백질 프로틴 스테비아 커피믹스, 1개, 30개입, 300g","8804645007194","발주가능","정상","0","7","48","6243","0","0","0","","NO","0.724"
"20260907","Food","Coffee & Tea","커피믹스","맥널티커피","FC","47303765","산양유 단백질 프로틴 스테비아 커피믹스, 1개, 100개입, 1000g","8804645007187","발주가능","정상","0","9","0","19988","0","0","0","","YES","0.724"
"20260907","Food","Coffee & Tea","커피믹스","맥널티커피","FC","56214466","맥널티커피 아이브루 바닐라 라떼,12g x 100개입(스틱), 1200g , 1개","8804645007460","발주가능","정상","0","11","137","12543","0","0","0","","NO","0.724"
"20260907","Food","Coffee & Tea","커피믹스","맥널티커피","FC","56214467","맥널티커피 아이브루 카라멜 마끼아또, 12g x 100개입(스틱), 1200g , 1개","8804645007484","발주가능","정상","0","14","105","12543","0","0","0","","NO","0.724"
"20260907","Food","Coffee & Tea","커피믹스","맥널티커피","FC","63447822","스테비아 커피믹스 헤이즐넛향 9.5g 30개입 1개","8804645007637","발주가능","정상","0","8","206","4827","0","0","0","","NO","0.724"
"20260907","Food","Coffee & Tea","커피믹스","맥널티커피","FC","64859139","맥널티 스테비아 솔티드 카라멜 커피믹스 10g 1개 30개입","8804645007668","발주가능","정상","0","11","139","5670","0","0","0","","NO","0.724"
"20260907","Food","Coffee & Tea","커피믹스","맥널티커피","RC","69526598","맥널티 갓성비 제로슈가 커피믹스, 1개, 80개입, 9g","8804645007842","발주가능","정상","0","0","64","8805","0","0","0","","NO","0.724"
"20260907","Food","Coffee & Tea","커피믹스","맥널티커피","FC","69526598","맥널티 갓성비 제로슈가 커피믹스, 1개, 80개입, 9g","8804645007842","발주가능","정상","0","38","418","8805","0","0","0","","NO","0.724"
"20260907","Food","Coffee & Tea","커피믹스","맥널티커피","FC","69634259","맥널티커피 스테비아 커피믹스 헤이즐넛향, 9.5g, 100개입, 1개","8804645007811","발주가능","정상","0","3","66","14261","0","0","0","","NO","0.724"
"20260907","Food","Coffee & Tea","커피믹스","맥널티커피","FC","71115721","호랭이 커피믹스 고소한 오곡향, 1개, 160개입, 9.5g","8804645007880","발주가능","정상","0","8","45","14261","0","0","0","","NO","0.724"
"20260907","Food","Coffee & Tea","커피믹스","맥널티커피","FC","71115722","호랭이 커피믹스 고소한 오곡향, 1개, 20개입, 9.5g","8804645007897","발주가능","정상","0","4","173","2806","0","0","0","","NO","0.724"
"20260907","Food","Coffee & Tea","커피믹스","아이브루","SFODD2","2341900","맥널티 iBrew 미니 헤이즐넛향 200개입(200g)","8804645000515","발주가능","정상","0","0","2","9917","0","0","0","","NO","0.724"
"20260907","Food","Coffee & Tea","커피믹스","아이브루","RC","2341900","맥널티 iBrew 미니 헤이즐넛향 200개입(200g)","8804645000515","발주가능","정상","0","0","360","9917","0","0","0","","NO","0.724"
"20260907","Food","Coffee & Tea","커피믹스","아이브루","FC","2341900","맥널티 iBrew 미니 헤이즐넛향 200개입(200g)","8804645000515","발주가능","정상","0","53","799","9917","0","0","0","","NO","0.724"
"20260907","Food","Coffee & Tea","커피믹스","아이브루","SFSPA3","2341900","맥널티 iBrew 미니 헤이즐넛향 200개입(200g)","8804645000515","발주가능","정상","0","1","9","9917","0","0","0","","NO","0.724"
"20260907","Food","Coffee & Tea","커피믹스","아이브루","SFJEJ2","2341900","맥널티 iBrew 미니 헤이즐넛향 200개입(200g)","8804645000515","발주가능","정상","0","0","5","9917","0","0","0","","NO","0.724"
"20260907","Food","Coffee & Tea","커피믹스","아이브루","FC","3067423","아이브루 헤이즐넛향 70개입","8804645000706","발주가능","정상","0","18","395","4025","0","0","0","","NO","0.724"
"20260907","Food","Coffee & Tea","커피믹스","아이브루","FC","3067424","아이브루 케냐AA 블렌드 70개입","8804645000690","발주가능","정상","0","1","49","6205","0","0","0","","NO","0.724"
"20260907","Food","Coffee & Tea","커피믹스","아이브루","FC","3067425","아이브루 예가체프 블렌드 70개입","8804645000683","발주가능","정상","0","0","26","6205","0","0","0","","NO","0.724"
"20260907","Food","Coffee & Tea","커피믹스","프라이빗클럽","FC","3067428","인스턴트 병커피 헤이즐넛향 50g","9311931105162","발주가능","정상","0","206","4041","2300","0","0","0","","NO","0.724"
"20260907","Food","Coffee & Tea","커피세트","맥널티커피","FC","26870612","[2026 추석세트] 맥널티 핸드드립 버라이어티세트 30개입","8804645006258","발주가능","정상","0","28","636","9395","0","0","0","","NO","0.892"
"20260907","Food","Coffee & Tea","커피세트","맥널티커피","FC","54651094","인스턴트 원두 병커피 맥널티커피 선물세트 50g x 4개입(에스프레소 2병+헤이즐넛 2병), 1세트","8804645007408","발주가능","정상","0","0","0","15305","0","0","0","","YES","0.892"
"20260907","Food","Drinks","과일음료","맥널티커피","SFJEJ2","24752132","청포도 에이드 190mL 10팩","8804645005893","발주가능","정상","0","0","3","3486","0","0","0","","NO","0.799"
"20260907","Food","Drinks","과일음료","맥널티커피","FC","24752132","청포도 에이드 190mL 10팩","8804645005893","발주가능","정상","0","36","776","3486","0","0","0","","NO","0.799"
"20260907","Food","Drinks","과일음료","맥널티커피","RC","24752132","청포도 에이드 190mL 10팩","8804645005893","발주가능","정상","0","0","273","3486","0","0","0","","NO","0.799"
"20260907","Food","Drinks","과일음료","맥널티커피","FC","24752250","블루레몬 에이드 190mL 10팩","8804645005909","발주가능","정상","0","32","708","3486","0","0","0","","NO","0.799"
"20260907","Food","Drinks","과일음료","맥널티커피","FC","45580036","맥널티 청매실 에이드 190ml*10개입","8804645007071","발주가능","정상","0","19","219","3486","0","0","0","","NO","0.799"
"20260907","Food","Drinks","농축액(음료베이스)","맥널티","FC","51983601","물 한방울 섞이지 않은 김토끼 유기농 레몬즙, 10개, 20g","8804645007361","발주가능","정상","0","0","65","4077","0","0","0","","NO","0.692"
"20260907","Food","Drinks","농축액(음료베이스)","맥널티","SFJEJ2","58338694","티브루 보리차 원액 간편 액상스틱 진액, 30개, 10ml","8804645007590","발주가능","정상","0","1","0","5259","0","0","0","","NO","0.692"
"20260907","Food","Drinks","농축액(음료베이스)","맥널티","FC","58338694","티브루 보리차 원액 간편 액상스틱 진액, 30개, 10ml","8804645007590","발주가능","정상","0","63","1219","5259","0","0","0","","NO","0.692"
"20260907","Food","Drinks","농축액(음료베이스)","맥널티","FC","58338695","티브루 옥수수수염차 원액 간편 액상스틱 진액, 30개, 10ml","8804645007606","발주가능","정상","0","32","999","5259","0","0","0","","NO","0.692"
"20260907","Food","Drinks","농축액(음료베이스)","맥널티","FC","58338696","티브루 헛개수 원액 간편 액상스틱 진액, 30개, 10ml","8804645007613","발주가능","정상","0","52","674","5259","0","0","0","","NO","0.692"
"20260907","Food","Drinks","농축액(음료베이스)","맥널티","SFJEJ2","58338696","티브루 헛개수 원액 간편 액상스틱 진액, 30개, 10ml","8804645007613","발주가능","정상","0","1","2","5259","0","0","0","","NO","0.692"
"20260907","Food","Drinks","농축액(음료베이스)","맥널티커피","FC","62882483","티브루 보리차 진액, 1개, 400g","8804645007651","발주가능","정상","0","5","160","7623","0","0","0","","NO","0.692"
"20260907","Food","Drinks","농축액(음료베이스)","맥널티커피","FC","71636537","맥널티 티브루 호박팥차 무라벨, 20개, 500ml","8804645007934","발주가능","정상","0","55","448","8795","0","0","0","","NO","0.692"
"20260907","Food","Drinks","야채음료","맥널티커피","FC","48914233","맥널티 유자 에이드 190ml 10개","8804645007217","발주가능","정상","0","6","336","3486","0","0","0","","NO","0.590"
"20260907","Food","Drinks","차음료","맥널티커피","FC","24752251","복숭아 아이스티 190mL 10팩","8804645005886","발주가능","정상","0","49","428","3486","0","0","0","","NO","0.688"
"20260907","Food","Drinks","차음료","맥널티커피","RC","24752251","복숭아 아이스티 190mL 10팩","8804645005886","발주가능","정상","0","0","258","3486","0","0","0","","NO","0.688"
"20260907","Food","Drinks","차음료","맥널티커피","SFJEJ2","24752251","복숭아 아이스티 190mL 10팩","8804645005886","발주가능","정상","0","0","6","3486","0","0","0","","NO","0.688"
"20260907","Food","Drinks","차음료","맥널티커피","FC","24944267","맥널티 허니자몽 블랙티 대용량 파우치 1Lx6입","18804645005951","발주가능","정상","0","0","74","10252","0","0","0","","NO","0.688"
"20260907","Food","Drinks","차음료","맥널티커피","FC","24944268","맥널티 복숭아 아이스티 대용량 파우치 1Lx6입","18804645005944","발주가능","정상","0","1","9","10252","0","0","0","","NO","0.688"
"20260907","Food","Drinks","차음료","맥널티커피","FC","26889711","맥널티 제로칼로리 복숭아 아이스티 500ml 24입","18804645006101","발주가능","정상","0","9","336","12205","0","0","0","","NO","0.688"
"20260907","Food","Drinks","차음료","맥널티커피","FC","36669698","제로 아이스티 복숭아, 30개입, 13g","8804645006791","발주가능","정상","0","8","87","5850","0","0","0","","NO","0.688"
"20260907","Food","Drinks","차음료","맥널티커피","FC","36829225","맥널티 제로칼로리 청포도 아이스티 500mlx24입,","18804645006538","발주가능","정상","0","7","17","12205","0","0","0","","NO","0.688"
"20260907","Food","Drinks","차음료","맥널티커피","FC","36829226","제로 아이스티 청포도, 30개입, 13g 1개","8804645006807","발주가능","정상","0","6","100","5850","0","0","0","","NO","0.688"
"20260907","Food","Drinks","차음료","맥널티커피","FC","36863185","맥널티 대용량 제로칼로리 복숭아 아이스티 1.5L 12개","18804645006736","일시중단","단종예정","0","0","0","17427","0","0","0","","YES","0.688"
"20260907","Food","Drinks","차음료","맥널티커피","FC","38262417","복숭아 아이스티 제로, 6개, 1L","18804645006873","발주가능","정상","0","0","52","10577","0","0","0","","NO","0.688"
"20260907","Food","Drinks","차음료","맥널티커피","FC","40520042","맥널티커피 복숭아 아이스티 제로 RTD, 30개, 240ml","18804645006835","발주가능","정상","0","5","357","8795","0","0","0","","NO","0.688"
"20260907","Food","Drinks","차음료","맥널티커피","FC","61673272","맥널티커피 복숭아 아이스티 제로, 1.5L, 1개","8804645006739","발주가능","정상","0","157","2069","1364","0","0","0","","NO","0.688"
"20260907","Food","Drinks","차음료","맥널티커피","SFJEJ2","61673272","맥널티커피 복숭아 아이스티 제로, 1.5L, 1개","8804645006739","발주가능","정상","0","2","8","1364","0","0","0","","NO","0.688"
"20260907","Food","Drinks","차음료","맥널티커피","SFSPA3","61673272","맥널티커피 복숭아 아이스티 제로, 1.5L, 1개","8804645006739","발주가능","정상","0","0","1","1364","0","0","0","","NO","0.688"
"20260907","Food","Drinks","차음료","맥널티커피","RC","61673272","맥널티커피 복숭아 아이스티 제로, 1.5L, 1개","8804645006739","발주가능","정상","0","0","1248","1364","0","0","0","","NO","0.688"
"20260907","Food","Drinks","차음료","맥널티커피","FC","73944650","맥널티 복숭아 아이스티 대용량 파우치, 1개, 2.1L","8804645007965","발주가능","정상","0","190","2858","2413","0","0","0","","NO","0.688"
"20260907","Food","Drinks","차음료","맥널티커피","SFJEJ2","73944650","맥널티 복숭아 아이스티 대용량 파우치, 1개, 2.1L","8804645007965","발주가능","정상","0","1","1","2413","0","0","0","","NO","0.688"
"20260907","Food","Drinks","차음료","맥널티커피","SFSPA3","73944650","맥널티 복숭아 아이스티 대용량 파우치, 1개, 2.1L","8804645007965","발주가능","정상","0","0","16","2413","0","0","0","","NO","0.688"
"20260907","Food","Drinks","차음료","맥널티커피","FC","75850021","맥널티 허니자몽 블랙티, 1L, 1개","8804645005954","발주가능","정상","0","25","284","1714","0","0","0","","NO","0.688"
"20260907","Food","Drinks","커피음료","맥널티커피","FC","24695530","아이스 헤이즐넛향 커피 190mL 10팩","8804645005879","발주가능","정상","0","37","99","3486","0","0","0","","NO","0.685"
"20260907","Food","Drinks","커피음료","맥널티커피","RC","24695530","아이스 헤이즐넛향 커피 190mL 10팩","8804645005879","발주가능","정상","0","0","546","3486","0","0","0","","NO","0.685"
"20260907","Food","Drinks","커피음료","맥널티커피","SFJEJ2","24695530","아이스 헤이즐넛향 커피 190mL 10팩","8804645005879","발주가능","정상","0","0","1","3486","0","0","0","","NO","0.685"
"20260907","Food","Drinks","커피음료","맥널티커피","FC","24695531","아이스 아메리카노 스위트 190mL 10팩","8804645005862","발주가능","정상","0","39","250","3486","0","0","0","","NO","0.685"
"20260907","Food","Drinks","커피음료","맥널티커피","SFJEJ2","24695531","아이스 아메리카노 스위트 190mL 10팩","8804645005862","발주가능","정상","0","0","0","3486","0","0","0","","NO","0.685"
"20260907","Food","Drinks","커피음료","맥널티커피","RC","24695531","아이스 아메리카노 스위트 190mL 10팩","8804645005862","발주가능","정상","0","0","273","3486","0","0","0","","NO","0.685"
"20260907","Food","Drinks","커피음료","맥널티커피","RC","24695532","아이스 아메리카노 블랙 190mL 10팩","8804645005855","발주가능","정상","0","0","273","3486","0","0","0","","NO","0.685"
"20260907","Food","Drinks","커피음료","맥널티커피","FC","24695532","아이스 아메리카노 블랙 190mL 10팩","8804645005855","발주가능","정상","0","59","293","3486","0","0","0","","NO","0.685"
"20260907","Food","Drinks","커피음료","맥널티커피","SFODD2","24695532","아이스 아메리카노 블랙 190mL 10팩","8804645005855","발주가능","정상","0","0","2","3486","0","0","0","","NO","0.685"
"20260907","Food","Drinks","커피음료","맥널티커피","FC","25484251","맥널티커피 아메리카노 스위트 1Lx6입","18804645005920","발주가능","정상","0","0","175","10252","0","0","0","","NO","0.685"
"20260907","Food","Drinks","커피음료","맥널티커피","FC","25484255","맥널티 아이스 아메리카노 블랙커피 대용량 파우치 1Lx6입","18804645005913","발주가능","정상","0","3","74","10252","0","0","0","","NO","0.685"
"20260907","Food","Drinks","커피음료","맥널티커피","FC","25484257","맥널티 아이스 헤이즐넛향 커피 대용량 파우치 1Lx6입","18804645005937","발주가능","정상","0","7","112","10252","0","0","0","","NO","0.685"
"20260907","Food","Drinks","커피음료","맥널티커피","FC","48466205","맥널티 대용량 제로슈가 스테비아 믹스커피 음료, 12개, 1L","18804645007290","발주가능","정상","0","18","132","17067","0","0","0","","NO","0.685"
"20260907","Food","Drinks","커피음료","맥널티커피","FC","54922706","맥널티 대용량 제로슈가 스테비아 믹스커피 음료, 1L, 6개","8804645007323","발주가능","정상","0","60","1261","8805","0","0","0","","NO","0.685"
"20260907","Food","Drinks","커피음료","맥널티커피","FC","68778940","맥널티 아이브루 아메리카노 블랙커피 12개 1L","18804645007306","발주가능","정상","0","283","1307","12205","0","0","0","","NO","0.685"
"20260907","Food","Drinks","커피음료","맥널티커피","RC","68778940","맥널티 아이브루 아메리카노 블랙커피 12개 1L","18804645007306","발주가능","정상","0","0","1760","12205","0","0","0","","NO","0.685"
"20260907","Food","Drinks","커피음료","맥널티커피","FC","68778941","맥널티 아이브루 헤이즐넛향 블랙커피 12개 1L","18804645007504","발주가능","정상","0","46","520","11295","0","0","0","","NO","0.685"
"20260907","Food","Drinks","커피음료","맥널티커피","RC","68778941","맥널티 아이브루 헤이즐넛향 블랙커피 12개 1L","18804645007504","발주가능","정상","0","0","160","11295","0","0","0","","NO","0.685"
"20260907","Food","Drinks","커피음료","맥널티커피","FC","68778942","아이브루 아메리카노 블랙커피 무라벨 400ML 20개","8804645007491","발주가능","정상","0","241","1212","11295","0","0","0","","NO","0.685"
"20260907","Food","Drinks","커피음료","맥널티커피","RC","68778942","아이브루 아메리카노 블랙커피 무라벨 400ML 20개","8804645007491","발주가능","정상","0","0","1001","11295","0","0","0","","NO","0.685"
"20260907","Food","Drinks","커피음료","맥널티커피","SFSPA3","73951791","맥널티 아이스 아메리카노 블랙 커피 대용량 파우치, 1개, 2.1L","8804645007958","발주가능","정상","0","11","43","2413","0","0","0","","NO","0.685"
"20260907","Food","Drinks","커피음료","맥널티커피","SFJEJ2","73951791","맥널티 아이스 아메리카노 블랙 커피 대용량 파우치, 1개, 2.1L","8804645007958","발주가능","정상","0","0","12","2413","0","0","0","","NO","0.685"
"20260907","Food","Drinks","커피음료","맥널티커피","FC","73951791","맥널티 아이스 아메리카노 블랙 커피 대용량 파우치, 1개, 2.1L","8804645007958","발주가능","정상","0","520","6288","2413","0","0","0","","NO","0.685"
"20260907","Food","Drinks","커피음료","맥널티커피","RC","73951791","맥널티 아이스 아메리카노 블랙 커피 대용량 파우치, 1개, 2.1L","8804645007958","발주가능","정상","0","0","8192","2413","0","0","0","","NO","0.685"
"20260907","Food","Drinks","커피음료","맥널티커피","FC","75683093","맥널티 아이스 아메리카노 블랙 1리터, 1L, 1개","8804645005916","발주가능","정상","0","20","1224","1714","0","0","0","","NO","0.685"
"20260907","Food","Drinks","커피음료","맥널티커피","SFJEJ2","75683093","맥널티 아이스 아메리카노 블랙 1리터, 1L, 1개","8804645005916","발주가능","정상","0","0","1","1714","0","0","0","","NO","0.685"
"20260907","Food","Drinks","커피음료","맥널티커피","SFJEJ2","75694561","맥널티커피 아이스 아메리카노 헤이즐넛, 1개, 1L","8804645005930","발주가능","정상","0","0","3","1714","0","0","0","","NO","0.685"
"20260907","Food","Drinks","커피음료","맥널티커피","SFSPA3","75694561","맥널티커피 아이스 아메리카노 헤이즐넛, 1개, 1L","8804645005930","발주가능","정상","0","0","5","1714","0","0","0","","NO","0.685"
"20260907","Food","Drinks","커피음료","맥널티커피","FC","75694561","맥널티커피 아이스 아메리카노 헤이즐넛, 1개, 1L","8804645005930","발주가능","정상","0","99","1911","1714","0","0","0","","NO","0.685"
"20260907","Food","Drinks","커피음료","맥널티커피","FC","75765043","맥널티 아이스아메리카노 스위트, 1개, 1L","8804645005923","발주가능","정상","0","52","1746","1714","0","0","0","","NO","0.685"
"20260907","Food","Drinks","커피음료","맥널티커피","SFSPA3","75765043","맥널티 아이스아메리카노 스위트, 1개, 1L","8804645005923","발주가능","정상","0","0","7","1714","0","0","0","","NO","0.685"
"20260907","Food","Drinks","커피음료","맥널티커피","SFJEJ2","75765043","맥널티 아이스아메리카노 스위트, 1개, 1L","8804645005923","발주가능","정상","0","2","0","1714","0","0","0","","NO","0.685"
"20260907","Food","Drinks","커피음료","맥널티커피","RC","76540319","맥널티 호랭이 마일드 라떼 캔커피, 30개, 175ml","18804645008013","발주가능","정상","0","0","158","8523","0","0","0","","NO","0.685"
"20260907","Food","Drinks","커피음료","맥널티커피","FC","76540319","맥널티 호랭이 마일드 라떼 캔커피, 30개, 175ml","18804645008013","발주가능","정상","0","52","1254","8523","0","0","0","","NO","0.685"
"20260907","Food","Drinks","커피음료","맥널티커피","FC","77572705","맥널티 아이스 아메리카노 헤이즐넛, 1개, 2.1L","8804645008030","발주가능","정상","0","71","18","2413","0","0","0","","YES","0.685"
"20260907","Food","Drinks","커피음료","아이브루","FC","70253954","아이브루 디카페인 아메리카노 블랙커피 무라벨, 20개, 400ml","8804645007903","발주가능","정상","0","69","604","13500","0","0","0","","NO","0.685"
"20260907","Food","Drinks","커피음료","아이브루","RC","70253954","아이브루 디카페인 아메리카노 블랙커피 무라벨, 20개, 400ml","8804645007903","발주가능","정상","0","0","455","13500","0","0","0","","NO","0.685"
"20260907","Kitchen","Tools & Gadgets","커피필터/여과지","맥널티","FC","12491225","맥널티 핸드드립 커피필터 30개입","8804645300950","발주가능","정상","0","50","1430","2642","0","0","0","","NO","0.519"
"20260906","CE","Kitchen Appliance","커피머신","맥널티커피","FC","31602405","맥널티 2in1 핫앤콜드 진공추출 커피메이커 MCM-065B MCM-065B","8804645006296","발주가능","정상","0","1","2","30859","0","0","0","","NO","0.783"
"20260906","Food","Coffee & Tea","기타전통차","맥널티커피","FC","39149736","맥널티 스테비아 침향 쌍화차, 1개, 30개입, 450g","8804645006913","발주가능","정상","0","0","98","8536","0","0","0","","NO","0.717"
"20260906","Food","Coffee & Tea","기타전통차","맥널티커피","FC","41175263","맥널티커피 스테비아 꿀 유자차, 1개, 30개입, 450g","8804645006951","발주가능","정상","0","2","108","7388","0","0","0","","NO","0.717"
"20260906","Food","Coffee & Tea","둥글레/옥수수/보리/결명자차","맥널티커피","FC","76230458","맥널티 진 보리차 1개 1kg","8804645007996","발주가능","정상","0","1","46","15209","0","0","0","","NO","0.607"
"20260906","Food","Coffee & Tea","드립백/티백","맥널티","FC","3067432","산지별 콜롬비아 슈프리모 핸드드립커피 7개입","8804645000324","발주가능","정상","0","16","48","3043","0","0","0","","NO","0.744"
"20260906","Food","Coffee & Tea","드립백/티백","맥널티","FC","10003518","케냐 AA 핸드드립 블렌드 24개입","8804645000720","발주가능","정상","0","6","125","6068","0","0","0","","NO","0.744"
"20260906","Food","Coffee & Tea","드립백/티백","맥널티커피","FC","3067429","산지별 브라질 세라도 NY2 핸드드립커피 7개입","8804645000300","발주가능","정상","0","1","22","2887","0","0","0","","NO","0.744"
"20260906","Food","Coffee & Tea","드립백/티백","맥널티커피","FC","3067430","산지별 케냐 AA 핸드드립커피 7개입","8804645000355","발주가능","정상","0","6","58","3062","0","0","0","","NO","0.744"
"20260906","Food","Coffee & Tea","드립백/티백","맥널티커피","FC","3067433","산지별 에티오피아 코케 허니 핸드드립커피 7개입","8804645000348","발주가능","정상","0","1","84","2910","0","0","0","","NO","0.744"
"20260906","Food","Coffee & Tea","드립백/티백","맥널티커피","FC","3067434","산지별 에티오피아 예가체프 핸드드립커피 7개입","8804645000331","발주가능","정상","0","4","118","3184","0","0","0","","NO","0.744"
"20260906","Food","Coffee & Tea","드립백/티백","맥널티커피","FC","10003517","콜롬비아 핸드드립 블렌드 24개입","8804645000713","발주가능","정상","0","23","152","5977","0","0","0","","NO","0.744"
"20260906","Food","Coffee & Tea","드립백/티백","맥널티커피","FC","23400108","맥널티 디카페인100% 핸드드립 원두커피 24개입","8804645005732","발주가능","정상","0","9","164","9395","0","0","0","","NO","0.744"
"20260906","Food","Coffee & Tea","드립백/티백","맥널티커피","FC","37713094","맥널티 핸드드립커피 케냐AA(더블에이) 36개입, 8g, 1개","8804645006616","발주가능","정상","0","8","43","11759","0","0","0","","NO","0.744"
"20260906","Food","Coffee & Tea","드립백/티백","맥널티커피","FC","37713095","맥널티 핸드드립커피 에티오피아 예가체프 36개입, 8g, 1개","8804645006623","발주가능","정상","0","5","26","10577","0","0","0","","NO","0.744"
"20260906","Food","Coffee & Tea","드립백/티백","맥널티커피","FC","41391235","맥널티 행복을주는커피 시그니처 블렌드 핸드드립 커피 20개입, 1개, 8g","8804645003653","발주가능","정상","0","3","73","6795","0","0","0","","NO","0.744"
"20260906","Food","Coffee & Tea","드립백/티백","맥널티커피","FC","62821923","맥널티 핸드드립 커피 에티오피아 예가체프 8g 24개입 1개","8804645006920","발주가능","정상","0","3","69","9679","0","0","0","","NO","0.744"
"20260906","Food","Coffee & Tea","드립백/티백","맥널티커피","FC","68147033","베니스브루 스페셜티 핸드드립 가향 커피 오렌지 벨벳, 1개, 7개입, 12g","8804645007712","발주가능","정상","0","0","12","5143","0","0","0","","NO","0.744"
"20260906","Food","Coffee & Tea","드립백/티백","맥널티커피","FC","68147034","베니스브루 스페셜티 핸드드립 가향 커피 쇼콜라 모카, 1개, 7개입, 12g","8804645007729","발주가능","정상","0","0","9","5143","0","0","0","","NO","0.744"
"20260906","Food","Coffee & Tea","드립백/티백","맥널티커피","FC","68777449","베니스브루 베리 블로썸 드립백 커피 12g 1개 7개입","8804645007705","발주가능","정상","0","2","10","5143","0","0","0","","NO","0.744"
"20260906","Food","Coffee & Tea","라떼분말","맥널티커피","FC","34834818","맥널티 스테비아 제로슈가 핫초코 라떼 30개입 15g","8804645006340","발주가능","정상","0","23","155","7500","0","0","0","","NO","0.578"
"20260906","Food","Coffee & Tea","라떼분말","맥널티커피","FC","51063548","스테비아 단백질 옥수수 크림 라떼, 1개, 20개입, 18g","8804645007330","발주가능","정상","0","0","10","5850","0","0","0","","NO","0.578"
"20260906","Food","Coffee & Tea","라떼분말","맥널티커피","FC","51164938","스테비아 단백질 고구마 크림 라떼, 1개, 20개입, 18g","8804645007347","발주가능","정상","0","0","27","5850","0","0","0","","NO","0.578"
"20260906","Food","Coffee & Tea","원두","N_A","FC","76443755","맥널티 브라질 세라도 NY.2 원두 1kg, 1개","8804645006425","발주가능","정상","0","0","264","17609","0","0","0","","NO","0.894"
"20260906","Food","Coffee & Tea","원두","맥널티커피","SFSPA3","45570","맥널티_헤이즐넛원두분쇄커피_226G","8804645100208","발주가능","정상","0","1","5","5000","0","0","0","","NO","0.894"
"20260906","Food","Coffee & Tea","원두","맥널티커피","SFJEJ2","45570","맥널티_헤이즐넛원두분쇄커피_226G","8804645100208","발주가능","정상","0","1","3","5000","0","0","0","","NO","0.894"
"20260906","Food","Coffee & Tea","원두","맥널티커피","FC","45570","맥널티_헤이즐넛원두분쇄커피_226G","8804645100208","발주가능","정상","0","75","584","5000","0","0","0","","NO","0.894"
"20260906","Food","Coffee & Tea","원두","맥널티커피","RC","45570","맥널티_헤이즐넛원두분쇄커피_226G","8804645100208","발주가능","정상","0","0","1152","5000","0","0","0","","NO","0.894"
"20260906","Food","Coffee & Tea","원두","맥널티커피","FC","45572","맥널티_헤이즐넛원두분쇄커피_500G","8804645100468","발주가능","정상","0","38","664","7960","0","0","0","","NO","0.894"
"20260906","Food","Coffee & Tea","원두","맥널티커피","SFJEJ2","45572","맥널티_헤이즐넛원두분쇄커피_500G","8804645100468","발주가능","정상","0","0","2","7960","0","0","0","","NO","0.894"
"20260906","Food","Coffee & Tea","원두","맥널티커피","RC","45572","맥널티_헤이즐넛원두분쇄커피_500G","8804645100468","발주가능","정상","0","0","496","7960","0","0","0","","NO","0.894"
"20260906","Food","Coffee & Tea","원두","맥널티커피","FC","45573","맥널티_블루마운틴스타일원두분쇄커피_500G","8804645100451","발주가능","정상","0","26","394","11091","0","0","0","","NO","0.894"
"20260906","Food","Coffee & Tea","원두","맥널티커피","FC","5344648","맥널티 원두 에스프레소 블랙 1개, 1kg","8804645001239","발주불가","단종","0","0","1","9156","0","0","0","","YES","0.894"
"20260906","Food","Coffee & Tea","원두","맥널티커피","FC","10147177","맥널티 홀빈 블루마운틴 1000g","8804645006302","발주가능","정상","0","13","151","15715","0","0","0","","NO","0.894"
"20260906","Food","Coffee & Tea","원두","맥널티커피","FC","10147180","맥널티 행복을 주는 커피 헤이즐넛향 1kg 홀빈","8804645100185","발주가능","정상","0","9","241","15244","0","0","0","","NO","0.894"
"20260906","Food","Coffee & Tea","원두","맥널티커피","FC","10812901","맥널티 베트남 로부스타 원두커피 1kg","8804645003066","발주가능","정상","0","29","495","11700","0","0","0","","NO","0.894"
"20260906","Food","Coffee & Tea","원두","맥널티커피","SFJEJ2","10812901","맥널티 베트남 로부스타 원두커피 1kg","8804645003066","발주가능","정상","0","2","0","11700","0","0","0","","NO","0.894"
"20260906","Food","Coffee & Tea","원두","맥널티커피","SFSPA3","10812901","맥널티 베트남 로부스타 원두커피 1kg","8804645003066","발주가능","정상","0","0","7","11700","0","0","0","","NO","0.894"
"20260906","Food","Coffee & Tea","원두","맥널티커피","RC","10812901","맥널티 베트남 로부스타 원두커피 1kg","8804645003066","발주가능","정상","0","0","400","11700","0","0","0","","NO","0.894"
"20260906","Food","Coffee & Tea","원두","맥널티커피","FC","11849981","행복을 주는 커피 블루마운틴 블렌드 분쇄 원두 커피 1kg","8804645003486","발주가능","정상","0","7","154","16364","0","0","0","","NO","0.894"
"20260906","Food","Coffee & Tea","원두","맥널티커피","RC","12521866","맥널티 행복을 주는 커피 시그니처 헤이즐넛향 원두 커피 1Kg","8804645003493","발주가능","정상","0","0","390","16364","0","0","0","","NO","0.894"
"20260906","Food","Coffee & Tea","원두","맥널티커피","FC","12521866","맥널티 행복을 주는 커피 시그니처 헤이즐넛향 원두 커피 1Kg","8804645003493","발주가능","정상","0","25","61","16364","0","0","0","","NO","0.894"
"20260906","Food","Coffee & Tea","원두","맥널티커피","FC","13277718","맥널티 행복을 주는 커피 브라질 산토스 1kg","8804645003936","발주가능","정상","0","8","150","14091","0","0","0","","NO","0.894"
"20260906","Food","Coffee & Tea","원두","맥널티커피","FC","13277719","맥널티 행복을 주는 커피 콜롬비아 블렌드 1kg","8804645003929","발주가능","정상","0","31","482","15599","0","0","0","","NO","0.894"
"20260906","Food","Coffee & Tea","원두","맥널티커피","FC","37733154","맥널티 원두 홀빈(분쇄안함) 마일드 미디움 블렌드 200g, 1개","8804645005374","발주가능","정상","0","0","28","5791","0","0","0","","NO","0.894"
"20260906","Food","Coffee & Tea","원두","맥널티커피","FC","38710869","맥널티 홀빈 커피원두, 마일드 미디움 블렌드 1kg, 1개","8804645005329","발주가능","정상","0","0","21","16364","0","0","0","","NO","0.894"
"20260906","Food","Coffee & Tea","원두","맥널티커피","FC","38710870","맥널티 홀빈 커피원두, 콜롬비아 안데스 오리진 1kg, 1개","8804645005343","발주가능","정상","0","3","88","16364","0","0","0","","NO","0.894"
"20260906","Food","Coffee & Tea","원두","맥널티커피","FC","38710872","맥널티 홀빈 커피원두, 시그니처 블렌드 1kg, 1개","8804645005312","발주가능","정상","0","1","109","16364","0","0","0","","NO","0.894"
"20260906","Food","Coffee & Tea","원두","맥널티커피","FC","38813491","맥널티 홀빈 원두 1KG, 브라질 산토스 내추럴, 1개","8804645005350","발주가능","정상","0","10","218","11364","0","0","0","","NO","0.894"
"20260906","Food","Coffee & Tea","원두","맥널티커피","FC","38919334","맥널티 에티오피아 예가체프 홀빈 원두, 1kg, 1개","8804645006852","발주가능","정상","0","6","58","16364","0","0","0","","NO","0.894"
"20260906","Food","Coffee & Tea","원두","맥널티커피","FC","39616644","맥널티 예맨 모카 블렌드 커피 원두, 홀빈(분쇄안함), 500g, 1개","8804645006692","발주가능","정상","0","0","16","11400","0","0","0","","NO","0.894"
"20260906","Food","Coffee & Tea","원두","맥널티커피","FC","39616645","맥널티 시그니처 디카페인 커피 원두, 홀빈(분쇄안함), 500g, 1개","8804645006937","발주가능","정상","0","4","45","12545","0","0","0","","NO","0.894"
"20260906","Food","Coffee & Tea","원두","맥널티커피","FC","39616646","맥널티 게이샤 블렌드 커피 원두, 홀빈(분쇄안함), 500g, 1개","8804645006708","발주가능","정상","0","3","32","11400","0","0","0","","NO","0.894"
"20260906","Food","Coffee & Tea","원두","맥널티커피","FC","39616647","맥널티 하와이안 코나 블렌드 커피 원두, 홀빈(분쇄안함), 500g, 1개","8804645006685","발주가능","정상","0","3","76","11400","0","0","0","","NO","0.894"
"20260906","Food","Coffee & Tea","원두","맥널티커피","FC","48074657","맥널티 브라질 세라도 분쇄 원두 커피, 1개, 500g","8804645007262","발주가능","정상","0","4","91","9395","0","0","0","","NO","0.894"
"20260906","Food","Coffee & Tea","원두","맥널티커피","FC","48074658","맥널티 콜롬비아 안데스 분쇄 원두 커피, 1개, 500g","8804645007255","발주가능","정상","0","6","77","9986","0","0","0","","NO","0.894"
"20260906","Food","Coffee & Tea","원두","맥널티커피","FC","48074659","맥널티 에티오피아 예가체프 분쇄 원두 커피, 1개, 500g","8804645007231","발주가능","정상","0","15","98","9986","0","0","0","","NO","0.894"
"20260906","Food","Coffee & Tea","원두","맥널티커피","FC","58681130","콜롬비아 안데스 오리진 분쇄 커피 원두 1개 226g 핸드드립","8804645007552","발주가능","정상","0","1","39","7159","0","0","0","","NO","0.894"
"20260906","Food","Coffee & Tea","원두","맥널티커피","FC","58681131","브라질 산토스 오리진 분쇄 커피 원두, 226g, 1개, 핸드드립","8804645007545","발주가능","정상","0","2","25","7159","0","0","0","","NO","0.894"
"20260906","Food","Coffee & Tea","원두","맥널티커피","FC","58765769","게이샤 블렌드 분쇄 커피 원두, 1개, 226g, 핸드드립","8804645007514","발주가능","정상","0","0","25","7732","0","0","0","","NO","0.894"
"20260906","Food","Coffee & Tea","원두","맥널티커피","FC","58765770","디카페인 헤이즐넛향 분쇄 커피 원두, 1개, 226g, 핸드드립","8804645007538","발주가능","정상","0","11","85","8018","0","0","0","","NO","0.894"
"20260906","Food","Coffee & Tea","원두","맥널티커피","FC","58850533","하와이안 코나 블렌드 분쇄 커피 원두, 1개, 226g, 핸드드립","8804645007521","발주가능","정상","0","0","17","7732","0","0","0","","NO","0.894"
"20260906","Food","Coffee & Tea","원두","맥널티커피","FC","71777603","투비 다크 블랙 블렌드 홀빈 원두 커피, 1kg, 홀빈(분쇄안함), 1개","8804645007989","발주가능","정상","0","7","128","13115","0","0","0","","NO","0.894"
"20260906","Food","Coffee & Tea","원두","맥널티커피","FC","76697770","투비커피 너티초코 아메리카노 블렌드 홀빈 원두 커피, 1kg, 홀빈(분쇄안함), 1개","8804645008047","발주가능","정상","0","0","39","17125","0","0","0","","NO","0.894"
"20260906","Food","Coffee & Tea","원두커피믹스","맥널티","FC","10003529","아이브루 클래식 100T","8804645002465","발주불가","규격 외","0","0","1","6068","0","0","0","","NO","0.589"
"20260906","Food","Coffee & Tea","원두커피믹스","맥널티","FC","11019882","맥널티 아이브루 다크 블렌드 200T","8804645003219","발주가능","정상","0","4","48","13096","0","0","0","","NO","0.589"
"20260906","Food","Coffee & Tea","원두커피믹스","맥널티커피","FC","11019883","맥널티 아이브루 모카 블랙 200T","8804645003226","발주가능","정상","0","6","112","11687","0","0","0","","NO","0.589"
"20260906","Food","Coffee & Tea","원두커피믹스","맥널티커피","FC","13777565","맥널티 아이브루 모카블랙 70T","8804645003912","발주가능","정상","0","1","25","6519","0","0","0","","NO","0.589"
"20260906","Food","Coffee & Tea","원두커피믹스","맥널티커피","FC","15720531","콜롬비아 블랙 100개입","8804645002861","발주가능","정상","0","45","1265","6345","0","0","0","","NO","0.589"
"20260906","Food","Coffee & Tea","원두커피믹스","맥널티커피","SFJEJ2","15720531","콜롬비아 블랙 100개입","8804645002861","발주가능","정상","0","0","2","6345","0","0","0","","NO","0.589"
"20260906","Food","Coffee & Tea","원두커피믹스","맥널티커피","SFSPA3","15720531","콜롬비아 블랙 100개입","8804645002861","발주가능","정상","0","3","2","6345","0","0","0","","NO","0.589"
"20260906","Food","Coffee & Tea","원두커피믹스","맥널티커피","FC","26477367","맥널티 리얼 에스프레소샷 블랙 액상스틱커피 15mlx30개입","8804645006029","발주가능","정상","0","33","470","7388","0","0","0","","NO","0.589"
"20260906","Food","Coffee & Tea","원두커피믹스","맥널티커피","FC","62672352","맥널티 아이브루 플러스 스위트 블랙 원두커피믹스 80개입 2.8g","8804645007620","발주가능","정상","0","1","3","7961","0","0","0","","NO","0.589"
"20260906","Food","Coffee & Tea","원두커피믹스","맥널티커피","FC","67975031","호랭이 커피 오곡향 블랙, 1개, 20개입, 1g","8804645007781","발주가능","정상","0","34","346","2806","0","0","0","","NO","0.589"
"20260906","Food","Coffee & Tea","원두커피믹스","맥널티커피","SFSPA3","71629331","맥널티 갓성비 아메리카노 블랙커피, 1개, 100개입, 2g","8804645007873","발주가능","정상","0","0","0","8534","0","0","0","","NO","0.589"
"20260906","Food","Coffee & Tea","원두커피믹스","맥널티커피","FC","71629331","맥널티 갓성비 아메리카노 블랙커피, 1개, 100개입, 2g","8804645007873","발주가능","정상","0","68","664","8534","0","0","0","","NO","0.589"
"20260906","Food","Coffee & Tea","원두커피믹스","아이브루","SFJEJ2","36903434","맥널티 아이브루 플러스 헤이즐넛 블랙커피 100개입","8804645006395","발주가능","정상","0","0","1","7623","0","0","0","","NO","0.589"
"20260906","Food","Coffee & Tea","원두커피믹스","아이브루","FC","36903434","맥널티 아이브루 플러스 헤이즐넛 블랙커피 100개입","8804645006395","발주가능","정상","0","88","1036","7623","0","0","0","","NO","0.589"
"20260906","Food","Coffee & Tea","원두커피믹스","아이브루","RC","36903434","맥널티 아이브루 플러스 헤이즐넛 블랙커피 100개입","8804645006395","발주가능","정상","0","0","505","7623","0","0","0","","NO","0.589"
"20260906","Food","Coffee & Tea","원두커피믹스","아이브루","FC","36903435","맥널티 아이브루 플러스 오리지널 블랙커피 100개입","8804645006388","발주불가","규격 외","0","0","384","7623","0","0","0","","NO","0.589"
"20260906","Food","Coffee & Tea","원두커피믹스","아이브루","FC","46534985","아이브루 플러스 디카페인 아메리카노 블랙커피, 1개, 80개입, 80g","8804645007118","발주가능","정상","0","22","157","7964","0","0","0","","NO","0.589"
"20260906","Food","Coffee & Tea","원두커피믹스","아이브루","FC","56760693","아이브루 플러스 디카페인 블랙커피 헤이즐넛향 (1g x 80개입), 1개","8804645007453","발주가능","정상","0","52","881","7961","0","0","0","","NO","0.589"
"20260906","Food","Coffee & Tea","원두커피믹스","프라이빗클럽","FC","10837643","맥널티 병커피 헤이즐넛향 50gx10개","19311931309161","발주가능","정상","0","13","88","23000","0","0","0","","NO","0.589"
"20260906","Food","Coffee & Tea","원두커피믹스","프라이빗클럽","FC","12091997","Box_입소문난 아이리쉬 50G 10병","19311931311164","발주가능","정상","0","3","15","18625","0","0","0","","NO","0.589"
"20260906","Food","Coffee & Tea","원두커피믹스","프라이빗클럽","FC","52625820","맥널티 인스턴트 원두 병커피 에스프레소 블랙 50g 1개","9311931902167","발주가능","정상","0","24","232","3486","0","0","0","","NO","0.589"
"20260906","Food","Coffee & Tea","율무/견과차","맥널티","FC","64842417","티브루 호박팥차 진액 10ml 30개입 1개","8804645007675","발주가능","정상","0","66","877","5259","0","0","0","","NO","0.704"
"20260906","Food","Coffee & Tea","율무/견과차","맥널티","SFJEJ2","64842417","티브루 호박팥차 진액 10ml 30개입 1개","8804645007675","발주가능","정상","0","1","8","5259","0","0","0","","NO","0.704"
"20260906","Food","Coffee & Tea","율무/견과차","맥널티커피","FC","39149735","맥널티 스테비아 제로슈가 호두 아몬드 율무차, 1개, 30개입, 450g","8804645006906","발주가능","정상","0","6","70","6815","0","0","0","","NO","0.704"
"20260906","Food","Coffee & Tea","차세트","맥널티커피","FC","78654824","[2026 추석세트] 맥널티 스테비아 전통차 선물세트, 1세트, 율무차(30개) + 쌍화차(30개)","8804645008092","발주가능","정상","0","0","60","19091","0","0","0","","NO","0.898"
"20260906","Food","Coffee & Tea","커피믹스","맥널티커피","FC","45571","맥널티_ 자메이카 블루마운틴 블렌드_226G","8804645100215","발주가능","정상","0","48","1026","5000","0","0","0","","NO","0.720"
"20260906","Food","Coffee & Tea","커피믹스","맥널티커피","RC","45571","맥널티_ 자메이카 블루마운틴 블렌드_226G","8804645100215","발주가능","정상","0","0","512","5000","0","0","0","","NO","0.720"
"20260906","Food","Coffee & Tea","커피믹스","맥널티커피","SFSPA3","45571","맥널티_ 자메이카 블루마운틴 블렌드_226G","8804645100215","발주가능","정상","0","1","0","5000","0","0","0","","NO","0.720"
"20260906","Food","Coffee & Tea","커피믹스","맥널티커피","RC","25240400","맥널티 스테비아 커피믹스 100개입","8804645006067","발주가능","정상","0","0","1440","12941","0","0","0","","NO","0.720"
"20260906","Food","Coffee & Tea","커피믹스","맥널티커피","FC","25240400","맥널티 스테비아 커피믹스 100개입","8804645006067","발주가능","정상","0","108","1317","12941","0","0","0","","NO","0.720"
"20260906","Food","Coffee & Tea","커피믹스","맥널티커피","SFJEJ2","25240400","맥널티 스테비아 커피믹스 100개입","8804645006067","발주가능","정상","0","2","0","12941","0","0","0","","NO","0.720"
"20260906","Food","Coffee & Tea","커피믹스","맥널티커피","FC","25240402","맥널티 스테비아 커피믹스 30개입","8804645006074","발주가능","정상","0","37","204","4827","0","0","0","","NO","0.720"
"20260906","Food","Coffee & Tea","커피믹스","맥널티커피","SFODD4","25240402","맥널티 스테비아 커피믹스 30개입","8804645006074","발주가능","정상","0","0","0","4827","0","0","0","","NO","0.720"
"20260906","Food","Coffee & Tea","커피믹스","맥널티커피","FC","29461862","맥널티 아메리카노 아이스 블랙 100개입","8804645006081","발주가능","정상","0","33","225","5850","0","0","0","","NO","0.720"
"20260906","Food","Coffee & Tea","커피믹스","맥널티커피","FC","38933766","맥널티커피 스테비아 디카페인 커피믹스, 1개, 100개입 9.5g","8804645006890","발주가능","정상","0","50","387","18850","0","0","0","","NO","0.720"
"20260906","Food","Coffee & Tea","커피믹스","맥널티커피","FC","40806729","맥널티 스테비아 디카페인 커피믹스, 1개, 30개입, 285g","8804645006777","발주가능","정상","0","36","566","7027","0","0","0","","NO","0.720"
"20260906","Food","Coffee & Tea","커피믹스","맥널티커피","FC","46730880","산양유 단백질 프로틴 스테비아 커피믹스, 1개, 30개입, 300g","8804645007194","발주가능","정상","0","8","55","6243","0","0","0","","NO","0.720"
"20260906","Food","Coffee & Tea","커피믹스","맥널티커피","FC","47303765","산양유 단백질 프로틴 스테비아 커피믹스, 1개, 100개입, 1000g","8804645007187","발주가능","정상","0","18","9","19988","0","0","0","","NO","0.720"
"20260906","Food","Coffee & Tea","커피믹스","맥널티커피","FC","56214466","맥널티커피 아이브루 바닐라 라떼,12g x 100개입(스틱), 1200g , 1개","8804645007460","발주가능","정상","0","6","148","12543","0","0","0","","NO","0.720"
"20260906","Food","Coffee & Tea","커피믹스","맥널티커피","FC","56214467","맥널티커피 아이브루 카라멜 마끼아또, 12g x 100개입(스틱), 1200g , 1개","8804645007484","발주가능","정상","0","10","118","12543","0","0","0","","NO","0.720"
"20260906","Food","Coffee & Tea","커피믹스","맥널티커피","FC","63447822","스테비아 커피믹스 헤이즐넛향 9.5g 30개입 1개","8804645007637","발주가능","정상","0","18","214","4827","0","0","0","","NO","0.720"
"20260906","Food","Coffee & Tea","커피믹스","맥널티커피","FC","64859139","맥널티 스테비아 솔티드 카라멜 커피믹스 10g 1개 30개입","8804645007668","발주가능","정상","0","6","150","5670","0","0","0","","NO","0.720"
"20260906","Food","Coffee & Tea","커피믹스","맥널티커피","FC","69526598","맥널티 갓성비 제로슈가 커피믹스, 1개, 80개입, 9g","8804645007842","발주가능","정상","0","20","456","8805","0","0","0","","NO","0.720"
"20260906","Food","Coffee & Tea","커피믹스","맥널티커피","RC","69526598","맥널티 갓성비 제로슈가 커피믹스, 1개, 80개입, 9g","8804645007842","발주가능","정상","0","0","64","8805","0","0","0","","NO","0.720"
"20260906","Food","Coffee & Tea","커피믹스","맥널티커피","FC","69634259","맥널티커피 스테비아 커피믹스 헤이즐넛향, 9.5g, 100개입, 1개","8804645007811","발주가능","정상","0","2","69","14261","0","0","0","","NO","0.720"
"20260906","Food","Coffee & Tea","커피믹스","맥널티커피","FC","71115721","호랭이 커피믹스 고소한 오곡향, 1개, 160개입, 9.5g","8804645007880","발주가능","정상","0","4","53","14261","0","0","0","","NO","0.720"
"20260906","Food","Coffee & Tea","커피믹스","맥널티커피","FC","71115722","호랭이 커피믹스 고소한 오곡향, 1개, 20개입, 9.5g","8804645007897","발주가능","정상","0","8","177","2806","0","0","0","","NO","0.720"
"20260906","Food","Coffee & Tea","커피믹스","아이브루","SFSPA3","2341900","맥널티 iBrew 미니 헤이즐넛향 200개입(200g)","8804645000515","발주가능","정상","0","2","10","9917","0","0","0","","NO","0.720"
"20260906","Food","Coffee & Tea","커피믹스","아이브루","RC","2341900","맥널티 iBrew 미니 헤이즐넛향 200개입(200g)","8804645000515","발주가능","정상","0","0","360","9917","0","0","0","","NO","0.720"
"20260906","Food","Coffee & Tea","커피믹스","아이브루","SFODD2","2341900","맥널티 iBrew 미니 헤이즐넛향 200개입(200g)","8804645000515","발주가능","정상","0","0","2","9917","0","0","0","","NO","0.720"
"20260906","Food","Coffee & Tea","커피믹스","아이브루","FC","2341900","맥널티 iBrew 미니 헤이즐넛향 200개입(200g)","8804645000515","발주가능","정상","0","41","851","9917","0","0","0","","NO","0.720"
"20260906","Food","Coffee & Tea","커피믹스","아이브루","SFJEJ2","2341900","맥널티 iBrew 미니 헤이즐넛향 200개입(200g)","8804645000515","발주가능","정상","0","0","5","9917","0","0","0","","NO","0.720"
"20260906","Food","Coffee & Tea","커피믹스","아이브루","FC","3067423","아이브루 헤이즐넛향 70개입","8804645000706","발주가능","정상","0","12","413","4025","0","0","0","","NO","0.720"
"20260906","Food","Coffee & Tea","커피믹스","아이브루","FC","3067424","아이브루 케냐AA 블렌드 70개입","8804645000690","발주가능","정상","0","4","50","6205","0","0","0","","NO","0.720"
"20260906","Food","Coffee & Tea","커피믹스","아이브루","FC","3067425","아이브루 예가체프 블렌드 70개입","8804645000683","발주가능","정상","0","2","26","6205","0","0","0","","NO","0.720"
"20260906","Food","Coffee & Tea","커피믹스","프라이빗클럽","FC","3067428","인스턴트 병커피 헤이즐넛향 50g","9311931105162","발주가능","정상","0","149","4233","2300","0","0","0","","NO","0.720"
"20260906","Food","Coffee & Tea","커피세트","맥널티커피","FC","26870612","[2026 추석세트] 맥널티 핸드드립 버라이어티세트 30개입","8804645006258","발주가능","정상","0","8","664","9395","0","0","0","","NO","0.892"
"20260906","Food","Coffee & Tea","커피세트","맥널티커피","FC","54651094","인스턴트 원두 병커피 맥널티커피 선물세트 50g x 4개입(에스프레소 2병+헤이즐넛 2병), 1세트","8804645007408","발주가능","정상","0","0","0","15305","0","0","0","","YES","0.892"
"20260906","Food","Drinks","과일음료","맥널티커피","SFJEJ2","24752132","청포도 에이드 190mL 10팩","8804645005893","발주가능","정상","0","0","3","3486","0","0","0","","NO","0.798"
"20260906","Food","Drinks","과일음료","맥널티커피","FC","24752132","청포도 에이드 190mL 10팩","8804645005893","발주가능","정상","0","21","814","3486","0","0","0","","NO","0.798"
"20260906","Food","Drinks","과일음료","맥널티커피","RC","24752132","청포도 에이드 190mL 10팩","8804645005893","발주가능","정상","0","0","273","3486","0","0","0","","NO","0.798"
"20260906","Food","Drinks","과일음료","맥널티커피","FC","24752250","블루레몬 에이드 190mL 10팩","8804645005909","발주가능","정상","0","13","741","3486","0","0","0","","NO","0.798"
"20260906","Food","Drinks","과일음료","맥널티커피","FC","45580036","맥널티 청매실 에이드 190ml*10개입","8804645007071","발주가능","정상","0","4","238","3486","0","0","0","","NO","0.798"
"20260906","Food","Drinks","농축액(음료베이스)","맥널티","FC","51983601","물 한방울 섞이지 않은 김토끼 유기농 레몬즙, 10개, 20g","8804645007361","발주가능","정상","0","0","65","4077","0","0","0","","NO","0.693"
"20260906","Food","Drinks","농축액(음료베이스)","맥널티","SFJEJ2","58338694","티브루 보리차 원액 간편 액상스틱 진액, 30개, 10ml","8804645007590","발주가능","정상","0","1","1","5259","0","0","0","","NO","0.693"
"20260906","Food","Drinks","농축액(음료베이스)","맥널티","FC","58338694","티브루 보리차 원액 간편 액상스틱 진액, 30개, 10ml","8804645007590","발주가능","정상","0","88","1281","5259","0","0","0","","NO","0.693"
"20260906","Food","Drinks","농축액(음료베이스)","맥널티","FC","58338695","티브루 옥수수수염차 원액 간편 액상스틱 진액, 30개, 10ml","8804645007606","발주가능","정상","0","35","1029","5259","0","0","0","","NO","0.693"
"20260906","Food","Drinks","농축액(음료베이스)","맥널티","SFJEJ2","58338696","티브루 헛개수 원액 간편 액상스틱 진액, 30개, 10ml","8804645007613","발주가능","정상","0","0","2","5259","0","0","0","","NO","0.693"
"20260906","Food","Drinks","농축액(음료베이스)","맥널티","FC","58338696","티브루 헛개수 원액 간편 액상스틱 진액, 30개, 10ml","8804645007613","발주가능","정상","0","36","725","5259","0","0","0","","NO","0.693"
"20260906","Food","Drinks","농축액(음료베이스)","맥널티","SFSPA3","58338696","티브루 헛개수 원액 간편 액상스틱 진액, 30개, 10ml","8804645007613","발주가능","정상","0","1","0","5259","0","0","0","","NO","0.693"
"20260906","Food","Drinks","농축액(음료베이스)","맥널티커피","FC","62882483","티브루 보리차 진액, 1개, 400g","8804645007651","발주가능","정상","0","11","165","7623","0","0","0","","NO","0.693"
"20260906","Food","Drinks","농축액(음료베이스)","맥널티커피","FC","71636537","맥널티 티브루 호박팥차 무라벨, 20개, 500ml","8804645007934","발주가능","정상","0","75","502","8795","0","0","0","","NO","0.693"
"20260906","Food","Drinks","야채음료","맥널티커피","FC","48914233","맥널티 유자 에이드 190ml 10개","8804645007217","발주가능","정상","0","18","342","3486","0","0","0","","NO","0.590"
"20260906","Food","Drinks","차음료","맥널티커피","FC","24752251","복숭아 아이스티 190mL 10팩","8804645005886","발주가능","정상","0","41","477","3486","0","0","0","","NO","0.684"
"20260906","Food","Drinks","차음료","맥널티커피","RC","24752251","복숭아 아이스티 190mL 10팩","8804645005886","발주가능","정상","0","0","258","3486","0","0","0","","NO","0.684"
"20260906","Food","Drinks","차음료","맥널티커피","SFJEJ2","24752251","복숭아 아이스티 190mL 10팩","8804645005886","발주가능","정상","0","0","6","3486","0","0","0","","NO","0.684"
"20260906","Food","Drinks","차음료","맥널티커피","FC","24944267","맥널티 허니자몽 블랙티 대용량 파우치 1Lx6입","18804645005951","발주가능","정상","0","1","74","10252","0","0","0","","NO","0.684"
"20260906","Food","Drinks","차음료","맥널티커피","FC","24944268","맥널티 복숭아 아이스티 대용량 파우치 1Lx6입","18804645005944","발주가능","정상","0","1","10","10252","0","0","0","","NO","0.684"
"20260906","Food","Drinks","차음료","맥널티커피","FC","26889711","맥널티 제로칼로리 복숭아 아이스티 500ml 24입","18804645006101","발주가능","정상","0","13","345","12205","0","0","0","","NO","0.684"
"20260906","Food","Drinks","차음료","맥널티커피","FC","36669698","제로 아이스티 복숭아, 30개입, 13g","8804645006791","발주가능","정상","0","8","95","5850","0","0","0","","NO","0.684"
"20260906","Food","Drinks","차음료","맥널티커피","FC","36829225","맥널티 제로칼로리 청포도 아이스티 500mlx24입,","18804645006538","발주가능","정상","0","3","24","12205","0","0","0","","NO","0.684"
"20260906","Food","Drinks","차음료","맥널티커피","FC","36829226","제로 아이스티 청포도, 30개입, 13g 1개","8804645006807","발주가능","정상","0","6","106","5850","0","0","0","","NO","0.684"
"20260906","Food","Drinks","차음료","맥널티커피","FC","36863185","맥널티 대용량 제로칼로리 복숭아 아이스티 1.5L 12개","18804645006736","일시중단","단종예정","0","0","0","17427","0","0","0","","YES","0.684"
"20260906","Food","Drinks","차음료","맥널티커피","FC","38262417","복숭아 아이스티 제로, 6개, 1L","18804645006873","발주가능","정상","0","1","52","10577","0","0","0","","NO","0.684"
"20260906","Food","Drinks","차음료","맥널티커피","FC","40520042","맥널티커피 복숭아 아이스티 제로 RTD, 30개, 240ml","18804645006835","발주가능","정상","0","8","362","8795","0","0","0","","NO","0.684"
"20260906","Food","Drinks","차음료","맥널티커피","RC","61673272","맥널티커피 복숭아 아이스티 제로, 1.5L, 1개","8804645006739","발주가능","정상","0","0","1248","1364","0","0","0","","NO","0.684"
"20260906","Food","Drinks","차음료","맥널티커피","FC","61673272","맥널티커피 복숭아 아이스티 제로, 1.5L, 1개","8804645006739","발주가능","정상","0","194","2219","1364","0","0","0","","NO","0.684"
"20260906","Food","Drinks","차음료","맥널티커피","SFJEJ2","61673272","맥널티커피 복숭아 아이스티 제로, 1.5L, 1개","8804645006739","발주가능","정상","0","0","10","1364","0","0","0","","NO","0.684"
"20260906","Food","Drinks","차음료","맥널티커피","SFSPA3","61673272","맥널티커피 복숭아 아이스티 제로, 1.5L, 1개","8804645006739","발주가능","정상","0","0","1","1364","0","0","0","","NO","0.684"
"20260906","Food","Drinks","차음료","맥널티커피","SFSPA3","73944650","맥널티 복숭아 아이스티 대용량 파우치, 1개, 2.1L","8804645007965","발주가능","정상","0","0","8","2413","0","0","0","","NO","0.684"
"20260906","Food","Drinks","차음료","맥널티커피","FC","73944650","맥널티 복숭아 아이스티 대용량 파우치, 1개, 2.1L","8804645007965","발주가능","정상","0","141","3050","2413","0","0","0","","NO","0.684"
"20260906","Food","Drinks","차음료","맥널티커피","SFJEJ2","73944650","맥널티 복숭아 아이스티 대용량 파우치, 1개, 2.1L","8804645007965","발주가능","정상","0","0","2","2413","0","0","0","","NO","0.684"
"20260906","Food","Drinks","차음료","맥널티커피","FC","75850021","맥널티 허니자몽 블랙티, 1L, 1개","8804645005954","발주가능","정상","0","9","309","1714","0","0","0","","NO","0.684"
"20260906","Food","Drinks","커피음료","맥널티커피","SFJEJ2","24695530","아이스 헤이즐넛향 커피 190mL 10팩","8804645005879","발주가능","정상","0","0","1","3486","0","0","0","","NO","0.681"
"20260906","Food","Drinks","커피음료","맥널티커피","RC","24695530","아이스 헤이즐넛향 커피 190mL 10팩","8804645005879","발주가능","정상","0","0","546","3486","0","0","0","","NO","0.681"
"20260906","Food","Drinks","커피음료","맥널티커피","FC","24695530","아이스 헤이즐넛향 커피 190mL 10팩","8804645005879","발주가능","정상","0","52","135","3486","0","0","0","","NO","0.681"
"20260906","Food","Drinks","커피음료","맥널티커피","RC","24695531","아이스 아메리카노 스위트 190mL 10팩","8804645005862","발주가능","정상","0","0","273","3486","0","0","0","","NO","0.681"
"20260906","Food","Drinks","커피음료","맥널티커피","FC","24695531","아이스 아메리카노 스위트 190mL 10팩","8804645005862","발주가능","정상","0","37","289","3486","0","0","0","","NO","0.681"
"20260906","Food","Drinks","커피음료","맥널티커피","SFJEJ2","24695531","아이스 아메리카노 스위트 190mL 10팩","8804645005862","발주가능","정상","0","0","0","3486","0","0","0","","NO","0.681"
"20260906","Food","Drinks","커피음료","맥널티커피","RC","24695532","아이스 아메리카노 블랙 190mL 10팩","8804645005855","발주가능","정상","0","0","273","3486","0","0","0","","NO","0.681"
"20260906","Food","Drinks","커피음료","맥널티커피","SFODD2","24695532","아이스 아메리카노 블랙 190mL 10팩","8804645005855","발주가능","정상","0","0","2","3486","0","0","0","","NO","0.681"
"20260906","Food","Drinks","커피음료","맥널티커피","FC","24695532","아이스 아메리카노 블랙 190mL 10팩","8804645005855","발주가능","정상","0","54","353","3486","0","0","0","","NO","0.681"
"20260906","Food","Drinks","커피음료","맥널티커피","FC","25484251","맥널티커피 아메리카노 스위트 1Lx6입","18804645005920","발주가능","정상","0","4","175","10252","0","0","0","","NO","0.681"
"20260906","Food","Drinks","커피음료","맥널티커피","FC","25484255","맥널티 아이스 아메리카노 블랙커피 대용량 파우치 1Lx6입","18804645005913","발주가능","정상","0","3","77","10252","0","0","0","","NO","0.681"
"20260906","Food","Drinks","커피음료","맥널티커피","FC","25484257","맥널티 아이스 헤이즐넛향 커피 대용량 파우치 1Lx6입","18804645005937","발주가능","정상","0","4","119","10252","0","0","0","","NO","0.681"
"20260906","Food","Drinks","커피음료","맥널티커피","FC","48466205","맥널티 대용량 제로슈가 스테비아 믹스커피 음료, 12개, 1L","18804645007290","발주가능","정상","0","23","150","17067","0","0","0","","NO","0.681"
"20260906","Food","Drinks","커피음료","맥널티커피","FC","54922706","맥널티 대용량 제로슈가 스테비아 믹스커피 음료, 1L, 6개","8804645007323","발주가능","정상","0","59","1321","8805","0","0","0","","NO","0.681"
"20260906","Food","Drinks","커피음료","맥널티커피","RC","68778940","맥널티 아이브루 아메리카노 블랙커피 12개 1L","18804645007306","발주가능","정상","0","0","1840","12205","0","0","0","","NO","0.681"
"20260906","Food","Drinks","커피음료","맥널티커피","FC","68778940","맥널티 아이브루 아메리카노 블랙커피 12개 1L","18804645007306","발주가능","정상","0","219","1509","12205","0","0","0","","NO","0.681"
"20260906","Food","Drinks","커피음료","맥널티커피","FC","68778941","맥널티 아이브루 헤이즐넛향 블랙커피 12개 1L","18804645007504","발주가능","정상","0","39","565","11295","0","0","0","","NO","0.681"
"20260906","Food","Drinks","커피음료","맥널티커피","RC","68778941","맥널티 아이브루 헤이즐넛향 블랙커피 12개 1L","18804645007504","발주가능","정상","0","0","160","11295","0","0","0","","NO","0.681"
"20260906","Food","Drinks","커피음료","맥널티커피","FC","68778942","아이브루 아메리카노 블랙커피 무라벨 400ML 20개","8804645007491","발주가능","정상","0","164","1181","11295","0","0","0","","NO","0.681"
"20260906","Food","Drinks","커피음료","맥널티커피","RC","68778942","아이브루 아메리카노 블랙커피 무라벨 400ML 20개","8804645007491","발주가능","정상","0","0","1274","11295","0","0","0","","NO","0.681"
"20260906","Food","Drinks","커피음료","맥널티커피","RC","73951791","맥널티 아이스 아메리카노 블랙 커피 대용량 파우치, 1개, 2.1L","8804645007958","발주가능","정상","0","0","8192","2413","0","0","0","","NO","0.681"
"20260906","Food","Drinks","커피음료","맥널티커피","SFJEJ2","73951791","맥널티 아이스 아메리카노 블랙 커피 대용량 파우치, 1개, 2.1L","8804645007958","발주가능","정상","0","0","12","2413","0","0","0","","NO","0.681"
"20260906","Food","Drinks","커피음료","맥널티커피","FC","73951791","맥널티 아이스 아메리카노 블랙 커피 대용량 파우치, 1개, 2.1L","8804645007958","발주가능","정상","0","500","6814","2413","0","0","0","","NO","0.681"
"20260906","Food","Drinks","커피음료","맥널티커피","SFSPA3","73951791","맥널티 아이스 아메리카노 블랙 커피 대용량 파우치, 1개, 2.1L","8804645007958","발주가능","정상","0","16","54","2413","0","0","0","","NO","0.681"
"20260906","Food","Drinks","커피음료","맥널티커피","SFJEJ2","75683093","맥널티 아이스 아메리카노 블랙 1리터, 1L, 1개","8804645005916","발주가능","정상","0","0","1","1714","0","0","0","","NO","0.681"
"20260906","Food","Drinks","커피음료","맥널티커피","FC","75683093","맥널티 아이스 아메리카노 블랙 1리터, 1L, 1개","8804645005916","발주가능","정상","0","10","1244","1714","0","0","0","","NO","0.681"
"20260906","Food","Drinks","커피음료","맥널티커피","SFSPA3","75694561","맥널티커피 아이스 아메리카노 헤이즐넛, 1개, 1L","8804645005930","발주가능","정상","0","0","5","1714","0","0","0","","NO","0.681"
"20260906","Food","Drinks","커피음료","맥널티커피","FC","75694561","맥널티커피 아이스 아메리카노 헤이즐넛, 1개, 1L","8804645005930","발주가능","정상","0","70","2005","1714","0","0","0","","NO","0.681"
"20260906","Food","Drinks","커피음료","맥널티커피","SFJEJ2","75694561","맥널티커피 아이스 아메리카노 헤이즐넛, 1개, 1L","8804645005930","발주가능","정상","0","0","3","1714","0","0","0","","NO","0.681"
"20260906","Food","Drinks","커피음료","맥널티커피","SFSPA3","75765043","맥널티 아이스아메리카노 스위트, 1개, 1L","8804645005923","발주가능","정상","0","2","7","1714","0","0","0","","NO","0.681"
"20260906","Food","Drinks","커피음료","맥널티커피","SFJEJ2","75765043","맥널티 아이스아메리카노 스위트, 1개, 1L","8804645005923","발주가능","정상","0","0","2","1714","0","0","0","","NO","0.681"
"20260906","Food","Drinks","커피음료","맥널티커피","FC","75765043","맥널티 아이스아메리카노 스위트, 1개, 1L","8804645005923","발주가능","정상","0","28","1799","1714","0","0","0","","NO","0.681"
"20260906","Food","Drinks","커피음료","맥널티커피","FC","76540319","맥널티 호랭이 마일드 라떼 캔커피, 30개, 175ml","18804645008013","발주가능","정상","0","61","1306","8523","0","0","0","","NO","0.681"
"20260906","Food","Drinks","커피음료","맥널티커피","RC","76540319","맥널티 호랭이 마일드 라떼 캔커피, 30개, 175ml","18804645008013","발주가능","정상","0","0","158","8523","0","0","0","","NO","0.681"
"20260906","Food","Drinks","커피음료","맥널티커피","FC","77572705","맥널티 아이스 아메리카노 헤이즐넛, 1개, 2.1L","8804645008030","발주가능","정상","0","156","29","2413","0","0","0","","YES","0.681"
"20260906","Food","Drinks","커피음료","아이브루","RC","70253954","아이브루 디카페인 아메리카노 블랙커피 무라벨, 20개, 400ml","8804645007903","발주가능","정상","0","0","455","13500","0","0","0","","NO","0.681"
"20260906","Food","Drinks","커피음료","아이브루","FC","70253954","아이브루 디카페인 아메리카노 블랙커피 무라벨, 20개, 400ml","8804645007903","발주가능","정상","0","59","672","13500","0","0","0","","NO","0.681"
"20260906","Kitchen","Tools & Gadgets","드립주전자/포트","맥널티커피","FC","15333511","맥널티 드립 주전자 350ml","8804645004490","발주가능","정상","0","3","0","5044","0","0","0","","YES","0.777"
"20260906","Kitchen","Tools & Gadgets","커피필터/여과지","맥널티","FC","12491225","맥널티 핸드드립 커피필터 30개입","8804645300950","발주가능","정상","0","72","1480","2642","0","0","0","","NO","0.518"
"20260905","CE","Kitchen Appliance","커피머신","맥널티커피","FC","31602405","맥널티 2in1 핫앤콜드 진공추출 커피메이커 MCM-065B MCM-065B","8804645006296","발주가능","정상","0","0","3","30859","0","0","0","","NO","0.780"
"20260905","Food","Coffee & Tea","기타전통차","맥널티커피","FC","39149736","맥널티 스테비아 침향 쌍화차, 1개, 30개입, 450g","8804645006913","발주가능","정상","0","0","98","8536","0","0","0","","NO","0.717"
"20260905","Food","Coffee & Tea","기타전통차","맥널티커피","FC","41175263","맥널티커피 스테비아 꿀 유자차, 1개, 30개입, 450g","8804645006951","발주가능","정상","0","0","110","7388","0","0","0","","NO","0.717"
"20260905","Food","Coffee & Tea","둥글레/옥수수/보리/결명자차","맥널티커피","FC","76230458","맥널티 진 보리차 1개 1kg","8804645007996","발주가능","정상","0","3","47","15209","0","0","0","","NO","0.609"
"20260905","Food","Coffee & Tea","드립백/티백","맥널티","FC","3067432","산지별 콜롬비아 슈프리모 핸드드립커피 7개입","8804645000324","발주가능","정상","0","6","63","3043","0","0","0","","NO","0.747"
"20260905","Food","Coffee & Tea","드립백/티백","맥널티","FC","10003518","케냐 AA 핸드드립 블렌드 24개입","8804645000720","발주가능","정상","60","9","131","6068","0","0","0","","NO","0.747"
"20260905","Food","Coffee & Tea","드립백/티백","맥널티커피","FC","3067429","산지별 브라질 세라도 NY2 핸드드립커피 7개입","8804645000300","발주가능","정상","0","0","23","2887","0","0","0","","NO","0.747"
"20260905","Food","Coffee & Tea","드립백/티백","맥널티커피","FC","3067430","산지별 케냐 AA 핸드드립커피 7개입","8804645000355","발주가능","정상","0","3","64","3062","0","0","0","","NO","0.747"
"20260905","Food","Coffee & Tea","드립백/티백","맥널티커피","FC","3067433","산지별 에티오피아 코케 허니 핸드드립커피 7개입","8804645000348","발주가능","정상","0","0","85","2910","0","0","0","","NO","0.747"
"20260905","Food","Coffee & Tea","드립백/티백","맥널티커피","FC","3067434","산지별 에티오피아 예가체프 핸드드립커피 7개입","8804645000331","발주가능","정상","0","4","122","3184","0","0","0","","NO","0.747"
"20260905","Food","Coffee & Tea","드립백/티백","맥널티커피","FC","10003517","콜롬비아 핸드드립 블렌드 24개입","8804645000713","발주가능","정상","0","16","173","5977","0","0","0","","NO","0.747"
"20260905","Food","Coffee & Tea","드립백/티백","맥널티커피","FC","23400108","맥널티 디카페인100% 핸드드립 원두커피 24개입","8804645005732","발주가능","정상","0","9","173","9395","0","0","0","","NO","0.747"
"20260905","Food","Coffee & Tea","드립백/티백","맥널티커피","FC","37713094","맥널티 핸드드립커피 케냐AA(더블에이) 36개입, 8g, 1개","8804645006616","발주가능","정상","0","5","51","11759","0","0","0","","NO","0.747"
"20260905","Food","Coffee & Tea","드립백/티백","맥널티커피","FC","37713095","맥널티 핸드드립커피 에티오피아 예가체프 36개입, 8g, 1개","8804645006623","발주가능","정상","0","0","31","10577","0","0","0","","NO","0.747"
"20260905","Food","Coffee & Tea","드립백/티백","맥널티커피","FC","41391235","맥널티 행복을주는커피 시그니처 블렌드 핸드드립 커피 20개입, 1개, 8g","8804645003653","발주가능","정상","0","2","76","6795","0","0","0","","NO","0.747"
"20260905","Food","Coffee & Tea","드립백/티백","맥널티커피","FC","62821923","맥널티 핸드드립 커피 에티오피아 예가체프 8g 24개입 1개","8804645006920","발주가능","정상","0","5","72","9679","0","0","0","","NO","0.747"
"20260905","Food","Coffee & Tea","드립백/티백","맥널티커피","FC","68147033","베니스브루 스페셜티 핸드드립 가향 커피 오렌지 벨벳, 1개, 7개입, 12g","8804645007712","발주가능","정상","0","1","12","5143","0","0","0","","NO","0.747"
"20260905","Food","Coffee & Tea","드립백/티백","맥널티커피","FC","68147034","베니스브루 스페셜티 핸드드립 가향 커피 쇼콜라 모카, 1개, 7개입, 12g","8804645007729","발주가능","정상","0","1","9","5143","0","0","0","","NO","0.747"
"20260905","Food","Coffee & Tea","드립백/티백","맥널티커피","FC","68777449","베니스브루 베리 블로썸 드립백 커피 12g 1개 7개입","8804645007705","발주가능","정상","0","0","12","5143","0","0","0","","NO","0.747"
"20260905","Food","Coffee & Tea","라떼분말","맥널티커피","FC","34834818","맥널티 스테비아 제로슈가 핫초코 라떼 30개입 15g","8804645006340","발주가능","정상","0","23","178","7500","0","0","0","","NO","0.580"
"20260905","Food","Coffee & Tea","라떼분말","맥널티커피","FC","51063548","스테비아 단백질 옥수수 크림 라떼, 1개, 20개입, 18g","8804645007330","발주가능","정상","0","2","10","5850","0","0","0","","NO","0.580"
"20260905","Food","Coffee & Tea","라떼분말","맥널티커피","FC","51164938","스테비아 단백질 고구마 크림 라떼, 1개, 20개입, 18g","8804645007347","발주가능","정상","0","0","27","5850","0","0","0","","NO","0.580"
"20260905","Food","Coffee & Tea","원두","N_A","FC","76443755","맥널티 브라질 세라도 NY.2 원두 1kg, 1개","8804645006425","발주가능","정상","0","1","264","17609","0","0","0","","NO","0.894"
"20260905","Food","Coffee & Tea","원두","맥널티커피","SFJEJ2","45570","맥널티_헤이즐넛원두분쇄커피_226G","8804645100208","발주가능","정상","0","1","3","5000","0","0","0","","NO","0.894"
"20260905","Food","Coffee & Tea","원두","맥널티커피","FC","45570","맥널티_헤이즐넛원두분쇄커피_226G","8804645100208","발주가능","정상","0","76","661","5000","0","0","0","","NO","0.894"
"20260905","Food","Coffee & Tea","원두","맥널티커피","RC","45570","맥널티_헤이즐넛원두분쇄커피_226G","8804645100208","발주가능","정상","0","0","1152","5000","0","0","0","","NO","0.894"
"20260905","Food","Coffee & Tea","원두","맥널티커피","SFSPA3","45570","맥널티_헤이즐넛원두분쇄커피_226G","8804645100208","발주가능","정상","0","2","6","5000","0","0","0","","NO","0.894"
"20260905","Food","Coffee & Tea","원두","맥널티커피","RC","45572","맥널티_헤이즐넛원두분쇄커피_500G","8804645100468","발주가능","정상","0","0","496","7960","0","0","0","","NO","0.894"
"20260905","Food","Coffee & Tea","원두","맥널티커피","SFJEJ2","45572","맥널티_헤이즐넛원두분쇄커피_500G","8804645100468","발주가능","정상","0","1","1","7960","0","0","0","","NO","0.894"
"20260905","Food","Coffee & Tea","원두","맥널티커피","FC","45572","맥널티_헤이즐넛원두분쇄커피_500G","8804645100468","발주가능","정상","0","49","703","7960","0","0","0","","NO","0.894"
"20260905","Food","Coffee & Tea","원두","맥널티커피","FC","45573","맥널티_블루마운틴스타일원두분쇄커피_500G","8804645100451","발주가능","정상","0","16","420","11091","0","0","0","","NO","0.894"
"20260905","Food","Coffee & Tea","원두","맥널티커피","FC","5344648","맥널티 원두 에스프레소 블랙 1개, 1kg","8804645001239","발주불가","단종","0","0","1","9156","0","0","0","","YES","0.894"
"20260905","Food","Coffee & Tea","원두","맥널티커피","FC","10147177","맥널티 홀빈 블루마운틴 1000g","8804645006302","발주가능","정상","0","37","164","15715","0","0","0","","NO","0.894"
"20260905","Food","Coffee & Tea","원두","맥널티커피","FC","10147180","맥널티 행복을 주는 커피 헤이즐넛향 1kg 홀빈","8804645100185","발주가능","정상","0","10","250","15244","0","0","0","","NO","0.894"
"20260905","Food","Coffee & Tea","원두","맥널티커피","SFJEJ2","10812901","맥널티 베트남 로부스타 원두커피 1kg","8804645003066","발주가능","정상","0","1","2","11700","0","0","0","","NO","0.894"
"20260905","Food","Coffee & Tea","원두","맥널티커피","FC","10812901","맥널티 베트남 로부스타 원두커피 1kg","8804645003066","발주가능","정상","0","27","524","11700","0","0","0","","NO","0.894"
"20260905","Food","Coffee & Tea","원두","맥널티커피","RC","10812901","맥널티 베트남 로부스타 원두커피 1kg","8804645003066","발주가능","정상","0","0","400","11700","0","0","0","","NO","0.894"
"20260905","Food","Coffee & Tea","원두","맥널티커피","SFSPA3","10812901","맥널티 베트남 로부스타 원두커피 1kg","8804645003066","발주가능","정상","0","1","7","11700","0","0","0","","NO","0.894"
"20260905","Food","Coffee & Tea","원두","맥널티커피","FC","11849981","행복을 주는 커피 블루마운틴 블렌드 분쇄 원두 커피 1kg","8804645003486","발주가능","정상","0","11","161","16364","0","0","0","","NO","0.894"
"20260905","Food","Coffee & Tea","원두","맥널티커피","RC","12521866","맥널티 행복을 주는 커피 시그니처 헤이즐넛향 원두 커피 1Kg","8804645003493","발주가능","정상","0","0","432","16364","0","0","0","","NO","0.894"
"20260905","Food","Coffee & Tea","원두","맥널티커피","FC","12521866","맥널티 행복을 주는 커피 시그니처 헤이즐넛향 원두 커피 1Kg","8804645003493","발주가능","정상","0","22","44","16364","0","0","0","","NO","0.894"
"20260905","Food","Coffee & Tea","원두","맥널티커피","FC","13277718","맥널티 행복을 주는 커피 브라질 산토스 1kg","8804645003936","발주가능","정상","80","12","158","14091","0","0","0","","NO","0.894"
"20260905","Food","Coffee & Tea","원두","맥널티커피","FC","13277719","맥널티 행복을 주는 커피 콜롬비아 블렌드 1kg","8804645003929","발주가능","정상","0","21","513","15599","0","0","0","","NO","0.894"
"20260905","Food","Coffee & Tea","원두","맥널티커피","FC","37733154","맥널티 원두 홀빈(분쇄안함) 마일드 미디움 블렌드 200g, 1개","8804645005374","발주가능","정상","0","0","28","5791","0","0","0","","NO","0.894"
"20260905","Food","Coffee & Tea","원두","맥널티커피","FC","38710869","맥널티 홀빈 커피원두, 마일드 미디움 블렌드 1kg, 1개","8804645005329","발주가능","정상","0","0","21","16364","0","0","0","","NO","0.894"
"20260905","Food","Coffee & Tea","원두","맥널티커피","FC","38710870","맥널티 홀빈 커피원두, 콜롬비아 안데스 오리진 1kg, 1개","8804645005343","발주가능","정상","0","4","91","16364","0","0","0","","NO","0.894"
"20260905","Food","Coffee & Tea","원두","맥널티커피","FC","38710872","맥널티 홀빈 커피원두, 시그니처 블렌드 1kg, 1개","8804645005312","발주가능","정상","0","1","110","16364","0","0","0","","NO","0.894"
"20260905","Food","Coffee & Tea","원두","맥널티커피","FC","38813491","맥널티 홀빈 원두 1KG, 브라질 산토스 내추럴, 1개","8804645005350","발주가능","정상","0","7","228","11364","0","0","0","","NO","0.894"
"20260905","Food","Coffee & Tea","원두","맥널티커피","FC","38919334","맥널티 에티오피아 예가체프 홀빈 원두, 1kg, 1개","8804645006852","발주가능","정상","0","6","64","16364","0","0","0","","NO","0.894"
"20260905","Food","Coffee & Tea","원두","맥널티커피","FC","39616644","맥널티 예맨 모카 블렌드 커피 원두, 홀빈(분쇄안함), 500g, 1개","8804645006692","발주가능","정상","0","0","16","11400","0","0","0","","NO","0.894"
"20260905","Food","Coffee & Tea","원두","맥널티커피","FC","39616645","맥널티 시그니처 디카페인 커피 원두, 홀빈(분쇄안함), 500g, 1개","8804645006937","발주가능","정상","0","4","49","12545","0","0","0","","NO","0.894"
"20260905","Food","Coffee & Tea","원두","맥널티커피","FC","39616646","맥널티 게이샤 블렌드 커피 원두, 홀빈(분쇄안함), 500g, 1개","8804645006708","발주가능","정상","0","0","35","11400","0","0","0","","NO","0.894"
"20260905","Food","Coffee & Tea","원두","맥널티커피","FC","39616647","맥널티 하와이안 코나 블렌드 커피 원두, 홀빈(분쇄안함), 500g, 1개","8804645006685","발주가능","정상","0","4","79","11400","0","0","0","","NO","0.894"
"20260905","Food","Coffee & Tea","원두","맥널티커피","FC","48074657","맥널티 브라질 세라도 분쇄 원두 커피, 1개, 500g","8804645007262","발주가능","정상","0","6","96","9395","0","0","0","","NO","0.894"
"20260905","Food","Coffee & Tea","원두","맥널티커피","FC","48074658","맥널티 콜롬비아 안데스 분쇄 원두 커피, 1개, 500g","8804645007255","발주가능","정상","0","6","82","9986","0","0","0","","NO","0.894"
"20260905","Food","Coffee & Tea","원두","맥널티커피","FC","48074659","맥널티 에티오피아 예가체프 분쇄 원두 커피, 1개, 500g","8804645007231","발주가능","정상","48","10","113","9986","0","0","0","","NO","0.894"
"20260905","Food","Coffee & Tea","원두","맥널티커피","FC","58681130","콜롬비아 안데스 오리진 분쇄 커피 원두 1개 226g 핸드드립","8804645007552","발주가능","정상","0","3","40","7159","0","0","0","","NO","0.894"
"20260905","Food","Coffee & Tea","원두","맥널티커피","FC","58681131","브라질 산토스 오리진 분쇄 커피 원두, 226g, 1개, 핸드드립","8804645007545","발주가능","정상","0","2","27","7159","0","0","0","","NO","0.894"
"20260905","Food","Coffee & Tea","원두","맥널티커피","FC","58765769","게이샤 블렌드 분쇄 커피 원두, 1개, 226g, 핸드드립","8804645007514","발주가능","정상","0","3","25","7732","0","0","0","","NO","0.894"
"20260905","Food","Coffee & Tea","원두","맥널티커피","FC","58765770","디카페인 헤이즐넛향 분쇄 커피 원두, 1개, 226g, 핸드드립","8804645007538","발주가능","정상","0","17","97","8018","0","0","0","","NO","0.894"
"20260905","Food","Coffee & Tea","원두","맥널티커피","FC","58850533","하와이안 코나 블렌드 분쇄 커피 원두, 1개, 226g, 핸드드립","8804645007521","발주가능","정상","0","0","17","7732","0","0","0","","NO","0.894"
"20260905","Food","Coffee & Tea","원두","맥널티커피","FC","71777603","투비 다크 블랙 블렌드 홀빈 원두 커피, 1kg, 홀빈(분쇄안함), 1개","8804645007989","발주가능","정상","0","9","135","13115","0","0","0","","NO","0.894"
"20260905","Food","Coffee & Tea","원두","맥널티커피","FC","76697770","투비커피 너티초코 아메리카노 블렌드 홀빈 원두 커피, 1kg, 홀빈(분쇄안함), 1개","8804645008047","발주가능","정상","0","0","39","17125","0","0","0","","NO","0.894"
"20260905","Food","Coffee & Tea","원두커피믹스","맥널티","FC","10003529","아이브루 클래식 100T","8804645002465","발주불가","규격 외","0","0","1","6068","0","0","0","","NO","0.584"
"20260905","Food","Coffee & Tea","원두커피믹스","맥널티","FC","11019882","맥널티 아이브루 다크 블렌드 200T","8804645003219","발주가능","정상","0","5","52","13096","0","0","0","","NO","0.584"
"20260905","Food","Coffee & Tea","원두커피믹스","맥널티커피","FC","11019883","맥널티 아이브루 모카 블랙 200T","8804645003226","발주가능","정상","30","5","118","11687","0","0","0","","NO","0.584"
"20260905","Food","Coffee & Tea","원두커피믹스","맥널티커피","FC","13777565","맥널티 아이브루 모카블랙 70T","8804645003912","발주가능","정상","0","1","26","6519","0","0","0","","NO","0.584"
"20260905","Food","Coffee & Tea","원두커피믹스","맥널티커피","FC","15720531","콜롬비아 블랙 100개입","8804645002861","발주가능","정상","0","30","1312","6345","0","0","0","","NO","0.584"
"20260905","Food","Coffee & Tea","원두커피믹스","맥널티커피","SFSPA3","15720531","콜롬비아 블랙 100개입","8804645002861","발주가능","정상","0","1","5","6345","0","0","0","","NO","0.584"
"20260905","Food","Coffee & Tea","원두커피믹스","맥널티커피","FC","26477367","맥널티 리얼 에스프레소샷 블랙 액상스틱커피 15mlx30개입","8804645006029","발주가능","정상","0","18","503","7388","0","0","0","","NO","0.584"
"20260905","Food","Coffee & Tea","원두커피믹스","맥널티커피","FC","62672352","맥널티 아이브루 플러스 스위트 블랙 원두커피믹스 80개입 2.8g","8804645007620","발주가능","정상","0","7","4","7961","0","0","0","","NO","0.584"
"20260905","Food","Coffee & Tea","원두커피믹스","맥널티커피","FC","67975031","호랭이 커피 오곡향 블랙, 1개, 20개입, 1g","8804645007781","발주가능","정상","0","14","380","2806","0","0","0","","NO","0.584"
"20260905","Food","Coffee & Tea","원두커피믹스","맥널티커피","FC","71629331","맥널티 갓성비 아메리카노 블랙커피, 1개, 100개입, 2g","8804645007873","발주가능","정상","0","45","729","8534","0","0","0","","NO","0.584"
"20260905","Food","Coffee & Tea","원두커피믹스","맥널티커피","SFSPA3","71629331","맥널티 갓성비 아메리카노 블랙커피, 1개, 100개입, 2g","8804645007873","발주가능","정상","0","0","0","8534","0","0","0","","NO","0.584"
"20260905","Food","Coffee & Tea","원두커피믹스","아이브루","부천2","36903434","맥널티 아이브루 플러스 헤이즐넛 블랙커피 100개입","8804645006395","발주가능","정상","0","0","0","7623","0","0","0","","NO","0.584"
"20260905","Food","Coffee & Tea","원두커피믹스","아이브루","SFJEJ2","36903434","맥널티 아이브루 플러스 헤이즐넛 블랙커피 100개입","8804645006395","발주가능","정상","0","1","1","7623","0","0","0","","NO","0.584"
"20260905","Food","Coffee & Tea","원두커피믹스","아이브루","FC","36903434","맥널티 아이브루 플러스 헤이즐넛 블랙커피 100개입","8804645006395","발주가능","정상","0","62","1119","7623","0","0","0","","NO","0.584"
"20260905","Food","Coffee & Tea","원두커피믹스","아이브루","RC","36903434","맥널티 아이브루 플러스 헤이즐넛 블랙커피 100개입","8804645006395","발주가능","정상","0","0","505","7623","0","0","0","","NO","0.584"
"20260905","Food","Coffee & Tea","원두커피믹스","아이브루","FC","36903435","맥널티 아이브루 플러스 오리지널 블랙커피 100개입","8804645006388","발주불가","규격 외","0","0","384","7623","0","0","0","","NO","0.584"
"20260905","Food","Coffee & Tea","원두커피믹스","아이브루","FC","46534985","아이브루 플러스 디카페인 아메리카노 블랙커피, 1개, 80개입, 80g","8804645007118","발주가능","정상","0","23","179","7964","0","0","0","","NO","0.584"
"20260905","Food","Coffee & Tea","원두커피믹스","아이브루","FC","56760693","아이브루 플러스 디카페인 블랙커피 헤이즐넛향 (1g x 80개입), 1개","8804645007453","발주가능","정상","0","43","933","7961","0","0","0","","NO","0.584"
"20260905","Food","Coffee & Tea","원두커피믹스","프라이빗클럽","FC","10837643","맥널티 병커피 헤이즐넛향 50gx10개","19311931309161","발주가능","정상","0","10","101","23000","0","0","0","","NO","0.584"
"20260905","Food","Coffee & Tea","원두커피믹스","프라이빗클럽","FC","12091997","Box_입소문난 아이리쉬 50G 10병","19311931311164","발주가능","정상","0","3","18","18625","0","0","0","","NO","0.584"
"20260905","Food","Coffee & Tea","원두커피믹스","프라이빗클럽","FC","52625820","맥널티 인스턴트 원두 병커피 에스프레소 블랙 50g 1개","9311931902167","발주가능","정상","0","43","255","3486","0","0","0","","NO","0.584"
"20260905","Food","Coffee & Tea","율무/견과차","맥널티","SFJEJ2","64842417","티브루 호박팥차 진액 10ml 30개입 1개","8804645007675","발주가능","정상","0","2","1","5259","0","0","0","","NO","0.705"
"20260905","Food","Coffee & Tea","율무/견과차","맥널티","FC","64842417","티브루 호박팥차 진액 10ml 30개입 1개","8804645007675","발주가능","정상","420","37","951","5259","0","0","0","","NO","0.705"
"20260905","Food","Coffee & Tea","율무/견과차","맥널티커피","FC","39149735","맥널티 스테비아 제로슈가 호두 아몬드 율무차, 1개, 30개입, 450g","8804645006906","발주가능","정상","0","5","76","6815","0","0","0","","NO","0.705"
"20260905","Food","Coffee & Tea","차세트","맥널티커피","FC","78654824","[2026 추석세트] 맥널티 스테비아 전통차 선물세트, 1세트, 율무차(30개) + 쌍화차(30개)","8804645008092","발주가능","정상","0","0","60","19091","0","0","0","","NO","0.898"
"20260905","Food","Coffee & Tea","커피믹스","맥널티커피","SFSPA3","45571","맥널티_ 자메이카 블루마운틴 블렌드_226G","8804645100215","발주가능","정상","0","0","1","5000","0","0","0","","NO","0.717"
"20260905","Food","Coffee & Tea","커피믹스","맥널티커피","FC","45571","맥널티_ 자메이카 블루마운틴 블렌드_226G","8804645100215","발주가능","정상","0","83","1074","5000","0","0","0","","NO","0.717"
"20260905","Food","Coffee & Tea","커피믹스","맥널티커피","RC","45571","맥널티_ 자메이카 블루마운틴 블렌드_226G","8804645100215","발주가능","정상","0","0","512","5000","0","0","0","","NO","0.717"
"20260905","Food","Coffee & Tea","커피믹스","맥널티커피","FC","25240400","맥널티 스테비아 커피믹스 100개입","8804645006067","발주가능","정상","0","114","1425","12941","0","0","0","","NO","0.717"
"20260905","Food","Coffee & Tea","커피믹스","맥널티커피","RC","25240400","맥널티 스테비아 커피믹스 100개입","8804645006067","발주가능","정상","0","0","1440","12941","0","0","0","","NO","0.717"
"20260905","Food","Coffee & Tea","커피믹스","맥널티커피","SFJEJ2","25240400","맥널티 스테비아 커피믹스 100개입","8804645006067","발주가능","정상","0","1","2","12941","0","0","0","","NO","0.717"
"20260905","Food","Coffee & Tea","커피믹스","맥널티커피","SFODD4","25240402","맥널티 스테비아 커피믹스 30개입","8804645006074","발주가능","정상","0","0","0","4827","0","0","0","","NO","0.717"
"20260905","Food","Coffee & Tea","커피믹스","맥널티커피","FC","25240402","맥널티 스테비아 커피믹스 30개입","8804645006074","발주가능","정상","0","27","241","4827","0","0","0","","NO","0.717"
"20260905","Food","Coffee & Tea","커피믹스","맥널티커피","FC","29461862","맥널티 아메리카노 아이스 블랙 100개입","8804645006081","발주가능","정상","0","38","257","5850","0","0","0","","NO","0.717"
"20260905","Food","Coffee & Tea","커피믹스","맥널티커피","FC","38933766","맥널티커피 스테비아 디카페인 커피믹스, 1개, 100개입 9.5g","8804645006890","발주가능","정상","0","38","437","18850","0","0","0","","NO","0.717"
"20260905","Food","Coffee & Tea","커피믹스","맥널티커피","FC","40806729","맥널티 스테비아 디카페인 커피믹스, 1개, 30개입, 285g","8804645006777","발주가능","정상","0","24","602","7027","0","0","0","","NO","0.717"
"20260905","Food","Coffee & Tea","커피믹스","맥널티커피","FC","46730880","산양유 단백질 프로틴 스테비아 커피믹스, 1개, 30개입, 300g","8804645007194","발주가능","정상","0","6","63","6243","0","0","0","","NO","0.717"
"20260905","Food","Coffee & Tea","커피믹스","맥널티커피","FC","47303765","산양유 단백질 프로틴 스테비아 커피믹스, 1개, 100개입, 1000g","8804645007187","발주가능","정상","0","10","27","19988","0","0","0","","NO","0.717"
"20260905","Food","Coffee & Tea","커피믹스","맥널티커피","FC","56214466","맥널티커피 아이브루 바닐라 라떼,12g x 100개입(스틱), 1200g , 1개","8804645007460","발주가능","정상","0","9","154","12543","0","0","0","","NO","0.717"
"20260905","Food","Coffee & Tea","커피믹스","맥널티커피","FC","56214467","맥널티커피 아이브루 카라멜 마끼아또, 12g x 100개입(스틱), 1200g , 1개","8804645007484","발주가능","정상","0","8","128","12543","0","0","0","","NO","0.717"
"20260905","Food","Coffee & Tea","커피믹스","맥널티커피","FC","63447822","스테비아 커피믹스 헤이즐넛향 9.5g 30개입 1개","8804645007637","발주가능","정상","0","20","232","4827","0","0","0","","NO","0.717"
"20260905","Food","Coffee & Tea","커피믹스","맥널티커피","FC","64859139","맥널티 스테비아 솔티드 카라멜 커피믹스 10g 1개 30개입","8804645007668","발주가능","정상","0","10","156","5670","0","0","0","","NO","0.717"
"20260905","Food","Coffee & Tea","커피믹스","맥널티커피","RC","69526598","맥널티 갓성비 제로슈가 커피믹스, 1개, 80개입, 9g","8804645007842","발주가능","정상","0","0","64","8805","0","0","0","","NO","0.717"
"20260905","Food","Coffee & Tea","커피믹스","맥널티커피","FC","69526598","맥널티 갓성비 제로슈가 커피믹스, 1개, 80개입, 9g","8804645007842","발주가능","정상","0","26","476","8805","0","0","0","","NO","0.717"
"20260905","Food","Coffee & Tea","커피믹스","맥널티커피","FC","69634259","맥널티커피 스테비아 커피믹스 헤이즐넛향, 9.5g, 100개입, 1개","8804645007811","발주가능","정상","0","7","71","14261","0","0","0","","NO","0.717"
"20260905","Food","Coffee & Tea","커피믹스","맥널티커피","FC","71115721","호랭이 커피믹스 고소한 오곡향, 1개, 160개입, 9.5g","8804645007880","발주가능","정상","0","5","56","14261","0","0","0","","NO","0.717"
"20260905","Food","Coffee & Tea","커피믹스","맥널티커피","FC","71115722","호랭이 커피믹스 고소한 오곡향, 1개, 20개입, 9.5g","8804645007897","발주가능","정상","0","7","185","2806","0","0","0","","NO","0.717"
"20260905","Food","Coffee & Tea","커피믹스","아이브루","SFJEJ2","2341900","맥널티 iBrew 미니 헤이즐넛향 200개입(200g)","8804645000515","발주가능","정상","0","0","5","9917","0","0","0","","NO","0.717"
"20260905","Food","Coffee & Tea","커피믹스","아이브루","RC","2341900","맥널티 iBrew 미니 헤이즐넛향 200개입(200g)","8804645000515","발주가능","정상","0","0","360","9917","0","0","0","","NO","0.717"
"20260905","Food","Coffee & Tea","커피믹스","아이브루","SFSPA3","2341900","맥널티 iBrew 미니 헤이즐넛향 200개입(200g)","8804645000515","발주가능","정상","0","0","12","9917","0","0","0","","NO","0.717"
"20260905","Food","Coffee & Tea","커피믹스","아이브루","SFODD2","2341900","맥널티 iBrew 미니 헤이즐넛향 200개입(200g)","8804645000515","발주가능","정상","0","0","2","9917","0","0","0","","NO","0.717"
"20260905","Food","Coffee & Tea","커피믹스","아이브루","FC","2341900","맥널티 iBrew 미니 헤이즐넛향 200개입(200g)","8804645000515","발주가능","정상","0","51","892","9917","0","0","0","","NO","0.717"
"20260905","Food","Coffee & Tea","커피믹스","아이브루","FC","3067423","아이브루 헤이즐넛향 70개입","8804645000706","발주가능","정상","0","16","426","4025","0","0","0","","NO","0.717"
"20260905","Food","Coffee & Tea","커피믹스","아이브루","FC","3067424","아이브루 케냐AA 블렌드 70개입","8804645000690","발주가능","정상","0","2","54","6205","0","0","0","","NO","0.717"
"20260905","Food","Coffee & Tea","커피믹스","아이브루","FC","3067425","아이브루 예가체프 블렌드 70개입","8804645000683","발주가능","정상","0","0","28","6205","0","0","0","","NO","0.717"
"20260905","Food","Coffee & Tea","커피믹스","프라이빗클럽","FC","3067428","인스턴트 병커피 헤이즐넛향 50g","9311931105162","발주가능","정상","0","199","4374","2300","0","0","0","","NO","0.717"
"20260905","Food","Coffee & Tea","커피믹스","프라이빗클럽","SFSPA3","3067428","인스턴트 병커피 헤이즐넛향 50g","9311931105162","발주가능","정상","0","4","0","2300","0","0","0","","NO","0.717"
"20260905","Food","Coffee & Tea","커피세트","맥널티커피","FC","26870612","[2026 추석세트] 맥널티 핸드드립 버라이어티세트 30개입","8804645006258","발주가능","정상","0","7","672","9395","0","0","0","","NO","0.894"
"20260905","Food","Coffee & Tea","커피세트","맥널티커피","FC","54651094","인스턴트 원두 병커피 맥널티커피 선물세트 50g x 4개입(에스프레소 2병+헤이즐넛 2병), 1세트","8804645007408","발주가능","정상","0","0","0","15305","0","0","0","","YES","0.894"
"20260905","Food","Drinks","과일음료","맥널티커피","FC","24752132","청포도 에이드 190mL 10팩","8804645005893","발주가능","정상","0","30","832","3486","0","0","0","","NO","0.800"
"20260905","Food","Drinks","과일음료","맥널티커피","SFJEJ2","24752132","청포도 에이드 190mL 10팩","8804645005893","발주가능","정상","0","0","3","3486","0","0","0","","NO","0.800"
"20260905","Food","Drinks","과일음료","맥널티커피","RC","24752132","청포도 에이드 190mL 10팩","8804645005893","발주가능","정상","0","0","273","3486","0","0","0","","NO","0.800"
"20260905","Food","Drinks","과일음료","맥널티커피","FC","24752250","블루레몬 에이드 190mL 10팩","8804645005909","발주가능","정상","0","13","754","3486","0","0","0","","NO","0.800"
"20260905","Food","Drinks","과일음료","맥널티커피","FC","45580036","맥널티 청매실 에이드 190ml*10개입","8804645007071","발주가능","정상","0","11","242","3486","0","0","0","","NO","0.800"
"20260905","Food","Drinks","농축액(음료베이스)","맥널티","FC","51983601","물 한방울 섞이지 않은 김토끼 유기농 레몬즙, 10개, 20g","8804645007361","발주가능","정상","0","5","65","4077","0","0","0","","NO","0.694"
"20260905","Food","Drinks","농축액(음료베이스)","맥널티","FC","58338694","티브루 보리차 원액 간편 액상스틱 진액, 30개, 10ml","8804645007590","발주가능","정상","0","71","1369","5259","0","0","0","","NO","0.694"
"20260905","Food","Drinks","농축액(음료베이스)","맥널티","SFJEJ2","58338694","티브루 보리차 원액 간편 액상스틱 진액, 30개, 10ml","8804645007590","발주가능","정상","0","1","2","5259","0","0","0","","NO","0.694"
"20260905","Food","Drinks","농축액(음료베이스)","맥널티","FC","58338695","티브루 옥수수수염차 원액 간편 액상스틱 진액, 30개, 10ml","8804645007606","발주가능","정상","0","29","1066","5259","0","0","0","","NO","0.694"
"20260905","Food","Drinks","농축액(음료베이스)","맥널티","FC","58338696","티브루 헛개수 원액 간편 액상스틱 진액, 30개, 10ml","8804645007613","발주가능","정상","0","16","762","5259","0","0","0","","NO","0.694"
"20260905","Food","Drinks","농축액(음료베이스)","맥널티","SFSPA3","58338696","티브루 헛개수 원액 간편 액상스틱 진액, 30개, 10ml","8804645007613","발주가능","정상","0","1","1","5259","0","0","0","","NO","0.694"
"20260905","Food","Drinks","농축액(음료베이스)","맥널티","SFJEJ2","58338696","티브루 헛개수 원액 간편 액상스틱 진액, 30개, 10ml","8804645007613","발주가능","정상","0","0","1","5259","0","0","0","","NO","0.694"
"20260905","Food","Drinks","농축액(음료베이스)","맥널티커피","FC","62882483","티브루 보리차 진액, 1개, 400g","8804645007651","발주가능","정상","0","2","176","7623","0","0","0","","NO","0.694"
"20260905","Food","Drinks","농축액(음료베이스)","맥널티커피","FC","71636537","맥널티 티브루 호박팥차 무라벨, 20개, 500ml","8804645007934","발주가능","정상","0","54","577","8795","0","0","0","","NO","0.694"
"20260905","Food","Drinks","야채음료","맥널티커피","FC","48914233","맥널티 유자 에이드 190ml 10개","8804645007217","발주가능","정상","0","5","360","3486","0","0","0","","NO","0.587"
"20260905","Food","Drinks","차음료","맥널티커피","RC","24752251","복숭아 아이스티 190mL 10팩","8804645005886","발주가능","정상","0","0","258","3486","0","0","0","","NO","0.682"
"20260905","Food","Drinks","차음료","맥널티커피","SFJEJ2","24752251","복숭아 아이스티 190mL 10팩","8804645005886","발주가능","정상","0","0","6","3486","0","0","0","","NO","0.682"
"20260905","Food","Drinks","차음료","맥널티커피","FC","24752251","복숭아 아이스티 190mL 10팩","8804645005886","발주가능","정상","0","31","518","3486","0","0","0","","NO","0.682"
"20260905","Food","Drinks","차음료","맥널티커피","FC","24944267","맥널티 허니자몽 블랙티 대용량 파우치 1Lx6입","18804645005951","발주가능","정상","0","3","75","10252","0","0","0","","NO","0.682"
"20260905","Food","Drinks","차음료","맥널티커피","FC","24944268","맥널티 복숭아 아이스티 대용량 파우치 1Lx6입","18804645005944","발주가능","정상","0","0","11","10252","0","0","0","","NO","0.682"
"20260905","Food","Drinks","차음료","맥널티커피","FC","26889711","맥널티 제로칼로리 복숭아 아이스티 500ml 24입","18804645006101","발주가능","정상","0","11","358","12205","0","0","0","","NO","0.682"
"20260905","Food","Drinks","차음료","맥널티커피","FC","36669698","제로 아이스티 복숭아, 30개입, 13g","8804645006791","발주가능","정상","0","6","104","5850","0","0","0","","NO","0.682"
"20260905","Food","Drinks","차음료","맥널티커피","FC","36829225","맥널티 제로칼로리 청포도 아이스티 500mlx24입,","18804645006538","발주가능","정상","0","4","27","12205","0","0","0","","NO","0.682"
"20260905","Food","Drinks","차음료","맥널티커피","FC","36829226","제로 아이스티 청포도, 30개입, 13g 1개","8804645006807","발주가능","정상","0","2","112","5850","0","0","0","","NO","0.682"
"20260905","Food","Drinks","차음료","맥널티커피","FC","36863185","맥널티 대용량 제로칼로리 복숭아 아이스티 1.5L 12개","18804645006736","일시중단","단종예정","0","0","0","17427","0","0","0","","YES","0.682"
"20260905","Food","Drinks","차음료","맥널티커피","FC","38262417","복숭아 아이스티 제로, 6개, 1L","18804645006873","발주가능","정상","0","1","53","10577","0","0","0","","NO","0.682"
"20260905","Food","Drinks","차음료","맥널티커피","FC","40520042","맥널티커피 복숭아 아이스티 제로 RTD, 30개, 240ml","18804645006835","발주가능","정상","0","2","370","8795","0","0","0","","NO","0.682"
"20260905","Food","Drinks","차음료","맥널티커피","SFJEJ2","61673272","맥널티커피 복숭아 아이스티 제로, 1.5L, 1개","8804645006739","발주가능","정상","0","0","10","1364","0","0","0","","NO","0.682"
"20260905","Food","Drinks","차음료","맥널티커피","RC","61673272","맥널티커피 복숭아 아이스티 제로, 1.5L, 1개","8804645006739","발주가능","정상","0","0","1248","1364","0","0","0","","NO","0.682"
"20260905","Food","Drinks","차음료","맥널티커피","SFSPA3","61673272","맥널티커피 복숭아 아이스티 제로, 1.5L, 1개","8804645006739","발주가능","정상","0","0","1","1364","0","0","0","","NO","0.682"
"20260905","Food","Drinks","차음료","맥널티커피","FC","61673272","맥널티커피 복숭아 아이스티 제로, 1.5L, 1개","8804645006739","발주가능","정상","0","187","2408","1364","0","0","0","","NO","0.682"
"20260905","Food","Drinks","차음료","맥널티커피","FC","73944650","맥널티 복숭아 아이스티 대용량 파우치, 1개, 2.1L","8804645007965","발주가능","정상","0","134","3193","2413","0","0","0","","NO","0.682"
"20260905","Food","Drinks","차음료","맥널티커피","SFSPA3","73944650","맥널티 복숭아 아이스티 대용량 파우치, 1개, 2.1L","8804645007965","발주가능","정상","0","0","8","2413","0","0","0","","NO","0.682"
"20260905","Food","Drinks","차음료","맥널티커피","SFJEJ2","73944650","맥널티 복숭아 아이스티 대용량 파우치, 1개, 2.1L","8804645007965","발주가능","정상","0","6","2","2413","0","0","0","","NO","0.682"
"20260905","Food","Drinks","차음료","맥널티커피","FC","75850021","맥널티 허니자몽 블랙티, 1L, 1개","8804645005954","발주가능","정상","0","15","318","1714","0","0","0","","NO","0.682"
"20260905","Food","Drinks","커피음료","맥널티커피","FC","24695530","아이스 헤이즐넛향 커피 190mL 10팩","8804645005879","발주가능","정상","0","12","187","3486","0","0","0","","NO","0.676"
"20260905","Food","Drinks","커피음료","맥널티커피","RC","24695530","아이스 헤이즐넛향 커피 190mL 10팩","8804645005879","발주가능","정상","0","0","546","3486","0","0","0","","NO","0.676"
"20260905","Food","Drinks","커피음료","맥널티커피","SFJEJ2","24695530","아이스 헤이즐넛향 커피 190mL 10팩","8804645005879","발주가능","정상","0","0","1","3486","0","0","0","","NO","0.676"
"20260905","Food","Drinks","커피음료","맥널티커피","RC","24695531","아이스 아메리카노 스위트 190mL 10팩","8804645005862","발주가능","정상","0","0","273","3486","0","0","0","","NO","0.676"
"20260905","Food","Drinks","커피음료","맥널티커피","SFJEJ2","24695531","아이스 아메리카노 스위트 190mL 10팩","8804645005862","발주가능","정상","0","0","0","3486","0","0","0","","NO","0.676"
"20260905","Food","Drinks","커피음료","맥널티커피","FC","24695531","아이스 아메리카노 스위트 190mL 10팩","8804645005862","발주가능","정상","0","43","327","3486","0","0","0","","NO","0.676"
"20260905","Food","Drinks","커피음료","맥널티커피","FC","24695532","아이스 아메리카노 블랙 190mL 10팩","8804645005855","발주가능","정상","0","54","407","3486","0","0","0","","NO","0.676"
"20260905","Food","Drinks","커피음료","맥널티커피","SFODD2","24695532","아이스 아메리카노 블랙 190mL 10팩","8804645005855","발주가능","정상","0","0","2","3486","0","0","0","","NO","0.676"
"20260905","Food","Drinks","커피음료","맥널티커피","RC","24695532","아이스 아메리카노 블랙 190mL 10팩","8804645005855","발주가능","정상","0","0","273","3486","0","0","0","","NO","0.676"
"20260905","Food","Drinks","커피음료","맥널티커피","FC","25484251","맥널티커피 아메리카노 스위트 1Lx6입","18804645005920","발주가능","정상","0","10","179","10252","0","0","0","","NO","0.676"
"20260905","Food","Drinks","커피음료","맥널티커피","FC","25484255","맥널티 아이스 아메리카노 블랙커피 대용량 파우치 1Lx6입","18804645005913","발주가능","정상","0","3","80","10252","0","0","0","","NO","0.676"
"20260905","Food","Drinks","커피음료","맥널티커피","FC","25484257","맥널티 아이스 헤이즐넛향 커피 대용량 파우치 1Lx6입","18804645005937","발주가능","정상","0","7","123","10252","0","0","0","","NO","0.676"
"20260905","Food","Drinks","커피음료","맥널티커피","FC","48466205","맥널티 대용량 제로슈가 스테비아 믹스커피 음료, 12개, 1L","18804645007290","발주가능","정상","0","12","172","17067","0","0","0","","NO","0.676"
"20260905","Food","Drinks","커피음료","맥널티커피","FC","54922706","맥널티 대용량 제로슈가 스테비아 믹스커피 음료, 1L, 6개","8804645007323","발주가능","정상","0","94","1380","8805","0","0","0","","NO","0.676"
"20260905","Food","Drinks","커피음료","맥널티커피","RC","68778940","맥널티 아이브루 아메리카노 블랙커피 12개 1L","18804645007306","발주가능","정상","0","0","1840","12205","0","0","0","","NO","0.676"
"20260905","Food","Drinks","커피음료","맥널티커피","FC","68778940","맥널티 아이브루 아메리카노 블랙커피 12개 1L","18804645007306","발주가능","정상","0","199","1732","12205","0","0","0","","NO","0.676"
"20260905","Food","Drinks","커피음료","맥널티커피","FC","68778941","맥널티 아이브루 헤이즐넛향 블랙커피 12개 1L","18804645007504","발주가능","정상","0","38","603","11295","0","0","0","","NO","0.676"
"20260905","Food","Drinks","커피음료","맥널티커피","RC","68778941","맥널티 아이브루 헤이즐넛향 블랙커피 12개 1L","18804645007504","발주가능","정상","0","0","160","11295","0","0","0","","NO","0.676"
"20260905","Food","Drinks","커피음료","맥널티커피","RC","68778942","아이브루 아메리카노 블랙커피 무라벨 400ML 20개","8804645007491","발주가능","정상","0","0","1274","11295","0","0","0","","NO","0.676"
"20260905","Food","Drinks","커피음료","맥널티커피","FC","68778942","아이브루 아메리카노 블랙커피 무라벨 400ML 20개","8804645007491","발주가능","정상","0","158","1343","11295","0","0","0","","NO","0.676"
"20260905","Food","Drinks","커피음료","맥널티커피","FC","73951791","맥널티 아이스 아메리카노 블랙 커피 대용량 파우치, 1개, 2.1L","8804645007958","발주가능","정상","48","458","7301","2413","0","0","0","","NO","0.676"
"20260905","Food","Drinks","커피음료","맥널티커피","SFJEJ2","73951791","맥널티 아이스 아메리카노 블랙 커피 대용량 파우치, 1개, 2.1L","8804645007958","발주가능","정상","0","7","0","2413","0","0","0","","NO","0.676"
"20260905","Food","Drinks","커피음료","맥널티커피","SFSPA3","73951791","맥널티 아이스 아메리카노 블랙 커피 대용량 파우치, 1개, 2.1L","8804645007958","발주가능","정상","0","14","70","2413","0","0","0","","NO","0.676"
"20260905","Food","Drinks","커피음료","맥널티커피","RC","73951791","맥널티 아이스 아메리카노 블랙 커피 대용량 파우치, 1개, 2.1L","8804645007958","발주가능","정상","0","0","8192","2413","0","0","0","","NO","0.676"
"20260905","Food","Drinks","커피음료","맥널티커피","SFJEJ2","75683093","맥널티 아이스 아메리카노 블랙 1리터, 1L, 1개","8804645005916","발주가능","정상","0","0","1","1714","0","0","0","","NO","0.676"
"20260905","Food","Drinks","커피음료","맥널티커피","FC","75683093","맥널티 아이스 아메리카노 블랙 1리터, 1L, 1개","8804645005916","발주가능","정상","0","17","1254","1714","0","0","0","","NO","0.676"
"20260905","Food","Drinks","커피음료","맥널티커피","SFSPA3","75694561","맥널티커피 아이스 아메리카노 헤이즐넛, 1개, 1L","8804645005930","발주가능","정상","0","0","5","1714","0","0","0","","NO","0.676"
"20260905","Food","Drinks","커피음료","맥널티커피","FC","75694561","맥널티커피 아이스 아메리카노 헤이즐넛, 1개, 1L","8804645005930","발주가능","정상","0","52","2077","1714","0","0","0","","NO","0.676"
"20260905","Food","Drinks","커피음료","맥널티커피","SFJEJ2","75694561","맥널티커피 아이스 아메리카노 헤이즐넛, 1개, 1L","8804645005930","발주가능","정상","0","0","3","1714","0","0","0","","NO","0.676"
"20260905","Food","Drinks","커피음료","맥널티커피","SFJEJ2","75765043","맥널티 아이스아메리카노 스위트, 1개, 1L","8804645005923","발주가능","정상","0","0","2","1714","0","0","0","","NO","0.676"
"20260905","Food","Drinks","커피음료","맥널티커피","FC","75765043","맥널티 아이스아메리카노 스위트, 1개, 1L","8804645005923","발주가능","정상","0","44","1827","1714","0","0","0","","NO","0.676"
"20260905","Food","Drinks","커피음료","맥널티커피","SFSPA3","75765043","맥널티 아이스아메리카노 스위트, 1개, 1L","8804645005923","발주가능","정상","0","5","9","1714","0","0","0","","NO","0.676"
"20260905","Food","Drinks","커피음료","맥널티커피","RC","76540319","맥널티 호랭이 마일드 라떼 캔커피, 30개, 175ml","18804645008013","발주가능","정상","0","0","158","8523","0","0","0","","NO","0.676"
"20260905","Food","Drinks","커피음료","맥널티커피","FC","76540319","맥널티 호랭이 마일드 라떼 캔커피, 30개, 175ml","18804645008013","발주가능","정상","0","49","1367","8523","0","0","0","","NO","0.676"
"20260905","Food","Drinks","커피음료","맥널티커피","FC","77572705","맥널티 아이스 아메리카노 헤이즐넛, 1개, 2.1L","8804645008030","발주가능","정상","0","191","173","2413","0","0","0","","NO","0.676"
"20260905","Food","Drinks","커피음료","아이브루","FC","70253954","아이브루 디카페인 아메리카노 블랙커피 무라벨, 20개, 400ml","8804645007903","발주가능","정상","0","49","731","13500","0","0","0","","NO","0.676"
"20260905","Food","Drinks","커피음료","아이브루","RC","70253954","아이브루 디카페인 아메리카노 블랙커피 무라벨, 20개, 400ml","8804645007903","발주가능","정상","0","0","455","13500","0","0","0","","NO","0.676"
"20260905","Kitchen","Tools & Gadgets","드립주전자/포트","맥널티커피","FC","15333511","맥널티 드립 주전자 350ml","8804645004490","발주가능","정상","3","0","3","5044","0","0","0","","YES","0.782"
"20260905","Kitchen","Tools & Gadgets","커피필터/여과지","맥널티","FC","12491225","맥널티 핸드드립 커피필터 30개입","8804645300950","발주가능","정상","0","46","1552","2642","0","0","0","","NO","0.516"
"20260904","CE","Kitchen Appliance","커피머신","맥널티커피","FC","31602405","맥널티 2in1 핫앤콜드 진공추출 커피메이커 MCM-065B MCM-065B","8804645006296","발주가능","정상","3","2","3","30859","0","0","0","","NO","0.776"
"20260904","Food","Coffee & Tea","기타전통차","맥널티커피","FC","39149736","맥널티 스테비아 침향 쌍화차, 1개, 30개입, 450g","8804645006913","발주가능","정상","0","0","98","8536","0","0","0","","NO","0.717"
"20260904","Food","Coffee & Tea","기타전통차","맥널티커피","FC","41175263","맥널티커피 스테비아 꿀 유자차, 1개, 30개입, 450g","8804645006951","발주가능","정상","0","2","110","7388","0","0","0","","NO","0.717"
"20260904","Food","Coffee & Tea","둥글레/옥수수/보리/결명자차","맥널티커피","FC","76230458","맥널티 진 보리차 1개 1kg","8804645007996","발주가능","정상","0","5","50","15209","0","0","0","","NO","0.607"
"20260904","Food","Coffee & Tea","드립백/티백","맥널티","FC","3067432","산지별 콜롬비아 슈프리모 핸드드립커피 7개입","8804645000324","발주가능","정상","16","8","69","3043","0","0","0","","NO","0.746"
"20260904","Food","Coffee & Tea","드립백/티백","맥널티","FC","10003518","케냐 AA 핸드드립 블렌드 24개입","8804645000720","발주가능","정상","0","4","80","6068","0","0","0","","NO","0.746"
"20260904","Food","Coffee & Tea","드립백/티백","맥널티커피","FC","3067429","산지별 브라질 세라도 NY2 핸드드립커피 7개입","8804645000300","발주가능","정상","0","1","23","2887","0","0","0","","NO","0.746"
"20260904","Food","Coffee & Tea","드립백/티백","맥널티커피","FC","3067430","산지별 케냐 AA 핸드드립커피 7개입","8804645000355","발주가능","정상","16","11","67","3062","0","0","0","","NO","0.746"
"20260904","Food","Coffee & Tea","드립백/티백","맥널티커피","FC","3067433","산지별 에티오피아 코케 허니 핸드드립커피 7개입","8804645000348","발주가능","정상","0","15","85","2910","0","0","0","","NO","0.746"
"20260904","Food","Coffee & Tea","드립백/티백","맥널티커피","FC","3067434","산지별 에티오피아 예가체프 핸드드립커피 7개입","8804645000331","발주가능","정상","80","4","126","3184","0","0","0","","NO","0.746"
"20260904","Food","Coffee & Tea","드립백/티백","맥널티커피","FC","10003517","콜롬비아 핸드드립 블렌드 24개입","8804645000713","발주가능","정상","0","29","193","5977","0","0","0","","NO","0.746"
"20260904","Food","Coffee & Tea","드립백/티백","맥널티커피","FC","23400108","맥널티 디카페인100% 핸드드립 원두커피 24개입","8804645005732","발주가능","정상","0","16","182","9395","0","0","0","","NO","0.746"
"20260904","Food","Coffee & Tea","드립백/티백","맥널티커피","FC","37713094","맥널티 핸드드립커피 케냐AA(더블에이) 36개입, 8g, 1개","8804645006616","발주가능","정상","48","3","56","11759","0","0","0","","NO","0.746"
"20260904","Food","Coffee & Tea","드립백/티백","맥널티커피","FC","37713095","맥널티 핸드드립커피 에티오피아 예가체프 36개입, 8g, 1개","8804645006623","발주가능","정상","24","2","31","10577","0","0","0","","NO","0.746"
"20260904","Food","Coffee & Tea","드립백/티백","맥널티커피","FC","41391235","맥널티 행복을주는커피 시그니처 블렌드 핸드드립 커피 20개입, 1개, 8g","8804645003653","발주가능","정상","0","4","78","6795","0","0","0","","NO","0.746"
"20260904","Food","Coffee & Tea","드립백/티백","맥널티커피","FC","62821923","맥널티 핸드드립 커피 에티오피아 예가체프 8g 24개입 1개","8804645006920","발주가능","정상","0","1","77","9679","0","0","0","","NO","0.746"
"20260904","Food","Coffee & Tea","드립백/티백","맥널티커피","FC","68147033","베니스브루 스페셜티 핸드드립 가향 커피 오렌지 벨벳, 1개, 7개입, 12g","8804645007712","발주가능","정상","0","0","13","5143","0","0","0","","NO","0.746"
"20260904","Food","Coffee & Tea","드립백/티백","맥널티커피","FC","68147034","베니스브루 스페셜티 핸드드립 가향 커피 쇼콜라 모카, 1개, 7개입, 12g","8804645007729","발주가능","정상","6","2","10","5143","0","0","0","","NO","0.746"
"20260904","Food","Coffee & Tea","드립백/티백","맥널티커피","FC","68777449","베니스브루 베리 블로썸 드립백 커피 12g 1개 7개입","8804645007705","발주가능","정상","0","0","12","5143","0","0","0","","NO","0.746"
"20260904","Food","Coffee & Tea","라떼분말","맥널티커피","FC","34834818","맥널티 스테비아 제로슈가 핫초코 라떼 30개입 15g","8804645006340","발주가능","정상","90","12","200","7500","0","0","0","","NO","0.591"
"20260904","Food","Coffee & Tea","라떼분말","맥널티커피","FC","51063548","스테비아 단백질 옥수수 크림 라떼, 1개, 20개입, 18g","8804645007330","발주가능","정상","0","1","12","5850","0","0","0","","NO","0.591"
"20260904","Food","Coffee & Tea","라떼분말","맥널티커피","FC","51164938","스테비아 단백질 고구마 크림 라떼, 1개, 20개입, 18g","8804645007347","발주가능","정상","0","1","27","5850","0","0","0","","NO","0.591"
"20260904","Food","Coffee & Tea","원두","N_A","FC","76443755","맥널티 브라질 세라도 NY.2 원두 1kg, 1개","8804645006425","발주가능","정상","0","5","265","17609","0","0","0","","NO","0.894"
"20260904","Food","Coffee & Tea","원두","맥널티커피","SFSPA3","45570","맥널티_헤이즐넛원두분쇄커피_226G","8804645100208","발주가능","정상","0","0","8","5000","0","0","0","","NO","0.894"
"20260904","Food","Coffee & Tea","원두","맥널티커피","RC","45570","맥널티_헤이즐넛원두분쇄커피_226G","8804645100208","발주가능","정상","0","0","1152","5000","0","0","0","","NO","0.894"
"20260904","Food","Coffee & Tea","원두","맥널티커피","FC","45570","맥널티_헤이즐넛원두분쇄커피_226G","8804645100208","발주가능","정상","0","76","735","5000","0","0","0","","NO","0.894"
"20260904","Food","Coffee & Tea","원두","맥널티커피","SFJEJ2","45570","맥널티_헤이즐넛원두분쇄커피_226G","8804645100208","발주가능","정상","0","0","4","5000","0","0","0","","NO","0.894"
"20260904","Food","Coffee & Tea","원두","맥널티커피","RC","45572","맥널티_헤이즐넛원두분쇄커피_500G","8804645100468","발주가능","정상","0","0","496","7960","0","0","0","","NO","0.894"
"20260904","Food","Coffee & Tea","원두","맥널티커피","FC","45572","맥널티_헤이즐넛원두분쇄커피_500G","8804645100468","발주가능","정상","0","28","752","7960","0","0","0","","NO","0.894"
"20260904","Food","Coffee & Tea","원두","맥널티커피","SFJEJ2","45572","맥널티_헤이즐넛원두분쇄커피_500G","8804645100468","발주가능","정상","0","0","2","7960","0","0","0","","NO","0.894"
"20260904","Food","Coffee & Tea","원두","맥널티커피","FC","45573","맥널티_블루마운틴스타일원두분쇄커피_500G","8804645100451","발주가능","정상","0","30","435","11091","0","0","0","","NO","0.894"
"20260904","Food","Coffee & Tea","원두","맥널티커피","FC","5344648","맥널티 원두 에스프레소 블랙 1개, 1kg","8804645001239","발주불가","단종","0","0","1","9156","0","0","0","","YES","0.894"
"20260904","Food","Coffee & Tea","원두","맥널티커피","FC","10147177","맥널티 홀빈 블루마운틴 1000g","8804645006302","발주가능","정상","0","15","199","15715","0","0","0","","NO","0.894"
"20260904","Food","Coffee & Tea","원두","맥널티커피","FC","10147180","맥널티 행복을 주는 커피 헤이즐넛향 1kg 홀빈","8804645100185","발주가능","정상","0","19","261","15244","0","0","0","","NO","0.894"
"20260904","Food","Coffee & Tea","원두","맥널티커피","RC","10812901","맥널티 베트남 로부스타 원두커피 1kg","8804645003066","발주가능","정상","0","0","400","11700","0","0","0","","NO","0.894"
"20260904","Food","Coffee & Tea","원두","맥널티커피","FC","10812901","맥널티 베트남 로부스타 원두커피 1kg","8804645003066","발주가능","정상","0","46","552","11700","0","0","0","","NO","0.894"
"20260904","Food","Coffee & Tea","원두","맥널티커피","SFSPA3","10812901","맥널티 베트남 로부스타 원두커피 1kg","8804645003066","발주가능","정상","0","0","8","11700","0","0","0","","NO","0.894"
"20260904","Food","Coffee & Tea","원두","맥널티커피","SFJEJ2","10812901","맥널티 베트남 로부스타 원두커피 1kg","8804645003066","발주가능","정상","0","0","3","11700","0","0","0","","NO","0.894"
"20260904","Food","Coffee & Tea","원두","맥널티커피","FC","11849981","행복을 주는 커피 블루마운틴 블렌드 분쇄 원두 커피 1kg","8804645003486","발주가능","정상","0","16","172","16364","0","0","0","","NO","0.894"
"20260904","Food","Coffee & Tea","원두","맥널티커피","FC","12521866","맥널티 행복을 주는 커피 시그니처 헤이즐넛향 원두 커피 1Kg","8804645003493","발주가능","정상","0","19","65","16364","0","0","0","","NO","0.894"
"20260904","Food","Coffee & Tea","원두","맥널티커피","RC","12521866","맥널티 행복을 주는 커피 시그니처 헤이즐넛향 원두 커피 1Kg","8804645003493","발주가능","정상","0","0","432","16364","0","0","0","","NO","0.894"
"20260904","Food","Coffee & Tea","원두","맥널티커피","FC","13277718","맥널티 행복을 주는 커피 브라질 산토스 1kg","8804645003936","발주가능","정상","0","3","90","14091","0","0","0","","NO","0.894"
"20260904","Food","Coffee & Tea","원두","맥널티커피","FC","13277719","맥널티 행복을 주는 커피 콜롬비아 블렌드 1kg","8804645003929","발주가능","정상","100","24","534","15599","0","0","0","","NO","0.894"
"20260904","Food","Coffee & Tea","원두","맥널티커피","FC","37733154","맥널티 원두 홀빈(분쇄안함) 마일드 미디움 블렌드 200g, 1개","8804645005374","발주가능","정상","0","0","28","5791","0","0","0","","NO","0.894"
"20260904","Food","Coffee & Tea","원두","맥널티커피","FC","38710869","맥널티 홀빈 커피원두, 마일드 미디움 블렌드 1kg, 1개","8804645005329","발주가능","정상","0","0","21","16364","0","0","0","","NO","0.894"
"20260904","Food","Coffee & Tea","원두","맥널티커피","FC","38710870","맥널티 홀빈 커피원두, 콜롬비아 안데스 오리진 1kg, 1개","8804645005343","발주가능","정상","12","0","95","16364","0","0","0","","NO","0.894"
"20260904","Food","Coffee & Tea","원두","맥널티커피","FC","38710872","맥널티 홀빈 커피원두, 시그니처 블렌드 1kg, 1개","8804645005312","발주가능","정상","0","2","111","16364","0","0","0","","NO","0.894"
"20260904","Food","Coffee & Tea","원두","맥널티커피","FC","38813491","맥널티 홀빈 원두 1KG, 브라질 산토스 내추럴, 1개","8804645005350","발주가능","정상","0","5","235","11364","0","0","0","","NO","0.894"
"20260904","Food","Coffee & Tea","원두","맥널티커피","FC","38919334","맥널티 에티오피아 예가체프 홀빈 원두, 1kg, 1개","8804645006852","발주가능","정상","12","7","70","16364","0","0","0","","NO","0.894"
"20260904","Food","Coffee & Tea","원두","맥널티커피","FC","39616644","맥널티 예맨 모카 블렌드 커피 원두, 홀빈(분쇄안함), 500g, 1개","8804645006692","발주가능","정상","0","0","16","11400","0","0","0","","NO","0.894"
"20260904","Food","Coffee & Tea","원두","맥널티커피","FC","39616645","맥널티 시그니처 디카페인 커피 원두, 홀빈(분쇄안함), 500g, 1개","8804645006937","발주가능","정상","0","15","53","12545","0","0","0","","NO","0.894"
"20260904","Food","Coffee & Tea","원두","맥널티커피","FC","39616646","맥널티 게이샤 블렌드 커피 원두, 홀빈(분쇄안함), 500g, 1개","8804645006708","발주가능","정상","0","1","35","11400","0","0","0","","NO","0.894"
"20260904","Food","Coffee & Tea","원두","맥널티커피","FC","39616647","맥널티 하와이안 코나 블렌드 커피 원두, 홀빈(분쇄안함), 500g, 1개","8804645006685","발주가능","정상","0","4","83","11400","0","0","0","","NO","0.894"
"20260904","Food","Coffee & Tea","원두","맥널티커피","FC","48074657","맥널티 브라질 세라도 분쇄 원두 커피, 1개, 500g","8804645007262","발주가능","정상","0","7","102","9395","0","0","0","","NO","0.894"
"20260904","Food","Coffee & Tea","원두","맥널티커피","FC","48074658","맥널티 콜롬비아 안데스 분쇄 원두 커피, 1개, 500g","8804645007255","발주가능","정상","48","1","88","9986","0","0","0","","NO","0.894"
"20260904","Food","Coffee & Tea","원두","맥널티커피","FC","48074659","맥널티 에티오피아 예가체프 분쇄 원두 커피, 1개, 500g","8804645007231","발주가능","정상","0","11","75","9986","0","0","0","","NO","0.894"
"20260904","Food","Coffee & Tea","원두","맥널티커피","FC","58681130","콜롬비아 안데스 오리진 분쇄 커피 원두 1개 226g 핸드드립","8804645007552","발주가능","정상","0","1","43","7159","0","0","0","","NO","0.894"
"20260904","Food","Coffee & Tea","원두","맥널티커피","FC","58681131","브라질 산토스 오리진 분쇄 커피 원두, 226g, 1개, 핸드드립","8804645007545","발주가능","정상","16","1","29","7159","0","0","0","","NO","0.894"
"20260904","Food","Coffee & Tea","원두","맥널티커피","FC","58765769","게이샤 블렌드 분쇄 커피 원두, 1개, 226g, 핸드드립","8804645007514","발주가능","정상","0","0","28","7732","0","0","0","","NO","0.894"
"20260904","Food","Coffee & Tea","원두","맥널티커피","FC","58765770","디카페인 헤이즐넛향 분쇄 커피 원두, 1개, 226g, 핸드드립","8804645007538","발주가능","정상","32","17","114","8018","0","0","0","","NO","0.894"
"20260904","Food","Coffee & Tea","원두","맥널티커피","FC","58850533","하와이안 코나 블렌드 분쇄 커피 원두, 1개, 226g, 핸드드립","8804645007521","발주가능","정상","0","0","17","7732","0","0","0","","NO","0.894"
"20260904","Food","Coffee & Tea","원두","맥널티커피","FC","71777603","투비 다크 블랙 블렌드 홀빈 원두 커피, 1kg, 홀빈(분쇄안함), 1개","8804645007989","발주가능","정상","0","11","144","13115","0","0","0","","NO","0.894"
"20260904","Food","Coffee & Tea","원두","맥널티커피","FC","76697770","투비커피 너티초코 아메리카노 블렌드 홀빈 원두 커피, 1kg, 홀빈(분쇄안함), 1개","8804645008047","발주가능","정상","0","0","39","17125","0","0","0","","NO","0.894"
"20260904","Food","Coffee & Tea","원두커피믹스","맥널티","FC","10003529","아이브루 클래식 100T","8804645002465","발주불가","규격 외","0","0","1","6068","0","0","0","","NO","0.587"
"20260904","Food","Coffee & Tea","원두커피믹스","맥널티","FC","11019882","맥널티 아이브루 다크 블렌드 200T","8804645003219","발주가능","정상","0","5","58","13096","0","0","0","","NO","0.587"
"20260904","Food","Coffee & Tea","원두커피믹스","맥널티커피","FC","11019883","맥널티 아이브루 모카 블랙 200T","8804645003226","발주가능","정상","0","5","93","11687","0","0","0","","NO","0.587"
"20260904","Food","Coffee & Tea","원두커피믹스","맥널티커피","FC","13777565","맥널티 아이브루 모카블랙 70T","8804645003912","발주가능","정상","0","3","27","6519","0","0","0","","NO","0.587"
"20260904","Food","Coffee & Tea","원두커피믹스","맥널티커피","FC","15720531","콜롬비아 블랙 100개입","8804645002861","발주가능","정상","0","30","1342","6345","0","0","0","","NO","0.587"
"20260904","Food","Coffee & Tea","원두커피믹스","맥널티커피","SFSPA3","15720531","콜롬비아 블랙 100개입","8804645002861","발주가능","정상","0","0","6","6345","0","0","0","","NO","0.587"
"20260904","Food","Coffee & Tea","원두커피믹스","맥널티커피","FC","26477367","맥널티 리얼 에스프레소샷 블랙 액상스틱커피 15mlx30개입","8804645006029","발주가능","정상","0","17","521","7388","0","0","0","","NO","0.587"
"20260904","Food","Coffee & Tea","원두커피믹스","맥널티커피","FC","62672352","맥널티 아이브루 플러스 스위트 블랙 원두커피믹스 80개입 2.8g","8804645007620","발주가능","정상","0","0","11","7961","0","0","0","","NO","0.587"
"20260904","Food","Coffee & Tea","원두커피믹스","맥널티커피","FC","67975031","호랭이 커피 오곡향 블랙, 1개, 20개입, 1g","8804645007781","발주가능","정상","80","8","394","2806","0","0","0","","NO","0.587"
"20260904","Food","Coffee & Tea","원두커피믹스","맥널티커피","FC","71629331","맥널티 갓성비 아메리카노 블랙커피, 1개, 100개입, 2g","8804645007873","발주가능","정상","360","63","774","8534","0","0","0","","NO","0.587"
"20260904","Food","Coffee & Tea","원두커피믹스","맥널티커피","SFSPA3","71629331","맥널티 갓성비 아메리카노 블랙커피, 1개, 100개입, 2g","8804645007873","발주가능","정상","0","0","0","8534","0","0","0","","NO","0.587"
"20260904","Food","Coffee & Tea","원두커피믹스","아이브루","FC","36903434","맥널티 아이브루 플러스 헤이즐넛 블랙커피 100개입","8804645006395","발주가능","정상","0","66","1181","7623","0","0","0","","NO","0.587"
"20260904","Food","Coffee & Tea","원두커피믹스","아이브루","RC","36903434","맥널티 아이브루 플러스 헤이즐넛 블랙커피 100개입","8804645006395","발주가능","정상","0","0","505","7623","0","0","0","","NO","0.587"
"20260904","Food","Coffee & Tea","원두커피믹스","아이브루","SFJEJ2","36903434","맥널티 아이브루 플러스 헤이즐넛 블랙커피 100개입","8804645006395","발주가능","정상","0","0","2","7623","0","0","0","","NO","0.587"
"20260904","Food","Coffee & Tea","원두커피믹스","아이브루","부천2","36903434","맥널티 아이브루 플러스 헤이즐넛 블랙커피 100개입","8804645006395","발주가능","정상","0","0","0","7623","0","0","0","","NO","0.587"
"20260904","Food","Coffee & Tea","원두커피믹스","아이브루","FC","36903435","맥널티 아이브루 플러스 오리지널 블랙커피 100개입","8804645006388","발주불가","규격 외","0","0","384","7623","0","0","0","","NO","0.587"
"20260904","Food","Coffee & Tea","원두커피믹스","아이브루","FC","46534985","아이브루 플러스 디카페인 아메리카노 블랙커피, 1개, 80개입, 80g","8804645007118","발주가능","정상","0","17","202","7964","0","0","0","","NO","0.587"
"20260904","Food","Coffee & Tea","원두커피믹스","아이브루","SFSPA3","56760693","아이브루 플러스 디카페인 블랙커피 헤이즐넛향 (1g x 80개입), 1개","8804645007453","발주가능","정상","0","1","0","7961","0","0","0","","NO","0.587"
"20260904","Food","Coffee & Tea","원두커피믹스","아이브루","FC","56760693","아이브루 플러스 디카페인 블랙커피 헤이즐넛향 (1g x 80개입), 1개","8804645007453","발주가능","정상","160","60","975","7961","0","0","0","","NO","0.587"
"20260904","Food","Coffee & Tea","원두커피믹스","프라이빗클럽","FC","10837643","맥널티 병커피 헤이즐넛향 50gx10개","19311931309161","발주가능","정상","0","20","111","23000","0","0","0","","NO","0.587"
"20260904","Food","Coffee & Tea","원두커피믹스","프라이빗클럽","FC","12091997","Box_입소문난 아이리쉬 50G 10병","19311931311164","발주가능","정상","0","4","21","18625","0","0","0","","NO","0.587"
"20260904","Food","Coffee & Tea","원두커피믹스","프라이빗클럽","FC","52625820","맥널티 인스턴트 원두 병커피 에스프레소 블랙 50g 1개","9311931902167","발주가능","정상","90","46","298","3486","0","0","0","","NO","0.587"
"20260904","Food","Coffee & Tea","율무/견과차","맥널티","SFJEJ2","64842417","티브루 호박팥차 진액 10ml 30개입 1개","8804645007675","발주가능","정상","0","0","3","5259","0","0","0","","NO","0.704"
"20260904","Food","Coffee & Tea","율무/견과차","맥널티","FC","64842417","티브루 호박팥차 진액 10ml 30개입 1개","8804645007675","발주가능","정상","0","78","567","5259","0","0","0","","NO","0.704"
"20260904","Food","Coffee & Tea","율무/견과차","맥널티커피","FC","39149735","맥널티 스테비아 제로슈가 호두 아몬드 율무차, 1개, 30개입, 450g","8804645006906","발주가능","정상","60","6","80","6815","0","0","0","","NO","0.704"
"20260904","Food","Coffee & Tea","차세트","맥널티커피","FC","78654824","[2026 추석세트] 맥널티 스테비아 전통차 선물세트, 1세트, 율무차(30개) + 쌍화차(30개)","8804645008092","발주가능","정상","45","0","60","19091","0","0","0","","NO","0.899"
"20260904","Food","Coffee & Tea","커피믹스","맥널티커피","SFSPA3","45571","맥널티_ 자메이카 블루마운틴 블렌드_226G","8804645100215","발주가능","정상","0","2","1","5000","0","0","0","","NO","0.722"
"20260904","Food","Coffee & Tea","커피믹스","맥널티커피","RC","45571","맥널티_ 자메이카 블루마운틴 블렌드_226G","8804645100215","발주가능","정상","0","0","512","5000","0","0","0","","NO","0.722"
"20260904","Food","Coffee & Tea","커피믹스","맥널티커피","FC","45571","맥널티_ 자메이카 블루마운틴 블렌드_226G","8804645100215","발주가능","정상","0","61","1150","5000","0","0","0","","NO","0.722"
"20260904","Food","Coffee & Tea","커피믹스","맥널티커피","RC","25240400","맥널티 스테비아 커피믹스 100개입","8804645006067","발주가능","정상","0","0","1440","12941","0","0","0","","NO","0.722"
"20260904","Food","Coffee & Tea","커피믹스","맥널티커피","FC","25240400","맥널티 스테비아 커피믹스 100개입","8804645006067","발주가능","정상","360","102","1540","12941","0","0","0","","NO","0.722"
"20260904","Food","Coffee & Tea","커피믹스","맥널티커피","SFJEJ2","25240400","맥널티 스테비아 커피믹스 100개입","8804645006067","발주가능","정상","0","1","3","12941","0","0","0","","NO","0.722"
"20260904","Food","Coffee & Tea","커피믹스","맥널티커피","SFODD4","25240402","맥널티 스테비아 커피믹스 30개입","8804645006074","발주가능","정상","0","0","0","4827","0","0","0","","NO","0.722"
"20260904","Food","Coffee & Tea","커피믹스","맥널티커피","FC","25240402","맥널티 스테비아 커피믹스 30개입","8804645006074","발주가능","정상","0","40","268","4827","0","0","0","","NO","0.722"
"20260904","Food","Coffee & Tea","커피믹스","맥널티커피","FC","29461862","맥널티 아메리카노 아이스 블랙 100개입","8804645006081","발주가능","정상","0","35","295","5850","0","0","0","","NO","0.722"
"20260904","Food","Coffee & Tea","커피믹스","맥널티커피","FC","38933766","맥널티커피 스테비아 디카페인 커피믹스, 1개, 100개입 9.5g","8804645006890","발주가능","정상","240","39","474","18850","0","0","0","","NO","0.722"
"20260904","Food","Coffee & Tea","커피믹스","맥널티커피","FC","40806729","맥널티 스테비아 디카페인 커피믹스, 1개, 30개입, 285g","8804645006777","발주가능","정상","432","41","626","7027","0","0","0","","NO","0.722"
"20260904","Food","Coffee & Tea","커피믹스","맥널티커피","FC","46730880","산양유 단백질 프로틴 스테비아 커피믹스, 1개, 30개입, 300g","8804645007194","발주가능","정상","48","5","69","6243","0","0","0","","NO","0.722"
"20260904","Food","Coffee & Tea","커피믹스","맥널티커피","FC","47303765","산양유 단백질 프로틴 스테비아 커피믹스, 1개, 100개입, 1000g","8804645007187","발주가능","정상","0","9","37","19988","0","0","0","","NO","0.722"
"20260904","Food","Coffee & Tea","커피믹스","맥널티커피","FC","56214466","맥널티커피 아이브루 바닐라 라떼,12g x 100개입(스틱), 1200g , 1개","8804645007460","발주가능","정상","24","12","163","12543","0","0","0","","NO","0.722"
"20260904","Food","Coffee & Tea","커피믹스","맥널티커피","FC","56214467","맥널티커피 아이브루 카라멜 마끼아또, 12g x 100개입(스틱), 1200g , 1개","8804645007484","발주가능","정상","32","17","136","12543","0","0","0","","NO","0.722"
"20260904","Food","Coffee & Tea","커피믹스","맥널티커피","FC","63447822","스테비아 커피믹스 헤이즐넛향 9.5g 30개입 1개","8804645007637","발주가능","정상","24","18","252","4827","0","0","0","","NO","0.722"
"20260904","Food","Coffee & Tea","커피믹스","맥널티커피","FC","64859139","맥널티 스테비아 솔티드 카라멜 커피믹스 10g 1개 30개입","8804645007668","발주가능","정상","24","10","166","5670","0","0","0","","NO","0.722"
"20260904","Food","Coffee & Tea","커피믹스","맥널티커피","FC","69526598","맥널티 갓성비 제로슈가 커피믹스, 1개, 80개입, 9g","8804645007842","발주가능","정상","0","20","500","8805","0","0","0","","NO","0.722"
"20260904","Food","Coffee & Tea","커피믹스","맥널티커피","RC","69526598","맥널티 갓성비 제로슈가 커피믹스, 1개, 80개입, 9g","8804645007842","발주가능","정상","0","0","64","8805","0","0","0","","NO","0.722"
"20260904","Food","Coffee & Tea","커피믹스","맥널티커피","FC","69634259","맥널티커피 스테비아 커피믹스 헤이즐넛향, 9.5g, 100개입, 1개","8804645007811","발주가능","정상","0","6","78","14261","0","0","0","","NO","0.722"
"20260904","Food","Coffee & Tea","커피믹스","맥널티커피","FC","71115721","호랭이 커피믹스 고소한 오곡향, 1개, 160개입, 9.5g","8804645007880","발주가능","정상","36","5","61","14261","0","0","0","","NO","0.722"
"20260904","Food","Coffee & Tea","커피믹스","맥널티커피","FC","71115722","호랭이 커피믹스 고소한 오곡향, 1개, 20개입, 9.5g","8804645007897","발주가능","정상","0","9","192","2806","0","0","0","","NO","0.722"
"20260904","Food","Coffee & Tea","커피믹스","아이브루","SFODD2","2341900","맥널티 iBrew 미니 헤이즐넛향 200개입(200g)","8804645000515","발주가능","정상","0","0","2","9917","0","0","0","","NO","0.722"
"20260904","Food","Coffee & Tea","커피믹스","아이브루","RC","2341900","맥널티 iBrew 미니 헤이즐넛향 200개입(200g)","8804645000515","발주가능","정상","0","0","360","9917","0","0","0","","NO","0.722"
"20260904","Food","Coffee & Tea","커피믹스","아이브루","FC","2341900","맥널티 iBrew 미니 헤이즐넛향 200개입(200g)","8804645000515","발주가능","정상","0","42","943","9917","0","0","0","","NO","0.722"
"20260904","Food","Coffee & Tea","커피믹스","아이브루","SFSPA3","2341900","맥널티 iBrew 미니 헤이즐넛향 200개입(200g)","8804645000515","발주가능","정상","0","1","12","9917","0","0","0","","NO","0.722"
"20260904","Food","Coffee & Tea","커피믹스","아이브루","SFJEJ2","2341900","맥널티 iBrew 미니 헤이즐넛향 200개입(200g)","8804645000515","발주가능","정상","0","1","5","9917","0","0","0","","NO","0.722"
"20260904","Food","Coffee & Tea","커피믹스","아이브루","FC","3067423","아이브루 헤이즐넛향 70개입","8804645000706","발주가능","정상","0","13","442","4025","0","0","0","","NO","0.722"
"20260904","Food","Coffee & Tea","커피믹스","아이브루","FC","3067424","아이브루 케냐AA 블렌드 70개입","8804645000690","발주가능","정상","16","2","56","6205","0","0","0","","NO","0.722"
"20260904","Food","Coffee & Tea","커피믹스","아이브루","FC","3067425","아이브루 예가체프 블렌드 70개입","8804645000683","발주가능","정상","16","2","28","6205","0","0","0","","NO","0.722"
"20260904","Food","Coffee & Tea","커피믹스","프라이빗클럽","SFSPA3","3067428","인스턴트 병커피 헤이즐넛향 50g","9311931105162","발주가능","정상","0","6","4","2300","0","0","0","","NO","0.722"
"20260904","Food","Coffee & Tea","커피믹스","프라이빗클럽","FC","3067428","인스턴트 병커피 헤이즐넛향 50g","9311931105162","발주가능","정상","900","225","4572","2300","0","0","0","","NO","0.722"
"20260904","Food","Coffee & Tea","커피세트","맥널티커피","FC","26870612","[2026 추석세트] 맥널티 핸드드립 버라이어티세트 30개입","8804645006258","발주가능","정상","0","6","679","9395","0","0","0","","NO","0.894"
"20260904","Food","Coffee & Tea","커피세트","맥널티커피","FC","54651094","인스턴트 원두 병커피 맥널티커피 선물세트 50g x 4개입(에스프레소 2병+헤이즐넛 2병), 1세트","8804645007408","발주가능","정상","0","0","0","15305","0","0","0","","YES","0.894"
"20260904","Food","Drinks","과일음료","맥널티커피","FC","24752132","청포도 에이드 190mL 10팩","8804645005893","발주가능","정상","0","11","864","3486","0","0","0","","NO","0.801"
"20260904","Food","Drinks","과일음료","맥널티커피","RC","24752132","청포도 에이드 190mL 10팩","8804645005893","발주가능","정상","0","0","273","3486","0","0","0","","NO","0.801"
"20260904","Food","Drinks","과일음료","맥널티커피","SFJEJ2","24752132","청포도 에이드 190mL 10팩","8804645005893","발주가능","정상","0","0","3","3486","0","0","0","","NO","0.801"
"20260904","Food","Drinks","과일음료","맥널티커피","FC","24752250","블루레몬 에이드 190mL 10팩","8804645005909","발주가능","정상","0","3","767","3486","0","0","0","","NO","0.801"
"20260904","Food","Drinks","과일음료","맥널티커피","FC","45580036","맥널티 청매실 에이드 190ml*10개입","8804645007071","발주가능","정상","0","10","253","3486","0","0","0","","NO","0.801"
"20260904","Food","Drinks","농축액(음료베이스)","맥널티","FC","51983601","물 한방울 섞이지 않은 김토끼 유기농 레몬즙, 10개, 20g","8804645007361","발주가능","정상","0","0","70","4077","0","0","0","","NO","0.694"
"20260904","Food","Drinks","농축액(음료베이스)","맥널티","FC","58338694","티브루 보리차 원액 간편 액상스틱 진액, 30개, 10ml","8804645007590","발주가능","정상","0","83","1440","5259","0","0","0","","NO","0.694"
"20260904","Food","Drinks","농축액(음료베이스)","맥널티","SFJEJ2","58338694","티브루 보리차 원액 간편 액상스틱 진액, 30개, 10ml","8804645007590","발주가능","정상","0","0","3","5259","0","0","0","","NO","0.694"
"20260904","Food","Drinks","농축액(음료베이스)","맥널티","FC","58338695","티브루 옥수수수염차 원액 간편 액상스틱 진액, 30개, 10ml","8804645007606","발주가능","정상","112","32","1094","5259","0","0","0","","NO","0.694"
"20260904","Food","Drinks","농축액(음료베이스)","맥널티","SFSPA3","58338696","티브루 헛개수 원액 간편 액상스틱 진액, 30개, 10ml","8804645007613","발주가능","정상","0","0","2","5259","0","0","0","","NO","0.694"
"20260904","Food","Drinks","농축액(음료베이스)","맥널티","SFJEJ2","58338696","티브루 헛개수 원액 간편 액상스틱 진액, 30개, 10ml","8804645007613","발주가능","정상","0","2","0","5259","0","0","0","","NO","0.694"
"20260904","Food","Drinks","농축액(음료베이스)","맥널티","FC","58338696","티브루 헛개수 원액 간편 액상스틱 진액, 30개, 10ml","8804645007613","발주가능","정상","96","54","779","5259","0","0","0","","NO","0.694"
"20260904","Food","Drinks","농축액(음료베이스)","맥널티커피","FC","62882483","티브루 보리차 진액, 1개, 400g","8804645007651","발주가능","정상","20","7","178","7623","0","0","0","","NO","0.694"
"20260904","Food","Drinks","농축액(음료베이스)","맥널티커피","FC","71636537","맥널티 티브루 호박팥차 무라벨, 20개, 500ml","8804645007934","발주가능","정상","0","16","631","8795","0","0","0","","NO","0.694"
"20260904","Food","Drinks","야채음료","맥널티커피","FC","48914233","맥널티 유자 에이드 190ml 10개","8804645007217","발주가능","정상","0","6","365","3486","0","0","0","","NO","0.588"
"20260904","Food","Drinks","차음료","맥널티커피","FC","24752251","복숭아 아이스티 190mL 10팩","8804645005886","발주가능","정상","0","25","546","3486","0","0","0","","NO","0.683"
"20260904","Food","Drinks","차음료","맥널티커피","RC","24752251","복숭아 아이스티 190mL 10팩","8804645005886","발주가능","정상","0","0","258","3486","0","0","0","","NO","0.683"
"20260904","Food","Drinks","차음료","맥널티커피","SFJEJ2","24752251","복숭아 아이스티 190mL 10팩","8804645005886","발주가능","정상","0","0","6","3486","0","0","0","","NO","0.683"
"20260904","Food","Drinks","차음료","맥널티커피","FC","24944267","맥널티 허니자몽 블랙티 대용량 파우치 1Lx6입","18804645005951","발주가능","정상","0","3","78","10252","0","0","0","","NO","0.683"
"20260904","Food","Drinks","차음료","맥널티커피","FC","24944268","맥널티 복숭아 아이스티 대용량 파우치 1Lx6입","18804645005944","발주가능","정상","0","1","11","10252","0","0","0","","NO","0.683"
"20260904","Food","Drinks","차음료","맥널티커피","FC","26889711","맥널티 제로칼로리 복숭아 아이스티 500ml 24입","18804645006101","발주가능","정상","0","13","369","12205","0","0","0","","NO","0.683"
"20260904","Food","Drinks","차음료","맥널티커피","FC","36669698","제로 아이스티 복숭아, 30개입, 13g","8804645006791","발주가능","정상","0","6","110","5850","0","0","0","","NO","0.683"
"20260904","Food","Drinks","차음료","맥널티커피","FC","36829225","맥널티 제로칼로리 청포도 아이스티 500mlx24입,","18804645006538","발주가능","정상","20","4","31","12205","0","0","0","","NO","0.683"
"20260904","Food","Drinks","차음료","맥널티커피","FC","36829226","제로 아이스티 청포도, 30개입, 13g 1개","8804645006807","발주가능","정상","0","2","114","5850","0","0","0","","NO","0.683"
"20260904","Food","Drinks","차음료","맥널티커피","FC","36863185","맥널티 대용량 제로칼로리 복숭아 아이스티 1.5L 12개","18804645006736","일시중단","단종예정","0","0","0","17427","0","0","0","","YES","0.683"
"20260904","Food","Drinks","차음료","맥널티커피","FC","38262417","복숭아 아이스티 제로, 6개, 1L","18804645006873","발주가능","정상","0","2","54","10577","0","0","0","","NO","0.683"
"20260904","Food","Drinks","차음료","맥널티커피","FC","40520042","맥널티커피 복숭아 아이스티 제로 RTD, 30개, 240ml","18804645006835","발주가능","정상","0","7","372","8795","0","0","0","","NO","0.683"
"20260904","Food","Drinks","차음료","맥널티커피","SFSPA3","61673272","맥널티커피 복숭아 아이스티 제로, 1.5L, 1개","8804645006739","발주가능","정상","0","0","1","1364","0","0","0","","NO","0.683"
"20260904","Food","Drinks","차음료","맥널티커피","SFJEJ2","61673272","맥널티커피 복숭아 아이스티 제로, 1.5L, 1개","8804645006739","발주가능","정상","0","0","10","1364","0","0","0","","NO","0.683"
"20260904","Food","Drinks","차음료","맥널티커피","RC","61673272","맥널티커피 복숭아 아이스티 제로, 1.5L, 1개","8804645006739","발주가능","정상","0","0","1248","1364","0","0","0","","NO","0.683"
"20260904","Food","Drinks","차음료","맥널티커피","FC","61673272","맥널티커피 복숭아 아이스티 제로, 1.5L, 1개","8804645006739","발주가능","정상","624","196","2594","1364","0","0","0","","NO","0.683"
"20260904","Food","Drinks","차음료","맥널티커피","SFSPA3","73944650","맥널티 복숭아 아이스티 대용량 파우치, 1개, 2.1L","8804645007965","발주가능","정상","0","4","8","2413","0","0","0","","NO","0.683"
"20260904","Food","Drinks","차음료","맥널티커피","FC","73944650","맥널티 복숭아 아이스티 대용량 파우치, 1개, 2.1L","8804645007965","발주가능","정상","0","136","3320","2413","0","0","0","","NO","0.683"
"20260904","Food","Drinks","차음료","맥널티커피","SFJEJ2","73944650","맥널티 복숭아 아이스티 대용량 파우치, 1개, 2.1L","8804645007965","발주가능","정상","0","0","6","2413","0","0","0","","NO","0.683"
"20260904","Food","Drinks","차음료","맥널티커피","FC","75850021","맥널티 허니자몽 블랙티, 1L, 1개","8804645005954","발주가능","정상","54","12","331","1714","0","0","0","","NO","0.683"
"20260904","Food","Drinks","커피음료","맥널티커피","FC","24695530","아이스 헤이즐넛향 커피 190mL 10팩","8804645005879","발주가능","정상","0","43","199","3486","0","0","0","","NO","0.677"
"20260904","Food","Drinks","커피음료","맥널티커피","RC","24695530","아이스 헤이즐넛향 커피 190mL 10팩","8804645005879","발주가능","정상","0","0","546","3486","0","0","0","","NO","0.677"
"20260904","Food","Drinks","커피음료","맥널티커피","SFJEJ2","24695530","아이스 헤이즐넛향 커피 190mL 10팩","8804645005879","발주가능","정상","0","0","1","3486","0","0","0","","NO","0.677"
"20260904","Food","Drinks","커피음료","맥널티커피","SFJEJ2","24695531","아이스 아메리카노 스위트 190mL 10팩","8804645005862","발주가능","정상","0","0","0","3486","0","0","0","","NO","0.677"
"20260904","Food","Drinks","커피음료","맥널티커피","FC","24695531","아이스 아메리카노 스위트 190mL 10팩","8804645005862","발주가능","정상","0","36","373","3486","0","0","0","","NO","0.677"
"20260904","Food","Drinks","커피음료","맥널티커피","RC","24695531","아이스 아메리카노 스위트 190mL 10팩","8804645005862","발주가능","정상","0","0","273","3486","0","0","0","","NO","0.677"
"20260904","Food","Drinks","커피음료","맥널티커피","FC","24695532","아이스 아메리카노 블랙 190mL 10팩","8804645005855","발주가능","정상","12","33","460","3486","0","0","0","","NO","0.677"
"20260904","Food","Drinks","커피음료","맥널티커피","RC","24695532","아이스 아메리카노 블랙 190mL 10팩","8804645005855","발주가능","정상","0","0","273","3486","0","0","0","","NO","0.677"
"20260904","Food","Drinks","커피음료","맥널티커피","SFODD2","24695532","아이스 아메리카노 블랙 190mL 10팩","8804645005855","발주가능","정상","0","0","2","3486","0","0","0","","NO","0.677"
"20260904","Food","Drinks","커피음료","맥널티커피","FC","25484251","맥널티커피 아메리카노 스위트 1Lx6입","18804645005920","발주가능","정상","0","2","189","10252","0","0","0","","NO","0.677"
"20260904","Food","Drinks","커피음료","맥널티커피","FC","25484255","맥널티 아이스 아메리카노 블랙커피 대용량 파우치 1Lx6입","18804645005913","발주가능","정상","0","3","83","10252","0","0","0","","NO","0.677"
"20260904","Food","Drinks","커피음료","맥널티커피","FC","25484257","맥널티 아이스 헤이즐넛향 커피 대용량 파우치 1Lx6입","18804645005937","발주가능","정상","0","2","130","10252","0","0","0","","NO","0.677"
"20260904","Food","Drinks","커피음료","맥널티커피","FC","48466205","맥널티 대용량 제로슈가 스테비아 믹스커피 음료, 12개, 1L","18804645007290","발주가능","정상","0","12","184","17067","0","0","0","","NO","0.677"
"20260904","Food","Drinks","커피음료","맥널티커피","FC","54922706","맥널티 대용량 제로슈가 스테비아 믹스커피 음료, 1L, 6개","8804645007323","발주가능","정상","0","130","1472","8805","0","0","0","","NO","0.677"
"20260904","Food","Drinks","커피음료","맥널티커피","FC","68778940","맥널티 아이브루 아메리카노 블랙커피 12개 1L","18804645007306","발주가능","정상","0","393","1850","12205","0","0","0","","NO","0.677"
"20260904","Food","Drinks","커피음료","맥널티커피","RC","68778940","맥널티 아이브루 아메리카노 블랙커피 12개 1L","18804645007306","발주가능","정상","0","0","1920","12205","0","0","0","","NO","0.677"
"20260904","Food","Drinks","커피음료","맥널티커피","RC","68778941","맥널티 아이브루 헤이즐넛향 블랙커피 12개 1L","18804645007504","발주가능","정상","0","0","160","11295","0","0","0","","NO","0.677"
"20260904","Food","Drinks","커피음료","맥널티커피","FC","68778941","맥널티 아이브루 헤이즐넛향 블랙커피 12개 1L","18804645007504","발주가능","정상","0","95","641","11295","0","0","0","","NO","0.677"
"20260904","Food","Drinks","커피음료","맥널티커피","RC","68778942","아이브루 아메리카노 블랙커피 무라벨 400ML 20개","8804645007491","발주가능","정상","0","0","1456","11295","0","0","0","","NO","0.677"
"20260904","Food","Drinks","커피음료","맥널티커피","FC","68778942","아이브루 아메리카노 블랙커피 무라벨 400ML 20개","8804645007491","발주가능","정상","0","281","1317","11295","0","0","0","","NO","0.677"
"20260904","Food","Drinks","커피음료","맥널티커피","FC","73951791","맥널티 아이스 아메리카노 블랙 커피 대용량 파우치, 1개, 2.1L","8804645007958","발주가능","정상","160","509","7682","2413","0","0","0","","NO","0.677"
"20260904","Food","Drinks","커피음료","맥널티커피","SFSPA3","73951791","맥널티 아이스 아메리카노 블랙 커피 대용량 파우치, 1개, 2.1L","8804645007958","발주가능","정상","0","5","84","2413","0","0","0","","NO","0.677"
"20260904","Food","Drinks","커피음료","맥널티커피","SFJEJ2","73951791","맥널티 아이스 아메리카노 블랙 커피 대용량 파우치, 1개, 2.1L","8804645007958","발주가능","정상","0","10","7","2413","0","0","0","","NO","0.677"
"20260904","Food","Drinks","커피음료","맥널티커피","RC","73951791","맥널티 아이스 아메리카노 블랙 커피 대용량 파우치, 1개, 2.1L","8804645007958","발주가능","정상","0","0","8192","2413","0","0","0","","NO","0.677"
"20260904","Food","Drinks","커피음료","맥널티커피","SFJEJ2","75683093","맥널티 아이스 아메리카노 블랙 1리터, 1L, 1개","8804645005916","발주가능","정상","0","0","1","1714","0","0","0","","NO","0.677"
"20260904","Food","Drinks","커피음료","맥널티커피","SFSPA3","75683093","맥널티 아이스 아메리카노 블랙 1리터, 1L, 1개","8804645005916","발주가능","정상","0","1","0","1714","0","0","0","","NO","0.677"
"20260904","Food","Drinks","커피음료","맥널티커피","FC","75683093","맥널티 아이스 아메리카노 블랙 1리터, 1L, 1개","8804645005916","발주가능","정상","102","25","1272","1714","0","0","0","","NO","0.677"
"20260904","Food","Drinks","커피음료","맥널티커피","SFJEJ2","75694561","맥널티커피 아이스 아메리카노 헤이즐넛, 1개, 1L","8804645005930","발주가능","정상","0","4","0","1714","0","0","0","","NO","0.677"
"20260904","Food","Drinks","커피음료","맥널티커피","SFSPA3","75694561","맥널티커피 아이스 아메리카노 헤이즐넛, 1개, 1L","8804645005930","발주가능","정상","0","0","5","1714","0","0","0","","NO","0.677"
"20260904","Food","Drinks","커피음료","맥널티커피","FC","75694561","맥널티커피 아이스 아메리카노 헤이즐넛, 1개, 1L","8804645005930","발주가능","정상","0","54","2135","1714","0","0","0","","NO","0.677"
"20260904","Food","Drinks","커피음료","맥널티커피","SFJEJ2","75765043","맥널티 아이스아메리카노 스위트, 1개, 1L","8804645005923","발주가능","정상","0","0","2","1714","0","0","0","","NO","0.677"
"20260904","Food","Drinks","커피음료","맥널티커피","SFSPA3","75765043","맥널티 아이스아메리카노 스위트, 1개, 1L","8804645005923","발주가능","정상","0","3","14","1714","0","0","0","","NO","0.677"
"20260904","Food","Drinks","커피음료","맥널티커피","FC","75765043","맥널티 아이스아메리카노 스위트, 1개, 1L","8804645005923","발주가능","정상","378","45","1871","1714","0","0","0","","NO","0.677"
"20260904","Food","Drinks","커피음료","맥널티커피","RC","76540319","맥널티 호랭이 마일드 라떼 캔커피, 30개, 175ml","18804645008013","발주가능","정상","0","0","158","8523","0","0","0","","NO","0.677"
"20260904","Food","Drinks","커피음료","맥널티커피","FC","76540319","맥널티 호랭이 마일드 라떼 캔커피, 30개, 175ml","18804645008013","발주가능","정상","0","75","1414","8523","0","0","0","","NO","0.677"
"20260904","Food","Drinks","커피음료","맥널티커피","FC","77572705","맥널티 아이스 아메리카노 헤이즐넛, 1개, 2.1L","8804645008030","발주가능","정상","4","147","436","2413","0","0","0","","NO","0.677"
"20260904","Food","Drinks","커피음료","아이브루","RC","70253954","아이브루 디카페인 아메리카노 블랙커피 무라벨, 20개, 400ml","8804645007903","발주가능","정상","0","0","455","13500","0","0","0","","NO","0.677"
"20260904","Food","Drinks","커피음료","아이브루","FC","70253954","아이브루 디카페인 아메리카노 블랙커피 무라벨, 20개, 400ml","8804645007903","발주가능","정상","0","66","780","13500","0","0","0","","NO","0.677"
"20260904","Kitchen","Tools & Gadgets","드립주전자/포트","맥널티커피","FC","15333511","맥널티 드립 주전자 350ml","8804645004490","발주가능","정상","4","8","0","5044","0","0","0","","YES","0.779"
"20260904","Kitchen","Tools & Gadgets","커피필터/여과지","맥널티","FC","12491225","맥널티 핸드드립 커피필터 30개입","8804645300950","발주가능","정상","320","56","1595","2642","0","0","0","","NO","0.517"
"20260903","CE","Kitchen Appliance","커피머신","맥널티커피","FC","31602405","맥널티 2in1 핫앤콜드 진공추출 커피메이커 MCM-065B MCM-065B","8804645006296","발주가능","정상","0","0","2","30859","0","0","0","","NO","0.778"
"20260903","Food","Coffee & Tea","기타전통차","맥널티커피","FC","39149736","맥널티 스테비아 침향 쌍화차, 1개, 30개입, 450g","8804645006913","발주가능","정상","0","0","98","8536","0","0","0","","NO","0.716"
"20260903","Food","Coffee & Tea","기타전통차","맥널티커피","FC","41175263","맥널티커피 스테비아 꿀 유자차, 1개, 30개입, 450g","8804645006951","발주가능","정상","0","2","111","7388","0","0","0","","NO","0.716"
"20260903","Food","Coffee & Tea","둥글레/옥수수/보리/결명자차","맥널티커피","FC","76230458","맥널티 진 보리차 1개 1kg","8804645007996","발주가능","정상","0","1","55","15209","0","0","0","","NO","0.610"
"20260903","Food","Coffee & Tea","드립백/티백","맥널티","FC","3067432","산지별 콜롬비아 슈프리모 핸드드립커피 7개입","8804645000324","발주가능","정상","24","12","61","3043","0","0","0","","NO","0.745"
"20260903","Food","Coffee & Tea","드립백/티백","맥널티","FC","10003518","케냐 AA 핸드드립 블렌드 24개입","8804645000720","발주가능","정상","60","1","84","6068","0","0","0","","NO","0.745"
"20260903","Food","Coffee & Tea","드립백/티백","맥널티커피","FC","3067429","산지별 브라질 세라도 NY2 핸드드립커피 7개입","8804645000300","발주가능","정상","0","10","24","2887","0","0","0","","NO","0.745"
"20260903","Food","Coffee & Tea","드립백/티백","맥널티커피","FC","3067430","산지별 케냐 AA 핸드드립커피 7개입","8804645000355","발주가능","정상","0","4","62","3062","0","0","0","","NO","0.745"
"20260903","Food","Coffee & Tea","드립백/티백","맥널티커피","FC","3067433","산지별 에티오피아 코케 허니 핸드드립커피 7개입","8804645000348","발주가능","정상","0","6","100","2910","0","0","0","","NO","0.745"
"20260903","Food","Coffee & Tea","드립백/티백","맥널티커피","FC","3067434","산지별 에티오피아 예가체프 핸드드립커피 7개입","8804645000331","발주가능","정상","0","3","50","3184","0","0","0","","NO","0.745"
"20260903","Food","Coffee & Tea","드립백/티백","맥널티커피","FC","10003517","콜롬비아 핸드드립 블렌드 24개입","8804645000713","발주가능","정상","0","30","222","5977","0","0","0","","NO","0.745"
"20260903","Food","Coffee & Tea","드립백/티백","맥널티커피","FC","23400108","맥널티 디카페인100% 핸드드립 원두커피 24개입","8804645005732","발주가능","정상","0","13","198","9395","0","0","0","","NO","0.745"
"20260903","Food","Coffee & Tea","드립백/티백","맥널티커피","FC","37713094","맥널티 핸드드립커피 케냐AA(더블에이) 36개입, 8g, 1개","8804645006616","발주가능","정상","12","1","11","11759","0","0","0","","YES","0.745"
"20260903","Food","Coffee & Tea","드립백/티백","맥널티커피","FC","37713095","맥널티 핸드드립커피 에티오피아 예가체프 36개입, 8g, 1개","8804645006623","발주가능","정상","0","1","9","10577","0","0","0","","NO","0.745"
"20260903","Food","Coffee & Tea","드립백/티백","맥널티커피","FC","41391235","맥널티 행복을주는커피 시그니처 블렌드 핸드드립 커피 20개입, 1개, 8g","8804645003653","발주가능","정상","0","13","82","6795","0","0","0","","NO","0.745"
"20260903","Food","Coffee & Tea","드립백/티백","맥널티커피","FC","62821923","맥널티 핸드드립 커피 에티오피아 예가체프 8g 24개입 1개","8804645006920","발주가능","정상","0","1","78","9679","0","0","0","","NO","0.745"
"20260903","Food","Coffee & Tea","드립백/티백","맥널티커피","FC","68147033","베니스브루 스페셜티 핸드드립 가향 커피 오렌지 벨벳, 1개, 7개입, 12g","8804645007712","발주가능","정상","6","1","13","5143","0","0","0","","NO","0.745"
"20260903","Food","Coffee & Tea","드립백/티백","맥널티커피","FC","68147034","베니스브루 스페셜티 핸드드립 가향 커피 쇼콜라 모카, 1개, 7개입, 12g","8804645007729","발주가능","정상","0","0","6","5143","0","0","0","","NO","0.745"
"20260903","Food","Coffee & Tea","드립백/티백","맥널티커피","FC","68777449","베니스브루 베리 블로썸 드립백 커피 12g 1개 7개입","8804645007705","발주가능","정상","6","1","12","5143","0","0","0","","NO","0.745"
"20260903","Food","Coffee & Tea","라떼분말","맥널티커피","FC","34834818","맥널티 스테비아 제로슈가 핫초코 라떼 30개입 15g","8804645006340","발주가능","정상","0","53","122","7500","0","0","0","","NO","0.587"
"20260903","Food","Coffee & Tea","라떼분말","맥널티커피","FC","51063548","스테비아 단백질 옥수수 크림 라떼, 1개, 20개입, 18g","8804645007330","발주가능","정상","0","0","13","5850","0","0","0","","NO","0.587"
"20260903","Food","Coffee & Tea","라떼분말","맥널티커피","FC","51164938","스테비아 단백질 고구마 크림 라떼, 1개, 20개입, 18g","8804645007347","발주가능","정상","0","1","28","5850","0","0","0","","NO","0.587"
"20260903","Food","Coffee & Tea","원두","N_A","FC","76443755","맥널티 브라질 세라도 NY.2 원두 1kg, 1개","8804645006425","발주가능","정상","0","5","270","17609","0","0","0","","NO","0.893"
"20260903","Food","Coffee & Tea","원두","맥널티커피","FC","45570","맥널티_헤이즐넛원두분쇄커피_226G","8804645100208","발주가능","정상","0","86","811","5000","0","0","0","","NO","0.893"
"20260903","Food","Coffee & Tea","원두","맥널티커피","RC","45570","맥널티_헤이즐넛원두분쇄커피_226G","8804645100208","발주가능","정상","0","0","1152","5000","0","0","0","","NO","0.893"
"20260903","Food","Coffee & Tea","원두","맥널티커피","SFJEJ2","45570","맥널티_헤이즐넛원두분쇄커피_226G","8804645100208","발주가능","정상","0","0","4","5000","0","0","0","","NO","0.893"
"20260903","Food","Coffee & Tea","원두","맥널티커피","SFSPA3","45570","맥널티_헤이즐넛원두분쇄커피_226G","8804645100208","발주가능","정상","0","5","8","5000","0","0","0","","NO","0.893"
"20260903","Food","Coffee & Tea","원두","맥널티커피","FC","45572","맥널티_헤이즐넛원두분쇄커피_500G","8804645100468","발주가능","정상","0","50","781","7960","0","0","0","","NO","0.893"
"20260903","Food","Coffee & Tea","원두","맥널티커피","SFJEJ2","45572","맥널티_헤이즐넛원두분쇄커피_500G","8804645100468","발주가능","정상","0","1","1","7960","0","0","0","","NO","0.893"
"20260903","Food","Coffee & Tea","원두","맥널티커피","RC","45572","맥널티_헤이즐넛원두분쇄커피_500G","8804645100468","발주가능","정상","496","0","496","7960","0","0","0","","NO","0.893"
"20260903","Food","Coffee & Tea","원두","맥널티커피","FC","45573","맥널티_블루마운틴스타일원두분쇄커피_500G","8804645100451","발주가능","정상","0","36","464","11091","0","0","0","","NO","0.893"
"20260903","Food","Coffee & Tea","원두","맥널티커피","FC","5344648","맥널티 원두 에스프레소 블랙 1개, 1kg","8804645001239","발주불가","단종","0","0","1","9156","0","0","0","","YES","0.893"
"20260903","Food","Coffee & Tea","원두","맥널티커피","FC","10147177","맥널티 홀빈 블루마운틴 1000g","8804645006302","발주가능","정상","0","9","214","15715","0","0","0","","NO","0.893"
"20260903","Food","Coffee & Tea","원두","맥널티커피","FC","10147180","맥널티 행복을 주는 커피 헤이즐넛향 1kg 홀빈","8804645100185","발주가능","정상","0","14","280","15244","0","0","0","","NO","0.893"
"20260903","Food","Coffee & Tea","원두","맥널티커피","SFJEJ2","10812901","맥널티 베트남 로부스타 원두커피 1kg","8804645003066","발주가능","정상","0","0","3","11700","0","0","0","","NO","0.893"
"20260903","Food","Coffee & Tea","원두","맥널티커피","SFSPA3","10812901","맥널티 베트남 로부스타 원두커피 1kg","8804645003066","발주가능","정상","0","1","8","11700","0","0","0","","NO","0.893"
"20260903","Food","Coffee & Tea","원두","맥널티커피","FC","10812901","맥널티 베트남 로부스타 원두커피 1kg","8804645003066","발주가능","정상","0","22","598","11700","0","0","0","","NO","0.893"
"20260903","Food","Coffee & Tea","원두","맥널티커피","RC","10812901","맥널티 베트남 로부스타 원두커피 1kg","8804645003066","발주가능","정상","400","0","400","11700","0","0","0","","NO","0.893"
"20260903","Food","Coffee & Tea","원두","맥널티커피","FC","11849981","행복을 주는 커피 블루마운틴 블렌드 분쇄 원두 커피 1kg","8804645003486","발주가능","정상","0","16","188","16364","0","0","0","","NO","0.893"
"20260903","Food","Coffee & Tea","원두","맥널티커피","RC","12521866","맥널티 행복을 주는 커피 시그니처 헤이즐넛향 원두 커피 1Kg","8804645003493","발주가능","정상","0","0","432","16364","0","0","0","","NO","0.893"
"20260903","Food","Coffee & Tea","원두","맥널티커피","FC","12521866","맥널티 행복을 주는 커피 시그니처 헤이즐넛향 원두 커피 1Kg","8804645003493","발주가능","정상","0","34","82","16364","0","0","0","","NO","0.893"
"20260903","Food","Coffee & Tea","원두","맥널티커피","FC","13277718","맥널티 행복을 주는 커피 브라질 산토스 1kg","8804645003936","발주가능","정상","0","23","93","14091","0","0","0","","NO","0.893"
"20260903","Food","Coffee & Tea","원두","맥널티커피","FC","13277719","맥널티 행복을 주는 커피 콜롬비아 블렌드 1kg","8804645003929","발주가능","정상","0","35","458","15599","0","0","0","","NO","0.893"
"20260903","Food","Coffee & Tea","원두","맥널티커피","FC","37733154","맥널티 원두 홀빈(분쇄안함) 마일드 미디움 블렌드 200g, 1개","8804645005374","발주가능","정상","0","2","28","5791","0","0","0","","NO","0.893"
"20260903","Food","Coffee & Tea","원두","맥널티커피","FC","38710869","맥널티 홀빈 커피원두, 마일드 미디움 블렌드 1kg, 1개","8804645005329","발주가능","정상","6","1","21","16364","0","0","0","","NO","0.893"
"20260903","Food","Coffee & Tea","원두","맥널티커피","FC","38710870","맥널티 홀빈 커피원두, 콜롬비아 안데스 오리진 1kg, 1개","8804645005343","발주가능","정상","0","2","83","16364","0","0","0","","NO","0.893"
"20260903","Food","Coffee & Tea","원두","맥널티커피","FC","38710872","맥널티 홀빈 커피원두, 시그니처 블렌드 1kg, 1개","8804645005312","발주가능","정상","0","0","113","16364","0","0","0","","NO","0.893"
"20260903","Food","Coffee & Tea","원두","맥널티커피","FC","38813491","맥널티 홀빈 원두 1KG, 브라질 산토스 내추럴, 1개","8804645005350","발주가능","정상","0","15","240","11364","0","0","0","","NO","0.893"
"20260903","Food","Coffee & Tea","원두","맥널티커피","FC","38919334","맥널티 에티오피아 예가체프 홀빈 원두, 1kg, 1개","8804645006852","발주가능","정상","0","3","65","16364","0","0","0","","NO","0.893"
"20260903","Food","Coffee & Tea","원두","맥널티커피","FC","39616644","맥널티 예맨 모카 블렌드 커피 원두, 홀빈(분쇄안함), 500g, 1개","8804645006692","발주가능","정상","0","0","16","11400","0","0","0","","NO","0.893"
"20260903","Food","Coffee & Tea","원두","맥널티커피","FC","39616645","맥널티 시그니처 디카페인 커피 원두, 홀빈(분쇄안함), 500g, 1개","8804645006937","발주가능","정상","0","9","68","12545","0","0","0","","NO","0.893"
"20260903","Food","Coffee & Tea","원두","맥널티커피","FC","39616646","맥널티 게이샤 블렌드 커피 원두, 홀빈(분쇄안함), 500g, 1개","8804645006708","발주가능","정상","0","1","36","11400","0","0","0","","NO","0.893"
"20260903","Food","Coffee & Tea","원두","맥널티커피","FC","39616647","맥널티 하와이안 코나 블렌드 커피 원두, 홀빈(분쇄안함), 500g, 1개","8804645006685","발주가능","정상","0","4","87","11400","0","0","0","","NO","0.893"
"20260903","Food","Coffee & Tea","원두","맥널티커피","FC","48074657","맥널티 브라질 세라도 분쇄 원두 커피, 1개, 500g","8804645007262","발주가능","정상","48","1","109","9395","0","0","0","","NO","0.893"
"20260903","Food","Coffee & Tea","원두","맥널티커피","FC","48074658","맥널티 콜롬비아 안데스 분쇄 원두 커피, 1개, 500g","8804645007255","발주가능","정상","0","3","41","9986","0","0","0","","NO","0.893"
"20260903","Food","Coffee & Tea","원두","맥널티커피","FC","48074659","맥널티 에티오피아 예가체프 분쇄 원두 커피, 1개, 500g","8804645007231","발주가능","정상","0","7","86","9986","0","0","0","","NO","0.893"
"20260903","Food","Coffee & Tea","원두","맥널티커피","FC","58681130","콜롬비아 안데스 오리진 분쇄 커피 원두 1개 226g 핸드드립","8804645007552","발주가능","정상","0","6","44","7159","0","0","0","","NO","0.893"
"20260903","Food","Coffee & Tea","원두","맥널티커피","FC","58681131","브라질 산토스 오리진 분쇄 커피 원두, 226g, 1개, 핸드드립","8804645007545","발주가능","정상","8","1","14","7159","0","0","0","","NO","0.893"
"20260903","Food","Coffee & Tea","원두","맥널티커피","FC","58765769","게이샤 블렌드 분쇄 커피 원두, 1개, 226g, 핸드드립","8804645007514","발주가능","정상","0","0","28","7732","0","0","0","","NO","0.893"
"20260903","Food","Coffee & Tea","원두","맥널티커피","FC","58765770","디카페인 헤이즐넛향 분쇄 커피 원두, 1개, 226g, 핸드드립","8804645007538","발주가능","정상","0","12","100","8018","0","0","0","","NO","0.893"
"20260903","Food","Coffee & Tea","원두","맥널티커피","FC","58850533","하와이안 코나 블렌드 분쇄 커피 원두, 1개, 226g, 핸드드립","8804645007521","발주가능","정상","0","0","17","7732","0","0","0","","NO","0.893"
"20260903","Food","Coffee & Tea","원두","맥널티커피","FC","71777603","투비 다크 블랙 블렌드 홀빈 원두 커피, 1kg, 홀빈(분쇄안함), 1개","8804645007989","발주가능","정상","0","6","155","13115","0","0","0","","NO","0.893"
"20260903","Food","Coffee & Tea","원두","맥널티커피","FC","76697770","투비커피 너티초코 아메리카노 블렌드 홀빈 원두 커피, 1kg, 홀빈(분쇄안함), 1개","8804645008047","발주가능","정상","0","0","39","17125","0","0","0","","NO","0.893"
"20260903","Food","Coffee & Tea","원두커피믹스","맥널티","FC","10003529","아이브루 클래식 100T","8804645002465","발주불가","규격 외","0","0","1","6068","0","0","0","","NO","0.588"
"20260903","Food","Coffee & Tea","원두커피믹스","맥널티","FC","11019882","맥널티 아이브루 다크 블렌드 200T","8804645003219","발주가능","정상","0","4","63","13096","0","0","0","","NO","0.588"
"20260903","Food","Coffee & Tea","원두커피믹스","맥널티커피","FC","11019883","맥널티 아이브루 모카 블랙 200T","8804645003226","발주가능","정상","0","7","98","11687","0","0","0","","NO","0.588"
"20260903","Food","Coffee & Tea","원두커피믹스","맥널티커피","FC","13777565","맥널티 아이브루 모카블랙 70T","8804645003912","발주가능","정상","0","0","29","6519","0","0","0","","NO","0.588"
"20260903","Food","Coffee & Tea","원두커피믹스","맥널티커피","FC","15720531","콜롬비아 블랙 100개입","8804645002861","발주가능","정상","384","47","1378","6345","0","0","0","","NO","0.588"
"20260903","Food","Coffee & Tea","원두커피믹스","맥널티커피","FC","26477367","맥널티 리얼 에스프레소샷 블랙 액상스틱커피 15mlx30개입","8804645006029","발주가능","정상","0","31","535","7388","0","0","0","","NO","0.588"
"20260903","Food","Coffee & Tea","원두커피믹스","맥널티커피","FC","62672352","맥널티 아이브루 플러스 스위트 블랙 원두커피믹스 80개입 2.8g","8804645007620","발주가능","정상","0","1","11","7961","0","0","0","","NO","0.588"
"20260903","Food","Coffee & Tea","원두커피믹스","맥널티커피","FC","67975031","호랭이 커피 오곡향 블랙, 1개, 20개입, 1g","8804645007781","발주가능","정상","40","4","322","2806","0","0","0","","NO","0.588"
"20260903","Food","Coffee & Tea","원두커피믹스","맥널티커피","SFSPA3","71629331","맥널티 갓성비 아메리카노 블랙커피, 1개, 100개입, 2g","8804645007873","발주가능","정상","0","0","0","8534","0","0","0","","NO","0.588"
"20260903","Food","Coffee & Tea","원두커피믹스","맥널티커피","FC","71629331","맥널티 갓성비 아메리카노 블랙커피, 1개, 100개입, 2g","8804645007873","발주가능","정상","0","52","477","8534","0","0","0","","NO","0.588"
"20260903","Food","Coffee & Tea","원두커피믹스","아이브루","SFSPA3","36903434","맥널티 아이브루 플러스 헤이즐넛 블랙커피 100개입","8804645006395","발주가능","정상","0","1","0","7623","0","0","0","","NO","0.588"
"20260903","Food","Coffee & Tea","원두커피믹스","아이브루","FC","36903434","맥널티 아이브루 플러스 헤이즐넛 블랙커피 100개입","8804645006395","발주가능","정상","0","83","1248","7623","0","0","0","","NO","0.588"
"20260903","Food","Coffee & Tea","원두커피믹스","아이브루","RC","36903434","맥널티 아이브루 플러스 헤이즐넛 블랙커피 100개입","8804645006395","발주가능","정상","0","0","505","7623","0","0","0","","NO","0.588"
"20260903","Food","Coffee & Tea","원두커피믹스","아이브루","SFJEJ2","36903434","맥널티 아이브루 플러스 헤이즐넛 블랙커피 100개입","8804645006395","발주가능","정상","0","0","2","7623","0","0","0","","NO","0.588"
"20260903","Food","Coffee & Tea","원두커피믹스","아이브루","FC","36903435","맥널티 아이브루 플러스 오리지널 블랙커피 100개입","8804645006388","발주불가","규격 외","0","0","384","7623","0","0","0","","NO","0.588"
"20260903","Food","Coffee & Tea","원두커피믹스","아이브루","FC","46534985","아이브루 플러스 디카페인 아메리카노 블랙커피, 1개, 80개입, 80g","8804645007118","발주가능","정상","0","23","219","7964","0","0","0","","NO","0.588"
"20260903","Food","Coffee & Tea","원두커피믹스","아이브루","FC","56760693","아이브루 플러스 디카페인 블랙커피 헤이즐넛향 (1g x 80개입), 1개","8804645007453","발주가능","정상","0","57","875","7961","0","0","0","","NO","0.588"
"20260903","Food","Coffee & Tea","원두커피믹스","아이브루","SFSPA3","56760693","아이브루 플러스 디카페인 블랙커피 헤이즐넛향 (1g x 80개입), 1개","8804645007453","발주가능","정상","0","1","1","7961","0","0","0","","NO","0.588"
"20260903","Food","Coffee & Tea","원두커피믹스","프라이빗클럽","FC","10837643","맥널티 병커피 헤이즐넛향 50gx10개","19311931309161","발주가능","정상","0","2","131","23000","0","0","0","","NO","0.588"
"20260903","Food","Coffee & Tea","원두커피믹스","프라이빗클럽","FC","12091997","Box_입소문난 아이리쉬 50G 10병","19311931311164","발주가능","정상","0","0","25","18625","0","0","0","","NO","0.588"
"20260903","Food","Coffee & Tea","원두커피믹스","프라이빗클럽","FC","52625820","맥널티 인스턴트 원두 병커피 에스프레소 블랙 50g 1개","9311931902167","발주가능","정상","0","28","254","3486","0","0","0","","NO","0.588"
"20260903","Food","Coffee & Tea","율무/견과차","맥널티","FC","64842417","티브루 호박팥차 진액 10ml 30개입 1개","8804645007675","발주가능","정상","0","44","640","5259","0","0","0","","NO","0.706"
"20260903","Food","Coffee & Tea","율무/견과차","맥널티","SFSPA3","64842417","티브루 호박팥차 진액 10ml 30개입 1개","8804645007675","발주가능","정상","0","1","0","5259","0","0","0","","NO","0.706"
"20260903","Food","Coffee & Tea","율무/견과차","맥널티","SFJEJ2","64842417","티브루 호박팥차 진액 10ml 30개입 1개","8804645007675","발주가능","정상","0","1","3","5259","0","0","0","","NO","0.706"
"20260903","Food","Coffee & Tea","율무/견과차","맥널티커피","FC","39149735","맥널티 스테비아 제로슈가 호두 아몬드 율무차, 1개, 30개입, 450g","8804645006906","발주가능","정상","0","4","26","6815","0","0","0","","NO","0.706"
"20260903","Food","Coffee & Tea","차세트","맥널티커피","FC","78654824","맥널티 스테비아 전통차 선물세트, 1세트, 율무차(30개) + 쌍화차(30개)","8804645008092","발주가능","정상","0","0","15","19091","0","0","0","","NO","0.899"
"20260903","Food","Coffee & Tea","커피믹스","맥널티커피","SFSPA3","45571","맥널티_ 자메이카 블루마운틴 블렌드_226G","8804645100215","발주가능","정상","0","2","3","5000","0","0","0","","NO","0.724"
"20260903","Food","Coffee & Tea","커피믹스","맥널티커피","RC","45571","맥널티_ 자메이카 블루마운틴 블렌드_226G","8804645100215","발주가능","정상","0","0","512","5000","0","0","0","","NO","0.724"
"20260903","Food","Coffee & Tea","커피믹스","맥널티커피","FC","45571","맥널티_ 자메이카 블루마운틴 블렌드_226G","8804645100215","발주가능","정상","0","47","1214","5000","0","0","0","","NO","0.724"
"20260903","Food","Coffee & Tea","커피믹스","맥널티커피","FC","25240400","맥널티 스테비아 커피믹스 100개입","8804645006067","발주가능","정상","360","99","1273","12941","0","0","0","","NO","0.724"
"20260903","Food","Coffee & Tea","커피믹스","맥널티커피","RC","25240400","맥널티 스테비아 커피믹스 100개입","8804645006067","발주가능","정상","0","0","1440","12941","0","0","0","","NO","0.724"
"20260903","Food","Coffee & Tea","커피믹스","맥널티커피","SFJEJ2","25240400","맥널티 스테비아 커피믹스 100개입","8804645006067","발주가능","정상","0","1","4","12941","0","0","0","","NO","0.724"
"20260903","Food","Coffee & Tea","커피믹스","맥널티커피","SFODD4","25240402","맥널티 스테비아 커피믹스 30개입","8804645006074","발주가능","정상","0","0","0","4827","0","0","0","","NO","0.724"
"20260903","Food","Coffee & Tea","커피믹스","맥널티커피","FC","25240402","맥널티 스테비아 커피믹스 30개입","8804645006074","발주가능","정상","0","26","308","4827","0","0","0","","NO","0.724"
"20260903","Food","Coffee & Tea","커피믹스","맥널티커피","FC","29461862","맥널티 아메리카노 아이스 블랙 100개입","8804645006081","발주가능","정상","0","44","329","5850","0","0","0","","NO","0.724"
"20260903","Food","Coffee & Tea","커피믹스","맥널티커피","FC","38933766","맥널티커피 스테비아 디카페인 커피믹스, 1개, 100개입 9.5g","8804645006890","발주가능","정상","0","70","271","18850","0","0","0","","NO","0.724"
"20260903","Food","Coffee & Tea","커피믹스","맥널티커피","FC","40806729","맥널티 스테비아 디카페인 커피믹스, 1개, 30개입, 285g","8804645006777","발주가능","정상","0","30","235","7027","0","0","0","","NO","0.724"
"20260903","Food","Coffee & Tea","커피믹스","맥널티커피","FC","46730880","산양유 단백질 프로틴 스테비아 커피믹스, 1개, 30개입, 300g","8804645007194","발주가능","정상","0","6","26","6243","0","0","0","","NO","0.724"
"20260903","Food","Coffee & Tea","커피믹스","맥널티커피","FC","47303765","산양유 단백질 프로틴 스테비아 커피믹스, 1개, 100개입, 1000g","8804645007187","발주가능","정상","0","16","46","19988","0","0","0","","NO","0.724"
"20260903","Food","Coffee & Tea","커피믹스","맥널티커피","FC","56214466","맥널티커피 아이브루 바닐라 라떼,12g x 100개입(스틱), 1200g , 1개","8804645007460","발주가능","정상","0","12","151","12543","0","0","0","","NO","0.724"
"20260903","Food","Coffee & Tea","커피믹스","맥널티커피","FC","56214467","맥널티커피 아이브루 카라멜 마끼아또, 12g x 100개입(스틱), 1200g , 1개","8804645007484","발주가능","정상","0","9","121","12543","0","0","0","","NO","0.724"
"20260903","Food","Coffee & Tea","커피믹스","맥널티커피","FC","63447822","스테비아 커피믹스 헤이즐넛향 9.5g 30개입 1개","8804645007637","발주가능","정상","0","10","246","4827","0","0","0","","NO","0.724"
"20260903","Food","Coffee & Tea","커피믹스","맥널티커피","FC","64859139","맥널티 스테비아 솔티드 카라멜 커피믹스 10g 1개 30개입","8804645007668","발주가능","정상","0","9","152","5670","0","0","0","","NO","0.724"
"20260903","Food","Coffee & Tea","커피믹스","맥널티커피","FC","69526598","맥널티 갓성비 제로슈가 커피믹스, 1개, 80개입, 9g","8804645007842","발주가능","정상","0","26","520","8805","0","0","0","","NO","0.724"
"20260903","Food","Coffee & Tea","커피믹스","맥널티커피","RC","69526598","맥널티 갓성비 제로슈가 커피믹스, 1개, 80개입, 9g","8804645007842","발주가능","정상","0","0","64","8805","0","0","0","","NO","0.724"
"20260903","Food","Coffee & Tea","커피믹스","맥널티커피","FC","69634259","맥널티커피 스테비아 커피믹스 헤이즐넛향, 9.5g, 100개입, 1개","8804645007811","발주가능","정상","0","3","84","14261","0","0","0","","NO","0.724"
"20260903","Food","Coffee & Tea","커피믹스","맥널티커피","FC","71115721","호랭이 커피믹스 고소한 오곡향, 1개, 160개입, 9.5g","8804645007880","발주가능","정상","12","10","30","14261","0","0","0","","NO","0.724"
"20260903","Food","Coffee & Tea","커피믹스","맥널티커피","FC","71115722","호랭이 커피믹스 고소한 오곡향, 1개, 20개입, 9.5g","8804645007897","발주가능","정상","0","2","201","2806","0","0","0","","NO","0.724"
"20260903","Food","Coffee & Tea","커피믹스","아이브루","FC","2341900","맥널티 iBrew 미니 헤이즐넛향 200개입(200g)","8804645000515","발주가능","정상","0","77","981","9917","0","0","0","","NO","0.724"
"20260903","Food","Coffee & Tea","커피믹스","아이브루","RC","2341900","맥널티 iBrew 미니 헤이즐넛향 200개입(200g)","8804645000515","발주가능","정상","0","0","360","9917","0","0","0","","NO","0.724"
"20260903","Food","Coffee & Tea","커피믹스","아이브루","SFODD2","2341900","맥널티 iBrew 미니 헤이즐넛향 200개입(200g)","8804645000515","발주가능","정상","0","0","2","9917","0","0","0","","NO","0.724"
"20260903","Food","Coffee & Tea","커피믹스","아이브루","SFJEJ2","2341900","맥널티 iBrew 미니 헤이즐넛향 200개입(200g)","8804645000515","발주가능","정상","0","1","6","9917","0","0","0","","NO","0.724"
"20260903","Food","Coffee & Tea","커피믹스","아이브루","SFSPA3","2341900","맥널티 iBrew 미니 헤이즐넛향 200개입(200g)","8804645000515","발주가능","정상","0","0","13","9917","0","0","0","","NO","0.724"
"20260903","Food","Coffee & Tea","커피믹스","아이브루","FC","3067423","아이브루 헤이즐넛향 70개입","8804645000706","발주가능","정상","272","19","454","4025","0","0","0","","NO","0.724"
"20260903","Food","Coffee & Tea","커피믹스","아이브루","FC","3067424","아이브루 케냐AA 블렌드 70개입","8804645000690","발주가능","정상","32","13","42","6205","0","0","0","","NO","0.724"
"20260903","Food","Coffee & Tea","커피믹스","아이브루","FC","3067425","아이브루 예가체프 블렌드 70개입","8804645000683","발주가능","정상","0","3","14","6205","0","0","0","","NO","0.724"
"20260903","Food","Coffee & Tea","커피믹스","프라이빗클럽","SFSPA3","3067428","인스턴트 병커피 헤이즐넛향 50g","9311931105162","발주가능","정상","0","0","10","2300","0","0","0","","NO","0.724"
"20260903","Food","Coffee & Tea","커피믹스","프라이빗클럽","FC","3067428","인스턴트 병커피 헤이즐넛향 50g","9311931105162","발주가능","정상","0","156","3883","2300","0","0","0","","NO","0.724"
"20260903","Food","Coffee & Tea","커피세트","맥널티커피","FC","26870612","맥널티 핸드드립 버라이어티세트 30개입","8804645006258","발주가능","정상","0","4","685","9395","0","0","0","","NO","0.894"
"20260903","Food","Coffee & Tea","커피세트","맥널티커피","FC","54651094","인스턴트 원두 병커피 맥널티커피 선물세트 50g x 4개입(에스프레소 2병+헤이즐넛 2병), 1세트","8804645007408","발주가능","정상","0","6","0","15305","0","0","0","","YES","0.894"
"20260903","Food","Drinks","과일음료","맥널티커피","FC","24752132","청포도 에이드 190mL 10팩","8804645005893","발주가능","정상","0","19","879","3486","0","0","0","","NO","0.800"
"20260903","Food","Drinks","과일음료","맥널티커피","RC","24752132","청포도 에이드 190mL 10팩","8804645005893","발주가능","정상","0","0","273","3486","0","0","0","","NO","0.800"
"20260903","Food","Drinks","과일음료","맥널티커피","FC","24752250","블루레몬 에이드 190mL 10팩","8804645005909","발주가능","정상","0","16","770","3486","0","0","0","","NO","0.800"
"20260903","Food","Drinks","과일음료","맥널티커피","FC","45580036","맥널티 청매실 에이드 190ml*10개입","8804645007071","발주가능","정상","0","14","263","3486","0","0","0","","NO","0.800"
"20260903","Food","Drinks","농축액(음료베이스)","맥널티","FC","51983601","물 한방울 섞이지 않은 김토끼 유기농 레몬즙, 10개, 20g","8804645007361","발주가능","정상","0","0","70","4077","0","0","0","","NO","0.692"
"20260903","Food","Drinks","농축액(음료베이스)","맥널티","SFJEJ2","58338694","티브루 보리차 원액 간편 액상스틱 진액, 30개, 10ml","8804645007590","발주가능","정상","0","0","3","5259","0","0","0","","NO","0.692"
"20260903","Food","Drinks","농축액(음료베이스)","맥널티","FC","58338694","티브루 보리차 원액 간편 액상스틱 진액, 30개, 10ml","8804645007590","발주가능","정상","0","92","1518","5259","0","0","0","","NO","0.692"
"20260903","Food","Drinks","농축액(음료베이스)","맥널티","FC","58338695","티브루 옥수수수염차 원액 간편 액상스틱 진액, 30개, 10ml","8804645007606","발주가능","정상","0","47","1011","5259","0","0","0","","NO","0.692"
"20260903","Food","Drinks","농축액(음료베이스)","맥널티","SFSPA3","58338695","티브루 옥수수수염차 원액 간편 액상스틱 진액, 30개, 10ml","8804645007606","발주가능","정상","0","1","0","5259","0","0","0","","NO","0.692"
"20260903","Food","Drinks","농축액(음료베이스)","맥널티","FC","58338696","티브루 헛개수 원액 간편 액상스틱 진액, 30개, 10ml","8804645007613","발주가능","정상","0","39","739","5259","0","0","0","","NO","0.692"
"20260903","Food","Drinks","농축액(음료베이스)","맥널티","SFJEJ2","58338696","티브루 헛개수 원액 간편 액상스틱 진액, 30개, 10ml","8804645007613","발주가능","정상","0","0","2","5259","0","0","0","","NO","0.692"
"20260903","Food","Drinks","농축액(음료베이스)","맥널티커피","FC","62882483","티브루 보리차 진액, 1개, 400g","8804645007651","발주가능","정상","0","10","165","7623","0","0","0","","NO","0.692"
"20260903","Food","Drinks","농축액(음료베이스)","맥널티커피","FC","71636537","맥널티 티브루 호박팥차 무라벨, 20개, 500ml","8804645007934","발주가능","정상","132","25","647","8795","0","0","0","","NO","0.692"
"20260903","Food","Drinks","야채음료","맥널티커피","FC","48914233","맥널티 유자 에이드 190ml 10개","8804645007217","발주가능","정상","0","14","372","3486","0","0","0","","NO","0.582"
"20260903","Food","Drinks","차음료","맥널티커피","SFJEJ2","24752251","복숭아 아이스티 190mL 10팩","8804645005886","발주가능","정상","0","0","6","3486","0","0","0","","NO","0.686"
"20260903","Food","Drinks","차음료","맥널티커피","FC","24752251","복숭아 아이스티 190mL 10팩","8804645005886","발주가능","정상","0","44","574","3486","0","0","0","","NO","0.686"
"20260903","Food","Drinks","차음료","맥널티커피","RC","24752251","복숭아 아이스티 190mL 10팩","8804645005886","발주가능","정상","0","0","258","3486","0","0","0","","NO","0.686"
"20260903","Food","Drinks","차음료","맥널티커피","FC","24944267","맥널티 허니자몽 블랙티 대용량 파우치 1Lx6입","18804645005951","발주가능","정상","0","4","81","10252","0","0","0","","NO","0.686"
"20260903","Food","Drinks","차음료","맥널티커피","FC","24944268","맥널티 복숭아 아이스티 대용량 파우치 1Lx6입","18804645005944","발주가능","정상","0","5","12","10252","0","0","0","","NO","0.686"
"20260903","Food","Drinks","차음료","맥널티커피","FC","26889711","맥널티 제로칼로리 복숭아 아이스티 500ml 24입","18804645006101","발주가능","정상","260","10","382","12205","0","0","0","","NO","0.686"
"20260903","Food","Drinks","차음료","맥널티커피","FC","36669698","제로 아이스티 복숭아, 30개입, 13g","8804645006791","발주가능","정상","0","4","116","5850","0","0","0","","NO","0.686"
"20260903","Food","Drinks","차음료","맥널티커피","FC","36829225","맥널티 제로칼로리 청포도 아이스티 500mlx24입,","18804645006538","발주가능","정상","12","2","15","12205","0","0","0","","NO","0.686"
"20260903","Food","Drinks","차음료","맥널티커피","FC","36829226","제로 아이스티 청포도, 30개입, 13g 1개","8804645006807","발주가능","정상","0","4","116","5850","0","0","0","","NO","0.686"
"20260903","Food","Drinks","차음료","맥널티커피","FC","36863185","맥널티 대용량 제로칼로리 복숭아 아이스티 1.5L 12개","18804645006736","일시중단","단종예정","0","0","0","17427","0","0","0","","YES","0.686"
"20260903","Food","Drinks","차음료","맥널티커피","FC","38262417","복숭아 아이스티 제로, 6개, 1L","18804645006873","발주가능","정상","0","2","56","10577","0","0","0","","NO","0.686"
"20260903","Food","Drinks","차음료","맥널티커피","FC","40520042","맥널티커피 복숭아 아이스티 제로 RTD, 30개, 240ml","18804645006835","발주가능","정상","0","4","379","8795","0","0","0","","NO","0.686"
"20260903","Food","Drinks","차음료","맥널티커피","SFJEJ2","61673272","맥널티커피 복숭아 아이스티 제로, 1.5L, 1개","8804645006739","발주가능","정상","0","0","10","1364","0","0","0","","NO","0.686"
"20260903","Food","Drinks","차음료","맥널티커피","RC","61673272","맥널티커피 복숭아 아이스티 제로, 1.5L, 1개","8804645006739","발주가능","정상","0","0","1248","1364","0","0","0","","NO","0.686"
"20260903","Food","Drinks","차음료","맥널티커피","SFSPA3","61673272","맥널티커피 복숭아 아이스티 제로, 1.5L, 1개","8804645006739","발주가능","정상","0","0","1","1364","0","0","0","","NO","0.686"
"20260903","Food","Drinks","차음료","맥널티커피","FC","61673272","맥널티커피 복숭아 아이스티 제로, 1.5L, 1개","8804645006739","발주가능","정상","0","147","2163","1364","0","0","0","","NO","0.686"
"20260903","Food","Drinks","차음료","맥널티커피","FC","73944650","맥널티 복숭아 아이스티 대용량 파우치, 1개, 2.1L","8804645007965","발주가능","정상","252","155","3463","2413","0","0","0","","NO","0.686"
"20260903","Food","Drinks","차음료","맥널티커피","SFSPA3","73944650","맥널티 복숭아 아이스티 대용량 파우치, 1개, 2.1L","8804645007965","발주가능","정상","0","5","8","2413","0","0","0","","NO","0.686"
"20260903","Food","Drinks","차음료","맥널티커피","SFJEJ2","73944650","맥널티 복숭아 아이스티 대용량 파우치, 1개, 2.1L","8804645007965","발주가능","정상","0","6","6","2413","0","0","0","","NO","0.686"
"20260903","Food","Drinks","차음료","맥널티커피","FC","75850021","맥널티 허니자몽 블랙티, 1L, 1개","8804645005954","발주가능","정상","0","15","289","1714","0","0","0","","NO","0.686"
"20260903","Food","Drinks","커피음료","맥널티커피","RC","24695530","아이스 헤이즐넛향 커피 190mL 10팩","8804645005879","발주가능","정상","0","0","546","3486","0","0","0","","NO","0.679"
"20260903","Food","Drinks","커피음료","맥널티커피","FC","24695530","아이스 헤이즐넛향 커피 190mL 10팩","8804645005879","발주가능","정상","0","42","245","3486","0","0","0","","NO","0.679"
"20260903","Food","Drinks","커피음료","맥널티커피","SFJEJ2","24695531","아이스 아메리카노 스위트 190mL 10팩","8804645005862","발주가능","정상","0","0","0","3486","0","0","0","","NO","0.679"
"20260903","Food","Drinks","커피음료","맥널티커피","FC","24695531","아이스 아메리카노 스위트 190mL 10팩","8804645005862","발주가능","정상","0","50","406","3486","0","0","0","","NO","0.679"
"20260903","Food","Drinks","커피음료","맥널티커피","RC","24695531","아이스 아메리카노 스위트 190mL 10팩","8804645005862","발주가능","정상","0","0","273","3486","0","0","0","","NO","0.679"
"20260903","Food","Drinks","커피음료","맥널티커피","RC","24695532","아이스 아메리카노 블랙 190mL 10팩","8804645005855","발주가능","정상","0","0","273","3486","0","0","0","","NO","0.679"
"20260903","Food","Drinks","커피음료","맥널티커피","SFODD2","24695532","아이스 아메리카노 블랙 190mL 10팩","8804645005855","발주가능","정상","0","0","2","3486","0","0","0","","NO","0.679"
"20260903","Food","Drinks","커피음료","맥널티커피","FC","24695532","아이스 아메리카노 블랙 190mL 10팩","8804645005855","발주가능","정상","0","43","479","3486","0","0","0","","NO","0.679"
"20260903","Food","Drinks","커피음료","맥널티커피","FC","25484251","맥널티커피 아메리카노 스위트 1Lx6입","18804645005920","발주가능","정상","0","2","191","10252","0","0","0","","NO","0.679"
"20260903","Food","Drinks","커피음료","맥널티커피","FC","25484255","맥널티 아이스 아메리카노 블랙커피 대용량 파우치 1Lx6입","18804645005913","발주가능","정상","0","0","86","10252","0","0","0","","NO","0.679"
"20260903","Food","Drinks","커피음료","맥널티커피","FC","25484257","맥널티 아이스 헤이즐넛향 커피 대용량 파우치 1Lx6입","18804645005937","발주가능","정상","96","4","132","10252","0","0","0","","NO","0.679"
"20260903","Food","Drinks","커피음료","맥널티커피","FC","48466205","맥널티 대용량 제로슈가 스테비아 믹스커피 음료, 12개, 1L","18804645007290","발주가능","정상","0","12","195","17067","0","0","0","","NO","0.679"
"20260903","Food","Drinks","커피음료","맥널티커피","FC","54922706","맥널티 대용량 제로슈가 스테비아 믹스커피 음료, 1L, 6개","8804645007323","발주가능","정상","0","56","1602","8805","0","0","0","","NO","0.679"
"20260903","Food","Drinks","커피음료","맥널티커피","RC","68778940","맥널티 아이브루 아메리카노 블랙커피 12개 1L","18804645007306","발주가능","정상","240","0","2080","12205","0","0","0","","NO","0.679"
"20260903","Food","Drinks","커피음료","맥널티커피","FC","68778940","맥널티 아이브루 아메리카노 블랙커피 12개 1L","18804645007306","발주가능","정상","960","185","2082","12205","0","0","0","","NO","0.679"
"20260903","Food","Drinks","커피음료","맥널티커피","RC","68778941","맥널티 아이브루 헤이즐넛향 블랙커피 12개 1L","18804645007504","발주가능","정상","0","0","160","11295","0","0","0","","NO","0.679"
"20260903","Food","Drinks","커피음료","맥널티커피","FC","68778941","맥널티 아이브루 헤이즐넛향 블랙커피 12개 1L","18804645007504","발주가능","정상","160","38","736","11295","0","0","0","","NO","0.679"
"20260903","Food","Drinks","커피음료","맥널티커피","RC","68778942","아이브루 아메리카노 블랙커피 무라벨 400ML 20개","8804645007491","발주가능","정상","0","0","1547","11295","0","0","0","","NO","0.679"
"20260903","Food","Drinks","커피음료","맥널티커피","FC","68778942","아이브루 아메리카노 블랙커피 무라벨 400ML 20개","8804645007491","발주가능","정상","0","99","1507","11295","0","0","0","","NO","0.679"
"20260903","Food","Drinks","커피음료","맥널티커피","FC","73951791","맥널티 아이스 아메리카노 블랙 커피 대용량 파우치, 1개, 2.1L","8804645007958","발주가능","정상","0","469","8004","2413","0","0","0","","NO","0.679"
"20260903","Food","Drinks","커피음료","맥널티커피","SFSPA3","73951791","맥널티 아이스 아메리카노 블랙 커피 대용량 파우치, 1개, 2.1L","8804645007958","발주가능","정상","0","19","89","2413","0","0","0","","NO","0.679"
"20260903","Food","Drinks","커피음료","맥널티커피","RC","73951791","맥널티 아이스 아메리카노 블랙 커피 대용량 파우치, 1개, 2.1L","8804645007958","발주가능","정상","3840","0","8224","2413","0","0","0","","NO","0.679"
"20260903","Food","Drinks","커피음료","맥널티커피","SFJEJ2","73951791","맥널티 아이스 아메리카노 블랙 커피 대용량 파우치, 1개, 2.1L","8804645007958","발주가능","정상","0","3","17","2413","0","0","0","","NO","0.679"
"20260903","Food","Drinks","커피음료","맥널티커피","SFSPA3","75683093","맥널티 아이스 아메리카노 블랙 1리터, 1L, 1개","8804645005916","발주가능","정상","0","2","1","1714","0","0","0","","NO","0.679"
"20260903","Food","Drinks","커피음료","맥널티커피","SFJEJ2","75683093","맥널티 아이스 아메리카노 블랙 1리터, 1L, 1개","8804645005916","발주가능","정상","0","0","1","1714","0","0","0","","NO","0.679"
"20260903","Food","Drinks","커피음료","맥널티커피","FC","75683093","맥널티 아이스 아메리카노 블랙 1리터, 1L, 1개","8804645005916","발주가능","정상","0","15","1195","1714","0","0","0","","NO","0.679"
"20260903","Food","Drinks","커피음료","맥널티커피","SFSPA3","75694561","맥널티커피 아이스 아메리카노 헤이즐넛, 1개, 1L","8804645005930","발주가능","정상","0","2","5","1714","0","0","0","","NO","0.679"
"20260903","Food","Drinks","커피음료","맥널티커피","FC","75694561","맥널티커피 아이스 아메리카노 헤이즐넛, 1개, 1L","8804645005930","발주가능","정상","450","92","2190","1714","0","0","0","","NO","0.679"
"20260903","Food","Drinks","커피음료","맥널티커피","SFJEJ2","75694561","맥널티커피 아이스 아메리카노 헤이즐넛, 1개, 1L","8804645005930","발주가능","정상","0","0","4","1714","0","0","0","","NO","0.679"
"20260903","Food","Drinks","커피음료","맥널티커피","SFJEJ2","75765043","맥널티 아이스아메리카노 스위트, 1개, 1L","8804645005923","발주가능","정상","0","4","2","1714","0","0","0","","NO","0.679"
"20260903","Food","Drinks","커피음료","맥널티커피","SFSPA3","75765043","맥널티 아이스아메리카노 스위트, 1개, 1L","8804645005923","발주가능","정상","0","0","11","1714","0","0","0","","NO","0.679"
"20260903","Food","Drinks","커피음료","맥널티커피","FC","75765043","맥널티 아이스아메리카노 스위트, 1개, 1L","8804645005923","발주가능","정상","0","72","1531","1714","0","0","0","","NO","0.679"
"20260903","Food","Drinks","커피음료","맥널티커피","FC","76540319","맥널티 호랭이 마일드 라떼 캔커피, 30개, 175ml","18804645008013","발주가능","정상","134","61","1489","8523","0","0","0","","NO","0.679"
"20260903","Food","Drinks","커피음료","맥널티커피","RC","76540319","맥널티 호랭이 마일드 라떼 캔커피, 30개, 175ml","18804645008013","발주가능","정상","0","0","158","8523","0","0","0","","NO","0.679"
"20260903","Food","Drinks","커피음료","맥널티커피","FC","77572705","맥널티 아이스 아메리카노 헤이즐넛, 1개, 2.1L","8804645008030","발주가능","정상","72","110","577","2413","0","0","0","","NO","0.679"
"20260903","Food","Drinks","커피음료","아이브루","RC","70253954","아이브루 디카페인 아메리카노 블랙커피 무라벨, 20개, 400ml","8804645007903","발주가능","정상","182","0","455","13500","0","0","0","","NO","0.679"
"20260903","Food","Drinks","커피음료","아이브루","FC","70253954","아이브루 디카페인 아메리카노 블랙커피 무라벨, 20개, 400ml","8804645007903","발주가능","정상","182","40","845","13500","0","0","0","","NO","0.679"
"20260903","Kitchen","Tools & Gadgets","드립주전자/포트","맥널티커피","FC","15333511","맥널티 드립 주전자 350ml","8804645004490","발주가능","정상","5","4","4","5044","0","0","0","","YES","0.784"
"20260903","Kitchen","Tools & Gadgets","커피필터/여과지","맥널티","SFJEJ2","12491225","맥널티 핸드드립 커피필터 30개입","8804645300950","발주가능","정상","0","3","0","2895","0","0","0","","NO","0.519"
"20260903","Kitchen","Tools & Gadgets","커피필터/여과지","맥널티","FC","12491225","맥널티 핸드드립 커피필터 30개입","8804645300950","발주가능","정상","0","63","1331","2895","0","0","0","","NO","0.519"
"20260902","CE","Kitchen Appliance","커피머신","맥널티커피","FC","31602405","맥널티 2in1 핫앤콜드 진공추출 커피메이커 MCM-065B MCM-065B","8804645006296","발주가능","정상","0","1","2","30859","0","0","0","","NO","0.782"
"20260902","Food","Coffee & Tea","기타전통차","맥널티커피","FC","39149736","맥널티 스테비아 침향 쌍화차, 1개, 30개입, 450g","8804645006913","발주가능","정상","0","0","98","8536","0","0","0","","NO","0.716"
"20260902","Food","Coffee & Tea","기타전통차","맥널티커피","FC","41175263","맥널티커피 스테비아 꿀 유자차, 1개, 30개입, 450g","8804645006951","발주가능","정상","0","3","113","7388","0","0","0","","NO","0.716"
"20260902","Food","Coffee & Tea","둥글레/옥수수/보리/결명자차","맥널티커피","FC","76230458","맥널티 진 보리차 1개 1kg","8804645007996","발주가능","정상","0","2","56","15209","0","0","0","","NO","0.605"
"20260902","Food","Coffee & Tea","드립백/티백","맥널티","FC","3067432","산지별 콜롬비아 슈프리모 핸드드립커피 7개입","8804645000324","발주가능","정상","0","7","49","3043","0","0","0","","NO","0.746"
"20260902","Food","Coffee & Tea","드립백/티백","맥널티","FC","10003518","케냐 AA 핸드드립 블렌드 24개입","8804645000720","발주가능","정상","30","5","25","6068","0","0","0","","YES","0.746"
"20260902","Food","Coffee & Tea","드립백/티백","맥널티커피","FC","3067429","산지별 브라질 세라도 NY2 핸드드립커피 7개입","8804645000300","발주가능","정상","0","3","34","2887","0","0","0","","NO","0.746"
"20260902","Food","Coffee & Tea","드립백/티백","맥널티커피","FC","3067430","산지별 케냐 AA 핸드드립커피 7개입","8804645000355","발주가능","정상","0","3","66","3062","0","0","0","","NO","0.746"
"20260902","Food","Coffee & Tea","드립백/티백","맥널티커피","FC","3067433","산지별 에티오피아 코케 허니 핸드드립커피 7개입","8804645000348","발주가능","정상","0","3","106","2910","0","0","0","","NO","0.746"
"20260902","Food","Coffee & Tea","드립백/티백","맥널티커피","FC","3067434","산지별 에티오피아 예가체프 핸드드립커피 7개입","8804645000331","발주가능","정상","0","0","53","3184","0","0","0","","NO","0.746"
"20260902","Food","Coffee & Tea","드립백/티백","맥널티커피","FC","10003517","콜롬비아 핸드드립 블렌드 24개입","8804645000713","발주가능","정상","0","23","252","5977","0","0","0","","NO","0.746"
"20260902","Food","Coffee & Tea","드립백/티백","맥널티커피","FC","23400108","맥널티 디카페인100% 핸드드립 원두커피 24개입","8804645005732","발주가능","정상","48","5","211","9395","0","0","0","","NO","0.746"
"20260902","Food","Coffee & Tea","드립백/티백","맥널티커피","FC","37713095","맥널티 핸드드립커피 에티오피아 예가체프 36개입, 8g, 1개","8804645006623","발주가능","정상","0","2","10","10577","0","0","0","","NO","0.746"
"20260902","Food","Coffee & Tea","드립백/티백","맥널티커피","FC","41391235","맥널티 행복을주는커피 시그니처 블렌드 핸드드립 커피 20개입, 1개, 8g","8804645003653","발주가능","정상","0","6","95","6795","0","0","0","","NO","0.746"
"20260902","Food","Coffee & Tea","드립백/티백","맥널티커피","FC","62821923","맥널티 핸드드립 커피 에티오피아 예가체프 8g 24개입 1개","8804645006920","발주가능","정상","0","3","79","9679","0","0","0","","NO","0.746"
"20260902","Food","Coffee & Tea","드립백/티백","맥널티커피","FC","68147033","베니스브루 스페셜티 핸드드립 가향 커피 오렌지 벨벳, 1개, 7개입, 12g","8804645007712","발주가능","정상","0","0","8","5143","0","0","0","","NO","0.746"
"20260902","Food","Coffee & Tea","드립백/티백","맥널티커피","FC","68147034","베니스브루 스페셜티 핸드드립 가향 커피 쇼콜라 모카, 1개, 7개입, 12g","8804645007729","발주가능","정상","0","4","6","5143","0","0","0","","NO","0.746"
"20260902","Food","Coffee & Tea","드립백/티백","맥널티커피","FC","68777449","베니스브루 베리 블로썸 드립백 커피 12g 1개 7개입","8804645007705","발주가능","정상","0","8","7","5143","0","0","0","","NO","0.746"
"20260902","Food","Coffee & Tea","라떼분말","맥널티커피","FC","34834818","맥널티 스테비아 제로슈가 핫초코 라떼 30개입 15g","8804645006340","발주가능","정상","0","59","175","7500","0","0","0","","NO","0.584"
"20260902","Food","Coffee & Tea","라떼분말","맥널티커피","FC","51063548","스테비아 단백질 옥수수 크림 라떼, 1개, 20개입, 18g","8804645007330","발주가능","정상","0","0","13","5850","0","0","0","","NO","0.584"
"20260902","Food","Coffee & Tea","라떼분말","맥널티커피","FC","51164938","스테비아 단백질 고구마 크림 라떼, 1개, 20개입, 18g","8804645007347","발주가능","정상","0","0","29","5850","0","0","0","","NO","0.584"
"20260902","Food","Coffee & Tea","원두","N_A","FC","76443755","맥널티 브라질 세라도 NY.2 원두 1kg, 1개","8804645006425","발주가능","정상","0","4","275","17609","0","0","0","","NO","0.894"
"20260902","Food","Coffee & Tea","원두","맥널티커피","FC","45570","맥널티_헤이즐넛원두분쇄커피_226G","8804645100208","발주가능","정상","0","102","895","5000","0","0","0","","NO","0.894"
"20260902","Food","Coffee & Tea","원두","맥널티커피","RC","45570","맥널티_헤이즐넛원두분쇄커피_226G","8804645100208","발주가능","정상","0","0","1152","5000","0","0","0","","NO","0.894"
"20260902","Food","Coffee & Tea","원두","맥널티커피","SFSPA3","45570","맥널티_헤이즐넛원두분쇄커피_226G","8804645100208","발주가능","정상","0","4","13","5000","0","0","0","","NO","0.894"
"20260902","Food","Coffee & Tea","원두","맥널티커피","SFJEJ2","45570","맥널티_헤이즐넛원두분쇄커피_226G","8804645100208","발주가능","정상","0","2","4","5000","0","0","0","","NO","0.894"
"20260902","Food","Coffee & Tea","원두","맥널티커피","FC","45572","맥널티_헤이즐넛원두분쇄커피_500G","8804645100468","발주가능","정상","0","63","829","7960","0","0","0","","NO","0.894"
"20260902","Food","Coffee & Tea","원두","맥널티커피","SFJEJ2","45572","맥널티_헤이즐넛원두분쇄커피_500G","8804645100468","발주가능","정상","0","2","1","7960","0","0","0","","NO","0.894"
"20260902","Food","Coffee & Tea","원두","맥널티커피","FC","45573","맥널티_블루마운틴스타일원두분쇄커피_500G","8804645100451","발주가능","정상","0","32","499","11091","0","0","0","","NO","0.894"
"20260902","Food","Coffee & Tea","원두","맥널티커피","FC","5344648","맥널티 원두 에스프레소 블랙 1개, 1kg","8804645001239","발주불가","단종","0","0","1","9156","0","0","0","","YES","0.894"
"20260902","Food","Coffee & Tea","원두","맥널티커피","FC","10147177","맥널티 홀빈 블루마운틴 1000g","8804645006302","발주가능","정상","0","21","223","15715","0","0","0","","NO","0.894"
"20260902","Food","Coffee & Tea","원두","맥널티커피","FC","10147180","맥널티 행복을 주는 커피 헤이즐넛향 1kg 홀빈","8804645100185","발주가능","정상","0","7","294","15244","0","0","0","","NO","0.894"
"20260902","Food","Coffee & Tea","원두","맥널티커피","FC","10812901","맥널티 베트남 로부스타 원두커피 1kg","8804645003066","발주가능","정상","0","57","620","11700","0","0","0","","NO","0.894"
"20260902","Food","Coffee & Tea","원두","맥널티커피","SFSPA3","10812901","맥널티 베트남 로부스타 원두커피 1kg","8804645003066","발주가능","정상","0","2","9","11700","0","0","0","","NO","0.894"
"20260902","Food","Coffee & Tea","원두","맥널티커피","SFJEJ2","10812901","맥널티 베트남 로부스타 원두커피 1kg","8804645003066","발주가능","정상","0","0","3","11700","0","0","0","","NO","0.894"
"20260902","Food","Coffee & Tea","원두","맥널티커피","FC","11849981","행복을 주는 커피 블루마운틴 블렌드 분쇄 원두 커피 1kg","8804645003486","발주가능","정상","0","6","204","16364","0","0","0","","NO","0.894"
"20260902","Food","Coffee & Tea","원두","맥널티커피","RC","12521866","맥널티 행복을 주는 커피 시그니처 헤이즐넛향 원두 커피 1Kg","8804645003493","발주가능","정상","0","0","432","16364","0","0","0","","NO","0.894"
"20260902","Food","Coffee & Tea","원두","맥널티커피","FC","12521866","맥널티 행복을 주는 커피 시그니처 헤이즐넛향 원두 커피 1Kg","8804645003493","발주가능","정상","0","22","116","16364","0","0","0","","NO","0.894"
"20260902","Food","Coffee & Tea","원두","맥널티커피","FC","13277718","맥널티 행복을 주는 커피 브라질 산토스 1kg","8804645003936","발주가능","정상","0","15","116","14091","0","0","0","","NO","0.894"
"20260902","Food","Coffee & Tea","원두","맥널티커피","FC","13277719","맥널티 행복을 주는 커피 콜롬비아 블렌드 1kg","8804645003929","발주가능","정상","50","34","493","15599","0","0","0","","NO","0.894"
"20260902","Food","Coffee & Tea","원두","맥널티커피","FC","37733154","맥널티 원두 홀빈(분쇄안함) 마일드 미디움 블렌드 200g, 1개","8804645005374","발주가능","정상","0","4","30","5791","0","0","0","","NO","0.894"
"20260902","Food","Coffee & Tea","원두","맥널티커피","FC","38710869","맥널티 홀빈 커피원두, 마일드 미디움 블렌드 1kg, 1개","8804645005329","발주가능","정상","0","0","16","16364","0","0","0","","NO","0.894"
"20260902","Food","Coffee & Tea","원두","맥널티커피","FC","38710870","맥널티 홀빈 커피원두, 콜롬비아 안데스 오리진 1kg, 1개","8804645005343","발주가능","정상","0","3","85","16364","0","0","0","","NO","0.894"
"20260902","Food","Coffee & Tea","원두","맥널티커피","FC","38710872","맥널티 홀빈 커피원두, 시그니처 블렌드 1kg, 1개","8804645005312","발주가능","정상","0","3","113","16364","0","0","0","","NO","0.894"
"20260902","Food","Coffee & Tea","원두","맥널티커피","FC","38813491","맥널티 홀빈 원두 1KG, 브라질 산토스 내추럴, 1개","8804645005350","발주가능","정상","0","22","255","11364","0","0","0","","NO","0.894"
"20260902","Food","Coffee & Tea","원두","맥널티커피","FC","38919334","맥널티 에티오피아 예가체프 홀빈 원두, 1kg, 1개","8804645006852","발주가능","정상","0","2","68","16364","0","0","0","","NO","0.894"
"20260902","Food","Coffee & Tea","원두","맥널티커피","FC","39616644","맥널티 예맨 모카 블렌드 커피 원두, 홀빈(분쇄안함), 500g, 1개","8804645006692","발주가능","정상","0","0","16","11400","0","0","0","","NO","0.894"
"20260902","Food","Coffee & Tea","원두","맥널티커피","FC","39616645","맥널티 시그니처 디카페인 커피 원두, 홀빈(분쇄안함), 500g, 1개","8804645006937","발주가능","정상","0","7","77","12545","0","0","0","","NO","0.894"
"20260902","Food","Coffee & Tea","원두","맥널티커피","FC","39616646","맥널티 게이샤 블렌드 커피 원두, 홀빈(분쇄안함), 500g, 1개","8804645006708","발주가능","정상","0","0","37","11400","0","0","0","","NO","0.894"
"20260902","Food","Coffee & Tea","원두","맥널티커피","FC","39616647","맥널티 하와이안 코나 블렌드 커피 원두, 홀빈(분쇄안함), 500g, 1개","8804645006685","발주가능","정상","0","4","91","11400","0","0","0","","NO","0.894"
"20260902","Food","Coffee & Tea","원두","맥널티커피","FC","48074657","맥널티 브라질 세라도 분쇄 원두 커피, 1개, 500g","8804645007262","발주가능","정상","0","7","62","9395","0","0","0","","NO","0.894"
"20260902","Food","Coffee & Tea","원두","맥널티커피","FC","48074658","맥널티 콜롬비아 안데스 분쇄 원두 커피, 1개, 500g","8804645007255","발주가능","정상","0","4","44","9986","0","0","0","","NO","0.894"
"20260902","Food","Coffee & Tea","원두","맥널티커피","FC","48074659","맥널티 에티오피아 예가체프 분쇄 원두 커피, 1개, 500g","8804645007231","발주가능","정상","0","20","93","9986","0","0","0","","NO","0.894"
"20260902","Food","Coffee & Tea","원두","맥널티커피","FC","58681130","콜롬비아 안데스 오리진 분쇄 커피 원두 1개 226g 핸드드립","8804645007552","발주가능","정상","0","3","50","7159","0","0","0","","NO","0.894"
"20260902","Food","Coffee & Tea","원두","맥널티커피","FC","58681131","브라질 산토스 오리진 분쇄 커피 원두, 226g, 1개, 핸드드립","8804645007545","발주가능","정상","0","0","7","7159","0","0","0","","NO","0.894"
"20260902","Food","Coffee & Tea","원두","맥널티커피","FC","58765769","게이샤 블렌드 분쇄 커피 원두, 1개, 226g, 핸드드립","8804645007514","발주가능","정상","0","1","28","7732","0","0","0","","NO","0.894"
"20260902","Food","Coffee & Tea","원두","맥널티커피","FC","58765770","디카페인 헤이즐넛향 분쇄 커피 원두, 1개, 226g, 핸드드립","8804645007538","발주가능","정상","8","13","112","8018","0","0","0","","NO","0.894"
"20260902","Food","Coffee & Tea","원두","맥널티커피","FC","58850533","하와이안 코나 블렌드 분쇄 커피 원두, 1개, 226g, 핸드드립","8804645007521","발주가능","정상","0","4","17","7732","0","0","0","","NO","0.894"
"20260902","Food","Coffee & Tea","원두","맥널티커피","FC","71777603","투비 다크 블랙 블렌드 홀빈 원두 커피, 1kg, 홀빈(분쇄안함), 1개","8804645007989","발주가능","정상","0","17","161","13115","0","0","0","","NO","0.894"
"20260902","Food","Coffee & Tea","원두","맥널티커피","FC","76697770","투비커피 너티초코 아메리카노 블렌드 홀빈 원두 커피, 1kg, 홀빈(분쇄안함), 1개","8804645008047","발주가능","정상","0","0","39","17125","0","0","0","","NO","0.894"
"20260902","Food","Coffee & Tea","원두커피믹스","맥널티","FC","10003529","아이브루 클래식 100T","8804645002465","발주불가","규격 외","0","0","1","6068","0","0","0","","NO","0.588"
"20260902","Food","Coffee & Tea","원두커피믹스","맥널티","FC","11019882","맥널티 아이브루 다크 블렌드 200T","8804645003219","발주가능","정상","0","4","67","13096","0","0","0","","NO","0.588"
"20260902","Food","Coffee & Tea","원두커피믹스","맥널티커피","FC","11019883","맥널티 아이브루 모카 블랙 200T","8804645003226","발주가능","정상","48","10","105","11687","0","0","0","","NO","0.588"
"20260902","Food","Coffee & Tea","원두커피믹스","맥널티커피","FC","13777565","맥널티 아이브루 모카블랙 70T","8804645003912","발주가능","정상","0","2","29","6519","0","0","0","","NO","0.588"
"20260902","Food","Coffee & Tea","원두커피믹스","맥널티커피","FC","15720531","콜롬비아 블랙 100개입","8804645002861","발주가능","정상","384","42","1041","6345","0","0","0","","NO","0.588"
"20260902","Food","Coffee & Tea","원두커피믹스","맥널티커피","FC","26477367","맥널티 리얼 에스프레소샷 블랙 액상스틱커피 15mlx30개입","8804645006029","발주가능","정상","0","29","566","7388","0","0","0","","NO","0.588"
"20260902","Food","Coffee & Tea","원두커피믹스","맥널티커피","FC","62672352","맥널티 아이브루 플러스 스위트 블랙 원두커피믹스 80개입 2.8g","8804645007620","발주가능","정상","0","3","12","7961","0","0","0","","NO","0.588"
"20260902","Food","Coffee & Tea","원두커피믹스","맥널티커피","FC","67975031","호랭이 커피 오곡향 블랙, 1개, 20개입, 1g","8804645007781","발주가능","정상","0","25","286","2806","0","0","0","","NO","0.588"
"20260902","Food","Coffee & Tea","원두커피믹스","맥널티커피","SFSPA3","71629331","맥널티 갓성비 아메리카노 블랙커피, 1개, 100개입, 2g","8804645007873","발주가능","정상","0","0","0","8534","0","0","0","","NO","0.588"
"20260902","Food","Coffee & Tea","원두커피믹스","맥널티커피","FC","71629331","맥널티 갓성비 아메리카노 블랙커피, 1개, 100개입, 2g","8804645007873","발주가능","정상","360","101","529","8534","0","0","0","","NO","0.588"
"20260902","Food","Coffee & Tea","원두커피믹스","아이브루","RC","36903434","맥널티 아이브루 플러스 헤이즐넛 블랙커피 100개입","8804645006395","발주가능","정상","0","0","505","7623","0","0","0","","NO","0.588"
"20260902","Food","Coffee & Tea","원두커피믹스","아이브루","SFJEJ2","36903434","맥널티 아이브루 플러스 헤이즐넛 블랙커피 100개입","8804645006395","발주가능","정상","0","0","2","7623","0","0","0","","NO","0.588"
"20260902","Food","Coffee & Tea","원두커피믹스","아이브루","SFSPA3","36903434","맥널티 아이브루 플러스 헤이즐넛 블랙커피 100개입","8804645006395","발주가능","정상","0","0","1","7623","0","0","0","","NO","0.588"
"20260902","Food","Coffee & Tea","원두커피믹스","아이브루","FC","36903434","맥널티 아이브루 플러스 헤이즐넛 블랙커피 100개입","8804645006395","발주가능","정상","0","43","1335","7623","0","0","0","","NO","0.588"
"20260902","Food","Coffee & Tea","원두커피믹스","아이브루","FC","36903435","맥널티 아이브루 플러스 오리지널 블랙커피 100개입","8804645006388","발주불가","규격 외","0","0","384","7623","0","0","0","","NO","0.588"
"20260902","Food","Coffee & Tea","원두커피믹스","아이브루","FC","46534985","아이브루 플러스 디카페인 아메리카노 블랙커피, 1개, 80개입, 80g","8804645007118","발주가능","정상","80","23","242","7964","0","0","0","","NO","0.588"
"20260902","Food","Coffee & Tea","원두커피믹스","아이브루","SFSPA3","56760693","아이브루 플러스 디카페인 블랙커피 헤이즐넛향 (1g x 80개입), 1개","8804645007453","발주가능","정상","0","0","2","7961","0","0","0","","NO","0.588"
"20260902","Food","Coffee & Tea","원두커피믹스","아이브루","FC","56760693","아이브루 플러스 디카페인 블랙커피 헤이즐넛향 (1g x 80개입), 1개","8804645007453","발주가능","정상","0","47","931","7961","0","0","0","","NO","0.588"
"20260902","Food","Coffee & Tea","원두커피믹스","프라이빗클럽","FC","10837643","맥널티 병커피 헤이즐넛향 50gx10개","19311931309161","발주가능","정상","59","5","133","23000","1","1","0","","NO","0.588"
"20260902","Food","Coffee & Tea","원두커피믹스","프라이빗클럽","FC","12091997","Box_입소문난 아이리쉬 50G 10병","19311931311164","발주가능","정상","0","0","25","18625","0","0","0","","NO","0.588"
"20260902","Food","Coffee & Tea","원두커피믹스","프라이빗클럽","FC","52625820","맥널티 인스턴트 원두 병커피 에스프레소 블랙 50g 1개","9311931902167","발주가능","정상","0","32","276","3486","0","0","0","","NO","0.588"
"20260902","Food","Coffee & Tea","율무/견과차","맥널티","SFJEJ2","64842417","티브루 호박팥차 진액 10ml 30개입 1개","8804645007675","발주가능","정상","0","2","4","5259","0","0","0","","NO","0.707"
"20260902","Food","Coffee & Tea","율무/견과차","맥널티","FC","64842417","티브루 호박팥차 진액 10ml 30개입 1개","8804645007675","발주가능","정상","0","75","686","5259","0","0","0","","NO","0.707"
"20260902","Food","Coffee & Tea","율무/견과차","맥널티","SFSPA3","64842417","티브루 호박팥차 진액 10ml 30개입 1개","8804645007675","발주가능","정상","0","3","1","5259","0","0","0","","NO","0.707"
"20260902","Food","Coffee & Tea","율무/견과차","맥널티커피","FC","39149735","맥널티 스테비아 제로슈가 호두 아몬드 율무차, 1개, 30개입, 450g","8804645006906","발주가능","정상","0","4","30","6815","0","0","0","","NO","0.707"
"20260902","Food","Coffee & Tea","차세트","맥널티커피","FC","78654824","맥널티 스테비아 전통차 선물세트, 1세트, 율무차(30개) + 쌍화차(30개)","8804645008092","발주가능","정상","0","0","15","19091","0","0","0","","NO","0.899"
"20260902","Food","Coffee & Tea","커피믹스","맥널티커피","FC","45571","맥널티_ 자메이카 블루마운틴 블렌드_226G","8804645100215","발주가능","정상","0","64","1264","5000","0","0","0","","NO","0.727"
"20260902","Food","Coffee & Tea","커피믹스","맥널티커피","RC","45571","맥널티_ 자메이카 블루마운틴 블렌드_226G","8804645100215","발주가능","정상","0","0","512","5000","0","0","0","","NO","0.727"
"20260902","Food","Coffee & Tea","커피믹스","맥널티커피","SFSPA3","45571","맥널티_ 자메이카 블루마운틴 블렌드_226G","8804645100215","발주가능","정상","0","2","5","5000","0","0","0","","NO","0.727"
"20260902","Food","Coffee & Tea","커피믹스","맥널티커피","SFJEJ2","25240400","맥널티 스테비아 커피믹스 100개입","8804645006067","발주가능","정상","0","1","4","12941","0","0","0","","NO","0.727"
"20260902","Food","Coffee & Tea","커피믹스","맥널티커피","RC","25240400","맥널티 스테비아 커피믹스 100개입","8804645006067","발주가능","정상","0","0","1440","12941","0","0","0","","NO","0.727"
"20260902","Food","Coffee & Tea","커피믹스","맥널티커피","FC","25240400","맥널티 스테비아 커피믹스 100개입","8804645006067","발주가능","정상","0","84","1006","12941","0","0","0","","NO","0.727"
"20260902","Food","Coffee & Tea","커피믹스","맥널티커피","SFODD4","25240402","맥널티 스테비아 커피믹스 30개입","8804645006074","발주가능","정상","0","0","0","4827","0","0","0","","NO","0.727"
"20260902","Food","Coffee & Tea","커피믹스","맥널티커피","FC","25240402","맥널티 스테비아 커피믹스 30개입","8804645006074","발주가능","정상","0","32","334","4827","0","0","0","","NO","0.727"
"20260902","Food","Coffee & Tea","커피믹스","맥널티커피","FC","29461862","맥널티 아메리카노 아이스 블랙 100개입","8804645006081","발주가능","정상","0","34","373","5850","0","0","0","","NO","0.727"
"20260902","Food","Coffee & Tea","커피믹스","맥널티커피","FC","38933766","맥널티커피 스테비아 디카페인 커피믹스, 1개, 100개입 9.5g","8804645006890","발주가능","정상","0","41","339","18850","0","0","0","","NO","0.727"
"20260902","Food","Coffee & Tea","커피믹스","맥널티커피","FC","40806729","맥널티 스테비아 디카페인 커피믹스, 1개, 30개입, 285g","8804645006777","발주가능","정상","0","30","264","7027","0","0","0","","NO","0.727"
"20260902","Food","Coffee & Tea","커피믹스","맥널티커피","FC","46730880","산양유 단백질 프로틴 스테비아 커피믹스, 1개, 30개입, 300g","8804645007194","발주가능","정상","0","7","32","6243","0","0","0","","NO","0.727"
"20260902","Food","Coffee & Tea","커피믹스","맥널티커피","FC","47303765","산양유 단백질 프로틴 스테비아 커피믹스, 1개, 100개입, 1000g","8804645007187","발주가능","정상","0","4","62","19988","0","0","0","","NO","0.727"
"20260902","Food","Coffee & Tea","커피믹스","맥널티커피","FC","56214466","맥널티커피 아이브루 바닐라 라떼,12g x 100개입(스틱), 1200g , 1개","8804645007460","발주가능","정상","24","11","163","12543","0","0","0","","NO","0.727"
"20260902","Food","Coffee & Tea","커피믹스","맥널티커피","FC","56214467","맥널티커피 아이브루 카라멜 마끼아또, 12g x 100개입(스틱), 1200g , 1개","8804645007484","발주가능","정상","0","7","130","12543","0","0","0","","NO","0.727"
"20260902","Food","Coffee & Tea","커피믹스","맥널티커피","FC","63447822","스테비아 커피믹스 헤이즐넛향 9.5g 30개입 1개","8804645007637","발주가능","정상","0","12","256","4827","0","0","0","","NO","0.727"
"20260902","Food","Coffee & Tea","커피믹스","맥널티커피","FC","64859139","맥널티 스테비아 솔티드 카라멜 커피믹스 10g 1개 30개입","8804645007668","발주가능","정상","0","2","161","5670","0","0","0","","NO","0.727"
"20260902","Food","Coffee & Tea","커피믹스","맥널티커피","RC","69526598","맥널티 갓성비 제로슈가 커피믹스, 1개, 80개입, 9g","8804645007842","발주가능","정상","0","0","64","8805","0","0","0","","NO","0.727"
"20260902","Food","Coffee & Tea","커피믹스","맥널티커피","FC","69526598","맥널티 갓성비 제로슈가 커피믹스, 1개, 80개입, 9g","8804645007842","발주가능","정상","0","18","545","8805","0","0","0","","NO","0.727"
"20260902","Food","Coffee & Tea","커피믹스","맥널티커피","FC","69634259","맥널티커피 스테비아 커피믹스 헤이즐넛향, 9.5g, 100개입, 1개","8804645007811","발주가능","정상","0","4","87","14261","0","0","0","","NO","0.727"
"20260902","Food","Coffee & Tea","커피믹스","맥널티커피","FC","71115721","호랭이 커피믹스 고소한 오곡향, 1개, 160개입, 9.5g","8804645007880","발주가능","정상","0","11","28","14261","0","0","0","","NO","0.727"
"20260902","Food","Coffee & Tea","커피믹스","맥널티커피","FC","71115722","호랭이 커피믹스 고소한 오곡향, 1개, 20개입, 9.5g","8804645007897","발주가능","정상","0","11","203","2806","0","0","0","","NO","0.727"
"20260902","Food","Coffee & Tea","커피믹스","아이브루","RC","2341900","맥널티 iBrew 미니 헤이즐넛향 200개입(200g)","8804645000515","발주가능","정상","0","0","360","9917","0","0","0","","NO","0.727"
"20260902","Food","Coffee & Tea","커피믹스","아이브루","SFODD2","2341900","맥널티 iBrew 미니 헤이즐넛향 200개입(200g)","8804645000515","발주가능","정상","0","0","2","9917","0","0","0","","NO","0.727"
"20260902","Food","Coffee & Tea","커피믹스","아이브루","SFSPA3","2341900","맥널티 iBrew 미니 헤이즐넛향 200개입(200g)","8804645000515","발주가능","정상","0","2","1","9917","0","0","0","","NO","0.727"
"20260902","Food","Coffee & Tea","커피믹스","아이브루","SFJEJ2","2341900","맥널티 iBrew 미니 헤이즐넛향 200개입(200g)","8804645000515","발주가능","정상","0","2","7","9917","0","0","0","","NO","0.727"
"20260902","Food","Coffee & Tea","커피믹스","아이브루","FC","2341900","맥널티 iBrew 미니 헤이즐넛향 200개입(200g)","8804645000515","발주가능","정상","0","61","1069","9917","0","0","0","","NO","0.727"
"20260902","Food","Coffee & Tea","커피믹스","아이브루","FC","3067423","아이브루 헤이즐넛향 70개입","8804645000706","발주가능","정상","0","27","199","4025","0","0","0","","NO","0.727"
"20260902","Food","Coffee & Tea","커피믹스","아이브루","FC","3067424","아이브루 케냐AA 블렌드 70개입","8804645000690","발주가능","정상","0","7","23","6205","0","0","0","","NO","0.727"
"20260902","Food","Coffee & Tea","커피믹스","아이브루","FC","3067425","아이브루 예가체프 블렌드 70개입","8804645000683","발주가능","정상","0","4","17","6205","0","0","0","","NO","0.727"
"20260902","Food","Coffee & Tea","커피믹스","프라이빗클럽","SFSPA3","3067428","인스턴트 병커피 헤이즐넛향 50g","9311931105162","발주가능","정상","0","0","10","2300","0","0","0","","NO","0.727"
"20260902","Food","Coffee & Tea","커피믹스","프라이빗클럽","FC","3067428","인스턴트 병커피 헤이즐넛향 50g","9311931105162","발주가능","정상","0","190","4027","2300","0","0","0","","NO","0.727"
"20260902","Food","Coffee & Tea","커피세트","맥널티커피","FC","26870612","맥널티 핸드드립 버라이어티세트 30개입","8804645006258","발주가능","정상","0","8","689","9395","0","0","0","","NO","0.896"
"20260902","Food","Coffee & Tea","커피세트","맥널티커피","FC","54651094","인스턴트 원두 병커피 맥널티커피 선물세트 50g x 4개입(에스프레소 2병+헤이즐넛 2병), 1세트","8804645007408","발주가능","정상","0","2","6","15305","0","0","0","","NO","0.896"
"20260902","Food","Drinks","과일음료","맥널티커피","FC","24752132","청포도 에이드 190mL 10팩","8804645005893","발주가능","정상","0","74","898","3486","0","0","0","","NO","0.802"
"20260902","Food","Drinks","과일음료","맥널티커피","RC","24752132","청포도 에이드 190mL 10팩","8804645005893","발주가능","정상","0","0","273","3486","0","0","0","","NO","0.802"
"20260902","Food","Drinks","과일음료","맥널티커피","FC","24752250","블루레몬 에이드 190mL 10팩","8804645005909","발주가능","정상","0","35","786","3486","0","0","0","","NO","0.802"
"20260902","Food","Drinks","과일음료","맥널티커피","SFSPA3","24752250","블루레몬 에이드 190mL 10팩","8804645005909","발주가능","정상","0","1","0","3486","0","0","0","","NO","0.802"
"20260902","Food","Drinks","과일음료","맥널티커피","FC","45580036","맥널티 청매실 에이드 190ml*10개입","8804645007071","발주가능","정상","0","13","277","3486","0","0","0","","NO","0.802"
"20260902","Food","Drinks","농축액(음료베이스)","맥널티","FC","51983601","물 한방울 섞이지 않은 김토끼 유기농 레몬즙, 10개, 20g","8804645007361","발주가능","정상","0","0","70","4077","0","0","0","","NO","0.699"
"20260902","Food","Drinks","농축액(음료베이스)","맥널티","FC","58338694","티브루 보리차 원액 간편 액상스틱 진액, 30개, 10ml","8804645007590","발주가능","정상","576","115","1609","5259","0","0","0","","NO","0.699"
"20260902","Food","Drinks","농축액(음료베이스)","맥널티","SFSPA3","58338694","티브루 보리차 원액 간편 액상스틱 진액, 30개, 10ml","8804645007590","발주가능","정상","0","3","0","5259","0","0","0","","NO","0.699"
"20260902","Food","Drinks","농축액(음료베이스)","맥널티","SFJEJ2","58338694","티브루 보리차 원액 간편 액상스틱 진액, 30개, 10ml","8804645007590","발주가능","정상","0","0","3","5259","0","0","0","","NO","0.699"
"20260902","Food","Drinks","농축액(음료베이스)","맥널티","FC","58338695","티브루 옥수수수염차 원액 간편 액상스틱 진액, 30개, 10ml","8804645007606","발주가능","정상","0","37","1062","5259","0","0","0","","NO","0.699"
"20260902","Food","Drinks","농축액(음료베이스)","맥널티","SFSPA3","58338695","티브루 옥수수수염차 원액 간편 액상스틱 진액, 30개, 10ml","8804645007606","발주가능","정상","0","0","1","5259","0","0","0","","NO","0.699"
"20260902","Food","Drinks","농축액(음료베이스)","맥널티","FC","58338696","티브루 헛개수 원액 간편 액상스틱 진액, 30개, 10ml","8804645007613","발주가능","정상","0","37","775","5259","0","0","0","","NO","0.699"
"20260902","Food","Drinks","농축액(음료베이스)","맥널티","SFJEJ2","58338696","티브루 헛개수 원액 간편 액상스틱 진액, 30개, 10ml","8804645007613","발주가능","정상","0","0","2","5259","0","0","0","","NO","0.699"
"20260902","Food","Drinks","농축액(음료베이스)","맥널티커피","FC","62882483","티브루 보리차 진액, 1개, 400g","8804645007651","발주가능","정상","20","7","175","7623","0","0","0","","NO","0.699"
"20260902","Food","Drinks","농축액(음료베이스)","맥널티커피","FC","71636537","맥널티 티브루 호박팥차 무라벨, 20개, 500ml","8804645007934","발주가능","정상","0","32","540","8795","0","0","0","","NO","0.699"
"20260902","Food","Drinks","야채음료","맥널티커피","FC","48914233","맥널티 유자 에이드 190ml 10개","8804645007217","발주가능","정상","0","12","386","3486","0","0","0","","NO","0.582"
"20260902","Food","Drinks","차음료","맥널티커피","RC","24752251","복숭아 아이스티 190mL 10팩","8804645005886","발주가능","정상","0","0","258","3486","0","0","0","","NO","0.687"
"20260902","Food","Drinks","차음료","맥널티커피","SFJEJ2","24752251","복숭아 아이스티 190mL 10팩","8804645005886","발주가능","정상","0","0","6","3486","0","0","0","","NO","0.687"
"20260902","Food","Drinks","차음료","맥널티커피","FC","24752251","복숭아 아이스티 190mL 10팩","8804645005886","발주가능","정상","0","20","618","3486","0","0","0","","NO","0.687"
"20260902","Food","Drinks","차음료","맥널티커피","FC","24944267","맥널티 허니자몽 블랙티 대용량 파우치 1Lx6입","18804645005951","발주가능","정상","0","1","85","10252","0","0","0","","NO","0.687"
"20260902","Food","Drinks","차음료","맥널티커피","FC","24944268","맥널티 복숭아 아이스티 대용량 파우치 1Lx6입","18804645005944","발주가능","정상","0","6","17","10252","0","0","0","","NO","0.687"
"20260902","Food","Drinks","차음료","맥널티커피","RC","26889711","맥널티 제로칼로리 복숭아 아이스티 500ml 24입","18804645006101","발주가능","정상","0","0","54","12205","0","0","0","","NO","0.687"
"20260902","Food","Drinks","차음료","맥널티커피","FC","26889711","맥널티 제로칼로리 복숭아 아이스티 500ml 24입","18804645006101","발주가능","정상","0","16","78","12205","0","0","0","","NO","0.687"
"20260902","Food","Drinks","차음료","맥널티커피","FC","36669698","제로 아이스티 복숭아, 30개입, 13g","8804645006791","발주가능","정상","0","2","120","5850","0","0","0","","NO","0.687"
"20260902","Food","Drinks","차음료","맥널티커피","FC","36829225","맥널티 제로칼로리 청포도 아이스티 500mlx24입,","18804645006538","발주가능","정상","5","2","5","12205","0","0","0","","YES","0.687"
"20260902","Food","Drinks","차음료","맥널티커피","FC","36829226","제로 아이스티 청포도, 30개입, 13g 1개","8804645006807","발주가능","정상","0","4","120","5850","0","0","0","","NO","0.687"
"20260902","Food","Drinks","차음료","맥널티커피","FC","36863185","맥널티 대용량 제로칼로리 복숭아 아이스티 1.5L 12개","18804645006736","일시중단","단종예정","0","0","0","17427","0","0","0","","YES","0.687"
"20260902","Food","Drinks","차음료","맥널티커피","FC","38262417","복숭아 아이스티 제로, 6개, 1L","18804645006873","발주가능","정상","0","1","58","10577","0","0","0","","NO","0.687"
"20260902","Food","Drinks","차음료","맥널티커피","FC","40520042","맥널티커피 복숭아 아이스티 제로 RTD, 30개, 240ml","18804645006835","발주가능","정상","0","4","383","8795","0","0","0","","NO","0.687"
"20260902","Food","Drinks","차음료","맥널티커피","SFSPA3","61673272","맥널티커피 복숭아 아이스티 제로, 1.5L, 1개","8804645006739","발주가능","정상","0","0","1","1364","0","0","0","","NO","0.687"
"20260902","Food","Drinks","차음료","맥널티커피","RC","61673272","맥널티커피 복숭아 아이스티 제로, 1.5L, 1개","8804645006739","발주가능","정상","0","0","1248","1364","0","0","0","","NO","0.687"
"20260902","Food","Drinks","차음료","맥널티커피","FC","61673272","맥널티커피 복숭아 아이스티 제로, 1.5L, 1개","8804645006739","발주가능","정상","0","166","2318","1364","0","0","0","","NO","0.687"
"20260902","Food","Drinks","차음료","맥널티커피","SFJEJ2","61673272","맥널티커피 복숭아 아이스티 제로, 1.5L, 1개","8804645006739","발주가능","정상","0","0","10","1364","0","0","0","","NO","0.687"
"20260902","Food","Drinks","차음료","맥널티커피","SFJEJ2","73944650","맥널티 복숭아 아이스티 대용량 파우치, 1개, 2.1L","8804645007965","발주가능","정상","0","0","12","2413","0","0","0","","NO","0.687"
"20260902","Food","Drinks","차음료","맥널티커피","SFSPA3","73944650","맥널티 복숭아 아이스티 대용량 파우치, 1개, 2.1L","8804645007965","발주가능","정상","0","5","13","2413","0","0","0","","NO","0.687"
"20260902","Food","Drinks","차음료","맥널티커피","FC","73944650","맥널티 복숭아 아이스티 대용량 파우치, 1개, 2.1L","8804645007965","발주가능","정상","228","154","3378","2413","0","0","0","","NO","0.687"
"20260902","Food","Drinks","차음료","맥널티커피","FC","75850021","맥널티 허니자몽 블랙티, 1L, 1개","8804645005954","발주가능","정상","48","14","304","1714","0","0","0","","NO","0.687"
"20260902","Food","Drinks","커피음료","맥널티커피","FC","24695530","아이스 헤이즐넛향 커피 190mL 10팩","8804645005879","발주가능","정상","0","68","287","3486","0","0","0","","NO","0.679"
"20260902","Food","Drinks","커피음료","맥널티커피","RC","24695530","아이스 헤이즐넛향 커피 190mL 10팩","8804645005879","발주가능","정상","0","0","546","3486","0","0","0","","NO","0.679"
"20260902","Food","Drinks","커피음료","맥널티커피","FC","24695531","아이스 아메리카노 스위트 190mL 10팩","8804645005862","발주가능","정상","0","84","187","3486","0","0","0","","NO","0.679"
"20260902","Food","Drinks","커피음료","맥널티커피","RC","24695531","아이스 아메리카노 스위트 190mL 10팩","8804645005862","발주가능","정상","0","0","546","3486","0","0","0","","NO","0.679"
"20260902","Food","Drinks","커피음료","맥널티커피","SFJEJ2","24695531","아이스 아메리카노 스위트 190mL 10팩","8804645005862","발주가능","정상","0","0","0","3486","0","0","0","","NO","0.679"
"20260902","Food","Drinks","커피음료","맥널티커피","SFSPA3","24695531","아이스 아메리카노 스위트 190mL 10팩","8804645005862","발주가능","정상","0","4","0","3486","0","0","0","","NO","0.679"
"20260902","Food","Drinks","커피음료","맥널티커피","SFODD2","24695532","아이스 아메리카노 블랙 190mL 10팩","8804645005855","발주가능","정상","0","0","2","3486","0","0","0","","NO","0.679"
"20260902","Food","Drinks","커피음료","맥널티커피","FC","24695532","아이스 아메리카노 블랙 190mL 10팩","8804645005855","발주가능","정상","0","47","525","3486","0","0","0","","NO","0.679"
"20260902","Food","Drinks","커피음료","맥널티커피","RC","24695532","아이스 아메리카노 블랙 190mL 10팩","8804645005855","발주가능","정상","0","0","273","3486","0","0","0","","NO","0.679"
"20260902","Food","Drinks","커피음료","맥널티커피","FC","25484251","맥널티커피 아메리카노 스위트 1Lx6입","18804645005920","발주가능","정상","0","2","193","10252","0","0","0","","NO","0.679"
"20260902","Food","Drinks","커피음료","맥널티커피","FC","25484255","맥널티 아이스 아메리카노 블랙커피 대용량 파우치 1Lx6입","18804645005913","발주가능","정상","0","0","86","10252","0","0","0","","NO","0.679"
"20260902","Food","Drinks","커피음료","맥널티커피","FC","25484257","맥널티 아이스 헤이즐넛향 커피 대용량 파우치 1Lx6입","18804645005937","발주가능","정상","0","0","40","10252","0","0","0","","NO","0.679"
"20260902","Food","Drinks","커피음료","맥널티커피","FC","48466205","맥널티 대용량 제로슈가 스테비아 믹스커피 음료, 12개, 1L","18804645007290","발주가능","정상","0","13","207","17067","0","0","0","","NO","0.679"
"20260902","Food","Drinks","커피음료","맥널티커피","FC","54922706","맥널티 대용량 제로슈가 스테비아 믹스커피 음료, 1L, 6개","8804645007323","발주가능","정상","0","97","1658","8805","0","0","0","","NO","0.679"
"20260902","Food","Drinks","커피음료","맥널티커피","FC","68778940","맥널티 아이브루 아메리카노 블랙커피 12개 1L","18804645007306","발주가능","정상","0","223","1308","11295","0","0","0","","NO","0.679"
"20260902","Food","Drinks","커피음료","맥널티커피","RC","68778940","맥널티 아이브루 아메리카노 블랙커피 12개 1L","18804645007306","발주가능","정상","0","0","1840","11295","0","0","0","","NO","0.679"
"20260902","Food","Drinks","커피음료","맥널티커피","RC","68778941","맥널티 아이브루 헤이즐넛향 블랙커피 12개 1L","18804645007504","발주가능","정상","0","0","160","11295","0","0","0","","NO","0.679"
"20260902","Food","Drinks","커피음료","맥널티커피","FC","68778941","맥널티 아이브루 헤이즐넛향 블랙커피 12개 1L","18804645007504","발주가능","정상","0","41","613","11295","0","0","0","","NO","0.679"
"20260902","Food","Drinks","커피음료","맥널티커피","RC","68778942","아이브루 아메리카노 블랙커피 무라벨 400ML 20개","8804645007491","발주가능","정상","0","0","1638","11295","0","0","0","","NO","0.679"
"20260902","Food","Drinks","커피음료","맥널티커피","FC","68778942","아이브루 아메리카노 블랙커피 무라벨 400ML 20개","8804645007491","발주가능","정상","0","248","1515","11295","0","0","0","","NO","0.679"
"20260902","Food","Drinks","커피음료","맥널티커피","SFSPA3","73951791","맥널티 아이스 아메리카노 블랙 커피 대용량 파우치, 1개, 2.1L","8804645007958","발주가능","정상","0","25","24","2413","0","0","0","","NO","0.679"
"20260902","Food","Drinks","커피음료","맥널티커피","FC","73951791","맥널티 아이스 아메리카노 블랙 커피 대용량 파우치, 1개, 2.1L","8804645007958","발주가능","정상","192","490","8162","2413","0","0","0","","NO","0.679"
"20260902","Food","Drinks","커피음료","맥널티커피","RC","73951791","맥널티 아이스 아메리카노 블랙 커피 대용량 파우치, 1개, 2.1L","8804645007958","발주가능","정상","0","0","4736","2413","0","0","0","","NO","0.679"
"20260902","Food","Drinks","커피음료","맥널티커피","SFJEJ2","73951791","맥널티 아이스 아메리카노 블랙 커피 대용량 파우치, 1개, 2.1L","8804645007958","발주가능","정상","0","1","20","2413","0","0","0","","NO","0.679"
"20260902","Food","Drinks","커피음료","맥널티커피","SFSPA3","75683093","맥널티 아이스 아메리카노 블랙 1리터, 1L, 1개","8804645005916","발주가능","정상","0","2","3","1714","0","0","0","","NO","0.679"
"20260902","Food","Drinks","커피음료","맥널티커피","SFJEJ2","75683093","맥널티 아이스 아메리카노 블랙 1리터, 1L, 1개","8804645005916","발주가능","정상","0","0","1","1714","0","0","0","","NO","0.679"
"20260902","Food","Drinks","커피음료","맥널티커피","FC","75683093","맥널티 아이스 아메리카노 블랙 1리터, 1L, 1개","8804645005916","발주가능","정상","12","15","1210","1714","0","0","0","","NO","0.679"
"20260902","Food","Drinks","커피음료","맥널티커피","FC","75694561","맥널티커피 아이스 아메리카노 헤이즐넛, 1개, 1L","8804645005930","발주가능","정상","0","81","1833","1714","0","0","0","","NO","0.679"
"20260902","Food","Drinks","커피음료","맥널티커피","SFJEJ2","75694561","맥널티커피 아이스 아메리카노 헤이즐넛, 1개, 1L","8804645005930","발주가능","정상","0","2","3","1714","0","0","0","","NO","0.679"
"20260902","Food","Drinks","커피음료","맥널티커피","SFSPA3","75694561","맥널티커피 아이스 아메리카노 헤이즐넛, 1개, 1L","8804645005930","발주가능","정상","0","0","7","1714","0","0","0","","NO","0.679"
"20260902","Food","Drinks","커피음료","맥널티커피","SFSPA3","75765043","맥널티 아이스아메리카노 스위트, 1개, 1L","8804645005923","발주가능","정상","0","0","11","1714","0","0","0","","NO","0.679"
"20260902","Food","Drinks","커피음료","맥널티커피","SFJEJ2","75765043","맥널티 아이스아메리카노 스위트, 1개, 1L","8804645005923","발주가능","정상","0","0","5","1714","0","0","0","","NO","0.679"
"20260902","Food","Drinks","커피음료","맥널티커피","FC","75765043","맥널티 아이스아메리카노 스위트, 1개, 1L","8804645005923","발주가능","정상","330","67","1612","1714","0","0","0","","NO","0.679"
"20260902","Food","Drinks","커피음료","맥널티커피","RC","76540319","맥널티 호랭이 마일드 라떼 캔커피, 30개, 175ml","18804645008013","발주가능","정상","0","0","158","8523","0","0","0","","NO","0.679"
"20260902","Food","Drinks","커피음료","맥널티커피","FC","76540319","맥널티 호랭이 마일드 라떼 캔커피, 30개, 175ml","18804645008013","발주가능","정상","0","55","1416","8523","0","0","0","","NO","0.679"
"20260902","Food","Drinks","커피음료","맥널티커피","FC","77572705","맥널티 아이스 아메리카노 헤이즐넛, 1개, 2.1L","8804645008030","발주가능","정상","312","25","615","2413","0.8864","0.8864","0","","NO","0.679"
"20260902","Food","Drinks","커피음료","아이브루","RC","70253954","아이브루 디카페인 아메리카노 블랙커피 무라벨, 20개, 400ml","8804645007903","발주가능","정상","0","0","273","13500","0","0","0","","NO","0.679"
"20260902","Food","Drinks","커피음료","아이브루","FC","70253954","아이브루 디카페인 아메리카노 블랙커피 무라벨, 20개, 400ml","8804645007903","발주가능","정상","0","53","701","13500","0","0","0","","NO","0.679"
"20260902","Kitchen","Tools & Gadgets","드립주전자/포트","맥널티커피","FC","15333511","맥널티 드립 주전자 350ml","8804645004490","발주가능","정상","3","0","3","5044","0","0","0","","YES","0.779"
"20260902","Kitchen","Tools & Gadgets","커피필터/여과지","맥널티","FC","12491225","맥널티 핸드드립 커피필터 30개입","8804645300950","발주가능","정상","0","56","1393","2895","0","0","0","","NO","0.520"
"20260902","Kitchen","Tools & Gadgets","커피필터/여과지","맥널티","SFJEJ2","12491225","맥널티 핸드드립 커피필터 30개입","8804645300950","발주가능","정상","0","1","3","2895","0","0","0","","NO","0.520"
"20260901","CE","Kitchen Appliance","커피머신","맥널티커피","FC","31602405","맥널티 2in1 핫앤콜드 진공추출 커피메이커 MCM-065B MCM-065B","8804645006296","발주가능","정상","4","1","3","30859","1","1","0","","YES","0.783"
"20260901","Food","Coffee & Tea","기타전통차","맥널티커피","FC","39149736","맥널티 스테비아 침향 쌍화차, 1개, 30개입, 450g","8804645006913","발주가능","정상","0","0","98","8536","0","0","0","","NO","0.716"
"20260901","Food","Coffee & Tea","기타전통차","맥널티커피","FC","41175263","맥널티커피 스테비아 꿀 유자차, 1개, 30개입, 450g","8804645006951","발주가능","정상","0","3","116","7388","0","0","0","","NO","0.716"
"20260901","Food","Coffee & Tea","둥글레/옥수수/보리/결명자차","맥널티커피","FC","76230458","맥널티 진 보리차 1개 1kg","8804645007996","발주가능","정상","0","2","58","15209","0","0","0","","NO","0.602"
"20260901","Food","Coffee & Tea","드립백/티백","맥널티","FC","3067432","산지별 콜롬비아 슈프리모 핸드드립커피 7개입","8804645000324","발주가능","정상","0","7","56","3043","0","0","0","","NO","0.745"
"20260901","Food","Coffee & Tea","드립백/티백","맥널티","FC","10003518","케냐 AA 핸드드립 블렌드 24개입","8804645000720","발주가능","정상","0","0","0","6068","0","0","0","","YES","0.745"
"20260901","Food","Coffee & Tea","드립백/티백","맥널티커피","FC","3067429","산지별 브라질 세라도 NY2 핸드드립커피 7개입","8804645000300","발주가능","정상","0","2","37","2887","0","0","0","","NO","0.745"
"20260901","Food","Coffee & Tea","드립백/티백","맥널티커피","FC","3067430","산지별 케냐 AA 핸드드립커피 7개입","8804645000355","발주가능","정상","0","7","69","3062","0","0","0","","NO","0.745"
"20260901","Food","Coffee & Tea","드립백/티백","맥널티커피","FC","3067433","산지별 에티오피아 코케 허니 핸드드립커피 7개입","8804645000348","발주가능","정상","80","1","109","2910","1","1","0","","NO","0.745"
"20260901","Food","Coffee & Tea","드립백/티백","맥널티커피","FC","3067434","산지별 에티오피아 예가체프 핸드드립커피 7개입","8804645000331","발주가능","정상","0","2","53","3184","0","0","0","","NO","0.745"
"20260901","Food","Coffee & Tea","드립백/티백","맥널티커피","FC","10003517","콜롬비아 핸드드립 블렌드 24개입","8804645000713","발주가능","정상","0","18","278","5977","0","0","0","","NO","0.745"
"20260901","Food","Coffee & Tea","드립백/티백","맥널티커피","FC","23400108","맥널티 디카페인100% 핸드드립 원두커피 24개입","8804645005732","발주가능","정상","0","20","168","9395","1","1","0","","NO","0.745"
"20260901","Food","Coffee & Tea","드립백/티백","맥널티커피","FC","37713095","맥널티 핸드드립커피 에티오피아 예가체프 36개입, 8g, 1개","8804645006623","발주가능","정상","0","6","12","10577","0","0","0","","NO","0.745"
"20260901","Food","Coffee & Tea","드립백/티백","맥널티커피","FC","41391235","맥널티 행복을주는커피 시그니처 블렌드 핸드드립 커피 20개입, 1개, 8g","8804645003653","발주가능","정상","0","4","101","6795","0","0","0","","NO","0.745"
"20260901","Food","Coffee & Tea","드립백/티백","맥널티커피","FC","62821923","맥널티 핸드드립 커피 에티오피아 예가체프 8g 24개입 1개","8804645006920","발주가능","정상","0","7","82","9679","0","0","0","","NO","0.745"
"20260901","Food","Coffee & Tea","드립백/티백","맥널티커피","FC","68147033","베니스브루 스페셜티 핸드드립 가향 커피 오렌지 벨벳, 1개, 7개입, 12g","8804645007712","발주가능","정상","0","3","8","5143","0","0","0","","NO","0.745"
"20260901","Food","Coffee & Tea","드립백/티백","맥널티커피","FC","68147034","베니스브루 스페셜티 핸드드립 가향 커피 쇼콜라 모카, 1개, 7개입, 12g","8804645007729","발주가능","정상","0","0","10","5143","0","0","0","","NO","0.745"
"20260901","Food","Coffee & Tea","드립백/티백","맥널티커피","FC","68777449","베니스브루 베리 블로썸 드립백 커피 12g 1개 7개입","8804645007705","발주가능","정상","0","0","15","5143","0","0","0","","NO","0.745"
"20260901","Food","Coffee & Tea","라떼분말","맥널티커피","FC","34834818","맥널티 스테비아 제로슈가 핫초코 라떼 30개입 15g","8804645006340","발주가능","정상","90","33","234","7500","1","1","0","","NO","0.600"
"20260901","Food","Coffee & Tea","라떼분말","맥널티커피","FC","51063548","스테비아 단백질 옥수수 크림 라떼, 1개, 20개입, 18g","8804645007330","발주가능","정상","0","0","13","5850","0","0","0","","NO","0.600"
"20260901","Food","Coffee & Tea","라떼분말","맥널티커피","FC","51164938","스테비아 단백질 고구마 크림 라떼, 1개, 20개입, 18g","8804645007347","발주가능","정상","0","0","29","5850","0","0","0","","NO","0.600"
"20260901","Food","Coffee & Tea","원두","N_A","FC","76443755","맥널티 브라질 세라도 NY.2 원두 1kg, 1개","8804645006425","발주가능","정상","0","1","279","17609","0","0","0","","NO","0.895"
"20260901","Food","Coffee & Tea","원두","맥널티커피","RC","45570","맥널티_헤이즐넛원두분쇄커피_226G","8804645100208","발주가능","정상","1024","0","1152","5000","1","1","0","","NO","0.895"
"20260901","Food","Coffee & Tea","원두","맥널티커피","FC","45570","맥널티_헤이즐넛원두분쇄커피_226G","8804645100208","발주가능","정상","0","116","999","5000","1","1","0","","NO","0.895"
"20260901","Food","Coffee & Tea","원두","맥널티커피","SFSPA3","45570","맥널티_헤이즐넛원두분쇄커피_226G","8804645100208","발주가능","정상","0","3","17","5000","1","1","0","","NO","0.895"
"20260901","Food","Coffee & Tea","원두","맥널티커피","SFJEJ2","45570","맥널티_헤이즐넛원두분쇄커피_226G","8804645100208","발주가능","정상","0","0","4","5000","1","1","0","","NO","0.895"
"20260901","Food","Coffee & Tea","원두","맥널티커피","SFJEJ2","45572","맥널티_헤이즐넛원두분쇄커피_500G","8804645100468","발주가능","정상","0","0","3","7960","0","0","0","","NO","0.895"
"20260901","Food","Coffee & Tea","원두","맥널티커피","FC","45572","맥널티_헤이즐넛원두분쇄커피_500G","8804645100468","발주가능","정상","0","62","639","7960","0","0","0","","NO","0.895"
"20260901","Food","Coffee & Tea","원두","맥널티커피","FC","45573","맥널티_블루마운틴스타일원두분쇄커피_500G","8804645100451","발주가능","정상","0","41","531","11091","0","0","0","","NO","0.895"
"20260901","Food","Coffee & Tea","원두","맥널티커피","FC","5344648","맥널티 원두 에스프레소 블랙 1개, 1kg","8804645001239","발주불가","단종","0","0","1","9156","0","0","0","","YES","0.895"
"20260901","Food","Coffee & Tea","원두","맥널티커피","FC","10147177","맥널티 홀빈 블루마운틴 1000g","8804645006302","발주가능","정상","80","14","244","15715","1","1","0","","NO","0.895"
"20260901","Food","Coffee & Tea","원두","맥널티커피","FC","10147180","맥널티 행복을 주는 커피 헤이즐넛향 1kg 홀빈","8804645100185","발주가능","정상","0","19","300","15244","0","0","0","","NO","0.895"
"20260901","Food","Coffee & Tea","원두","맥널티커피","SFJEJ2","10812901","맥널티 베트남 로부스타 원두커피 1kg","8804645003066","발주가능","정상","0","0","3","11700","0","0","0","","NO","0.895"
"20260901","Food","Coffee & Tea","원두","맥널티커피","SFSPA3","10812901","맥널티 베트남 로부스타 원두커피 1kg","8804645003066","발주가능","정상","0","3","11","11700","0","0","0","","NO","0.895"
"20260901","Food","Coffee & Tea","원두","맥널티커피","FC","10812901","맥널티 베트남 로부스타 원두커피 1kg","8804645003066","발주가능","정상","0","42","677","11700","0","0","0","","NO","0.895"
"20260901","Food","Coffee & Tea","원두","맥널티커피","FC","11849981","행복을 주는 커피 블루마운틴 블렌드 분쇄 원두 커피 1kg","8804645003486","발주가능","정상","0","21","210","16364","0","0","0","","NO","0.895"
"20260901","Food","Coffee & Tea","원두","맥널티커피","FC","12521866","맥널티 행복을 주는 커피 시그니처 헤이즐넛향 원두 커피 1Kg","8804645003493","발주가능","정상","0","54","138","16364","0","0","0","","NO","0.895"
"20260901","Food","Coffee & Tea","원두","맥널티커피","RC","12521866","맥널티 행복을 주는 커피 시그니처 헤이즐넛향 원두 커피 1Kg","8804645003493","발주가능","정상","0","0","432","16364","0","0","0","","NO","0.895"
"20260901","Food","Coffee & Tea","원두","맥널티커피","FC","13277718","맥널티 행복을 주는 커피 브라질 산토스 1kg","8804645003936","발주가능","정상","0","26","131","14091","0","0","0","","NO","0.895"
"20260901","Food","Coffee & Tea","원두","맥널티커피","FC","13277719","맥널티 행복을 주는 커피 콜롬비아 블렌드 1kg","8804645003929","발주가능","정상","50","47","477","15599","1","1","0","","NO","0.895"
"20260901","Food","Coffee & Tea","원두","맥널티커피","FC","37733154","맥널티 원두 홀빈(분쇄안함) 마일드 미디움 블렌드 200g, 1개","8804645005374","발주가능","정상","0","0","34","5791","0","0","0","","NO","0.895"
"20260901","Food","Coffee & Tea","원두","맥널티커피","FC","38710869","맥널티 홀빈 커피원두, 마일드 미디움 블렌드 1kg, 1개","8804645005329","발주가능","정상","0","0","16","16364","0","0","0","","NO","0.895"
"20260901","Food","Coffee & Tea","원두","맥널티커피","FC","38710870","맥널티 홀빈 커피원두, 콜롬비아 안데스 오리진 1kg, 1개","8804645005343","발주가능","정상","12","7","88","16364","1","1","0","","NO","0.895"
"20260901","Food","Coffee & Tea","원두","맥널티커피","FC","38710872","맥널티 홀빈 커피원두, 시그니처 블렌드 1kg, 1개","8804645005312","발주가능","정상","12","5","116","16364","1","1","0","","NO","0.895"
"20260901","Food","Coffee & Tea","원두","맥널티커피","FC","38813491","맥널티 홀빈 원두 1KG, 브라질 산토스 내추럴, 1개","8804645005350","발주가능","정상","0","18","277","11364","0","0","0","","NO","0.895"
"20260901","Food","Coffee & Tea","원두","맥널티커피","FC","38919334","맥널티 에티오피아 예가체프 홀빈 원두, 1kg, 1개","8804645006852","발주가능","정상","12","6","70","16364","1","1","0","","NO","0.895"
"20260901","Food","Coffee & Tea","원두","맥널티커피","FC","39616644","맥널티 예맨 모카 블렌드 커피 원두, 홀빈(분쇄안함), 500g, 1개","8804645006692","발주가능","정상","0","0","16","11400","0","0","0","","NO","0.895"
"20260901","Food","Coffee & Tea","원두","맥널티커피","FC","39616645","맥널티 시그니처 디카페인 커피 원두, 홀빈(분쇄안함), 500g, 1개","8804645006937","발주가능","정상","0","12","84","12545","0","0","0","","NO","0.895"
"20260901","Food","Coffee & Tea","원두","맥널티커피","FC","39616646","맥널티 게이샤 블렌드 커피 원두, 홀빈(분쇄안함), 500g, 1개","8804645006708","발주가능","정상","0","1","37","11400","0","0","0","","NO","0.895"
"20260901","Food","Coffee & Tea","원두","맥널티커피","FC","39616647","맥널티 하와이안 코나 블렌드 커피 원두, 홀빈(분쇄안함), 500g, 1개","8804645006685","발주가능","정상","16","7","95","11400","1","1","0","","NO","0.895"
"20260901","Food","Coffee & Tea","원두","맥널티커피","FC","48074657","맥널티 브라질 세라도 분쇄 원두 커피, 1개, 500g","8804645007262","발주가능","정상","0","16","69","9395","0","0","0","","NO","0.895"
"20260901","Food","Coffee & Tea","원두","맥널티커피","FC","48074658","맥널티 콜롬비아 안데스 분쇄 원두 커피, 1개, 500g","8804645007255","발주가능","정상","0","6","48","9986","0","0","0","","NO","0.895"
"20260901","Food","Coffee & Tea","원두","맥널티커피","FC","48074659","맥널티 에티오피아 예가체프 분쇄 원두 커피, 1개, 500g","8804645007231","발주가능","정상","0","10","113","9986","0","0","0","","NO","0.895"
"20260901","Food","Coffee & Tea","원두","맥널티커피","FC","58681130","콜롬비아 안데스 오리진 분쇄 커피 원두 1개 226g 핸드드립","8804645007552","발주가능","정상","0","1","53","7159","0","0","0","","NO","0.895"
"20260901","Food","Coffee & Tea","원두","맥널티커피","FC","58681131","브라질 산토스 오리진 분쇄 커피 원두, 226g, 1개, 핸드드립","8804645007545","발주가능","정상","0","1","7","7159","0","0","0","","NO","0.895"
"20260901","Food","Coffee & Tea","원두","맥널티커피","FC","58765769","게이샤 블렌드 분쇄 커피 원두, 1개, 226g, 핸드드립","8804645007514","발주가능","정상","0","1","29","7732","0","0","0","","NO","0.895"
"20260901","Food","Coffee & Tea","원두","맥널티커피","FC","58765770","디카페인 헤이즐넛향 분쇄 커피 원두, 1개, 226g, 핸드드립","8804645007538","발주가능","정상","16","23","117","8018","1","1","0","","NO","0.895"
"20260901","Food","Coffee & Tea","원두","맥널티커피","FC","58850533","하와이안 코나 블렌드 분쇄 커피 원두, 1개, 226g, 핸드드립","8804645007521","발주가능","정상","0","2","21","7732","0","0","0","","NO","0.895"
"20260901","Food","Coffee & Tea","원두","맥널티커피","FC","71777603","투비 다크 블랙 블렌드 홀빈 원두 커피, 1kg, 홀빈(분쇄안함), 1개","8804645007989","발주가능","정상","0","8","178","13115","0","0","0","","NO","0.895"
"20260901","Food","Coffee & Tea","원두","맥널티커피","FC","76697770","투비커피 너티초코 아메리카노 블렌드 홀빈 원두 커피, 1kg, 홀빈(분쇄안함), 1개","8804645008047","발주가능","정상","0","0","39","17125","0","0","0","","NO","0.895"
"20260901","Food","Coffee & Tea","원두커피믹스","맥널티","FC","10003529","아이브루 클래식 100T","8804645002465","발주불가","규격 외","0","0","1","6068","0","0","0","","NO","0.591"
"20260901","Food","Coffee & Tea","원두커피믹스","맥널티","FC","11019882","맥널티 아이브루 다크 블렌드 200T","8804645003219","발주가능","정상","0","5","71","13096","0","0","0","","NO","0.591"
"20260901","Food","Coffee & Tea","원두커피믹스","맥널티커피","FC","11019883","맥널티 아이브루 모카 블랙 200T","8804645003226","발주가능","정상","12","8","67","11687","1","1","0","","NO","0.591"
"20260901","Food","Coffee & Tea","원두커피믹스","맥널티커피","FC","13777565","맥널티 아이브루 모카블랙 70T","8804645003912","발주가능","정상","0","2","31","6519","0","0","0","","NO","0.591"
"20260901","Food","Coffee & Tea","원두커피믹스","맥널티커피","FC","15720531","콜롬비아 블랙 100개입","8804645002861","발주가능","정상","0","60","699","6345","1","1","0","","NO","0.591"
"20260901","Food","Coffee & Tea","원두커피믹스","맥널티커피","FC","26477367","맥널티 리얼 에스프레소샷 블랙 액상스틱커피 15mlx30개입","8804645006029","발주가능","정상","0","23","595","7388","0","0","0","","NO","0.591"
"20260901","Food","Coffee & Tea","원두커피믹스","맥널티커피","FC","62672352","맥널티 아이브루 플러스 스위트 블랙 원두커피믹스 80개입 2.8g","8804645007620","발주가능","정상","10","6","15","7961","1","1","0","","NO","0.591"
"20260901","Food","Coffee & Tea","원두커피믹스","맥널티커피","FC","67975031","호랭이 커피 오곡향 블랙, 1개, 20개입, 1g","8804645007781","발주가능","정상","80","28","311","2806","1","1","0","","NO","0.591"
"20260901","Food","Coffee & Tea","원두커피믹스","맥널티커피","FC","71629331","맥널티 갓성비 아메리카노 블랙커피, 1개, 100개입, 2g","8804645007873","발주가능","정상","0","27","270","8534","1","1","0","","NO","0.591"
"20260901","Food","Coffee & Tea","원두커피믹스","맥널티커피","SFSPA3","71629331","맥널티 갓성비 아메리카노 블랙커피, 1개, 100개입, 2g","8804645007873","발주가능","정상","0","0","0","8534","1","1","0","","NO","0.591"
"20260901","Food","Coffee & Tea","원두커피믹스","아이브루","SFJEJ2","36903434","맥널티 아이브루 플러스 헤이즐넛 블랙커피 100개입","8804645006395","발주가능","정상","0","0","2","7623","0","0","0","","NO","0.591"
"20260901","Food","Coffee & Tea","원두커피믹스","아이브루","RC","36903434","맥널티 아이브루 플러스 헤이즐넛 블랙커피 100개입","8804645006395","발주가능","정상","0","0","505","7623","0","0","0","","NO","0.591"
"20260901","Food","Coffee & Tea","원두커피믹스","아이브루","FC","36903434","맥널티 아이브루 플러스 헤이즐넛 블랙커피 100개입","8804645006395","발주가능","정상","0","45","1377","7623","0","0","0","","NO","0.591"
"20260901","Food","Coffee & Tea","원두커피믹스","아이브루","SFSPA3","36903434","맥널티 아이브루 플러스 헤이즐넛 블랙커피 100개입","8804645006395","발주가능","정상","0","0","1","7623","0","0","0","","NO","0.591"
"20260901","Food","Coffee & Tea","원두커피믹스","아이브루","FC","36903435","맥널티 아이브루 플러스 오리지널 블랙커피 100개입","8804645006388","발주불가","규격 외","0","0","384","7623","0","0","0","","NO","0.591"
"20260901","Food","Coffee & Tea","원두커피믹스","아이브루","FC","46534985","아이브루 플러스 디카페인 아메리카노 블랙커피, 1개, 80개입, 80g","8804645007118","발주가능","정상","0","28","185","7964","0","0","0","","NO","0.591"
"20260901","Food","Coffee & Tea","원두커피믹스","아이브루","FC","56760693","아이브루 플러스 디카페인 블랙커피 헤이즐넛향 (1g x 80개입), 1개","8804645007453","발주가능","정상","160","71","980","7961","1","1","0","","NO","0.591"
"20260901","Food","Coffee & Tea","원두커피믹스","프라이빗클럽","FC","10837643","맥널티 병커피 헤이즐넛향 50gx10개","19311931309161","발주가능","정상","0","7","79","23000","0","0","0","","NO","0.591"
"20260901","Food","Coffee & Tea","원두커피믹스","프라이빗클럽","FC","12091997","Box_입소문난 아이리쉬 50G 10병","19311931311164","발주가능","정상","0","0","25","18625","0","0","0","","NO","0.591"
"20260901","Food","Coffee & Tea","원두커피믹스","프라이빗클럽","FC","52625820","맥널티 인스턴트 원두 병커피 에스프레소 블랙 50g 1개","9311931902167","발주가능","정상","100","38","308","3486","1","1","0","","NO","0.591"
"20260901","Food","Coffee & Tea","율무/견과차","맥널티","SFSPA3","64842417","티브루 호박팥차 진액 10ml 30개입 1개","8804645007675","발주가능","정상","0","0","4","5259","0","0","0","","NO","0.706"
"20260901","Food","Coffee & Tea","율무/견과차","맥널티","SFJEJ2","64842417","티브루 호박팥차 진액 10ml 30개입 1개","8804645007675","발주가능","정상","0","1","6","5259","0","0","0","","NO","0.706"
"20260901","Food","Coffee & Tea","율무/견과차","맥널티","FC","64842417","티브루 호박팥차 진액 10ml 30개입 1개","8804645007675","발주가능","정상","0","69","763","5259","0","0","0","","NO","0.706"
"20260901","Food","Coffee & Tea","율무/견과차","맥널티커피","FC","39149735","맥널티 스테비아 제로슈가 호두 아몬드 율무차, 1개, 30개입, 450g","8804645006906","발주가능","정상","0","9","34","6815","0","0","0","","NO","0.706"
"20260901","Food","Coffee & Tea","차세트","맥널티커피","FC","78654824","맥널티 스테비아 전통차 선물세트, 1세트, 율무차(30개) + 쌍화차(30개)","8804645008092","발주가능","신규","15","0","15","19091","1","1","0","","YES","0.900"
"20260901","Food","Coffee & Tea","커피믹스","맥널티커피","FC","45571","맥널티_ 자메이카 블루마운틴 블렌드_226G","8804645100215","발주가능","정상","0","100","1328","5000","0","0","0","","NO","0.724"
"20260901","Food","Coffee & Tea","커피믹스","맥널티커피","RC","45571","맥널티_ 자메이카 블루마운틴 블렌드_226G","8804645100215","발주가능","정상","0","0","512","5000","0","0","0","","NO","0.724"
"20260901","Food","Coffee & Tea","커피믹스","맥널티커피","SFSPA3","45571","맥널티_ 자메이카 블루마운틴 블렌드_226G","8804645100215","발주가능","정상","0","0","7","5000","0","0","0","","NO","0.724"
"20260901","Food","Coffee & Tea","커피믹스","맥널티커피","SFJEJ2","25240400","맥널티 스테비아 커피믹스 100개입","8804645006067","발주가능","정상","0","2","2","12941","0","0","0","","NO","0.724"
"20260901","Food","Coffee & Tea","커피믹스","맥널티커피","RC","25240400","맥널티 스테비아 커피믹스 100개입","8804645006067","발주가능","정상","0","0","1440","12941","0","0","0","","NO","0.724"
"20260901","Food","Coffee & Tea","커피믹스","맥널티커피","FC","25240400","맥널티 스테비아 커피믹스 100개입","8804645006067","발주가능","정상","0","99","1096","12941","0","0","0","","NO","0.724"
"20260901","Food","Coffee & Tea","커피믹스","맥널티커피","SFODD4","25240402","맥널티 스테비아 커피믹스 30개입","8804645006074","발주가능","정상","0","0","0","4827","1","1","0","","NO","0.724"
"20260901","Food","Coffee & Tea","커피믹스","맥널티커피","FC","25240402","맥널티 스테비아 커피믹스 30개입","8804645006074","발주가능","정상","144","45","366","4827","1","1","0","","NO","0.724"
"20260901","Food","Coffee & Tea","커피믹스","맥널티커피","FC","29461862","맥널티 아메리카노 아이스 블랙 100개입","8804645006081","발주가능","정상","0","44","407","5850","0","0","0","","NO","0.724"
"20260901","Food","Coffee & Tea","커피믹스","맥널티커피","FC","38933766","맥널티커피 스테비아 디카페인 커피믹스, 1개, 100개입 9.5g","8804645006890","발주가능","정상","0","61","379","18850","0","0","0","","NO","0.724"
"20260901","Food","Coffee & Tea","커피믹스","맥널티커피","FC","40806729","맥널티 스테비아 디카페인 커피믹스, 1개, 30개입, 285g","8804645006777","발주가능","정상","0","41","294","7027","0","0","0","","NO","0.724"
"20260901","Food","Coffee & Tea","커피믹스","맥널티커피","FC","46730880","산양유 단백질 프로틴 스테비아 커피믹스, 1개, 30개입, 300g","8804645007194","발주가능","정상","0","9","39","6243","0","0","0","","NO","0.724"
"20260901","Food","Coffee & Tea","커피믹스","맥널티커피","FC","47303765","산양유 단백질 프로틴 스테비아 커피믹스, 1개, 100개입, 1000g","8804645007187","발주가능","정상","0","8","66","19988","0","0","0","","NO","0.724"
"20260901","Food","Coffee & Tea","커피믹스","맥널티커피","FC","56214466","맥널티커피 아이브루 바닐라 라떼,12g x 100개입(스틱), 1200g , 1개","8804645007460","발주가능","정상","0","13","150","12543","1","1","0","","NO","0.724"
"20260901","Food","Coffee & Tea","커피믹스","맥널티커피","FC","56214467","맥널티커피 아이브루 카라멜 마끼아또, 12g x 100개입(스틱), 1200g , 1개","8804645007484","발주가능","정상","32","15","137","12543","1","1","0","","NO","0.724"
"20260901","Food","Coffee & Tea","커피믹스","맥널티커피","FC","63447822","스테비아 커피믹스 헤이즐넛향 9.5g 30개입 1개","8804645007637","발주가능","정상","36","21","268","4827","1","1","0","","NO","0.724"
"20260901","Food","Coffee & Tea","커피믹스","맥널티커피","FC","64859139","맥널티 스테비아 솔티드 카라멜 커피믹스 10g 1개 30개입","8804645007668","발주가능","정상","0","15","163","5670","0","0","0","","NO","0.724"
"20260901","Food","Coffee & Tea","커피믹스","맥널티커피","RC","69526598","맥널티 갓성비 제로슈가 커피믹스, 1개, 80개입, 9g","8804645007842","발주가능","정상","0","0","64","8805","1","1","0","","NO","0.724"
"20260901","Food","Coffee & Tea","커피믹스","맥널티커피","FC","69526598","맥널티 갓성비 제로슈가 커피믹스, 1개, 80개입, 9g","8804645007842","발주가능","정상","360","18","563","8805","1","1","0","","NO","0.724"
"20260901","Food","Coffee & Tea","커피믹스","맥널티커피","FC","69634259","맥널티커피 스테비아 커피믹스 헤이즐넛향, 9.5g, 100개입, 1개","8804645007811","발주가능","정상","0","7","91","14261","0","0","0","","NO","0.724"
"20260901","Food","Coffee & Tea","커피믹스","맥널티커피","FC","71115721","호랭이 커피믹스 고소한 오곡향, 1개, 160개입, 9.5g","8804645007880","발주가능","정상","18","9","39","14261","1","1","0","","NO","0.724"
"20260901","Food","Coffee & Tea","커피믹스","맥널티커피","FC","71115722","호랭이 커피믹스 고소한 오곡향, 1개, 20개입, 9.5g","8804645007897","발주가능","정상","0","8","214","2806","0","0","0","","NO","0.724"
"20260901","Food","Coffee & Tea","커피믹스","아이브루","FC","2341900","맥널티 iBrew 미니 헤이즐넛향 200개입(200g)","8804645000515","발주가능","정상","0","95","1132","9917","0","0","0","","NO","0.724"
"20260901","Food","Coffee & Tea","커피믹스","아이브루","SFJEJ2","2341900","맥널티 iBrew 미니 헤이즐넛향 200개입(200g)","8804645000515","발주가능","정상","0","0","9","9917","0","0","0","","NO","0.724"
"20260901","Food","Coffee & Tea","커피믹스","아이브루","RC","2341900","맥널티 iBrew 미니 헤이즐넛향 200개입(200g)","8804645000515","발주가능","정상","0","0","360","9917","0","0","0","","NO","0.724"
"20260901","Food","Coffee & Tea","커피믹스","아이브루","SFODD2","2341900","맥널티 iBrew 미니 헤이즐넛향 200개입(200g)","8804645000515","발주가능","정상","0","0","2","9917","0","0","0","","NO","0.724"
"20260901","Food","Coffee & Tea","커피믹스","아이브루","SFSPA3","2341900","맥널티 iBrew 미니 헤이즐넛향 200개입(200g)","8804645000515","발주가능","정상","0","3","3","9917","0","0","0","","NO","0.724"
"20260901","Food","Coffee & Tea","커피믹스","아이브루","FC","3067423","아이브루 헤이즐넛향 70개입","8804645000706","발주가능","정상","0","31","226","4025","0","0","0","","NO","0.724"
"20260901","Food","Coffee & Tea","커피믹스","아이브루","FC","3067424","아이브루 케냐AA 블렌드 70개입","8804645000690","발주가능","정상","0","4","29","6205","0","0","0","","NO","0.724"
"20260901","Food","Coffee & Tea","커피믹스","아이브루","FC","3067425","아이브루 예가체프 블렌드 70개입","8804645000683","발주가능","정상","0","1","21","6205","0","0","0","","NO","0.724"
"20260901","Food","Coffee & Tea","커피믹스","프라이빗클럽","SFSPA3","3067428","인스턴트 병커피 헤이즐넛향 50g","9311931105162","발주가능","정상","0","4","0","2300","0","0","0","","NO","0.724"
"20260901","Food","Coffee & Tea","커피믹스","프라이빗클럽","FC","3067428","인스턴트 병커피 헤이즐넛향 50g","9311931105162","발주가능","정상","0","209","4233","2300","0","0","0","","NO","0.724"
"20260901","Food","Coffee & Tea","커피세트","맥널티커피","FC","26870612","맥널티 핸드드립 버라이어티세트 30개입","8804645006258","발주가능","정상","0","8","697","9395","0","0","0","","NO","0.896"
"20260901","Food","Coffee & Tea","커피세트","맥널티커피","FC","54651094","인스턴트 원두 병커피 맥널티커피 선물세트 50g x 4개입(에스프레소 2병+헤이즐넛 2병), 1세트","8804645007408","발주가능","정상","0","1","8","15305","0","0","0","","NO","0.896"
"20260901","Food","Drinks","과일음료","맥널티커피","FC","24752132","청포도 에이드 190mL 10팩","8804645005893","발주가능","정상","0","87","973","3486","0","0","0","","NO","0.802"
"20260901","Food","Drinks","과일음료","맥널티커피","SFJEJ2","24752132","청포도 에이드 190mL 10팩","8804645005893","발주가능","정상","0","1","0","3486","0","0","0","","NO","0.802"
"20260901","Food","Drinks","과일음료","맥널티커피","RC","24752132","청포도 에이드 190mL 10팩","8804645005893","발주가능","정상","0","0","273","3486","0","0","0","","NO","0.802"
"20260901","Food","Drinks","과일음료","맥널티커피","SFSPA3","24752250","블루레몬 에이드 190mL 10팩","8804645005909","발주가능","정상","0","2","1","3486","0","0","0","","NO","0.802"
"20260901","Food","Drinks","과일음료","맥널티커피","FC","24752250","블루레몬 에이드 190mL 10팩","8804645005909","발주가능","정상","0","27","821","3486","0","0","0","","NO","0.802"
"20260901","Food","Drinks","과일음료","맥널티커피","FC","45580036","맥널티 청매실 에이드 190ml*10개입","8804645007071","발주가능","정상","0","11","290","3486","0","0","0","","NO","0.802"
"20260901","Food","Drinks","농축액(음료베이스)","맥널티","FC","51983601","물 한방울 섞이지 않은 김토끼 유기농 레몬즙, 10개, 20g","8804645007361","발주가능","정상","0","6","70","4077","0","0","0","","NO","0.699"
"20260901","Food","Drinks","농축액(음료베이스)","맥널티","SFJEJ2","58338694","티브루 보리차 원액 간편 액상스틱 진액, 30개, 10ml","8804645007590","발주가능","정상","0","1","2","5259","1","1","0","","NO","0.699"
"20260901","Food","Drinks","농축액(음료베이스)","맥널티","FC","58338694","티브루 보리차 원액 간편 액상스틱 진액, 30개, 10ml","8804645007590","발주가능","정상","64","117","1148","5259","1","1","0","","NO","0.699"
"20260901","Food","Drinks","농축액(음료베이스)","맥널티","SFSPA3","58338694","티브루 보리차 원액 간편 액상스틱 진액, 30개, 10ml","8804645007590","발주가능","정상","0","5","3","5259","1","1","0","","NO","0.699"
"20260901","Food","Drinks","농축액(음료베이스)","맥널티","FC","58338695","티브루 옥수수수염차 원액 간편 액상스틱 진액, 30개, 10ml","8804645007606","발주가능","정상","32","57","1099","5259","1","1","0","","NO","0.699"
"20260901","Food","Drinks","농축액(음료베이스)","맥널티","SFSPA3","58338695","티브루 옥수수수염차 원액 간편 액상스틱 진액, 30개, 10ml","8804645007606","발주가능","정상","0","1","1","5259","1","1","0","","NO","0.699"
"20260901","Food","Drinks","농축액(음료베이스)","맥널티","FC","58338696","티브루 헛개수 원액 간편 액상스틱 진액, 30개, 10ml","8804645007613","발주가능","정상","112","49","814","5259","1","1","0","","NO","0.699"
"20260901","Food","Drinks","농축액(음료베이스)","맥널티","SFJEJ2","58338696","티브루 헛개수 원액 간편 액상스틱 진액, 30개, 10ml","8804645007613","발주가능","정상","0","0","2","5259","1","1","0","","NO","0.699"
"20260901","Food","Drinks","농축액(음료베이스)","맥널티커피","FC","62882483","티브루 보리차 진액, 1개, 400g","8804645007651","발주가능","정상","0","5","162","7623","1","1","0","","NO","0.699"
"20260901","Food","Drinks","농축액(음료베이스)","맥널티커피","FC","71636537","맥널티 티브루 호박팥차 무라벨, 20개, 500ml","8804645007934","발주가능","정상","132","37","571","8795","1","1","0","","NO","0.699"
"20260901","Food","Drinks","야채음료","맥널티커피","FC","48914233","맥널티 유자 에이드 190ml 10개","8804645007217","발주가능","정상","0","13","398","3486","0","0","0","","NO","0.583"
"20260901","Food","Drinks","차음료","맥널티커피","FC","24752251","복숭아 아이스티 190mL 10팩","8804645005886","발주가능","정상","0","25","637","3486","0","0","0","","NO","0.686"
"20260901","Food","Drinks","차음료","맥널티커피","RC","24752251","복숭아 아이스티 190mL 10팩","8804645005886","발주가능","정상","0","0","258","3486","0","0","0","","NO","0.686"
"20260901","Food","Drinks","차음료","맥널티커피","SFJEJ2","24752251","복숭아 아이스티 190mL 10팩","8804645005886","발주가능","정상","0","0","6","3486","0","0","0","","NO","0.686"
"20260901","Food","Drinks","차음료","맥널티커피","FC","24944267","맥널티 허니자몽 블랙티 대용량 파우치 1Lx6입","18804645005951","발주가능","정상","0","0","86","10252","0","0","0","","NO","0.686"
"20260901","Food","Drinks","차음료","맥널티커피","FC","24944268","맥널티 복숭아 아이스티 대용량 파우치 1Lx6입","18804645005944","발주가능","정상","0","0","23","10252","0","0","0","","NO","0.686"
"20260901","Food","Drinks","차음료","맥널티커피","FC","26889711","맥널티 제로칼로리 복숭아 아이스티 500ml 24입","18804645006101","발주가능","정상","0","18","40","12205","0","0","0","","NO","0.686"
"20260901","Food","Drinks","차음료","맥널티커피","RC","26889711","맥널티 제로칼로리 복숭아 아이스티 500ml 24입","18804645006101","발주가능","정상","0","0","108","12205","0","0","0","","NO","0.686"
"20260901","Food","Drinks","차음료","맥널티커피","FC","36669698","제로 아이스티 복숭아, 30개입, 13g","8804645006791","발주가능","정상","0","10","122","5850","0","0","0","","NO","0.686"
"20260901","Food","Drinks","차음료","맥널티커피","FC","36829225","맥널티 제로칼로리 청포도 아이스티 500mlx24입,","18804645006538","발주가능","정상","2","0","2","12205","0.05","0.05","0","","YES","0.686"
"20260901","Food","Drinks","차음료","맥널티커피","FC","36829226","제로 아이스티 청포도, 30개입, 13g 1개","8804645006807","발주가능","정상","0","10","124","5850","0","0","0","","NO","0.686"
"20260901","Food","Drinks","차음료","맥널티커피","FC","36863185","맥널티 대용량 제로칼로리 복숭아 아이스티 1.5L 12개","18804645006736","일시중단","단종예정","0","0","0","17427","0","0","0","","YES","0.686"
"20260901","Food","Drinks","차음료","맥널티커피","FC","38262417","복숭아 아이스티 제로, 6개, 1L","18804645006873","발주가능","정상","0","2","59","10577","0","0","0","","NO","0.686"
"20260901","Food","Drinks","차음료","맥널티커피","FC","40520042","맥널티커피 복숭아 아이스티 제로 RTD, 30개, 240ml","18804645006835","발주가능","정상","0","11","387","8795","0","0","0","","NO","0.686"
"20260901","Food","Drinks","차음료","맥널티커피","SFJEJ2","61673272","맥널티커피 복숭아 아이스티 제로, 1.5L, 1개","8804645006739","발주가능","정상","0","0","10","1364","1","1","0","","NO","0.686"
"20260901","Food","Drinks","차음료","맥널티커피","SFSPA3","61673272","맥널티커피 복숭아 아이스티 제로, 1.5L, 1개","8804645006739","발주가능","정상","0","6","1","1364","1","1","0","","NO","0.686"
"20260901","Food","Drinks","차음료","맥널티커피","FC","61673272","맥널티커피 복숭아 아이스티 제로, 1.5L, 1개","8804645006739","발주가능","정상","0","222","2476","1364","1","1","0","","NO","0.686"
"20260901","Food","Drinks","차음료","맥널티커피","RC","61673272","맥널티커피 복숭아 아이스티 제로, 1.5L, 1개","8804645006739","발주가능","정상","624","0","1248","1364","1","1","0","","NO","0.686"
"20260901","Food","Drinks","차음료","맥널티커피","SFJEJ2","73944650","맥널티 복숭아 아이스티 대용량 파우치, 1개, 2.1L","8804645007965","발주가능","정상","0","0","12","2413","0.9825","0.9825","0","","NO","0.686"
"20260901","Food","Drinks","차음료","맥널티커피","FC","73944650","맥널티 복숭아 아이스티 대용량 파우치, 1개, 2.1L","8804645007965","발주가능","정상","0","167","3307","2413","0.9825","0.9825","0","","NO","0.686"
"20260901","Food","Drinks","차음료","맥널티커피","SFSPA3","73944650","맥널티 복숭아 아이스티 대용량 파우치, 1개, 2.1L","8804645007965","발주가능","정상","0","6","14","2413","0.9825","0.9825","0","","NO","0.686"
"20260901","Food","Drinks","차음료","맥널티커피","FC","75850021","맥널티 허니자몽 블랙티, 1L, 1개","8804645005954","발주가능","정상","0","18","270","1714","1","1","0","","NO","0.686"
"20260901","Food","Drinks","커피음료","맥널티커피","RC","24695530","아이스 헤이즐넛향 커피 190mL 10팩","8804645005879","발주가능","정상","0","0","546","3486","0","0","0","","NO","0.680"
"20260901","Food","Drinks","커피음료","맥널티커피","SFJEJ2","24695530","아이스 헤이즐넛향 커피 190mL 10팩","8804645005879","발주가능","정상","0","1","0","3486","0","0","0","","NO","0.680"
"20260901","Food","Drinks","커피음료","맥널티커피","FC","24695530","아이스 헤이즐넛향 커피 190mL 10팩","8804645005879","발주가능","정상","0","45","355","3486","0","0","0","","NO","0.680"
"20260901","Food","Drinks","커피음료","맥널티커피","FC","24695531","아이스 아메리카노 스위트 190mL 10팩","8804645005862","발주가능","정상","0","112","267","3486","0","0","0","","NO","0.680"
"20260901","Food","Drinks","커피음료","맥널티커피","RC","24695531","아이스 아메리카노 스위트 190mL 10팩","8804645005862","발주가능","정상","0","0","546","3486","0","0","0","","NO","0.680"
"20260901","Food","Drinks","커피음료","맥널티커피","SFJEJ2","24695531","아이스 아메리카노 스위트 190mL 10팩","8804645005862","발주가능","정상","0","0","0","3486","0","0","0","","NO","0.680"
"20260901","Food","Drinks","커피음료","맥널티커피","SFSPA3","24695531","아이스 아메리카노 스위트 190mL 10팩","8804645005862","발주가능","정상","0","0","4","3486","0","0","0","","NO","0.680"
"20260901","Food","Drinks","커피음료","맥널티커피","FC","24695532","아이스 아메리카노 블랙 190mL 10팩","8804645005855","발주가능","정상","0","74","572","3486","0","0","0","","NO","0.680"
"20260901","Food","Drinks","커피음료","맥널티커피","RC","24695532","아이스 아메리카노 블랙 190mL 10팩","8804645005855","발주가능","정상","0","0","273","3486","0","0","0","","NO","0.680"
"20260901","Food","Drinks","커피음료","맥널티커피","SFODD2","24695532","아이스 아메리카노 블랙 190mL 10팩","8804645005855","발주가능","정상","0","0","2","3486","0","0","0","","NO","0.680"
"20260901","Food","Drinks","커피음료","맥널티커피","FC","25484251","맥널티커피 아메리카노 스위트 1Lx6입","18804645005920","발주가능","정상","0","7","195","10252","0","0","0","","NO","0.680"
"20260901","Food","Drinks","커피음료","맥널티커피","FC","25484255","맥널티 아이스 아메리카노 블랙커피 대용량 파우치 1Lx6입","18804645005913","발주가능","정상","0","1","86","10252","0","0","0","","NO","0.680"
"20260901","Food","Drinks","커피음료","맥널티커피","FC","25484257","맥널티 아이스 헤이즐넛향 커피 대용량 파우치 1Lx6입","18804645005937","발주가능","정상","0","7","40","10252","0","0","0","","NO","0.680"
"20260901","Food","Drinks","커피음료","맥널티커피","FC","48466205","맥널티 대용량 제로슈가 스테비아 믹스커피 음료, 12개, 1L","18804645007290","발주가능","정상","80","15","220","17067","1","1","0","","NO","0.680"
"20260901","Food","Drinks","커피음료","맥널티커피","FC","54922706","맥널티 대용량 제로슈가 스테비아 믹스커피 음료, 1L, 6개","8804645007323","발주가능","정상","0","108","1594","8805","0","0","0","","NO","0.680"
"20260901","Food","Drinks","커피음료","맥널티커피","RC","54922706","맥널티 대용량 제로슈가 스테비아 믹스커피 음료, 1L, 6개","8804645007323","발주가능","정상","0","0","160","8805","0","0","0","","NO","0.680"
"20260901","Food","Drinks","커피음료","맥널티커피","FC","68778940","맥널티 아이브루 아메리카노 블랙커피 12개 1L","18804645007306","발주가능","정상","480","288","1531","11295","1","1","0","","NO","0.680"
"20260901","Food","Drinks","커피음료","맥널티커피","RC","68778940","맥널티 아이브루 아메리카노 블랙커피 12개 1L","18804645007306","발주가능","정상","0","0","1840","11295","1","1","0","","NO","0.680"
"20260901","Food","Drinks","커피음료","맥널티커피","RC","68778941","맥널티 아이브루 헤이즐넛향 블랙커피 12개 1L","18804645007504","발주가능","정상","0","0","160","11295","0","0","0","","NO","0.680"
"20260901","Food","Drinks","커피음료","맥널티커피","FC","68778941","맥널티 아이브루 헤이즐넛향 블랙커피 12개 1L","18804645007504","발주가능","정상","0","71","654","11295","0","0","0","","NO","0.680"
"20260901","Food","Drinks","커피음료","맥널티커피","RC","68778942","아이브루 아메리카노 블랙커피 무라벨 400ML 20개","8804645007491","발주가능","정상","0","0","1638","11295","0","0","0","","NO","0.680"
"20260901","Food","Drinks","커피음료","맥널티커피","FC","68778942","아이브루 아메리카노 블랙커피 무라벨 400ML 20개","8804645007491","발주가능","정상","0","222","1764","11295","0","0","0","","NO","0.680"
"20260901","Food","Drinks","커피음료","맥널티커피","SFJEJ2","73951791","맥널티 아이스 아메리카노 블랙 커피 대용량 파우치, 1개, 2.1L","8804645007958","발주가능","정상","0","4","9","2413","0.8","0.8","0","","NO","0.680"
"20260901","Food","Drinks","커피음료","맥널티커피","SFSPA3","73951791","맥널티 아이스 아메리카노 블랙 커피 대용량 파우치, 1개, 2.1L","8804645007958","발주가능","정상","0","11","49","2413","0.8","0.8","0","","NO","0.680"
"20260901","Food","Drinks","커피음료","맥널티커피","FC","73951791","맥널티 아이스 아메리카노 블랙 커피 대용량 파우치, 1개, 2.1L","8804645007958","발주가능","정상","768","655","8495","2413","0.8","0.8","0","","NO","0.680"
"20260901","Food","Drinks","커피음료","맥널티커피","RC","73951791","맥널티 아이스 아메리카노 블랙 커피 대용량 파우치, 1개, 2.1L","8804645007958","발주가능","정상","0","0","4736","2413","0.8","0.8","0","","NO","0.680"
"20260901","Food","Drinks","커피음료","맥널티커피","FC","75683093","맥널티 아이스 아메리카노 블랙 1리터, 1L, 1개","8804645005916","발주가능","정상","84","44","1213","1714","1","1","0","","NO","0.680"
"20260901","Food","Drinks","커피음료","맥널티커피","SFJEJ2","75683093","맥널티 아이스 아메리카노 블랙 1리터, 1L, 1개","8804645005916","발주가능","정상","0","0","1","1714","1","1","0","","NO","0.680"
"20260901","Food","Drinks","커피음료","맥널티커피","SFSPA3","75683093","맥널티 아이스 아메리카노 블랙 1리터, 1L, 1개","8804645005916","발주가능","정상","0","2","5","1714","1","1","0","","NO","0.680"
"20260901","Food","Drinks","커피음료","맥널티커피","SFJEJ2","75694561","맥널티커피 아이스 아메리카노 헤이즐넛, 1개, 1L","8804645005930","발주가능","정상","0","0","5","1714","1","1","0","","NO","0.680"
"20260901","Food","Drinks","커피음료","맥널티커피","FC","75694561","맥널티커피 아이스 아메리카노 헤이즐넛, 1개, 1L","8804645005930","발주가능","정상","372","57","1914","1714","1","1","0","","NO","0.680"
"20260901","Food","Drinks","커피음료","맥널티커피","SFSPA3","75694561","맥널티커피 아이스 아메리카노 헤이즐넛, 1개, 1L","8804645005930","발주가능","정상","0","2","7","1714","1","1","0","","NO","0.680"
"20260901","Food","Drinks","커피음료","맥널티커피","FC","75765043","맥널티 아이스아메리카노 스위트, 1개, 1L","8804645005923","발주가능","정상","0","79","1346","1714","1","1","0","","NO","0.680"
"20260901","Food","Drinks","커피음료","맥널티커피","SFJEJ2","75765043","맥널티 아이스아메리카노 스위트, 1개, 1L","8804645005923","발주가능","정상","0","0","5","1714","1","1","0","","NO","0.680"
"20260901","Food","Drinks","커피음료","맥널티커피","SFSPA3","75765043","맥널티 아이스아메리카노 스위트, 1개, 1L","8804645005923","발주가능","정상","0","0","11","1714","1","1","0","","NO","0.680"
"20260901","Food","Drinks","커피음료","맥널티커피","RC","76540319","맥널티 호랭이 마일드 라떼 캔커피, 30개, 175ml","18804645008013","발주가능","정상","0","0","158","8523","0","0","0","","NO","0.680"
"20260901","Food","Drinks","커피음료","맥널티커피","FC","76540319","맥널티 호랭이 마일드 라떼 캔커피, 30개, 175ml","18804645008013","발주가능","정상","0","109","1470","8523","0","0","0","","NO","0.680"
"20260901","Food","Drinks","커피음료","맥널티커피","RC","77572705","맥널티 아이스 아메리카노 헤이즐넛, 1개, 2.1L","8804645008030","발주가능","정상","312","0","312","2413","1","1","0","","YES","0.680"
"20260901","Food","Drinks","커피음료","맥널티커피","FC","77572705","맥널티 아이스 아메리카노 헤이즐넛, 1개, 2.1L","8804645008030","발주가능","정상","16","0","16","2413","1","1","0","","YES","0.680"
"20260901","Food","Drinks","커피음료","아이브루","FC","70253954","아이브루 디카페인 아메리카노 블랙커피 무라벨, 20개, 400ml","8804645007903","발주가능","정상","0","77","753","13500","0","0","0","","NO","0.680"
"20260901","Food","Drinks","커피음료","아이브루","RC","70253954","아이브루 디카페인 아메리카노 블랙커피 무라벨, 20개, 400ml","8804645007903","발주가능","정상","0","0","273","13500","0","0","0","","NO","0.680"
"20260901","Kitchen","Tools & Gadgets","커피필터/여과지","맥널티","SFJEJ2","12491225","맥널티 핸드드립 커피필터 30개입","8804645300950","발주가능","정상","0","1","4","2895","0","0","0","","NO","0.522"
"20260901","Kitchen","Tools & Gadgets","커피필터/여과지","맥널티","FC","12491225","맥널티 핸드드립 커피필터 30개입","8804645300950","발주가능","정상","0","79","1449","2895","0","0","0","","NO","0.522"
